seed,pattern,id,check,passed,detail
1,P1_thank_you,MSG0000094,message_exists,1,
1,P1_thank_you,MSG0000094,patient_originated_portal_message,1,
1,P1_thank_you,MSG0000094,is_reply_to_prior_outbound,1,
1,P1_thank_you,MSG0000094,thread_ending,1,later_messages=0
1,P1_thank_you,MSG0000094,accessed_and_completed,1,
1,P2_unread_cc,MSG0000145,message_exists,1,
1,P2_unread_cc,MSG0000145,is_cc,1,
1,P2_unread_cc,MSG0000145,no_access_event,1,accesses=0
1,P2_unread_cc,MSG0000146,message_exists,1,
1,P2_unread_cc,MSG0000146,is_cc,1,
1,P2_unread_cc,MSG0000146,no_access_event,1,accesses=0
1,P7_pingpong,MSG0000178,message_exists,1,
1,P7_pingpong,MSG0000178,at_least_two_staff_to_provider_forwards,1,staff_to_provider=2
1,P7_pingpong,MSG0000178,at_least_two_provider_to_staff_forwards,1,provider_to_staff=2
1,P7_pingpong,MSG0000178,two_or_more_round_trips,1,roundtrips=2
1,P2_unread_cc,MSG0000202,message_exists,1,
1,P2_unread_cc,MSG0000202,is_cc,1,
1,P2_unread_cc,MSG0000202,no_access_event,1,accesses=0
1,P2_unread_cc,MSG0000209,message_exists,1,
1,P2_unread_cc,MSG0000209,is_cc,1,
1,P2_unread_cc,MSG0000209,no_access_event,1,accesses=0
1,P4_result_misrouted,MSG0000244,message_exists,1,
1,P4_result_misrouted,MSG0000244,is_result,1,
1,P4_result_misrouted,MSG0000244,recipient_not_ordering,1,
1,P4_result_misrouted,MSG0000244,recipient_not_covering,1,cover=None
1,P2_unread_cc,MSG0000286,message_exists,1,
1,P2_unread_cc,MSG0000286,is_cc,1,
1,P2_unread_cc,MSG0000286,no_access_event,1,accesses=0
1,P2_unread_cc,MSG0000288,message_exists,1,
1,P2_unread_cc,MSG0000288,is_cc,1,
1,P2_unread_cc,MSG0000288,no_access_event,1,accesses=0
1,P2_unread_cc,MSG0000290,message_exists,1,
1,P2_unread_cc,MSG0000290,is_cc,1,
1,P2_unread_cc,MSG0000290,no_access_event,1,accesses=0
1,P2_unread_cc,MSG0000291,message_exists,1,
1,P2_unread_cc,MSG0000291,is_cc,1,
1,P2_unread_cc,MSG0000291,no_access_event,1,accesses=0
1,P2_unread_cc,MSG0000292,message_exists,1,
1,P2_unread_cc,MSG0000292,is_cc,1,
1,P2_unread_cc,MSG0000292,no_access_event,1,accesses=0
1,P2_unread_cc,MSG0000367,message_exists,1,
1,P2_unread_cc,MSG0000367,is_cc,1,
1,P2_unread_cc,MSG0000367,no_access_event,1,accesses=0
1,P2_unread_cc,MSG0000368,message_exists,1,
1,P2_unread_cc,MSG0000368,is_cc,1,
1,P2_unread_cc,MSG0000368,no_access_event,1,accesses=0
1,P7_pingpong,MSG0000395,message_exists,1,
1,P7_pingpong,MSG0000395,at_least_two_staff_to_provider_forwards,1,staff_to_provider=2
1,P7_pingpong,MSG0000395,at_least_two_provider_to_staff_forwards,1,provider_to_staff=2
1,P7_pingpong,MSG0000395,two_or_more_round_trips,1,roundtrips=2
1,P4_result_misrouted,MSG0000410,message_exists,1,
1,P4_result_misrouted,MSG0000410,is_result,1,
1,P4_result_misrouted,MSG0000410,recipient_not_ordering,1,
1,P4_result_misrouted,MSG0000410,recipient_not_covering,1,cover=None
1,P2_unread_cc,MSG0000445,message_exists,1,
1,P2_unread_cc,MSG0000445,is_cc,1,
1,P2_unread_cc,MSG0000445,no_access_event,1,accesses=0
1,P2_unread_cc,MSG0000454,message_exists,1,
1,P2_unread_cc,MSG0000454,is_cc,1,
1,P2_unread_cc,MSG0000454,no_access_event,1,accesses=0
1,P2_unread_cc,MSG0000455,message_exists,1,
1,P2_unread_cc,MSG0000455,is_cc,1,
1,P2_unread_cc,MSG0000455,no_access_event,1,accesses=0
1,P2_unread_cc,MSG0000457,message_exists,1,
1,P2_unread_cc,MSG0000457,is_cc,1,
1,P2_unread_cc,MSG0000457,no_access_event,1,accesses=0
1,P2_unread_cc,MSG0000529,message_exists,1,
1,P2_unread_cc,MSG0000529,is_cc,1,
1,P2_unread_cc,MSG0000529,no_access_event,1,accesses=0
1,P2_unread_cc,MSG0000602,message_exists,1,
1,P2_unread_cc,MSG0000602,is_cc,1,
1,P2_unread_cc,MSG0000602,no_access_event,1,accesses=0
1,P2_unread_cc,MSG0000604,message_exists,1,
1,P2_unread_cc,MSG0000604,is_cc,1,
1,P2_unread_cc,MSG0000604,no_access_event,1,accesses=0
1,P2_unread_cc,MSG0000611,message_exists,1,
1,P2_unread_cc,MSG0000611,is_cc,1,
1,P2_unread_cc,MSG0000611,no_access_event,1,accesses=0
1,P4_result_misrouted,MSG0000668,message_exists,1,
1,P4_result_misrouted,MSG0000668,is_result,1,
1,P4_result_misrouted,MSG0000668,recipient_not_ordering,1,
1,P4_result_misrouted,MSG0000668,recipient_not_covering,1,cover=None
1,P2_unread_cc,MSG0000711,message_exists,1,
1,P2_unread_cc,MSG0000711,is_cc,1,
1,P2_unread_cc,MSG0000711,no_access_event,1,accesses=0
1,P4_result_misrouted,MSG0000775,message_exists,1,
1,P4_result_misrouted,MSG0000775,is_result,1,
1,P4_result_misrouted,MSG0000775,recipient_not_ordering,1,
1,P4_result_misrouted,MSG0000775,recipient_not_covering,1,cover=None
1,P2_unread_cc,MSG0000789,message_exists,1,
1,P2_unread_cc,MSG0000789,is_cc,1,
1,P2_unread_cc,MSG0000789,no_access_event,1,accesses=0
1,P2_unread_cc,MSG0000792,message_exists,1,
1,P2_unread_cc,MSG0000792,is_cc,1,
1,P2_unread_cc,MSG0000792,no_access_event,1,accesses=0
1,P2_unread_cc,MSG0000794,message_exists,1,
1,P2_unread_cc,MSG0000794,is_cc,1,
1,P2_unread_cc,MSG0000794,no_access_event,1,accesses=0
1,P4_result_misrouted,MSG0000849,message_exists,1,
1,P4_result_misrouted,MSG0000849,is_result,1,
1,P4_result_misrouted,MSG0000849,recipient_not_ordering,1,
1,P4_result_misrouted,MSG0000849,recipient_not_covering,1,cover=None
1,P2_unread_cc,MSG0000888,message_exists,1,
1,P2_unread_cc,MSG0000888,is_cc,1,
1,P2_unread_cc,MSG0000888,no_access_event,1,accesses=0
1,P2_unread_cc,MSG0000890,message_exists,1,
1,P2_unread_cc,MSG0000890,is_cc,1,
1,P2_unread_cc,MSG0000890,no_access_event,1,accesses=0
1,P2_unread_cc,MSG0000892,message_exists,1,
1,P2_unread_cc,MSG0000892,is_cc,1,
1,P2_unread_cc,MSG0000892,no_access_event,1,accesses=0
1,P2_unread_cc,MSG0000893,message_exists,1,
1,P2_unread_cc,MSG0000893,is_cc,1,
1,P2_unread_cc,MSG0000893,no_access_event,1,accesses=0
1,P2_unread_cc,MSG0000896,message_exists,1,
1,P2_unread_cc,MSG0000896,is_cc,1,
1,P2_unread_cc,MSG0000896,no_access_event,1,accesses=0
1,P4_result_misrouted,MSG0000925,message_exists,1,
1,P4_result_misrouted,MSG0000925,is_result,1,
1,P4_result_misrouted,MSG0000925,recipient_not_ordering,1,
1,P4_result_misrouted,MSG0000925,recipient_not_covering,1,cover=None
1,P2_unread_cc,MSG0000952,message_exists,1,
1,P2_unread_cc,MSG0000952,is_cc,1,
1,P2_unread_cc,MSG0000952,no_access_event,1,accesses=0
1,P4_result_misrouted,MSG0000988,message_exists,1,
1,P4_result_misrouted,MSG0000988,is_result,1,
1,P4_result_misrouted,MSG0000988,recipient_not_ordering,1,
1,P4_result_misrouted,MSG0000988,recipient_not_covering,1,cover=None
1,P2_unread_cc,MSG0001020,message_exists,1,
1,P2_unread_cc,MSG0001020,is_cc,1,
1,P2_unread_cc,MSG0001020,no_access_event,1,accesses=0
1,P1_thank_you,MSG0001064,message_exists,1,
1,P1_thank_you,MSG0001064,patient_originated_portal_message,1,
1,P1_thank_you,MSG0001064,is_reply_to_prior_outbound,1,
1,P1_thank_you,MSG0001064,thread_ending,1,later_messages=0
1,P1_thank_you,MSG0001064,accessed_and_completed,1,
1,P4_result_misrouted,MSG0001082,message_exists,1,
1,P4_result_misrouted,MSG0001082,is_result,1,
1,P4_result_misrouted,MSG0001082,recipient_not_ordering,1,
1,P4_result_misrouted,MSG0001082,recipient_not_covering,1,cover=None
1,P2_unread_cc,MSG0001107,message_exists,1,
1,P2_unread_cc,MSG0001107,is_cc,1,
1,P2_unread_cc,MSG0001107,no_access_event,1,accesses=0
1,P2_unread_cc,MSG0001109,message_exists,1,
1,P2_unread_cc,MSG0001109,is_cc,1,
1,P2_unread_cc,MSG0001109,no_access_event,1,accesses=0
1,P2_unread_cc,MSG0001115,message_exists,1,
1,P2_unread_cc,MSG0001115,is_cc,1,
1,P2_unread_cc,MSG0001115,no_access_event,1,accesses=0
1,P2_unread_cc,MSG0001116,message_exists,1,
1,P2_unread_cc,MSG0001116,is_cc,1,
1,P2_unread_cc,MSG0001116,no_access_event,1,accesses=0
1,P2_unread_cc,MSG0001183,message_exists,1,
1,P2_unread_cc,MSG0001183,is_cc,1,
1,P2_unread_cc,MSG0001183,no_access_event,1,accesses=0
1,P2_unread_cc,MSG0001188,message_exists,1,
1,P2_unread_cc,MSG0001188,is_cc,1,
1,P2_unread_cc,MSG0001188,no_access_event,1,accesses=0
1,P1_thank_you,MSG0001320,message_exists,1,
1,P1_thank_you,MSG0001320,patient_originated_portal_message,1,
1,P1_thank_you,MSG0001320,is_reply_to_prior_outbound,1,
1,P1_thank_you,MSG0001320,thread_ending,1,later_messages=0
1,P1_thank_you,MSG0001320,accessed_and_completed,1,
1,P3_extended_thread,THR0001285,thread_exists,1,
1,P3_extended_thread,THR0001285,three_or_more_patient_incoming,1,incoming=3
1,P3_extended_thread,THR0001285,four_or_more_message_exchanges,1,in+out=6
1,P3_extended_thread,THR0001285,spans_at_least_3_days,1,span_days=6.78
1,P3_extended_thread,THR0001285,no_visit_between,0,intervening_visits=1
1,P2_unread_cc,MSG0001438,message_exists,1,
1,P2_unread_cc,MSG0001438,is_cc,1,
1,P2_unread_cc,MSG0001438,no_access_event,1,accesses=0
1,P2_unread_cc,MSG0001441,message_exists,1,
1,P2_unread_cc,MSG0001441,is_cc,1,
1,P2_unread_cc,MSG0001441,no_access_event,1,accesses=0
1,P7_pingpong,MSG0001477,message_exists,1,
1,P7_pingpong,MSG0001477,at_least_two_staff_to_provider_forwards,1,staff_to_provider=2
1,P7_pingpong,MSG0001477,at_least_two_provider_to_staff_forwards,1,provider_to_staff=2
1,P7_pingpong,MSG0001477,two_or_more_round_trips,1,roundtrips=2
1,P1_thank_you,MSG0001479,message_exists,1,
1,P1_thank_you,MSG0001479,patient_originated_portal_message,1,
1,P1_thank_you,MSG0001479,is_reply_to_prior_outbound,1,
1,P1_thank_you,MSG0001479,thread_ending,1,later_messages=0
1,P1_thank_you,MSG0001479,accessed_and_completed,1,
1,P4_result_misrouted,MSG0001506,message_exists,1,
1,P4_result_misrouted,MSG0001506,is_result,1,
1,P4_result_misrouted,MSG0001506,recipient_not_ordering,1,
1,P4_result_misrouted,MSG0001506,recipient_not_covering,1,cover=None
1,P2_unread_cc,MSG0001517,message_exists,1,
1,P2_unread_cc,MSG0001517,is_cc,1,
1,P2_unread_cc,MSG0001517,no_access_event,1,accesses=0
1,P2_unread_cc,MSG0001522,message_exists,1,
1,P2_unread_cc,MSG0001522,is_cc,1,
1,P2_unread_cc,MSG0001522,no_access_event,1,accesses=0
1,P2_unread_cc,MSG0001523,message_exists,1,
1,P2_unread_cc,MSG0001523,is_cc,1,
1,P2_unread_cc,MSG0001523,no_access_event,1,accesses=0
1,P2_unread_cc,MSG0001600,message_exists,1,
1,P2_unread_cc,MSG0001600,is_cc,1,
1,P2_unread_cc,MSG0001600,no_access_event,1,accesses=0
1,P2_unread_cc,MSG0001602,message_exists,1,
1,P2_unread_cc,MSG0001602,is_cc,1,
1,P2_unread_cc,MSG0001602,no_access_event,1,accesses=0
1,P2_unread_cc,MSG0001606,message_exists,1,
1,P2_unread_cc,MSG0001606,is_cc,1,
1,P2_unread_cc,MSG0001606,no_access_event,1,accesses=0
1,P8_nonclinical_misrouted,MSG0001647,message_exists,1,
1,P8_nonclinical_misrouted,MSG0001647,nonclinical_category,1,category=billing_question
1,P8_nonclinical_misrouted,MSG0001647,reaches_provider,1,provider_forwards=1
1,P2_unread_cc,MSG0001685,message_exists,1,
1,P2_unread_cc,MSG0001685,is_cc,1,
1,P2_unread_cc,MSG0001685,no_access_event,1,accesses=0
1,P2_unread_cc,MSG0001688,message_exists,1,
1,P2_unread_cc,MSG0001688,is_cc,1,
1,P2_unread_cc,MSG0001688,no_access_event,1,accesses=0
1,P2_unread_cc,MSG0001690,message_exists,1,
1,P2_unread_cc,MSG0001690,is_cc,1,
1,P2_unread_cc,MSG0001690,no_access_event,1,accesses=0
1,P2_unread_cc,MSG0001692,message_exists,1,
1,P2_unread_cc,MSG0001692,is_cc,1,
1,P2_unread_cc,MSG0001692,no_access_event,1,accesses=0
1,P4_result_misrouted,MSG0001725,message_exists,1,
1,P4_result_misrouted,MSG0001725,is_result,1,
1,P4_result_misrouted,MSG0001725,recipient_not_ordering,1,
1,P4_result_misrouted,MSG0001725,recipient_not_covering,1,cover=None
1,P2_unread_cc,MSG0001746,message_exists,1,
1,P2_unread_cc,MSG0001746,is_cc,1,
1,P2_unread_cc,MSG0001746,no_access_event,1,accesses=0
1,P2_unread_cc,MSG0001751,message_exists,1,
1,P2_unread_cc,MSG0001751,is_cc,1,
1,P2_unread_cc,MSG0001751,no_access_event,1,accesses=0
1,P2_unread_cc,MSG0001752,message_exists,1,
1,P2_unread_cc,MSG0001752,is_cc,1,
1,P2_unread_cc,MSG0001752,no_access_event,1,accesses=0
1,P2_unread_cc,MSG0001754,message_exists,1,
1,P2_unread_cc,MSG0001754,is_cc,1,
1,P2_unread_cc,MSG0001754,no_access_event,1,accesses=0
1,P2_unread_cc,MSG0001825,message_exists,1,
1,P2_unread_cc,MSG0001825,is_cc,1,
1,P2_unread_cc,MSG0001825,no_access_event,1,accesses=0
1,P4_result_misrouted,MSG0001878,message_exists,1,
1,P4_result_misrouted,MSG0001878,is_result,1,
1,P4_result_misrouted,MSG0001878,recipient_not_ordering,1,
1,P4_result_misrouted,MSG0001878,recipient_not_covering,1,cover=None
1,P4_result_misrouted,MSG0001897,message_exists,1,
1,P4_result_misrouted,MSG0001897,is_result,1,
1,P4_result_misrouted,MSG0001897,recipient_not_ordering,1,
1,P4_result_misrouted,MSG0001897,recipient_not_covering,1,cover=None
1,P2_unread_cc,MSG0001908,message_exists,1,
1,P2_unread_cc,MSG0001908,is_cc,1,
1,P2_unread_cc,MSG0001908,no_access_event,1,accesses=0
1,P2_unread_cc,MSG0001912,message_exists,1,
1,P2_unread_cc,MSG0001912,is_cc,1,
1,P2_unread_cc,MSG0001912,no_access_event,1,accesses=0
1,P2_unread_cc,MSG0001989,message_exists,1,
1,P2_unread_cc,MSG0001989,is_cc,1,
1,P2_unread_cc,MSG0001989,no_access_event,1,accesses=0
1,P2_unread_cc,MSG0001993,message_exists,1,
1,P2_unread_cc,MSG0001993,is_cc,1,
1,P2_unread_cc,MSG0001993,no_access_event,1,accesses=0
1,P2_unread_cc,MSG0001997,message_exists,1,
1,P2_unread_cc,MSG0001997,is_cc,1,
1,P2_unread_cc,MSG0001997,no_access_event,1,accesses=0
1,P2_unread_cc,MSG0002077,message_exists,1,
1,P2_unread_cc,MSG0002077,is_cc,1,
1,P2_unread_cc,MSG0002077,no_access_event,1,accesses=0
1,P2_unread_cc,MSG0002081,message_exists,1,
1,P2_unread_cc,MSG0002081,is_cc,1,
1,P2_unread_cc,MSG0002081,no_access_event,1,accesses=0
1,P2_unread_cc,MSG0002152,message_exists,1,
1,P2_unread_cc,MSG0002152,is_cc,1,
1,P2_unread_cc,MSG0002152,no_access_event,1,accesses=0
1,P2_unread_cc,MSG0002155,message_exists,1,
1,P2_unread_cc,MSG0002155,is_cc,1,
1,P2_unread_cc,MSG0002155,no_access_event,1,accesses=0
1,P2_unread_cc,MSG0002227,message_exists,1,
1,P2_unread_cc,MSG0002227,is_cc,1,
1,P2_unread_cc,MSG0002227,no_access_event,1,accesses=0
1,P2_unread_cc,MSG0002229,message_exists,1,
1,P2_unread_cc,MSG0002229,is_cc,1,
1,P2_unread_cc,MSG0002229,no_access_event,1,accesses=0
1,P2_unread_cc,MSG0002237,message_exists,1,
1,P2_unread_cc,MSG0002237,is_cc,1,
1,P2_unread_cc,MSG0002237,no_access_event,1,accesses=0
1,P3_extended_thread,THR0002189,thread_exists,1,
1,P3_extended_thread,THR0002189,three_or_more_patient_incoming,1,incoming=3
1,P3_extended_thread,THR0002189,four_or_more_message_exchanges,1,in+out=6
1,P3_extended_thread,THR0002189,spans_at_least_3_days,1,span_days=5.05
1,P3_extended_thread,THR0002189,no_visit_between,1,intervening_visits=0
1,P2_unread_cc,MSG0002318,message_exists,1,
1,P2_unread_cc,MSG0002318,is_cc,1,
1,P2_unread_cc,MSG0002318,no_access_event,1,accesses=0
1,P2_unread_cc,MSG0002321,message_exists,1,
1,P2_unread_cc,MSG0002321,is_cc,1,
1,P2_unread_cc,MSG0002321,no_access_event,1,accesses=0
1,P2_unread_cc,MSG0002386,message_exists,1,
1,P2_unread_cc,MSG0002386,is_cc,1,
1,P2_unread_cc,MSG0002386,no_access_event,1,accesses=0
1,P2_unread_cc,MSG0002390,message_exists,1,
1,P2_unread_cc,MSG0002390,is_cc,1,
1,P2_unread_cc,MSG0002390,no_access_event,1,accesses=0
1,P2_unread_cc,MSG0002485,message_exists,1,
1,P2_unread_cc,MSG0002485,is_cc,1,
1,P2_unread_cc,MSG0002485,no_access_event,1,accesses=0
1,P2_unread_cc,MSG0002486,message_exists,1,
1,P2_unread_cc,MSG0002486,is_cc,1,
1,P2_unread_cc,MSG0002486,no_access_event,1,accesses=0
1,P1_thank_you,MSG0002523,message_exists,1,
1,P1_thank_you,MSG0002523,patient_originated_portal_message,1,
1,P1_thank_you,MSG0002523,is_reply_to_prior_outbound,1,
1,P1_thank_you,MSG0002523,thread_ending,1,later_messages=0
1,P1_thank_you,MSG0002523,accessed_and_completed,1,
1,P1_thank_you,MSG0002526,message_exists,1,
1,P1_thank_you,MSG0002526,patient_originated_portal_message,1,
1,P1_thank_you,MSG0002526,is_reply_to_prior_outbound,1,
1,P1_thank_you,MSG0002526,thread_ending,1,later_messages=0
1,P1_thank_you,MSG0002526,accessed_and_completed,1,
1,P1_thank_you,MSG0002620,message_exists,1,
1,P1_thank_you,MSG0002620,patient_originated_portal_message,1,
1,P1_thank_you,MSG0002620,is_reply_to_prior_outbound,1,
1,P1_thank_you,MSG0002620,thread_ending,1,later_messages=0
1,P1_thank_you,MSG0002620,accessed_and_completed,1,
1,P2_unread_cc,MSG0002651,message_exists,1,
1,P2_unread_cc,MSG0002651,is_cc,1,
1,P2_unread_cc,MSG0002651,no_access_event,1,accesses=0
1,P2_unread_cc,MSG0002653,message_exists,1,
1,P2_unread_cc,MSG0002653,is_cc,1,
1,P2_unread_cc,MSG0002653,no_access_event,1,accesses=0
1,P2_unread_cc,MSG0002655,message_exists,1,
1,P2_unread_cc,MSG0002655,is_cc,1,
1,P2_unread_cc,MSG0002655,no_access_event,1,accesses=0
1,P2_unread_cc,MSG0002657,message_exists,1,
1,P2_unread_cc,MSG0002657,is_cc,1,
1,P2_unread_cc,MSG0002657,no_access_event,1,accesses=0
1,P2_unread_cc,MSG0002724,message_exists,1,
1,P2_unread_cc,MSG0002724,is_cc,1,
1,P2_unread_cc,MSG0002724,no_access_event,1,accesses=0
1,P2_unread_cc,MSG0002729,message_exists,1,
1,P2_unread_cc,MSG0002729,is_cc,1,
1,P2_unread_cc,MSG0002729,no_access_event,1,accesses=0
1,P8_nonclinical_misrouted,MSG0002763,message_exists,1,
1,P8_nonclinical_misrouted,MSG0002763,nonclinical_category,1,category=appointment_request
1,P8_nonclinical_misrouted,MSG0002763,reaches_provider,1,provider_forwards=1
1,P2_unread_cc,MSG0002808,message_exists,1,
1,P2_unread_cc,MSG0002808,is_cc,1,
1,P2_unread_cc,MSG0002808,no_access_event,1,accesses=0
1,P2_unread_cc,MSG0002809,message_exists,1,
1,P2_unread_cc,MSG0002809,is_cc,1,
1,P2_unread_cc,MSG0002809,no_access_event,1,accesses=0
1,P8_nonclinical_misrouted,MSG0002837,message_exists,1,
1,P8_nonclinical_misrouted,MSG0002837,nonclinical_category,1,category=billing_question
1,P8_nonclinical_misrouted,MSG0002837,reaches_provider,1,provider_forwards=1
1,P4_result_misrouted,MSG0002871,message_exists,1,
1,P4_result_misrouted,MSG0002871,is_result,1,
1,P4_result_misrouted,MSG0002871,recipient_not_ordering,1,
1,P4_result_misrouted,MSG0002871,recipient_not_covering,1,cover=None
1,P2_unread_cc,MSG0002892,message_exists,1,
1,P2_unread_cc,MSG0002892,is_cc,1,
1,P2_unread_cc,MSG0002892,no_access_event,1,accesses=0
1,P2_unread_cc,MSG0002894,message_exists,1,
1,P2_unread_cc,MSG0002894,is_cc,1,
1,P2_unread_cc,MSG0002894,no_access_event,1,accesses=0
1,P2_unread_cc,MSG0002895,message_exists,1,
1,P2_unread_cc,MSG0002895,is_cc,1,
1,P2_unread_cc,MSG0002895,no_access_event,1,accesses=0
1,P2_unread_cc,MSG0002896,message_exists,1,
1,P2_unread_cc,MSG0002896,is_cc,1,
1,P2_unread_cc,MSG0002896,no_access_event,1,accesses=0
1,P2_unread_cc,MSG0002976,message_exists,1,
1,P2_unread_cc,MSG0002976,is_cc,1,
1,P2_unread_cc,MSG0002976,no_access_event,1,accesses=0
1,P2_unread_cc,MSG0002982,message_exists,1,
1,P2_unread_cc,MSG0002982,is_cc,1,
1,P2_unread_cc,MSG0002982,no_access_event,1,accesses=0
1,P2_unread_cc,MSG0003054,message_exists,1,
1,P2_unread_cc,MSG0003054,is_cc,1,
1,P2_unread_cc,MSG0003054,no_access_event,1,accesses=0
1,P2_unread_cc,MSG0003062,message_exists,1,
1,P2_unread_cc,MSG0003062,is_cc,1,
1,P2_unread_cc,MSG0003062,no_access_event,1,accesses=0
1,P2_unread_cc,MSG0003143,message_exists,1,
1,P2_unread_cc,MSG0003143,is_cc,1,
1,P2_unread_cc,MSG0003143,no_access_event,1,accesses=0
1,P2_unread_cc,MSG0003145,message_exists,1,
1,P2_unread_cc,MSG0003145,is_cc,1,
1,P2_unread_cc,MSG0003145,no_access_event,1,accesses=0
1,P2_unread_cc,MSG0003148,message_exists,1,
1,P2_unread_cc,MSG0003148,is_cc,1,
1,P2_unread_cc,MSG0003148,no_access_event,1,accesses=0
1,P2_unread_cc,MSG0003231,message_exists,1,
1,P2_unread_cc,MSG0003231,is_cc,1,
1,P2_unread_cc,MSG0003231,no_access_event,1,accesses=0
1,P2_unread_cc,MSG0003232,message_exists,1,
1,P2_unread_cc,MSG0003232,is_cc,1,
1,P2_unread_cc,MSG0003232,no_access_event,1,accesses=0
1,P2_unread_cc,MSG0003234,message_exists,1,
1,P2_unread_cc,MSG0003234,is_cc,1,
1,P2_unread_cc,MSG0003234,no_access_event,1,accesses=0
1,P2_unread_cc,MSG0003237,message_exists,1,
1,P2_unread_cc,MSG0003237,is_cc,1,
1,P2_unread_cc,MSG0003237,no_access_event,1,accesses=0
1,P2_unread_cc,MSG0003293,message_exists,1,
1,P2_unread_cc,MSG0003293,is_cc,1,
1,P2_unread_cc,MSG0003293,no_access_event,1,accesses=0
1,P2_unread_cc,MSG0003295,message_exists,1,
1,P2_unread_cc,MSG0003295,is_cc,1,
1,P2_unread_cc,MSG0003295,no_access_event,1,accesses=0
1,P2_unread_cc,MSG0003296,message_exists,1,
1,P2_unread_cc,MSG0003296,is_cc,1,
1,P2_unread_cc,MSG0003296,no_access_event,1,accesses=0
1,P2_unread_cc,MSG0003298,message_exists,1,
1,P2_unread_cc,MSG0003298,is_cc,1,
1,P2_unread_cc,MSG0003298,no_access_event,1,accesses=0
1,P4_result_misrouted,MSG0003357,message_exists,1,
1,P4_result_misrouted,MSG0003357,is_result,1,
1,P4_result_misrouted,MSG0003357,recipient_not_ordering,1,
1,P4_result_misrouted,MSG0003357,recipient_not_covering,1,cover=None
1,P2_unread_cc,MSG0003377,message_exists,1,
1,P2_unread_cc,MSG0003377,is_cc,1,
1,P2_unread_cc,MSG0003377,no_access_event,1,accesses=0
1,P2_unread_cc,MSG0003380,message_exists,1,
1,P2_unread_cc,MSG0003380,is_cc,1,
1,P2_unread_cc,MSG0003380,no_access_event,1,accesses=0
1,P3_extended_thread,THR0003257,thread_exists,1,
1,P3_extended_thread,THR0003257,three_or_more_patient_incoming,1,incoming=3
1,P3_extended_thread,THR0003257,four_or_more_message_exchanges,1,in+out=6
1,P3_extended_thread,THR0003257,spans_at_least_3_days,1,span_days=7.52
1,P3_extended_thread,THR0003257,no_visit_between,1,intervening_visits=0
1,P2_unread_cc,MSG0003460,message_exists,1,
1,P2_unread_cc,MSG0003460,is_cc,1,
1,P2_unread_cc,MSG0003460,no_access_event,1,accesses=0
1,P2_unread_cc,MSG0003470,message_exists,1,
1,P2_unread_cc,MSG0003470,is_cc,1,
1,P2_unread_cc,MSG0003470,no_access_event,1,accesses=0
1,P7_pingpong,MSG0003512,message_exists,1,
1,P7_pingpong,MSG0003512,at_least_two_staff_to_provider_forwards,1,staff_to_provider=2
1,P7_pingpong,MSG0003512,at_least_two_provider_to_staff_forwards,1,provider_to_staff=2
1,P7_pingpong,MSG0003512,two_or_more_round_trips,1,roundtrips=2
1,P4_result_misrouted,MSG0003522,message_exists,1,
1,P4_result_misrouted,MSG0003522,is_result,1,
1,P4_result_misrouted,MSG0003522,recipient_not_ordering,1,
1,P4_result_misrouted,MSG0003522,recipient_not_covering,1,cover=None
1,P2_unread_cc,MSG0003547,message_exists,1,
1,P2_unread_cc,MSG0003547,is_cc,1,
1,P2_unread_cc,MSG0003547,no_access_event,1,accesses=0
1,P2_unread_cc,MSG0003550,message_exists,1,
1,P2_unread_cc,MSG0003550,is_cc,1,
1,P2_unread_cc,MSG0003550,no_access_event,1,accesses=0
1,P2_unread_cc,MSG0003551,message_exists,1,
1,P2_unread_cc,MSG0003551,is_cc,1,
1,P2_unread_cc,MSG0003551,no_access_event,1,accesses=0
1,P2_unread_cc,MSG0003557,message_exists,1,
1,P2_unread_cc,MSG0003557,is_cc,1,
1,P2_unread_cc,MSG0003557,no_access_event,1,accesses=0
1,P2_unread_cc,MSG0003630,message_exists,1,
1,P2_unread_cc,MSG0003630,is_cc,1,
1,P2_unread_cc,MSG0003630,no_access_event,1,accesses=0
1,P2_unread_cc,MSG0003631,message_exists,1,
1,P2_unread_cc,MSG0003631,is_cc,1,
1,P2_unread_cc,MSG0003631,no_access_event,1,accesses=0
1,P8_nonclinical_misrouted,MSG0003664,message_exists,1,
1,P8_nonclinical_misrouted,MSG0003664,nonclinical_category,1,category=appointment_request
1,P8_nonclinical_misrouted,MSG0003664,reaches_provider,1,provider_forwards=1
1,P4_result_misrouted,MSG0003677,message_exists,1,
1,P4_result_misrouted,MSG0003677,is_result,1,
1,P4_result_misrouted,MSG0003677,recipient_not_ordering,1,
1,P4_result_misrouted,MSG0003677,recipient_not_covering,1,cover=None
1,P4_result_misrouted,MSG0003678,message_exists,1,
1,P4_result_misrouted,MSG0003678,is_result,1,
1,P4_result_misrouted,MSG0003678,recipient_not_ordering,1,
1,P4_result_misrouted,MSG0003678,recipient_not_covering,1,cover=None
1,P2_unread_cc,MSG0003702,message_exists,1,
1,P2_unread_cc,MSG0003702,is_cc,1,
1,P2_unread_cc,MSG0003702,no_access_event,1,accesses=0
1,P2_unread_cc,MSG0003709,message_exists,1,
1,P2_unread_cc,MSG0003709,is_cc,1,
1,P2_unread_cc,MSG0003709,no_access_event,1,accesses=0
1,P2_unread_cc,MSG0003780,message_exists,1,
1,P2_unread_cc,MSG0003780,is_cc,1,
1,P2_unread_cc,MSG0003780,no_access_event,1,accesses=0
1,P2_unread_cc,MSG0003783,message_exists,1,
1,P2_unread_cc,MSG0003783,is_cc,1,
1,P2_unread_cc,MSG0003783,no_access_event,1,accesses=0
1,P3_extended_thread,THR0003644,thread_exists,1,
1,P3_extended_thread,THR0003644,three_or_more_patient_incoming,1,incoming=3
1,P3_extended_thread,THR0003644,four_or_more_message_exchanges,1,in+out=6
1,P3_extended_thread,THR0003644,spans_at_least_3_days,1,span_days=5.98
1,P3_extended_thread,THR0003644,no_visit_between,0,intervening_visits=1
1,P1_thank_you,MSG0003849,message_exists,1,
1,P1_thank_you,MSG0003849,patient_originated_portal_message,1,
1,P1_thank_you,MSG0003849,is_reply_to_prior_outbound,1,
1,P1_thank_you,MSG0003849,thread_ending,1,later_messages=0
1,P1_thank_you,MSG0003849,accessed_and_completed,1,
1,P1_thank_you,MSG0003886,message_exists,1,
1,P1_thank_you,MSG0003886,patient_originated_portal_message,1,
1,P1_thank_you,MSG0003886,is_reply_to_prior_outbound,1,
1,P1_thank_you,MSG0003886,thread_ending,1,later_messages=0
1,P1_thank_you,MSG0003886,accessed_and_completed,1,
1,P4_result_misrouted,MSG0003891,message_exists,1,
1,P4_result_misrouted,MSG0003891,is_result,1,
1,P4_result_misrouted,MSG0003891,recipient_not_ordering,1,
1,P4_result_misrouted,MSG0003891,recipient_not_covering,1,cover=None
1,P8_nonclinical_misrouted,MSG0003924,message_exists,1,
1,P8_nonclinical_misrouted,MSG0003924,nonclinical_category,1,category=cancellation
1,P8_nonclinical_misrouted,MSG0003924,reaches_provider,1,provider_forwards=1
1,P2_unread_cc,MSG0003968,message_exists,1,
1,P2_unread_cc,MSG0003968,is_cc,1,
1,P2_unread_cc,MSG0003968,no_access_event,1,accesses=0
1,P2_unread_cc,MSG0003969,message_exists,1,
1,P2_unread_cc,MSG0003969,is_cc,1,
1,P2_unread_cc,MSG0003969,no_access_event,1,accesses=0
1,P2_unread_cc,MSG0004053,message_exists,1,
1,P2_unread_cc,MSG0004053,is_cc,1,
1,P2_unread_cc,MSG0004053,no_access_event,1,accesses=0
1,P2_unread_cc,MSG0004060,message_exists,1,
1,P2_unread_cc,MSG0004060,is_cc,1,
1,P2_unread_cc,MSG0004060,no_access_event,1,accesses=0
1,P2_unread_cc,MSG0004061,message_exists,1,
1,P2_unread_cc,MSG0004061,is_cc,1,
1,P2_unread_cc,MSG0004061,no_access_event,1,accesses=0
1,P4_result_misrouted,MSG0004123,message_exists,1,
1,P4_result_misrouted,MSG0004123,is_result,1,
1,P4_result_misrouted,MSG0004123,recipient_not_ordering,1,
1,P4_result_misrouted,MSG0004123,recipient_not_covering,1,cover=None
1,P2_unread_cc,MSG0004141,message_exists,1,
1,P2_unread_cc,MSG0004141,is_cc,1,
1,P2_unread_cc,MSG0004141,no_access_event,1,accesses=0
1,P2_unread_cc,MSG0004144,message_exists,1,
1,P2_unread_cc,MSG0004144,is_cc,1,
1,P2_unread_cc,MSG0004144,no_access_event,1,accesses=0
1,P2_unread_cc,MSG0004209,message_exists,1,
1,P2_unread_cc,MSG0004209,is_cc,1,
1,P2_unread_cc,MSG0004209,no_access_event,1,accesses=0
1,P2_unread_cc,MSG0004214,message_exists,1,
1,P2_unread_cc,MSG0004214,is_cc,1,
1,P2_unread_cc,MSG0004214,no_access_event,1,accesses=0
1,P3_extended_thread,THR0004046,thread_exists,1,
1,P3_extended_thread,THR0004046,three_or_more_patient_incoming,1,incoming=3
1,P3_extended_thread,THR0004046,four_or_more_message_exchanges,1,in+out=6
1,P3_extended_thread,THR0004046,spans_at_least_3_days,1,span_days=5.70
1,P3_extended_thread,THR0004046,no_visit_between,1,intervening_visits=0
1,P4_result_misrouted,MSG0004350,message_exists,1,
1,P4_result_misrouted,MSG0004350,is_result,1,
1,P4_result_misrouted,MSG0004350,recipient_not_ordering,1,
1,P4_result_misrouted,MSG0004350,recipient_not_covering,1,cover=None
1,P2_unread_cc,MSG0004360,message_exists,1,
1,P2_unread_cc,MSG0004360,is_cc,1,
1,P2_unread_cc,MSG0004360,no_access_event,1,accesses=0
1,P2_unread_cc,MSG0004362,message_exists,1,
1,P2_unread_cc,MSG0004362,is_cc,1,
1,P2_unread_cc,MSG0004362,no_access_event,1,accesses=0
1,P2_unread_cc,MSG0004369,message_exists,1,
1,P2_unread_cc,MSG0004369,is_cc,1,
1,P2_unread_cc,MSG0004369,no_access_event,1,accesses=0
1,P7_pingpong,MSG0004411,message_exists,1,
1,P7_pingpong,MSG0004411,at_least_two_staff_to_provider_forwards,1,staff_to_provider=2
1,P7_pingpong,MSG0004411,at_least_two_provider_to_staff_forwards,1,provider_to_staff=2
1,P7_pingpong,MSG0004411,two_or_more_round_trips,1,roundtrips=2
1,P2_unread_cc,MSG0004471,message_exists,1,
1,P2_unread_cc,MSG0004471,is_cc,1,
1,P2_unread_cc,MSG0004471,no_access_event,1,accesses=0
1,P2_unread_cc,MSG0004538,message_exists,1,
1,P2_unread_cc,MSG0004538,is_cc,1,
1,P2_unread_cc,MSG0004538,no_access_event,1,accesses=0
1,P2_unread_cc,MSG0004540,message_exists,1,
1,P2_unread_cc,MSG0004540,is_cc,1,
1,P2_unread_cc,MSG0004540,no_access_event,1,accesses=0
1,P2_unread_cc,MSG0004622,message_exists,1,
1,P2_unread_cc,MSG0004622,is_cc,1,
1,P2_unread_cc,MSG0004622,no_access_event,1,accesses=0
1,P2_unread_cc,MSG0004692,message_exists,1,
1,P2_unread_cc,MSG0004692,is_cc,1,
1,P2_unread_cc,MSG0004692,no_access_event,1,accesses=0
1,P2_unread_cc,MSG0004699,message_exists,1,
1,P2_unread_cc,MSG0004699,is_cc,1,
1,P2_unread_cc,MSG0004699,no_access_event,1,accesses=0
1,P2_unread_cc,MSG0004701,message_exists,1,
1,P2_unread_cc,MSG0004701,is_cc,1,
1,P2_unread_cc,MSG0004701,no_access_event,1,accesses=0
1,P4_result_misrouted,MSG0004745,message_exists,1,
1,P4_result_misrouted,MSG0004745,is_result,1,
1,P4_result_misrouted,MSG0004745,recipient_not_ordering,1,
1,P4_result_misrouted,MSG0004745,recipient_not_covering,1,cover=None
1,P4_result_misrouted,MSG0004752,message_exists,1,
1,P4_result_misrouted,MSG0004752,is_result,1,
1,P4_result_misrouted,MSG0004752,recipient_not_ordering,1,
1,P4_result_misrouted,MSG0004752,recipient_not_covering,1,cover=None
1,P2_unread_cc,MSG0004778,message_exists,1,
1,P2_unread_cc,MSG0004778,is_cc,1,
1,P2_unread_cc,MSG0004778,no_access_event,1,accesses=0
1,P2_unread_cc,MSG0004779,message_exists,1,
1,P2_unread_cc,MSG0004779,is_cc,1,
1,P2_unread_cc,MSG0004779,no_access_event,1,accesses=0
1,P2_unread_cc,MSG0004780,message_exists,1,
1,P2_unread_cc,MSG0004780,is_cc,1,
1,P2_unread_cc,MSG0004780,no_access_event,1,accesses=0
1,P2_unread_cc,MSG0004781,message_exists,1,
1,P2_unread_cc,MSG0004781,is_cc,1,
1,P2_unread_cc,MSG0004781,no_access_event,1,accesses=0
1,P2_unread_cc,MSG0004844,message_exists,1,
1,P2_unread_cc,MSG0004844,is_cc,1,
1,P2_unread_cc,MSG0004844,no_access_event,1,accesses=0
1,P2_unread_cc,MSG0004845,message_exists,1,
1,P2_unread_cc,MSG0004845,is_cc,1,
1,P2_unread_cc,MSG0004845,no_access_event,1,accesses=0
1,P2_unread_cc,MSG0004851,message_exists,1,
1,P2_unread_cc,MSG0004851,is_cc,1,
1,P2_unread_cc,MSG0004851,no_access_event,1,accesses=0
1,P7_pingpong,MSG0004886,message_exists,1,
1,P7_pingpong,MSG0004886,at_least_two_staff_to_provider_forwards,1,staff_to_provider=2
1,P7_pingpong,MSG0004886,at_least_two_provider_to_staff_forwards,1,provider_to_staff=2
1,P7_pingpong,MSG0004886,two_or_more_round_trips,1,roundtrips=2
1,P4_result_misrouted,MSG0004893,message_exists,1,
1,P4_result_misrouted,MSG0004893,is_result,1,
1,P4_result_misrouted,MSG0004893,recipient_not_ordering,1,
1,P4_result_misrouted,MSG0004893,recipient_not_covering,1,cover=None
1,P4_result_misrouted,MSG0004903,message_exists,1,
1,P4_result_misrouted,MSG0004903,is_result,1,
1,P4_result_misrouted,MSG0004903,recipient_not_ordering,1,
1,P4_result_misrouted,MSG0004903,recipient_not_covering,1,cover=None
1,P2_unread_cc,MSG0004926,message_exists,1,
1,P2_unread_cc,MSG0004926,is_cc,1,
1,P2_unread_cc,MSG0004926,no_access_event,1,accesses=0
1,P2_unread_cc,MSG0004927,message_exists,1,
1,P2_unread_cc,MSG0004927,is_cc,1,
1,P2_unread_cc,MSG0004927,no_access_event,1,accesses=0
1,P2_unread_cc,MSG0004932,message_exists,1,
1,P2_unread_cc,MSG0004932,is_cc,1,
1,P2_unread_cc,MSG0004932,no_access_event,1,accesses=0
1,P1_thank_you,MSG0004959,message_exists,1,
1,P1_thank_you,MSG0004959,patient_originated_portal_message,1,
1,P1_thank_you,MSG0004959,is_reply_to_prior_outbound,1,
1,P1_thank_you,MSG0004959,thread_ending,1,later_messages=0
1,P1_thank_you,MSG0004959,accessed_and_completed,1,
1,P8_nonclinical_misrouted,MSG0004978,message_exists,1,
1,P8_nonclinical_misrouted,MSG0004978,nonclinical_category,1,category=billing_question
1,P8_nonclinical_misrouted,MSG0004978,reaches_provider,1,provider_forwards=1
1,P2_unread_cc,MSG0005014,message_exists,1,
1,P2_unread_cc,MSG0005014,is_cc,1,
1,P2_unread_cc,MSG0005014,no_access_event,1,accesses=0
1,P2_unread_cc,MSG0005015,message_exists,1,
1,P2_unread_cc,MSG0005015,is_cc,1,
1,P2_unread_cc,MSG0005015,no_access_event,1,accesses=0
1,P2_unread_cc,MSG0005017,message_exists,1,
1,P2_unread_cc,MSG0005017,is_cc,1,
1,P2_unread_cc,MSG0005017,no_access_event,1,accesses=0
1,P2_unread_cc,MSG0005018,message_exists,1,
1,P2_unread_cc,MSG0005018,is_cc,1,
1,P2_unread_cc,MSG0005018,no_access_event,1,accesses=0
1,P2_unread_cc,MSG0005020,message_exists,1,
1,P2_unread_cc,MSG0005020,is_cc,1,
1,P2_unread_cc,MSG0005020,no_access_event,1,accesses=0
1,P2_unread_cc,MSG0005021,message_exists,1,
1,P2_unread_cc,MSG0005021,is_cc,1,
1,P2_unread_cc,MSG0005021,no_access_event,1,accesses=0
1,P4_result_misrouted,MSG0005075,message_exists,1,
1,P4_result_misrouted,MSG0005075,is_result,1,
1,P4_result_misrouted,MSG0005075,recipient_not_ordering,1,
1,P4_result_misrouted,MSG0005075,recipient_not_covering,1,cover=None
1,P2_unread_cc,MSG0005105,message_exists,1,
1,P2_unread_cc,MSG0005105,is_cc,1,
1,P2_unread_cc,MSG0005105,no_access_event,1,accesses=0
1,P2_unread_cc,MSG0005107,message_exists,1,
1,P2_unread_cc,MSG0005107,is_cc,1,
1,P2_unread_cc,MSG0005107,no_access_event,1,accesses=0
1,P2_unread_cc,MSG0005113,message_exists,1,
1,P2_unread_cc,MSG0005113,is_cc,1,
1,P2_unread_cc,MSG0005113,no_access_event,1,accesses=0
2,P4_result_misrouted,MSG0000023,message_exists,1,
2,P4_result_misrouted,MSG0000023,is_result,1,
2,P4_result_misrouted,MSG0000023,recipient_not_ordering,1,
2,P4_result_misrouted,MSG0000023,recipient_not_covering,1,cover=None
2,P2_unread_cc,MSG0000052,message_exists,1,
2,P2_unread_cc,MSG0000052,is_cc,1,
2,P2_unread_cc,MSG0000052,no_access_event,1,accesses=0
2,P2_unread_cc,MSG0000057,message_exists,1,
2,P2_unread_cc,MSG0000057,is_cc,1,
2,P2_unread_cc,MSG0000057,no_access_event,1,accesses=0
2,P3_extended_thread,THR0000081,thread_exists,1,
2,P3_extended_thread,THR0000081,three_or_more_patient_incoming,1,incoming=3
2,P3_extended_thread,THR0000081,four_or_more_message_exchanges,1,in+out=7
2,P3_extended_thread,THR0000081,spans_at_least_3_days,1,span_days=6.72
2,P3_extended_thread,THR0000081,no_visit_between,1,intervening_visits=0
2,P7_pingpong,MSG0000089,message_exists,1,
2,P7_pingpong,MSG0000089,at_least_two_staff_to_provider_forwards,1,staff_to_provider=2
2,P7_pingpong,MSG0000089,at_least_two_provider_to_staff_forwards,1,provider_to_staff=2
2,P7_pingpong,MSG0000089,two_or_more_round_trips,1,roundtrips=2
2,P8_nonclinical_misrouted,MSG0000096,message_exists,1,
2,P8_nonclinical_misrouted,MSG0000096,nonclinical_category,1,category=billing_question
2,P8_nonclinical_misrouted,MSG0000096,reaches_provider,1,provider_forwards=1
2,P4_result_misrouted,MSG0000117,message_exists,1,
2,P4_result_misrouted,MSG0000117,is_result,1,
2,P4_result_misrouted,MSG0000117,recipient_not_ordering,1,
2,P4_result_misrouted,MSG0000117,recipient_not_covering,1,cover=None
2,P2_unread_cc,MSG0000136,message_exists,1,
2,P2_unread_cc,MSG0000136,is_cc,1,
2,P2_unread_cc,MSG0000136,no_access_event,1,accesses=0
2,P2_unread_cc,MSG0000139,message_exists,1,
2,P2_unread_cc,MSG0000139,is_cc,1,
2,P2_unread_cc,MSG0000139,no_access_event,1,accesses=0
2,P2_unread_cc,MSG0000141,message_exists,1,
2,P2_unread_cc,MSG0000141,is_cc,1,
2,P2_unread_cc,MSG0000141,no_access_event,1,accesses=0
2,P2_unread_cc,MSG0000149,message_exists,1,
2,P2_unread_cc,MSG0000149,is_cc,1,
2,P2_unread_cc,MSG0000149,no_access_event,1,accesses=0
2,P2_unread_cc,MSG0000150,message_exists,1,
2,P2_unread_cc,MSG0000150,is_cc,1,
2,P2_unread_cc,MSG0000150,no_access_event,1,accesses=0
2,P2_unread_cc,MSG0000228,message_exists,1,
2,P2_unread_cc,MSG0000228,is_cc,1,
2,P2_unread_cc,MSG0000228,no_access_event,1,accesses=0
2,P2_unread_cc,MSG0000229,message_exists,1,
2,P2_unread_cc,MSG0000229,is_cc,1,
2,P2_unread_cc,MSG0000229,no_access_event,1,accesses=0
2,P2_unread_cc,MSG0000233,message_exists,1,
2,P2_unread_cc,MSG0000233,is_cc,1,
2,P2_unread_cc,MSG0000233,no_access_event,1,accesses=0
2,P2_unread_cc,MSG0000328,message_exists,1,
2,P2_unread_cc,MSG0000328,is_cc,1,
2,P2_unread_cc,MSG0000328,no_access_event,1,accesses=0
2,P2_unread_cc,MSG0000332,message_exists,1,
2,P2_unread_cc,MSG0000332,is_cc,1,
2,P2_unread_cc,MSG0000332,no_access_event,1,accesses=0
2,P2_unread_cc,MSG0000333,message_exists,1,
2,P2_unread_cc,MSG0000333,is_cc,1,
2,P2_unread_cc,MSG0000333,no_access_event,1,accesses=0
2,P8_nonclinical_misrouted,MSG0000359,message_exists,1,
2,P8_nonclinical_misrouted,MSG0000359,nonclinical_category,1,category=appointment_request
2,P8_nonclinical_misrouted,MSG0000359,reaches_provider,1,provider_forwards=1
2,P2_unread_cc,MSG0000393,message_exists,1,
2,P2_unread_cc,MSG0000393,is_cc,1,
2,P2_unread_cc,MSG0000393,no_access_event,1,accesses=0
2,P2_unread_cc,MSG0000395,message_exists,1,
2,P2_unread_cc,MSG0000395,is_cc,1,
2,P2_unread_cc,MSG0000395,no_access_event,1,accesses=0
2,P2_unread_cc,MSG0000396,message_exists,1,
2,P2_unread_cc,MSG0000396,is_cc,1,
2,P2_unread_cc,MSG0000396,no_access_event,1,accesses=0
2,P1_thank_you,MSG0000435,message_exists,1,
2,P1_thank_you,MSG0000435,patient_originated_portal_message,1,
2,P1_thank_you,MSG0000435,is_reply_to_prior_outbound,1,
2,P1_thank_you,MSG0000435,thread_ending,1,later_messages=0
2,P1_thank_you,MSG0000435,accessed_and_completed,1,
2,P1_thank_you,MSG0000440,message_exists,1,
2,P1_thank_you,MSG0000440,patient_originated_portal_message,1,
2,P1_thank_you,MSG0000440,is_reply_to_prior_outbound,1,
2,P1_thank_you,MSG0000440,thread_ending,1,later_messages=0
2,P1_thank_you,MSG0000440,accessed_and_completed,1,
2,P3_extended_thread,THR0000411,thread_exists,1,
2,P3_extended_thread,THR0000411,three_or_more_patient_incoming,1,incoming=3
2,P3_extended_thread,THR0000411,four_or_more_message_exchanges,1,in+out=6
2,P3_extended_thread,THR0000411,spans_at_least_3_days,1,span_days=5.93
2,P3_extended_thread,THR0000411,no_visit_between,1,intervening_visits=0
2,P2_unread_cc,MSG0000491,message_exists,1,
2,P2_unread_cc,MSG0000491,is_cc,1,
2,P2_unread_cc,MSG0000491,no_access_event,1,accesses=0
2,P2_unread_cc,MSG0000493,message_exists,1,
2,P2_unread_cc,MSG0000493,is_cc,1,
2,P2_unread_cc,MSG0000493,no_access_event,1,accesses=0
2,P2_unread_cc,MSG0000495,message_exists,1,
2,P2_unread_cc,MSG0000495,is_cc,1,
2,P2_unread_cc,MSG0000495,no_access_event,1,accesses=0
2,P2_unread_cc,MSG0000497,message_exists,1,
2,P2_unread_cc,MSG0000497,is_cc,1,
2,P2_unread_cc,MSG0000497,no_access_event,1,accesses=0
2,P2_unread_cc,MSG0000498,message_exists,1,
2,P2_unread_cc,MSG0000498,is_cc,1,
2,P2_unread_cc,MSG0000498,no_access_event,1,accesses=0
2,P2_unread_cc,MSG0000499,message_exists,1,
2,P2_unread_cc,MSG0000499,is_cc,1,
2,P2_unread_cc,MSG0000499,no_access_event,1,accesses=0
2,P2_unread_cc,MSG0000556,message_exists,1,
2,P2_unread_cc,MSG0000556,is_cc,1,
2,P2_unread_cc,MSG0000556,no_access_event,1,accesses=0
2,P2_unread_cc,MSG0000559,message_exists,1,
2,P2_unread_cc,MSG0000559,is_cc,1,
2,P2_unread_cc,MSG0000559,no_access_event,1,accesses=0
2,P8_nonclinical_misrouted,MSG0000612,message_exists,1,
2,P8_nonclinical_misrouted,MSG0000612,nonclinical_category,1,category=appointment_request
2,P8_nonclinical_misrouted,MSG0000612,reaches_provider,1,provider_forwards=1
2,P2_unread_cc,MSG0000646,message_exists,1,
2,P2_unread_cc,MSG0000646,is_cc,1,
2,P2_unread_cc,MSG0000646,no_access_event,1,accesses=0
2,P2_unread_cc,MSG0000651,message_exists,1,
2,P2_unread_cc,MSG0000651,is_cc,1,
2,P2_unread_cc,MSG0000651,no_access_event,1,accesses=0
2,P2_unread_cc,MSG0000652,message_exists,1,
2,P2_unread_cc,MSG0000652,is_cc,1,
2,P2_unread_cc,MSG0000652,no_access_event,1,accesses=0
2,P1_thank_you,MSG0000683,message_exists,1,
2,P1_thank_you,MSG0000683,patient_originated_portal_message,1,
2,P1_thank_you,MSG0000683,is_reply_to_prior_outbound,1,
2,P1_thank_you,MSG0000683,thread_ending,1,later_messages=0
2,P1_thank_you,MSG0000683,accessed_and_completed,1,
2,P2_unread_cc,MSG0000742,message_exists,1,
2,P2_unread_cc,MSG0000742,is_cc,1,
2,P2_unread_cc,MSG0000742,no_access_event,1,accesses=0
2,P2_unread_cc,MSG0000744,message_exists,1,
2,P2_unread_cc,MSG0000744,is_cc,1,
2,P2_unread_cc,MSG0000744,no_access_event,1,accesses=0
2,P8_nonclinical_misrouted,MSG0000780,message_exists,1,
2,P8_nonclinical_misrouted,MSG0000780,nonclinical_category,1,category=cancellation
2,P8_nonclinical_misrouted,MSG0000780,reaches_provider,1,provider_forwards=1
2,P4_result_misrouted,MSG0000781,message_exists,1,
2,P4_result_misrouted,MSG0000781,is_result,1,
2,P4_result_misrouted,MSG0000781,recipient_not_ordering,1,
2,P4_result_misrouted,MSG0000781,recipient_not_covering,1,cover=None
2,P8_nonclinical_misrouted,MSG0000858,message_exists,1,
2,P8_nonclinical_misrouted,MSG0000858,nonclinical_category,1,category=billing_question
2,P8_nonclinical_misrouted,MSG0000858,reaches_provider,1,provider_forwards=1
2,P4_result_misrouted,MSG0000867,message_exists,1,
2,P4_result_misrouted,MSG0000867,is_result,1,
2,P4_result_misrouted,MSG0000867,recipient_not_ordering,1,
2,P4_result_misrouted,MSG0000867,recipient_not_covering,1,cover=None
2,P2_unread_cc,MSG0000906,message_exists,1,
2,P2_unread_cc,MSG0000906,is_cc,1,
2,P2_unread_cc,MSG0000906,no_access_event,1,accesses=0
2,P2_unread_cc,MSG0000908,message_exists,1,
2,P2_unread_cc,MSG0000908,is_cc,1,
2,P2_unread_cc,MSG0000908,no_access_event,1,accesses=0
2,P4_result_misrouted,MSG0000954,message_exists,1,
2,P4_result_misrouted,MSG0000954,is_result,1,
2,P4_result_misrouted,MSG0000954,recipient_not_ordering,1,
2,P4_result_misrouted,MSG0000954,recipient_not_covering,1,cover=None
2,P4_result_misrouted,MSG0000961,message_exists,1,
2,P4_result_misrouted,MSG0000961,is_result,1,
2,P4_result_misrouted,MSG0000961,recipient_not_ordering,1,
2,P4_result_misrouted,MSG0000961,recipient_not_covering,1,cover=None
2,P2_unread_cc,MSG0000971,message_exists,1,
2,P2_unread_cc,MSG0000971,is_cc,1,
2,P2_unread_cc,MSG0000971,no_access_event,1,accesses=0
2,P2_unread_cc,MSG0000972,message_exists,1,
2,P2_unread_cc,MSG0000972,is_cc,1,
2,P2_unread_cc,MSG0000972,no_access_event,1,accesses=0
2,P4_result_misrouted,MSG0001032,message_exists,1,
2,P4_result_misrouted,MSG0001032,is_result,1,
2,P4_result_misrouted,MSG0001032,recipient_not_ordering,1,
2,P4_result_misrouted,MSG0001032,recipient_not_covering,1,cover=None
2,P2_unread_cc,MSG0001054,message_exists,1,
2,P2_unread_cc,MSG0001054,is_cc,1,
2,P2_unread_cc,MSG0001054,no_access_event,1,accesses=0
2,P2_unread_cc,MSG0001057,message_exists,1,
2,P2_unread_cc,MSG0001057,is_cc,1,
2,P2_unread_cc,MSG0001057,no_access_event,1,accesses=0
2,P2_unread_cc,MSG0001060,message_exists,1,
2,P2_unread_cc,MSG0001060,is_cc,1,
2,P2_unread_cc,MSG0001060,no_access_event,1,accesses=0
2,P2_unread_cc,MSG0001062,message_exists,1,
2,P2_unread_cc,MSG0001062,is_cc,1,
2,P2_unread_cc,MSG0001062,no_access_event,1,accesses=0
2,P2_unread_cc,MSG0001139,message_exists,1,
2,P2_unread_cc,MSG0001139,is_cc,1,
2,P2_unread_cc,MSG0001139,no_access_event,1,accesses=0
2,P2_unread_cc,MSG0001140,message_exists,1,
2,P2_unread_cc,MSG0001140,is_cc,1,
2,P2_unread_cc,MSG0001140,no_access_event,1,accesses=0
2,P2_unread_cc,MSG0001143,message_exists,1,
2,P2_unread_cc,MSG0001143,is_cc,1,
2,P2_unread_cc,MSG0001143,no_access_event,1,accesses=0
2,P2_unread_cc,MSG0001214,message_exists,1,
2,P2_unread_cc,MSG0001214,is_cc,1,
2,P2_unread_cc,MSG0001214,no_access_event,1,accesses=0
2,P7_pingpong,MSG0001267,message_exists,1,
2,P7_pingpong,MSG0001267,at_least_two_staff_to_provider_forwards,1,staff_to_provider=2
2,P7_pingpong,MSG0001267,at_least_two_provider_to_staff_forwards,1,provider_to_staff=2
2,P7_pingpong,MSG0001267,two_or_more_round_trips,1,roundtrips=2
2,P2_unread_cc,MSG0001393,message_exists,1,
2,P2_unread_cc,MSG0001393,is_cc,1,
2,P2_unread_cc,MSG0001393,no_access_event,1,accesses=0
2,P2_unread_cc,MSG0001394,message_exists,1,
2,P2_unread_cc,MSG0001394,is_cc,1,
2,P2_unread_cc,MSG0001394,no_access_event,1,accesses=0
2,P2_unread_cc,MSG0001498,message_exists,1,
2,P2_unread_cc,MSG0001498,is_cc,1,
2,P2_unread_cc,MSG0001498,no_access_event,1,accesses=0
2,P4_result_misrouted,MSG0001545,message_exists,1,
2,P4_result_misrouted,MSG0001545,is_result,1,
2,P4_result_misrouted,MSG0001545,recipient_not_ordering,1,
2,P4_result_misrouted,MSG0001545,recipient_not_covering,1,cover=None
2,P2_unread_cc,MSG0001561,message_exists,1,
2,P2_unread_cc,MSG0001561,is_cc,1,
2,P2_unread_cc,MSG0001561,no_access_event,1,accesses=0
2,P2_unread_cc,MSG0001566,message_exists,1,
2,P2_unread_cc,MSG0001566,is_cc,1,
2,P2_unread_cc,MSG0001566,no_access_event,1,accesses=0
2,P2_unread_cc,MSG0001569,message_exists,1,
2,P2_unread_cc,MSG0001569,is_cc,1,
2,P2_unread_cc,MSG0001569,no_access_event,1,accesses=0
2,P2_unread_cc,MSG0001644,message_exists,1,
2,P2_unread_cc,MSG0001644,is_cc,1,
2,P2_unread_cc,MSG0001644,no_access_event,1,accesses=0
2,P2_unread_cc,MSG0001648,message_exists,1,
2,P2_unread_cc,MSG0001648,is_cc,1,
2,P2_unread_cc,MSG0001648,no_access_event,1,accesses=0
2,P2_unread_cc,MSG0001649,message_exists,1,
2,P2_unread_cc,MSG0001649,is_cc,1,
2,P2_unread_cc,MSG0001649,no_access_event,1,accesses=0
2,P8_nonclinical_misrouted,MSG0001680,message_exists,1,
2,P8_nonclinical_misrouted,MSG0001680,nonclinical_category,1,category=cancellation
2,P8_nonclinical_misrouted,MSG0001680,reaches_provider,1,provider_forwards=1
2,P2_unread_cc,MSG0001720,message_exists,1,
2,P2_unread_cc,MSG0001720,is_cc,1,
2,P2_unread_cc,MSG0001720,no_access_event,1,accesses=0
2,P2_unread_cc,MSG0001721,message_exists,1,
2,P2_unread_cc,MSG0001721,is_cc,1,
2,P2_unread_cc,MSG0001721,no_access_event,1,accesses=0
2,P2_unread_cc,MSG0001722,message_exists,1,
2,P2_unread_cc,MSG0001722,is_cc,1,
2,P2_unread_cc,MSG0001722,no_access_event,1,accesses=0
2,P2_unread_cc,MSG0001723,message_exists,1,
2,P2_unread_cc,MSG0001723,is_cc,1,
2,P2_unread_cc,MSG0001723,no_access_event,1,accesses=0
2,P2_unread_cc,MSG0001726,message_exists,1,
2,P2_unread_cc,MSG0001726,is_cc,1,
2,P2_unread_cc,MSG0001726,no_access_event,1,accesses=0
2,P4_result_misrouted,MSG0001768,message_exists,1,
2,P4_result_misrouted,MSG0001768,is_result,1,
2,P4_result_misrouted,MSG0001768,recipient_not_ordering,1,
2,P4_result_misrouted,MSG0001768,recipient_not_covering,1,cover=None
2,P2_unread_cc,MSG0001794,message_exists,1,
2,P2_unread_cc,MSG0001794,is_cc,1,
2,P2_unread_cc,MSG0001794,no_access_event,1,accesses=0
2,P2_unread_cc,MSG0001796,message_exists,1,
2,P2_unread_cc,MSG0001796,is_cc,1,
2,P2_unread_cc,MSG0001796,no_access_event,1,accesses=0
2,P2_unread_cc,MSG0001799,message_exists,1,
2,P2_unread_cc,MSG0001799,is_cc,1,
2,P2_unread_cc,MSG0001799,no_access_event,1,accesses=0
2,P4_result_misrouted,MSG0001850,message_exists,1,
2,P4_result_misrouted,MSG0001850,is_result,1,
2,P4_result_misrouted,MSG0001850,recipient_not_ordering,1,
2,P4_result_misrouted,MSG0001850,recipient_not_covering,1,cover=None
2,P2_unread_cc,MSG0001872,message_exists,1,
2,P2_unread_cc,MSG0001872,is_cc,1,
2,P2_unread_cc,MSG0001872,no_access_event,1,accesses=0
2,P2_unread_cc,MSG0001873,message_exists,1,
2,P2_unread_cc,MSG0001873,is_cc,1,
2,P2_unread_cc,MSG0001873,no_access_event,1,accesses=0
2,P4_result_misrouted,MSG0001905,message_exists,1,
2,P4_result_misrouted,MSG0001905,is_result,1,
2,P4_result_misrouted,MSG0001905,recipient_not_ordering,1,
2,P4_result_misrouted,MSG0001905,recipient_not_covering,1,cover=None
2,P2_unread_cc,MSG0001936,message_exists,1,
2,P2_unread_cc,MSG0001936,is_cc,1,
2,P2_unread_cc,MSG0001936,no_access_event,1,accesses=0
2,P2_unread_cc,MSG0002012,message_exists,1,
2,P2_unread_cc,MSG0002012,is_cc,1,
2,P2_unread_cc,MSG0002012,no_access_event,1,accesses=0
2,P2_unread_cc,MSG0002014,message_exists,1,
2,P2_unread_cc,MSG0002014,is_cc,1,
2,P2_unread_cc,MSG0002014,no_access_event,1,accesses=0
2,P2_unread_cc,MSG0002018,message_exists,1,
2,P2_unread_cc,MSG0002018,is_cc,1,
2,P2_unread_cc,MSG0002018,no_access_event,1,accesses=0
2,P7_pingpong,MSG0002056,message_exists,1,
2,P7_pingpong,MSG0002056,at_least_two_staff_to_provider_forwards,1,staff_to_provider=2
2,P7_pingpong,MSG0002056,at_least_two_provider_to_staff_forwards,1,provider_to_staff=2
2,P7_pingpong,MSG0002056,two_or_more_round_trips,1,roundtrips=2
2,P2_unread_cc,MSG0002097,message_exists,1,
2,P2_unread_cc,MSG0002097,is_cc,1,
2,P2_unread_cc,MSG0002097,no_access_event,1,accesses=0
2,P2_unread_cc,MSG0002101,message_exists,1,
2,P2_unread_cc,MSG0002101,is_cc,1,
2,P2_unread_cc,MSG0002101,no_access_event,1,accesses=0
2,P2_unread_cc,MSG0002191,message_exists,1,
2,P2_unread_cc,MSG0002191,is_cc,1,
2,P2_unread_cc,MSG0002191,no_access_event,1,accesses=0
2,P7_pingpong,MSG0002228,message_exists,1,
2,P7_pingpong,MSG0002228,at_least_two_staff_to_provider_forwards,1,staff_to_provider=2
2,P7_pingpong,MSG0002228,at_least_two_provider_to_staff_forwards,1,provider_to_staff=2
2,P7_pingpong,MSG0002228,two_or_more_round_trips,1,roundtrips=2
2,P2_unread_cc,MSG0002272,message_exists,1,
2,P2_unread_cc,MSG0002272,is_cc,1,
2,P2_unread_cc,MSG0002272,no_access_event,1,accesses=0
2,P4_result_misrouted,MSG0002305,message_exists,1,
2,P4_result_misrouted,MSG0002305,is_result,1,
2,P4_result_misrouted,MSG0002305,recipient_not_ordering,1,
2,P4_result_misrouted,MSG0002305,recipient_not_covering,1,cover=None
2,P2_unread_cc,MSG0002348,message_exists,1,
2,P2_unread_cc,MSG0002348,is_cc,1,
2,P2_unread_cc,MSG0002348,no_access_event,1,accesses=0
2,P2_unread_cc,MSG0002350,message_exists,1,
2,P2_unread_cc,MSG0002350,is_cc,1,
2,P2_unread_cc,MSG0002350,no_access_event,1,accesses=0
2,P2_unread_cc,MSG0002351,message_exists,1,
2,P2_unread_cc,MSG0002351,is_cc,1,
2,P2_unread_cc,MSG0002351,no_access_event,1,accesses=0
2,P2_unread_cc,MSG0002352,message_exists,1,
2,P2_unread_cc,MSG0002352,is_cc,1,
2,P2_unread_cc,MSG0002352,no_access_event,1,accesses=0
2,P2_unread_cc,MSG0002355,message_exists,1,
2,P2_unread_cc,MSG0002355,is_cc,1,
2,P2_unread_cc,MSG0002355,no_access_event,1,accesses=0
2,P2_unread_cc,MSG0002356,message_exists,1,
2,P2_unread_cc,MSG0002356,is_cc,1,
2,P2_unread_cc,MSG0002356,no_access_event,1,accesses=0
2,P2_unread_cc,MSG0002428,message_exists,1,
2,P2_unread_cc,MSG0002428,is_cc,1,
2,P2_unread_cc,MSG0002428,no_access_event,1,accesses=0
2,P4_result_misrouted,MSG0002481,message_exists,1,
2,P4_result_misrouted,MSG0002481,is_result,1,
2,P4_result_misrouted,MSG0002481,recipient_not_ordering,1,
2,P4_result_misrouted,MSG0002481,recipient_not_covering,1,cover=None
2,P4_result_misrouted,MSG0002483,message_exists,1,
2,P4_result_misrouted,MSG0002483,is_result,1,
2,P4_result_misrouted,MSG0002483,recipient_not_ordering,1,
2,P4_result_misrouted,MSG0002483,recipient_not_covering,1,cover=None
2,P2_unread_cc,MSG0002500,message_exists,1,
2,P2_unread_cc,MSG0002500,is_cc,1,
2,P2_unread_cc,MSG0002500,no_access_event,1,accesses=0
2,P2_unread_cc,MSG0002505,message_exists,1,
2,P2_unread_cc,MSG0002505,is_cc,1,
2,P2_unread_cc,MSG0002505,no_access_event,1,accesses=0
2,P2_unread_cc,MSG0002506,message_exists,1,
2,P2_unread_cc,MSG0002506,is_cc,1,
2,P2_unread_cc,MSG0002506,no_access_event,1,accesses=0
2,P2_unread_cc,MSG0002507,message_exists,1,
2,P2_unread_cc,MSG0002507,is_cc,1,
2,P2_unread_cc,MSG0002507,no_access_event,1,accesses=0
2,P2_unread_cc,MSG0002510,message_exists,1,
2,P2_unread_cc,MSG0002510,is_cc,1,
2,P2_unread_cc,MSG0002510,no_access_event,1,accesses=0
2,P7_pingpong,MSG0002605,message_exists,1,
2,P7_pingpong,MSG0002605,at_least_two_staff_to_provider_forwards,1,staff_to_provider=2
2,P7_pingpong,MSG0002605,at_least_two_provider_to_staff_forwards,1,provider_to_staff=2
2,P7_pingpong,MSG0002605,two_or_more_round_trips,1,roundtrips=2
2,P4_result_misrouted,MSG0002653,message_exists,1,
2,P4_result_misrouted,MSG0002653,is_result,1,
2,P4_result_misrouted,MSG0002653,recipient_not_ordering,1,
2,P4_result_misrouted,MSG0002653,recipient_not_covering,1,cover=None
2,P4_result_misrouted,MSG0002661,message_exists,1,
2,P4_result_misrouted,MSG0002661,is_result,1,
2,P4_result_misrouted,MSG0002661,recipient_not_ordering,1,
2,P4_result_misrouted,MSG0002661,recipient_not_covering,1,cover=None
2,P2_unread_cc,MSG0002674,message_exists,1,
2,P2_unread_cc,MSG0002674,is_cc,1,
2,P2_unread_cc,MSG0002674,no_access_event,1,accesses=0
2,P2_unread_cc,MSG0002677,message_exists,1,
2,P2_unread_cc,MSG0002677,is_cc,1,
2,P2_unread_cc,MSG0002677,no_access_event,1,accesses=0
2,P2_unread_cc,MSG0002685,message_exists,1,
2,P2_unread_cc,MSG0002685,is_cc,1,
2,P2_unread_cc,MSG0002685,no_access_event,1,accesses=0
2,P2_unread_cc,MSG0002686,message_exists,1,
2,P2_unread_cc,MSG0002686,is_cc,1,
2,P2_unread_cc,MSG0002686,no_access_event,1,accesses=0
2,P4_result_misrouted,MSG0002726,message_exists,1,
2,P4_result_misrouted,MSG0002726,is_result,1,
2,P4_result_misrouted,MSG0002726,recipient_not_ordering,1,
2,P4_result_misrouted,MSG0002726,recipient_not_covering,1,cover=None
2,P2_unread_cc,MSG0002752,message_exists,1,
2,P2_unread_cc,MSG0002752,is_cc,1,
2,P2_unread_cc,MSG0002752,no_access_event,1,accesses=0
2,P2_unread_cc,MSG0002755,message_exists,1,
2,P2_unread_cc,MSG0002755,is_cc,1,
2,P2_unread_cc,MSG0002755,no_access_event,1,accesses=0
2,P2_unread_cc,MSG0002759,message_exists,1,
2,P2_unread_cc,MSG0002759,is_cc,1,
2,P2_unread_cc,MSG0002759,no_access_event,1,accesses=0
2,P2_unread_cc,MSG0002761,message_exists,1,
2,P2_unread_cc,MSG0002761,is_cc,1,
2,P2_unread_cc,MSG0002761,no_access_event,1,accesses=0
2,P2_unread_cc,MSG0002762,message_exists,1,
2,P2_unread_cc,MSG0002762,is_cc,1,
2,P2_unread_cc,MSG0002762,no_access_event,1,accesses=0
2,P1_thank_you,MSG0002792,message_exists,1,
2,P1_thank_you,MSG0002792,patient_originated_portal_message,1,
2,P1_thank_you,MSG0002792,is_reply_to_prior_outbound,1,
2,P1_thank_you,MSG0002792,thread_ending,1,later_messages=0
2,P1_thank_you,MSG0002792,accessed_and_completed,1,
2,P2_unread_cc,MSG0002833,message_exists,1,
2,P2_unread_cc,MSG0002833,is_cc,1,
2,P2_unread_cc,MSG0002833,no_access_event,1,accesses=0
2,P2_unread_cc,MSG0002834,message_exists,1,
2,P2_unread_cc,MSG0002834,is_cc,1,
2,P2_unread_cc,MSG0002834,no_access_event,1,accesses=0
2,P4_result_misrouted,MSG0002877,message_exists,1,
2,P4_result_misrouted,MSG0002877,is_result,1,
2,P4_result_misrouted,MSG0002877,recipient_not_ordering,1,
2,P4_result_misrouted,MSG0002877,recipient_not_covering,1,cover=None
2,P4_result_misrouted,MSG0002892,message_exists,1,
2,P4_result_misrouted,MSG0002892,is_result,1,
2,P4_result_misrouted,MSG0002892,recipient_not_ordering,1,
2,P4_result_misrouted,MSG0002892,recipient_not_covering,1,cover=None
2,P2_unread_cc,MSG0002916,message_exists,1,
2,P2_unread_cc,MSG0002916,is_cc,1,
2,P2_unread_cc,MSG0002916,no_access_event,1,accesses=0
2,P2_unread_cc,MSG0002917,message_exists,1,
2,P2_unread_cc,MSG0002917,is_cc,1,
2,P2_unread_cc,MSG0002917,no_access_event,1,accesses=0
2,P2_unread_cc,MSG0002918,message_exists,1,
2,P2_unread_cc,MSG0002918,is_cc,1,
2,P2_unread_cc,MSG0002918,no_access_event,1,accesses=0
2,P2_unread_cc,MSG0002919,message_exists,1,
2,P2_unread_cc,MSG0002919,is_cc,1,
2,P2_unread_cc,MSG0002919,no_access_event,1,accesses=0
2,P8_nonclinical_misrouted,MSG0002950,message_exists,1,
2,P8_nonclinical_misrouted,MSG0002950,nonclinical_category,1,category=billing_question
2,P8_nonclinical_misrouted,MSG0002950,reaches_provider,1,provider_forwards=1
2,P8_nonclinical_misrouted,MSG0002954,message_exists,1,
2,P8_nonclinical_misrouted,MSG0002954,nonclinical_category,1,category=appointment_request
2,P8_nonclinical_misrouted,MSG0002954,reaches_provider,1,provider_forwards=1
2,P8_nonclinical_misrouted,MSG0002957,message_exists,1,
2,P8_nonclinical_misrouted,MSG0002957,nonclinical_category,1,category=appointment_request
2,P8_nonclinical_misrouted,MSG0002957,reaches_provider,1,provider_forwards=1
2,P7_pingpong,MSG0002959,message_exists,1,
2,P7_pingpong,MSG0002959,at_least_two_staff_to_provider_forwards,1,staff_to_provider=2
2,P7_pingpong,MSG0002959,at_least_two_provider_to_staff_forwards,1,provider_to_staff=2
2,P7_pingpong,MSG0002959,two_or_more_round_trips,1,roundtrips=2
2,P2_unread_cc,MSG0002990,message_exists,1,
2,P2_unread_cc,MSG0002990,is_cc,1,
2,P2_unread_cc,MSG0002990,no_access_event,1,accesses=0
2,P2_unread_cc,MSG0002993,message_exists,1,
2,P2_unread_cc,MSG0002993,is_cc,1,
2,P2_unread_cc,MSG0002993,no_access_event,1,accesses=0
2,P2_unread_cc,MSG0002995,message_exists,1,
2,P2_unread_cc,MSG0002995,is_cc,1,
2,P2_unread_cc,MSG0002995,no_access_event,1,accesses=0
2,P2_unread_cc,MSG0002999,message_exists,1,
2,P2_unread_cc,MSG0002999,is_cc,1,
2,P2_unread_cc,MSG0002999,no_access_event,1,accesses=0
2,P4_result_misrouted,MSG0003042,message_exists,1,
2,P4_result_misrouted,MSG0003042,is_result,1,
2,P4_result_misrouted,MSG0003042,recipient_not_ordering,1,
2,P4_result_misrouted,MSG0003042,recipient_not_covering,1,cover=None
2,P4_result_misrouted,MSG0003043,message_exists,1,
2,P4_result_misrouted,MSG0003043,is_result,1,
2,P4_result_misrouted,MSG0003043,recipient_not_ordering,1,
2,P4_result_misrouted,MSG0003043,recipient_not_covering,1,cover=None
2,P4_result_misrouted,MSG0003054,message_exists,1,
2,P4_result_misrouted,MSG0003054,is_result,1,
2,P4_result_misrouted,MSG0003054,recipient_not_ordering,1,
2,P4_result_misrouted,MSG0003054,recipient_not_covering,1,cover=None
2,P2_unread_cc,MSG0003071,message_exists,1,
2,P2_unread_cc,MSG0003071,is_cc,1,
2,P2_unread_cc,MSG0003071,no_access_event,1,accesses=0
2,P2_unread_cc,MSG0003075,message_exists,1,
2,P2_unread_cc,MSG0003075,is_cc,1,
2,P2_unread_cc,MSG0003075,no_access_event,1,accesses=0
2,P2_unread_cc,MSG0003076,message_exists,1,
2,P2_unread_cc,MSG0003076,is_cc,1,
2,P2_unread_cc,MSG0003076,no_access_event,1,accesses=0
2,P2_unread_cc,MSG0003077,message_exists,1,
2,P2_unread_cc,MSG0003077,is_cc,1,
2,P2_unread_cc,MSG0003077,no_access_event,1,accesses=0
2,P2_unread_cc,MSG0003081,message_exists,1,
2,P2_unread_cc,MSG0003081,is_cc,1,
2,P2_unread_cc,MSG0003081,no_access_event,1,accesses=0
2,P1_thank_you,MSG0003121,message_exists,1,
2,P1_thank_you,MSG0003121,patient_originated_portal_message,1,
2,P1_thank_you,MSG0003121,is_reply_to_prior_outbound,1,
2,P1_thank_you,MSG0003121,thread_ending,1,later_messages=0
2,P1_thank_you,MSG0003121,accessed_and_completed,1,
2,P8_nonclinical_misrouted,MSG0003128,message_exists,1,
2,P8_nonclinical_misrouted,MSG0003128,nonclinical_category,1,category=cancellation
2,P8_nonclinical_misrouted,MSG0003128,reaches_provider,1,provider_forwards=1
2,P7_pingpong,MSG0003134,message_exists,1,
2,P7_pingpong,MSG0003134,at_least_two_staff_to_provider_forwards,1,staff_to_provider=2
2,P7_pingpong,MSG0003134,at_least_two_provider_to_staff_forwards,1,provider_to_staff=2
2,P7_pingpong,MSG0003134,two_or_more_round_trips,1,roundtrips=2
2,P2_unread_cc,MSG0003175,message_exists,1,
2,P2_unread_cc,MSG0003175,is_cc,1,
2,P2_unread_cc,MSG0003175,no_access_event,1,accesses=0
2,P2_unread_cc,MSG0003181,message_exists,1,
2,P2_unread_cc,MSG0003181,is_cc,1,
2,P2_unread_cc,MSG0003181,no_access_event,1,accesses=0
2,P2_unread_cc,MSG0003183,message_exists,1,
2,P2_unread_cc,MSG0003183,is_cc,1,
2,P2_unread_cc,MSG0003183,no_access_event,1,accesses=0
2,P4_result_misrouted,MSG0003284,message_exists,1,
2,P4_result_misrouted,MSG0003284,is_result,1,
2,P4_result_misrouted,MSG0003284,recipient_not_ordering,1,
2,P4_result_misrouted,MSG0003284,recipient_not_covering,1,cover=None
2,P2_unread_cc,MSG0003307,message_exists,1,
2,P2_unread_cc,MSG0003307,is_cc,1,
2,P2_unread_cc,MSG0003307,no_access_event,1,accesses=0
2,P2_unread_cc,MSG0003309,message_exists,1,
2,P2_unread_cc,MSG0003309,is_cc,1,
2,P2_unread_cc,MSG0003309,no_access_event,1,accesses=0
2,P2_unread_cc,MSG0003312,message_exists,1,
2,P2_unread_cc,MSG0003312,is_cc,1,
2,P2_unread_cc,MSG0003312,no_access_event,1,accesses=0
2,P2_unread_cc,MSG0003316,message_exists,1,
2,P2_unread_cc,MSG0003316,is_cc,1,
2,P2_unread_cc,MSG0003316,no_access_event,1,accesses=0
2,P2_unread_cc,MSG0003401,message_exists,1,
2,P2_unread_cc,MSG0003401,is_cc,1,
2,P2_unread_cc,MSG0003401,no_access_event,1,accesses=0
2,P1_thank_you,MSG0003428,message_exists,1,
2,P1_thank_you,MSG0003428,patient_originated_portal_message,1,
2,P1_thank_you,MSG0003428,is_reply_to_prior_outbound,1,
2,P1_thank_you,MSG0003428,thread_ending,1,later_messages=0
2,P1_thank_you,MSG0003428,accessed_and_completed,1,
2,P2_unread_cc,MSG0003475,message_exists,1,
2,P2_unread_cc,MSG0003475,is_cc,1,
2,P2_unread_cc,MSG0003475,no_access_event,1,accesses=0
2,P2_unread_cc,MSG0003477,message_exists,1,
2,P2_unread_cc,MSG0003477,is_cc,1,
2,P2_unread_cc,MSG0003477,no_access_event,1,accesses=0
2,P2_unread_cc,MSG0003483,message_exists,1,
2,P2_unread_cc,MSG0003483,is_cc,1,
2,P2_unread_cc,MSG0003483,no_access_event,1,accesses=0
2,P2_unread_cc,MSG0003485,message_exists,1,
2,P2_unread_cc,MSG0003485,is_cc,1,
2,P2_unread_cc,MSG0003485,no_access_event,1,accesses=0
2,P2_unread_cc,MSG0003558,message_exists,1,
2,P2_unread_cc,MSG0003558,is_cc,1,
2,P2_unread_cc,MSG0003558,no_access_event,1,accesses=0
2,P2_unread_cc,MSG0003563,message_exists,1,
2,P2_unread_cc,MSG0003563,is_cc,1,
2,P2_unread_cc,MSG0003563,no_access_event,1,accesses=0
2,P2_unread_cc,MSG0003567,message_exists,1,
2,P2_unread_cc,MSG0003567,is_cc,1,
2,P2_unread_cc,MSG0003567,no_access_event,1,accesses=0
2,P2_unread_cc,MSG0003635,message_exists,1,
2,P2_unread_cc,MSG0003635,is_cc,1,
2,P2_unread_cc,MSG0003635,no_access_event,1,accesses=0
2,P2_unread_cc,MSG0003637,message_exists,1,
2,P2_unread_cc,MSG0003637,is_cc,1,
2,P2_unread_cc,MSG0003637,no_access_event,1,accesses=0
2,P2_unread_cc,MSG0003640,message_exists,1,
2,P2_unread_cc,MSG0003640,is_cc,1,
2,P2_unread_cc,MSG0003640,no_access_event,1,accesses=0
2,P2_unread_cc,MSG0003641,message_exists,1,
2,P2_unread_cc,MSG0003641,is_cc,1,
2,P2_unread_cc,MSG0003641,no_access_event,1,accesses=0
2,P2_unread_cc,MSG0003642,message_exists,1,
2,P2_unread_cc,MSG0003642,is_cc,1,
2,P2_unread_cc,MSG0003642,no_access_event,1,accesses=0
2,P2_unread_cc,MSG0003643,message_exists,1,
2,P2_unread_cc,MSG0003643,is_cc,1,
2,P2_unread_cc,MSG0003643,no_access_event,1,accesses=0
2,P7_pingpong,MSG0003684,message_exists,1,
2,P7_pingpong,MSG0003684,at_least_two_staff_to_provider_forwards,1,staff_to_provider=2
2,P7_pingpong,MSG0003684,at_least_two_provider_to_staff_forwards,1,provider_to_staff=2
2,P7_pingpong,MSG0003684,two_or_more_round_trips,1,roundtrips=2
2,P2_unread_cc,MSG0003718,message_exists,1,
2,P2_unread_cc,MSG0003718,is_cc,1,
2,P2_unread_cc,MSG0003718,no_access_event,1,accesses=0
2,P2_unread_cc,MSG0003720,message_exists,1,
2,P2_unread_cc,MSG0003720,is_cc,1,
2,P2_unread_cc,MSG0003720,no_access_event,1,accesses=0
2,P2_unread_cc,MSG0003726,message_exists,1,
2,P2_unread_cc,MSG0003726,is_cc,1,
2,P2_unread_cc,MSG0003726,no_access_event,1,accesses=0
2,P2_unread_cc,MSG0003728,message_exists,1,
2,P2_unread_cc,MSG0003728,is_cc,1,
2,P2_unread_cc,MSG0003728,no_access_event,1,accesses=0
2,P2_unread_cc,MSG0003729,message_exists,1,
2,P2_unread_cc,MSG0003729,is_cc,1,
2,P2_unread_cc,MSG0003729,no_access_event,1,accesses=0
2,P2_unread_cc,MSG0003731,message_exists,1,
2,P2_unread_cc,MSG0003731,is_cc,1,
2,P2_unread_cc,MSG0003731,no_access_event,1,accesses=0
2,P3_extended_thread,THR0003559,thread_exists,1,
2,P3_extended_thread,THR0003559,three_or_more_patient_incoming,1,incoming=3
2,P3_extended_thread,THR0003559,four_or_more_message_exchanges,1,in+out=6
2,P3_extended_thread,THR0003559,spans_at_least_3_days,1,span_days=10.90
2,P3_extended_thread,THR0003559,no_visit_between,1,intervening_visits=0
2,P4_result_misrouted,MSG0003787,message_exists,1,
2,P4_result_misrouted,MSG0003787,is_result,1,
2,P4_result_misrouted,MSG0003787,recipient_not_ordering,1,
2,P4_result_misrouted,MSG0003787,recipient_not_covering,1,cover=None
2,P2_unread_cc,MSG0003807,message_exists,1,
2,P2_unread_cc,MSG0003807,is_cc,1,
2,P2_unread_cc,MSG0003807,no_access_event,1,accesses=0
2,P2_unread_cc,MSG0003814,message_exists,1,
2,P2_unread_cc,MSG0003814,is_cc,1,
2,P2_unread_cc,MSG0003814,no_access_event,1,accesses=0
2,P7_pingpong,MSG0003901,message_exists,1,
2,P7_pingpong,MSG0003901,at_least_two_staff_to_provider_forwards,1,staff_to_provider=2
2,P7_pingpong,MSG0003901,at_least_two_provider_to_staff_forwards,1,provider_to_staff=2
2,P7_pingpong,MSG0003901,two_or_more_round_trips,1,roundtrips=2
2,P3_extended_thread,THR0003711,thread_exists,1,
2,P3_extended_thread,THR0003711,three_or_more_patient_incoming,1,incoming=3
2,P3_extended_thread,THR0003711,four_or_more_message_exchanges,1,in+out=6
2,P3_extended_thread,THR0003711,spans_at_least_3_days,1,span_days=4.13
2,P3_extended_thread,THR0003711,no_visit_between,1,intervening_visits=0
2,P8_nonclinical_misrouted,MSG0003944,message_exists,1,
2,P8_nonclinical_misrouted,MSG0003944,nonclinical_category,1,category=billing_question
2,P8_nonclinical_misrouted,MSG0003944,reaches_provider,1,provider_forwards=1
2,P2_unread_cc,MSG0003979,message_exists,1,
2,P2_unread_cc,MSG0003979,is_cc,1,
2,P2_unread_cc,MSG0003979,no_access_event,1,accesses=0
2,P2_unread_cc,MSG0003980,message_exists,1,
2,P2_unread_cc,MSG0003980,is_cc,1,
2,P2_unread_cc,MSG0003980,no_access_event,1,accesses=0
2,P2_unread_cc,MSG0003981,message_exists,1,
2,P2_unread_cc,MSG0003981,is_cc,1,
2,P2_unread_cc,MSG0003981,no_access_event,1,accesses=0
2,P3_extended_thread,THR0003789,thread_exists,1,
2,P3_extended_thread,THR0003789,three_or_more_patient_incoming,1,incoming=3
2,P3_extended_thread,THR0003789,four_or_more_message_exchanges,1,in+out=6
2,P3_extended_thread,THR0003789,spans_at_least_3_days,1,span_days=3.93
2,P3_extended_thread,THR0003789,no_visit_between,1,intervening_visits=0
2,P4_result_misrouted,MSG0004025,message_exists,1,
2,P4_result_misrouted,MSG0004025,is_result,1,
2,P4_result_misrouted,MSG0004025,recipient_not_ordering,1,
2,P4_result_misrouted,MSG0004025,recipient_not_covering,1,cover=None
2,P4_result_misrouted,MSG0004043,message_exists,1,
2,P4_result_misrouted,MSG0004043,is_result,1,
2,P4_result_misrouted,MSG0004043,recipient_not_ordering,1,
2,P4_result_misrouted,MSG0004043,recipient_not_covering,1,cover=None
2,P2_unread_cc,MSG0004059,message_exists,1,
2,P2_unread_cc,MSG0004059,is_cc,1,
2,P2_unread_cc,MSG0004059,no_access_event,1,accesses=0
2,P2_unread_cc,MSG0004062,message_exists,1,
2,P2_unread_cc,MSG0004062,is_cc,1,
2,P2_unread_cc,MSG0004062,no_access_event,1,accesses=0
2,P2_unread_cc,MSG0004066,message_exists,1,
2,P2_unread_cc,MSG0004066,is_cc,1,
2,P2_unread_cc,MSG0004066,no_access_event,1,accesses=0
2,P2_unread_cc,MSG0004067,message_exists,1,
2,P2_unread_cc,MSG0004067,is_cc,1,
2,P2_unread_cc,MSG0004067,no_access_event,1,accesses=0
2,P2_unread_cc,MSG0004071,message_exists,1,
2,P2_unread_cc,MSG0004071,is_cc,1,
2,P2_unread_cc,MSG0004071,no_access_event,1,accesses=0
2,P4_result_misrouted,MSG0004124,message_exists,1,
2,P4_result_misrouted,MSG0004124,is_result,1,
2,P4_result_misrouted,MSG0004124,recipient_not_ordering,1,
2,P4_result_misrouted,MSG0004124,recipient_not_covering,1,cover=None
2,P2_unread_cc,MSG0004160,message_exists,1,
2,P2_unread_cc,MSG0004160,is_cc,1,
2,P2_unread_cc,MSG0004160,no_access_event,1,accesses=0
2,P2_unread_cc,MSG0004162,message_exists,1,
2,P2_unread_cc,MSG0004162,is_cc,1,
2,P2_unread_cc,MSG0004162,no_access_event,1,accesses=0
2,P1_thank_you,MSG0004195,message_exists,1,
2,P1_thank_you,MSG0004195,patient_originated_portal_message,1,
2,P1_thank_you,MSG0004195,is_reply_to_prior_outbound,1,
2,P1_thank_you,MSG0004195,thread_ending,1,later_messages=0
2,P1_thank_you,MSG0004195,accessed_and_completed,1,
2,P4_result_misrouted,MSG0004199,message_exists,1,
2,P4_result_misrouted,MSG0004199,is_result,1,
2,P4_result_misrouted,MSG0004199,recipient_not_ordering,1,
2,P4_result_misrouted,MSG0004199,recipient_not_covering,1,cover=None
2,P2_unread_cc,MSG0004220,message_exists,1,
2,P2_unread_cc,MSG0004220,is_cc,1,
2,P2_unread_cc,MSG0004220,no_access_event,1,accesses=0
2,P2_unread_cc,MSG0004226,message_exists,1,
2,P2_unread_cc,MSG0004226,is_cc,1,
2,P2_unread_cc,MSG0004226,no_access_event,1,accesses=0
2,P7_pingpong,MSG0004261,message_exists,1,
2,P7_pingpong,MSG0004261,at_least_two_staff_to_provider_forwards,1,staff_to_provider=2
2,P7_pingpong,MSG0004261,at_least_two_provider_to_staff_forwards,1,provider_to_staff=2
2,P7_pingpong,MSG0004261,two_or_more_round_trips,1,roundtrips=2
2,P2_unread_cc,MSG0004300,message_exists,1,
2,P2_unread_cc,MSG0004300,is_cc,1,
2,P2_unread_cc,MSG0004300,no_access_event,1,accesses=0
2,P7_pingpong,MSG0004344,message_exists,1,
2,P7_pingpong,MSG0004344,at_least_two_staff_to_provider_forwards,1,staff_to_provider=2
2,P7_pingpong,MSG0004344,at_least_two_provider_to_staff_forwards,1,provider_to_staff=2
2,P7_pingpong,MSG0004344,two_or_more_round_trips,1,roundtrips=2
2,P4_result_misrouted,MSG0004351,message_exists,1,
2,P4_result_misrouted,MSG0004351,is_result,1,
2,P4_result_misrouted,MSG0004351,recipient_not_ordering,1,
2,P4_result_misrouted,MSG0004351,recipient_not_covering,1,cover=None
2,P2_unread_cc,MSG0004445,message_exists,1,
2,P2_unread_cc,MSG0004445,is_cc,1,
2,P2_unread_cc,MSG0004445,no_access_event,1,accesses=0
2,P3_extended_thread,THR0004240,thread_exists,1,
2,P3_extended_thread,THR0004240,three_or_more_patient_incoming,1,incoming=3
2,P3_extended_thread,THR0004240,four_or_more_message_exchanges,1,in+out=6
2,P3_extended_thread,THR0004240,spans_at_least_3_days,1,span_days=5.04
2,P3_extended_thread,THR0004240,no_visit_between,1,intervening_visits=0
2,P2_unread_cc,MSG0004532,message_exists,1,
2,P2_unread_cc,MSG0004532,is_cc,1,
2,P2_unread_cc,MSG0004532,no_access_event,1,accesses=0
2,P2_unread_cc,MSG0004538,message_exists,1,
2,P2_unread_cc,MSG0004538,is_cc,1,
2,P2_unread_cc,MSG0004538,no_access_event,1,accesses=0
2,P2_unread_cc,MSG0004607,message_exists,1,
2,P2_unread_cc,MSG0004607,is_cc,1,
2,P2_unread_cc,MSG0004607,no_access_event,1,accesses=0
2,P2_unread_cc,MSG0004609,message_exists,1,
2,P2_unread_cc,MSG0004609,is_cc,1,
2,P2_unread_cc,MSG0004609,no_access_event,1,accesses=0
2,P8_nonclinical_misrouted,MSG0004662,message_exists,1,
2,P8_nonclinical_misrouted,MSG0004662,nonclinical_category,1,category=cancellation
2,P8_nonclinical_misrouted,MSG0004662,reaches_provider,1,provider_forwards=1
2,P4_result_misrouted,MSG0004671,message_exists,1,
2,P4_result_misrouted,MSG0004671,is_result,1,
2,P4_result_misrouted,MSG0004671,recipient_not_ordering,1,
2,P4_result_misrouted,MSG0004671,recipient_not_covering,1,cover=None
2,P2_unread_cc,MSG0004694,message_exists,1,
2,P2_unread_cc,MSG0004694,is_cc,1,
2,P2_unread_cc,MSG0004694,no_access_event,1,accesses=0
2,P7_pingpong,MSG0004748,message_exists,1,
2,P7_pingpong,MSG0004748,at_least_two_staff_to_provider_forwards,1,staff_to_provider=2
2,P7_pingpong,MSG0004748,at_least_two_provider_to_staff_forwards,1,provider_to_staff=2
2,P7_pingpong,MSG0004748,two_or_more_round_trips,1,roundtrips=2
2,P2_unread_cc,MSG0004802,message_exists,1,
2,P2_unread_cc,MSG0004802,is_cc,1,
2,P2_unread_cc,MSG0004802,no_access_event,1,accesses=0
2,P2_unread_cc,MSG0004805,message_exists,1,
2,P2_unread_cc,MSG0004805,is_cc,1,
2,P2_unread_cc,MSG0004805,no_access_event,1,accesses=0
2,P4_result_misrouted,MSG0004855,message_exists,1,
2,P4_result_misrouted,MSG0004855,is_result,1,
2,P4_result_misrouted,MSG0004855,recipient_not_ordering,1,
2,P4_result_misrouted,MSG0004855,recipient_not_covering,1,cover=None
2,P4_result_misrouted,MSG0004857,message_exists,1,
2,P4_result_misrouted,MSG0004857,is_result,1,
2,P4_result_misrouted,MSG0004857,recipient_not_ordering,1,
2,P4_result_misrouted,MSG0004857,recipient_not_covering,1,cover=None
2,P2_unread_cc,MSG0004875,message_exists,1,
2,P2_unread_cc,MSG0004875,is_cc,1,
2,P2_unread_cc,MSG0004875,no_access_event,1,accesses=0
2,P2_unread_cc,MSG0004876,message_exists,1,
2,P2_unread_cc,MSG0004876,is_cc,1,
2,P2_unread_cc,MSG0004876,no_access_event,1,accesses=0
2,P2_unread_cc,MSG0004944,message_exists,1,
2,P2_unread_cc,MSG0004944,is_cc,1,
2,P2_unread_cc,MSG0004944,no_access_event,1,accesses=0
2,P2_unread_cc,MSG0004946,message_exists,1,
2,P2_unread_cc,MSG0004946,is_cc,1,
2,P2_unread_cc,MSG0004946,no_access_event,1,accesses=0
2,P2_unread_cc,MSG0004947,message_exists,1,
2,P2_unread_cc,MSG0004947,is_cc,1,
2,P2_unread_cc,MSG0004947,no_access_event,1,accesses=0
2,P4_result_misrouted,MSG0004984,message_exists,1,
2,P4_result_misrouted,MSG0004984,is_result,1,
2,P4_result_misrouted,MSG0004984,recipient_not_ordering,1,
2,P4_result_misrouted,MSG0004984,recipient_not_covering,1,cover=None
2,P2_unread_cc,MSG0005018,message_exists,1,
2,P2_unread_cc,MSG0005018,is_cc,1,
2,P2_unread_cc,MSG0005018,no_access_event,1,accesses=0
2,P3_extended_thread,THR0004766,thread_exists,1,
2,P3_extended_thread,THR0004766,three_or_more_patient_incoming,1,incoming=3
2,P3_extended_thread,THR0004766,four_or_more_message_exchanges,1,in+out=6
2,P3_extended_thread,THR0004766,spans_at_least_3_days,1,span_days=11.98
2,P3_extended_thread,THR0004766,no_visit_between,1,intervening_visits=0
2,P4_result_misrouted,MSG0005068,message_exists,1,
2,P4_result_misrouted,MSG0005068,is_result,1,
2,P4_result_misrouted,MSG0005068,recipient_not_ordering,1,
2,P4_result_misrouted,MSG0005068,recipient_not_covering,1,cover=None
2,P4_result_misrouted,MSG0005072,message_exists,1,
2,P4_result_misrouted,MSG0005072,is_result,1,
2,P4_result_misrouted,MSG0005072,recipient_not_ordering,1,
2,P4_result_misrouted,MSG0005072,recipient_not_covering,1,cover=None
2,P2_unread_cc,MSG0005102,message_exists,1,
2,P2_unread_cc,MSG0005102,is_cc,1,
2,P2_unread_cc,MSG0005102,no_access_event,1,accesses=0
2,P2_unread_cc,MSG0005110,message_exists,1,
2,P2_unread_cc,MSG0005110,is_cc,1,
2,P2_unread_cc,MSG0005110,no_access_event,1,accesses=0
2,P3_extended_thread,THR0004912,thread_exists,1,
2,P3_extended_thread,THR0004912,three_or_more_patient_incoming,1,incoming=3
2,P3_extended_thread,THR0004912,four_or_more_message_exchanges,1,in+out=6
2,P3_extended_thread,THR0004912,spans_at_least_3_days,1,span_days=7.81
2,P3_extended_thread,THR0004912,no_visit_between,1,intervening_visits=0
2,P1_thank_you,MSG0005219,message_exists,1,
2,P1_thank_you,MSG0005219,patient_originated_portal_message,1,
2,P1_thank_you,MSG0005219,is_reply_to_prior_outbound,1,
2,P1_thank_you,MSG0005219,thread_ending,1,later_messages=0
2,P1_thank_you,MSG0005219,accessed_and_completed,1,
3,P4_result_misrouted,MSG0000018,message_exists,1,
3,P4_result_misrouted,MSG0000018,is_result,1,
3,P4_result_misrouted,MSG0000018,recipient_not_ordering,1,
3,P4_result_misrouted,MSG0000018,recipient_not_covering,1,cover=None
3,P2_unread_cc,MSG0000047,message_exists,1,
3,P2_unread_cc,MSG0000047,is_cc,1,
3,P2_unread_cc,MSG0000047,no_access_event,1,accesses=0
3,P2_unread_cc,MSG0000048,message_exists,1,
3,P2_unread_cc,MSG0000048,is_cc,1,
3,P2_unread_cc,MSG0000048,no_access_event,1,accesses=0
3,P2_unread_cc,MSG0000054,message_exists,1,
3,P2_unread_cc,MSG0000054,is_cc,1,
3,P2_unread_cc,MSG0000054,no_access_event,1,accesses=0
3,P2_unread_cc,MSG0000057,message_exists,1,
3,P2_unread_cc,MSG0000057,is_cc,1,
3,P2_unread_cc,MSG0000057,no_access_event,1,accesses=0
3,P2_unread_cc,MSG0000058,message_exists,1,
3,P2_unread_cc,MSG0000058,is_cc,1,
3,P2_unread_cc,MSG0000058,no_access_event,1,accesses=0
3,P3_extended_thread,THR0000089,thread_exists,1,
3,P3_extended_thread,THR0000089,three_or_more_patient_incoming,1,incoming=3
3,P3_extended_thread,THR0000089,four_or_more_message_exchanges,1,in+out=6
3,P3_extended_thread,THR0000089,spans_at_least_3_days,1,span_days=7.17
3,P3_extended_thread,THR0000089,no_visit_between,0,intervening_visits=1
3,P1_thank_you,MSG0000100,message_exists,1,
3,P1_thank_you,MSG0000100,patient_originated_portal_message,1,
3,P1_thank_you,MSG0000100,is_reply_to_prior_outbound,1,
3,P1_thank_you,MSG0000100,thread_ending,1,later_messages=0
3,P1_thank_you,MSG0000100,accessed_and_completed,1,
3,P2_unread_cc,MSG0000135,message_exists,1,
3,P2_unread_cc,MSG0000135,is_cc,1,
3,P2_unread_cc,MSG0000135,no_access_event,1,accesses=0
3,P2_unread_cc,MSG0000137,message_exists,1,
3,P2_unread_cc,MSG0000137,is_cc,1,
3,P2_unread_cc,MSG0000137,no_access_event,1,accesses=0
3,P2_unread_cc,MSG0000138,message_exists,1,
3,P2_unread_cc,MSG0000138,is_cc,1,
3,P2_unread_cc,MSG0000138,no_access_event,1,accesses=0
3,P2_unread_cc,MSG0000219,message_exists,1,
3,P2_unread_cc,MSG0000219,is_cc,1,
3,P2_unread_cc,MSG0000219,no_access_event,1,accesses=0
3,P2_unread_cc,MSG0000225,message_exists,1,
3,P2_unread_cc,MSG0000225,is_cc,1,
3,P2_unread_cc,MSG0000225,no_access_event,1,accesses=0
3,P4_result_misrouted,MSG0000283,message_exists,1,
3,P4_result_misrouted,MSG0000283,is_result,1,
3,P4_result_misrouted,MSG0000283,recipient_not_ordering,1,
3,P4_result_misrouted,MSG0000283,recipient_not_covering,1,cover=None
3,P2_unread_cc,MSG0000310,message_exists,1,
3,P2_unread_cc,MSG0000310,is_cc,1,
3,P2_unread_cc,MSG0000310,no_access_event,1,accesses=0
3,P4_result_misrouted,MSG0000372,message_exists,1,
3,P4_result_misrouted,MSG0000372,is_result,1,
3,P4_result_misrouted,MSG0000372,recipient_not_ordering,1,
3,P4_result_misrouted,MSG0000372,recipient_not_covering,1,cover=None
3,P2_unread_cc,MSG0000392,message_exists,1,
3,P2_unread_cc,MSG0000392,is_cc,1,
3,P2_unread_cc,MSG0000392,no_access_event,1,accesses=0
3,P2_unread_cc,MSG0000396,message_exists,1,
3,P2_unread_cc,MSG0000396,is_cc,1,
3,P2_unread_cc,MSG0000396,no_access_event,1,accesses=0
3,P2_unread_cc,MSG0000398,message_exists,1,
3,P2_unread_cc,MSG0000398,is_cc,1,
3,P2_unread_cc,MSG0000398,no_access_event,1,accesses=0
3,P2_unread_cc,MSG0000400,message_exists,1,
3,P2_unread_cc,MSG0000400,is_cc,1,
3,P2_unread_cc,MSG0000400,no_access_event,1,accesses=0
3,P2_unread_cc,MSG0000403,message_exists,1,
3,P2_unread_cc,MSG0000403,is_cc,1,
3,P2_unread_cc,MSG0000403,no_access_event,1,accesses=0
3,P1_thank_you,MSG0000435,message_exists,1,
3,P1_thank_you,MSG0000435,patient_originated_portal_message,1,
3,P1_thank_you,MSG0000435,is_reply_to_prior_outbound,1,
3,P1_thank_you,MSG0000435,thread_ending,1,later_messages=0
3,P1_thank_you,MSG0000435,accessed_and_completed,1,
3,P2_unread_cc,MSG0000479,message_exists,1,
3,P2_unread_cc,MSG0000479,is_cc,1,
3,P2_unread_cc,MSG0000479,no_access_event,1,accesses=0
3,P2_unread_cc,MSG0000481,message_exists,1,
3,P2_unread_cc,MSG0000481,is_cc,1,
3,P2_unread_cc,MSG0000481,no_access_event,1,accesses=0
3,P2_unread_cc,MSG0000483,message_exists,1,
3,P2_unread_cc,MSG0000483,is_cc,1,
3,P2_unread_cc,MSG0000483,no_access_event,1,accesses=0
3,P8_nonclinical_misrouted,MSG0000526,message_exists,1,
3,P8_nonclinical_misrouted,MSG0000526,nonclinical_category,1,category=cancellation
3,P8_nonclinical_misrouted,MSG0000526,reaches_provider,1,provider_forwards=1
3,P2_unread_cc,MSG0000561,message_exists,1,
3,P2_unread_cc,MSG0000561,is_cc,1,
3,P2_unread_cc,MSG0000561,no_access_event,1,accesses=0
3,P2_unread_cc,MSG0000562,message_exists,1,
3,P2_unread_cc,MSG0000562,is_cc,1,
3,P2_unread_cc,MSG0000562,no_access_event,1,accesses=0
3,P2_unread_cc,MSG0000563,message_exists,1,
3,P2_unread_cc,MSG0000563,is_cc,1,
3,P2_unread_cc,MSG0000563,no_access_event,1,accesses=0
3,P2_unread_cc,MSG0000564,message_exists,1,
3,P2_unread_cc,MSG0000564,is_cc,1,
3,P2_unread_cc,MSG0000564,no_access_event,1,accesses=0
3,P2_unread_cc,MSG0000565,message_exists,1,
3,P2_unread_cc,MSG0000565,is_cc,1,
3,P2_unread_cc,MSG0000565,no_access_event,1,accesses=0
3,P1_thank_you,MSG0000594,message_exists,1,
3,P1_thank_you,MSG0000594,patient_originated_portal_message,1,
3,P1_thank_you,MSG0000594,is_reply_to_prior_outbound,1,
3,P1_thank_you,MSG0000594,thread_ending,1,later_messages=0
3,P1_thank_you,MSG0000594,accessed_and_completed,1,
3,P4_result_misrouted,MSG0000606,message_exists,1,
3,P4_result_misrouted,MSG0000606,is_result,1,
3,P4_result_misrouted,MSG0000606,recipient_not_ordering,1,
3,P4_result_misrouted,MSG0000606,recipient_not_covering,1,cover=None
3,P2_unread_cc,MSG0000635,message_exists,1,
3,P2_unread_cc,MSG0000635,is_cc,1,
3,P2_unread_cc,MSG0000635,no_access_event,1,accesses=0
3,P2_unread_cc,MSG0000638,message_exists,1,
3,P2_unread_cc,MSG0000638,is_cc,1,
3,P2_unread_cc,MSG0000638,no_access_event,1,accesses=0
3,P2_unread_cc,MSG0000642,message_exists,1,
3,P2_unread_cc,MSG0000642,is_cc,1,
3,P2_unread_cc,MSG0000642,no_access_event,1,accesses=0
3,P2_unread_cc,MSG0000709,message_exists,1,
3,P2_unread_cc,MSG0000709,is_cc,1,
3,P2_unread_cc,MSG0000709,no_access_event,1,accesses=0
3,P2_unread_cc,MSG0000711,message_exists,1,
3,P2_unread_cc,MSG0000711,is_cc,1,
3,P2_unread_cc,MSG0000711,no_access_event,1,accesses=0
3,P2_unread_cc,MSG0000715,message_exists,1,
3,P2_unread_cc,MSG0000715,is_cc,1,
3,P2_unread_cc,MSG0000715,no_access_event,1,accesses=0
3,P4_result_misrouted,MSG0000757,message_exists,1,
3,P4_result_misrouted,MSG0000757,is_result,1,
3,P4_result_misrouted,MSG0000757,recipient_not_ordering,1,
3,P4_result_misrouted,MSG0000757,recipient_not_covering,1,cover=None
3,P2_unread_cc,MSG0000793,message_exists,1,
3,P2_unread_cc,MSG0000793,is_cc,1,
3,P2_unread_cc,MSG0000793,no_access_event,1,accesses=0
3,P2_unread_cc,MSG0000795,message_exists,1,
3,P2_unread_cc,MSG0000795,is_cc,1,
3,P2_unread_cc,MSG0000795,no_access_event,1,accesses=0
3,P3_extended_thread,THR0000783,thread_exists,1,
3,P3_extended_thread,THR0000783,three_or_more_patient_incoming,1,incoming=3
3,P3_extended_thread,THR0000783,four_or_more_message_exchanges,1,in+out=6
3,P3_extended_thread,THR0000783,spans_at_least_3_days,1,span_days=6.07
3,P3_extended_thread,THR0000783,no_visit_between,1,intervening_visits=0
3,P2_unread_cc,MSG0000882,message_exists,1,
3,P2_unread_cc,MSG0000882,is_cc,1,
3,P2_unread_cc,MSG0000882,no_access_event,1,accesses=0
3,P2_unread_cc,MSG0000885,message_exists,1,
3,P2_unread_cc,MSG0000885,is_cc,1,
3,P2_unread_cc,MSG0000885,no_access_event,1,accesses=0
3,P2_unread_cc,MSG0000891,message_exists,1,
3,P2_unread_cc,MSG0000891,is_cc,1,
3,P2_unread_cc,MSG0000891,no_access_event,1,accesses=0
3,P2_unread_cc,MSG0000958,message_exists,1,
3,P2_unread_cc,MSG0000958,is_cc,1,
3,P2_unread_cc,MSG0000958,no_access_event,1,accesses=0
3,P2_unread_cc,MSG0000961,message_exists,1,
3,P2_unread_cc,MSG0000961,is_cc,1,
3,P2_unread_cc,MSG0000961,no_access_event,1,accesses=0
3,P2_unread_cc,MSG0001025,message_exists,1,
3,P2_unread_cc,MSG0001025,is_cc,1,
3,P2_unread_cc,MSG0001025,no_access_event,1,accesses=0
3,P2_unread_cc,MSG0001028,message_exists,1,
3,P2_unread_cc,MSG0001028,is_cc,1,
3,P2_unread_cc,MSG0001028,no_access_event,1,accesses=0
3,P2_unread_cc,MSG0001030,message_exists,1,
3,P2_unread_cc,MSG0001030,is_cc,1,
3,P2_unread_cc,MSG0001030,no_access_event,1,accesses=0
3,P2_unread_cc,MSG0001106,message_exists,1,
3,P2_unread_cc,MSG0001106,is_cc,1,
3,P2_unread_cc,MSG0001106,no_access_event,1,accesses=0
3,P3_extended_thread,THR0001065,thread_exists,1,
3,P3_extended_thread,THR0001065,three_or_more_patient_incoming,1,incoming=3
3,P3_extended_thread,THR0001065,four_or_more_message_exchanges,1,in+out=6
3,P3_extended_thread,THR0001065,spans_at_least_3_days,1,span_days=6.02
3,P3_extended_thread,THR0001065,no_visit_between,1,intervening_visits=0
3,P7_pingpong,MSG0001139,message_exists,1,
3,P7_pingpong,MSG0001139,at_least_two_staff_to_provider_forwards,1,staff_to_provider=2
3,P7_pingpong,MSG0001139,at_least_two_provider_to_staff_forwards,1,provider_to_staff=2
3,P7_pingpong,MSG0001139,two_or_more_round_trips,1,roundtrips=2
3,P2_unread_cc,MSG0001171,message_exists,1,
3,P2_unread_cc,MSG0001171,is_cc,1,
3,P2_unread_cc,MSG0001171,no_access_event,1,accesses=0
3,P2_unread_cc,MSG0001173,message_exists,1,
3,P2_unread_cc,MSG0001173,is_cc,1,
3,P2_unread_cc,MSG0001173,no_access_event,1,accesses=0
3,P2_unread_cc,MSG0001178,message_exists,1,
3,P2_unread_cc,MSG0001178,is_cc,1,
3,P2_unread_cc,MSG0001178,no_access_event,1,accesses=0
3,P2_unread_cc,MSG0001181,message_exists,1,
3,P2_unread_cc,MSG0001181,is_cc,1,
3,P2_unread_cc,MSG0001181,no_access_event,1,accesses=0
3,P4_result_misrouted,MSG0001293,message_exists,1,
3,P4_result_misrouted,MSG0001293,is_result,1,
3,P4_result_misrouted,MSG0001293,recipient_not_ordering,1,
3,P4_result_misrouted,MSG0001293,recipient_not_covering,1,cover=None
3,P2_unread_cc,MSG0001326,message_exists,1,
3,P2_unread_cc,MSG0001326,is_cc,1,
3,P2_unread_cc,MSG0001326,no_access_event,1,accesses=0
3,P2_unread_cc,MSG0001329,message_exists,1,
3,P2_unread_cc,MSG0001329,is_cc,1,
3,P2_unread_cc,MSG0001329,no_access_event,1,accesses=0
3,P4_result_misrouted,MSG0001381,message_exists,1,
3,P4_result_misrouted,MSG0001381,is_result,1,
3,P4_result_misrouted,MSG0001381,recipient_not_ordering,1,
3,P4_result_misrouted,MSG0001381,recipient_not_covering,1,cover=None
3,P2_unread_cc,MSG0001409,message_exists,1,
3,P2_unread_cc,MSG0001409,is_cc,1,
3,P2_unread_cc,MSG0001409,no_access_event,1,accesses=0
3,P2_unread_cc,MSG0001412,message_exists,1,
3,P2_unread_cc,MSG0001412,is_cc,1,
3,P2_unread_cc,MSG0001412,no_access_event,1,accesses=0
3,P2_unread_cc,MSG0001413,message_exists,1,
3,P2_unread_cc,MSG0001413,is_cc,1,
3,P2_unread_cc,MSG0001413,no_access_event,1,accesses=0
3,P2_unread_cc,MSG0001476,message_exists,1,
3,P2_unread_cc,MSG0001476,is_cc,1,
3,P2_unread_cc,MSG0001476,no_access_event,1,accesses=0
3,P2_unread_cc,MSG0001479,message_exists,1,
3,P2_unread_cc,MSG0001479,is_cc,1,
3,P2_unread_cc,MSG0001479,no_access_event,1,accesses=0
3,P2_unread_cc,MSG0001481,message_exists,1,
3,P2_unread_cc,MSG0001481,is_cc,1,
3,P2_unread_cc,MSG0001481,no_access_event,1,accesses=0
3,P1_thank_you,MSG0001519,message_exists,1,
3,P1_thank_you,MSG0001519,patient_originated_portal_message,1,
3,P1_thank_you,MSG0001519,is_reply_to_prior_outbound,1,
3,P1_thank_you,MSG0001519,thread_ending,1,later_messages=0
3,P1_thank_you,MSG0001519,accessed_and_completed,1,
3,P8_nonclinical_misrouted,MSG0001522,message_exists,1,
3,P8_nonclinical_misrouted,MSG0001522,nonclinical_category,1,category=billing_question
3,P8_nonclinical_misrouted,MSG0001522,reaches_provider,1,provider_forwards=1
3,P4_result_misrouted,MSG0001542,message_exists,1,
3,P4_result_misrouted,MSG0001542,is_result,1,
3,P4_result_misrouted,MSG0001542,recipient_not_ordering,1,
3,P4_result_misrouted,MSG0001542,recipient_not_covering,1,cover=None
3,P2_unread_cc,MSG0001563,message_exists,1,
3,P2_unread_cc,MSG0001563,is_cc,1,
3,P2_unread_cc,MSG0001563,no_access_event,1,accesses=0
3,P2_unread_cc,MSG0001564,message_exists,1,
3,P2_unread_cc,MSG0001564,is_cc,1,
3,P2_unread_cc,MSG0001564,no_access_event,1,accesses=0
3,P2_unread_cc,MSG0001624,message_exists,1,
3,P2_unread_cc,MSG0001624,is_cc,1,
3,P2_unread_cc,MSG0001624,no_access_event,1,accesses=0
3,P2_unread_cc,MSG0001627,message_exists,1,
3,P2_unread_cc,MSG0001627,is_cc,1,
3,P2_unread_cc,MSG0001627,no_access_event,1,accesses=0
3,P2_unread_cc,MSG0001632,message_exists,1,
3,P2_unread_cc,MSG0001632,is_cc,1,
3,P2_unread_cc,MSG0001632,no_access_event,1,accesses=0
3,P2_unread_cc,MSG0001702,message_exists,1,
3,P2_unread_cc,MSG0001702,is_cc,1,
3,P2_unread_cc,MSG0001702,no_access_event,1,accesses=0
3,P2_unread_cc,MSG0001704,message_exists,1,
3,P2_unread_cc,MSG0001704,is_cc,1,
3,P2_unread_cc,MSG0001704,no_access_event,1,accesses=0
3,P2_unread_cc,MSG0001710,message_exists,1,
3,P2_unread_cc,MSG0001710,is_cc,1,
3,P2_unread_cc,MSG0001710,no_access_event,1,accesses=0
3,P2_unread_cc,MSG0001713,message_exists,1,
3,P2_unread_cc,MSG0001713,is_cc,1,
3,P2_unread_cc,MSG0001713,no_access_event,1,accesses=0
3,P2_unread_cc,MSG0001779,message_exists,1,
3,P2_unread_cc,MSG0001779,is_cc,1,
3,P2_unread_cc,MSG0001779,no_access_event,1,accesses=0
3,P2_unread_cc,MSG0001782,message_exists,1,
3,P2_unread_cc,MSG0001782,is_cc,1,
3,P2_unread_cc,MSG0001782,no_access_event,1,accesses=0
3,P2_unread_cc,MSG0001787,message_exists,1,
3,P2_unread_cc,MSG0001787,is_cc,1,
3,P2_unread_cc,MSG0001787,no_access_event,1,accesses=0
3,P8_nonclinical_misrouted,MSG0001840,message_exists,1,
3,P8_nonclinical_misrouted,MSG0001840,nonclinical_category,1,category=billing_question
3,P8_nonclinical_misrouted,MSG0001840,reaches_provider,1,provider_forwards=1
3,P2_unread_cc,MSG0001875,message_exists,1,
3,P2_unread_cc,MSG0001875,is_cc,1,
3,P2_unread_cc,MSG0001875,no_access_event,1,accesses=0
3,P2_unread_cc,MSG0001878,message_exists,1,
3,P2_unread_cc,MSG0001878,is_cc,1,
3,P2_unread_cc,MSG0001878,no_access_event,1,accesses=0
3,P2_unread_cc,MSG0001881,message_exists,1,
3,P2_unread_cc,MSG0001881,is_cc,1,
3,P2_unread_cc,MSG0001881,no_access_event,1,accesses=0
3,P2_unread_cc,MSG0001884,message_exists,1,
3,P2_unread_cc,MSG0001884,is_cc,1,
3,P2_unread_cc,MSG0001884,no_access_event,1,accesses=0
3,P2_unread_cc,MSG0001886,message_exists,1,
3,P2_unread_cc,MSG0001886,is_cc,1,
3,P2_unread_cc,MSG0001886,no_access_event,1,accesses=0
3,P7_pingpong,MSG0001909,message_exists,1,
3,P7_pingpong,MSG0001909,at_least_two_staff_to_provider_forwards,1,staff_to_provider=2
3,P7_pingpong,MSG0001909,at_least_two_provider_to_staff_forwards,1,provider_to_staff=2
3,P7_pingpong,MSG0001909,two_or_more_round_trips,1,roundtrips=2
3,P2_unread_cc,MSG0001943,message_exists,1,
3,P2_unread_cc,MSG0001943,is_cc,1,
3,P2_unread_cc,MSG0001943,no_access_event,1,accesses=0
3,P2_unread_cc,MSG0001946,message_exists,1,
3,P2_unread_cc,MSG0001946,is_cc,1,
3,P2_unread_cc,MSG0001946,no_access_event,1,accesses=0
3,P2_unread_cc,MSG0002025,message_exists,1,
3,P2_unread_cc,MSG0002025,is_cc,1,
3,P2_unread_cc,MSG0002025,no_access_event,1,accesses=0
3,P2_unread_cc,MSG0002029,message_exists,1,
3,P2_unread_cc,MSG0002029,is_cc,1,
3,P2_unread_cc,MSG0002029,no_access_event,1,accesses=0
3,P1_thank_you,MSG0002075,message_exists,1,
3,P1_thank_you,MSG0002075,patient_originated_portal_message,1,
3,P1_thank_you,MSG0002075,is_reply_to_prior_outbound,1,
3,P1_thank_you,MSG0002075,thread_ending,1,later_messages=0
3,P1_thank_you,MSG0002075,accessed_and_completed,1,
3,P2_unread_cc,MSG0002104,message_exists,1,
3,P2_unread_cc,MSG0002104,is_cc,1,
3,P2_unread_cc,MSG0002104,no_access_event,1,accesses=0
3,P2_unread_cc,MSG0002106,message_exists,1,
3,P2_unread_cc,MSG0002106,is_cc,1,
3,P2_unread_cc,MSG0002106,no_access_event,1,accesses=0
3,P2_unread_cc,MSG0002108,message_exists,1,
3,P2_unread_cc,MSG0002108,is_cc,1,
3,P2_unread_cc,MSG0002108,no_access_event,1,accesses=0
3,P2_unread_cc,MSG0002109,message_exists,1,
3,P2_unread_cc,MSG0002109,is_cc,1,
3,P2_unread_cc,MSG0002109,no_access_event,1,accesses=0
3,P2_unread_cc,MSG0002111,message_exists,1,
3,P2_unread_cc,MSG0002111,is_cc,1,
3,P2_unread_cc,MSG0002111,no_access_event,1,accesses=0
3,P4_result_misrouted,MSG0002168,message_exists,1,
3,P4_result_misrouted,MSG0002168,is_result,1,
3,P4_result_misrouted,MSG0002168,recipient_not_ordering,1,
3,P4_result_misrouted,MSG0002168,recipient_not_covering,1,cover=None
3,P2_unread_cc,MSG0002192,message_exists,1,
3,P2_unread_cc,MSG0002192,is_cc,1,
3,P2_unread_cc,MSG0002192,no_access_event,1,accesses=0
3,P2_unread_cc,MSG0002193,message_exists,1,
3,P2_unread_cc,MSG0002193,is_cc,1,
3,P2_unread_cc,MSG0002193,no_access_event,1,accesses=0
3,P2_unread_cc,MSG0002264,message_exists,1,
3,P2_unread_cc,MSG0002264,is_cc,1,
3,P2_unread_cc,MSG0002264,no_access_event,1,accesses=0
3,P2_unread_cc,MSG0002265,message_exists,1,
3,P2_unread_cc,MSG0002265,is_cc,1,
3,P2_unread_cc,MSG0002265,no_access_event,1,accesses=0
3,P4_result_misrouted,MSG0002321,message_exists,1,
3,P4_result_misrouted,MSG0002321,is_result,1,
3,P4_result_misrouted,MSG0002321,recipient_not_ordering,1,
3,P4_result_misrouted,MSG0002321,recipient_not_covering,1,cover=None
3,P2_unread_cc,MSG0002343,message_exists,1,
3,P2_unread_cc,MSG0002343,is_cc,1,
3,P2_unread_cc,MSG0002343,no_access_event,1,accesses=0
3,P2_unread_cc,MSG0002344,message_exists,1,
3,P2_unread_cc,MSG0002344,is_cc,1,
3,P2_unread_cc,MSG0002344,no_access_event,1,accesses=0
3,P2_unread_cc,MSG0002346,message_exists,1,
3,P2_unread_cc,MSG0002346,is_cc,1,
3,P2_unread_cc,MSG0002346,no_access_event,1,accesses=0
3,P2_unread_cc,MSG0002348,message_exists,1,
3,P2_unread_cc,MSG0002348,is_cc,1,
3,P2_unread_cc,MSG0002348,no_access_event,1,accesses=0
3,P2_unread_cc,MSG0002419,message_exists,1,
3,P2_unread_cc,MSG0002419,is_cc,1,
3,P2_unread_cc,MSG0002419,no_access_event,1,accesses=0
3,P4_result_misrouted,MSG0002491,message_exists,1,
3,P4_result_misrouted,MSG0002491,is_result,1,
3,P4_result_misrouted,MSG0002491,recipient_not_ordering,1,
3,P4_result_misrouted,MSG0002491,recipient_not_covering,1,cover=None
3,P8_nonclinical_misrouted,MSG0002504,message_exists,1,
3,P8_nonclinical_misrouted,MSG0002504,nonclinical_category,1,category=appointment_request
3,P8_nonclinical_misrouted,MSG0002504,reaches_provider,1,provider_forwards=1
3,P4_result_misrouted,MSG0002517,message_exists,1,
3,P4_result_misrouted,MSG0002517,is_result,1,
3,P4_result_misrouted,MSG0002517,recipient_not_ordering,1,
3,P4_result_misrouted,MSG0002517,recipient_not_covering,1,cover=None
3,P4_result_misrouted,MSG0002543,message_exists,1,
3,P4_result_misrouted,MSG0002543,is_result,1,
3,P4_result_misrouted,MSG0002543,recipient_not_ordering,1,
3,P4_result_misrouted,MSG0002543,recipient_not_covering,1,cover=None
3,P2_unread_cc,MSG0002574,message_exists,1,
3,P2_unread_cc,MSG0002574,is_cc,1,
3,P2_unread_cc,MSG0002574,no_access_event,1,accesses=0
3,P2_unread_cc,MSG0002576,message_exists,1,
3,P2_unread_cc,MSG0002576,is_cc,1,
3,P2_unread_cc,MSG0002576,no_access_event,1,accesses=0
3,P4_result_misrouted,MSG0002604,message_exists,1,
3,P4_result_misrouted,MSG0002604,is_result,1,
3,P4_result_misrouted,MSG0002604,recipient_not_ordering,1,
3,P4_result_misrouted,MSG0002604,recipient_not_covering,1,cover=None
3,P4_result_misrouted,MSG0002617,message_exists,1,
3,P4_result_misrouted,MSG0002617,is_result,1,
3,P4_result_misrouted,MSG0002617,recipient_not_ordering,1,
3,P4_result_misrouted,MSG0002617,recipient_not_covering,1,cover=None
3,P2_unread_cc,MSG0002644,message_exists,1,
3,P2_unread_cc,MSG0002644,is_cc,1,
3,P2_unread_cc,MSG0002644,no_access_event,1,accesses=0
3,P2_unread_cc,MSG0002646,message_exists,1,
3,P2_unread_cc,MSG0002646,is_cc,1,
3,P2_unread_cc,MSG0002646,no_access_event,1,accesses=0
3,P7_pingpong,MSG0002689,message_exists,1,
3,P7_pingpong,MSG0002689,at_least_two_staff_to_provider_forwards,1,staff_to_provider=2
3,P7_pingpong,MSG0002689,at_least_two_provider_to_staff_forwards,1,provider_to_staff=2
3,P7_pingpong,MSG0002689,two_or_more_round_trips,1,roundtrips=2
3,P2_unread_cc,MSG0002724,message_exists,1,
3,P2_unread_cc,MSG0002724,is_cc,1,
3,P2_unread_cc,MSG0002724,no_access_event,1,accesses=0
3,P2_unread_cc,MSG0002725,message_exists,1,
3,P2_unread_cc,MSG0002725,is_cc,1,
3,P2_unread_cc,MSG0002725,no_access_event,1,accesses=0
3,P2_unread_cc,MSG0002728,message_exists,1,
3,P2_unread_cc,MSG0002728,is_cc,1,
3,P2_unread_cc,MSG0002728,no_access_event,1,accesses=0
3,P8_nonclinical_misrouted,MSG0002788,message_exists,1,
3,P8_nonclinical_misrouted,MSG0002788,nonclinical_category,1,category=billing_question
3,P8_nonclinical_misrouted,MSG0002788,reaches_provider,1,provider_forwards=1
3,P2_unread_cc,MSG0002828,message_exists,1,
3,P2_unread_cc,MSG0002828,is_cc,1,
3,P2_unread_cc,MSG0002828,no_access_event,1,accesses=0
3,P1_thank_you,MSG0002868,message_exists,1,
3,P1_thank_you,MSG0002868,patient_originated_portal_message,1,
3,P1_thank_you,MSG0002868,is_reply_to_prior_outbound,1,
3,P1_thank_you,MSG0002868,thread_ending,1,later_messages=0
3,P1_thank_you,MSG0002868,accessed_and_completed,1,
3,P8_nonclinical_misrouted,MSG0002870,message_exists,1,
3,P8_nonclinical_misrouted,MSG0002870,nonclinical_category,1,category=cancellation
3,P8_nonclinical_misrouted,MSG0002870,reaches_provider,1,provider_forwards=1
3,P2_unread_cc,MSG0002902,message_exists,1,
3,P2_unread_cc,MSG0002902,is_cc,1,
3,P2_unread_cc,MSG0002902,no_access_event,1,accesses=0
3,P7_pingpong,MSG0002957,message_exists,1,
3,P7_pingpong,MSG0002957,at_least_two_staff_to_provider_forwards,1,staff_to_provider=2
3,P7_pingpong,MSG0002957,at_least_two_provider_to_staff_forwards,1,provider_to_staff=2
3,P7_pingpong,MSG0002957,two_or_more_round_trips,1,roundtrips=2
3,P4_result_misrouted,MSG0002967,message_exists,1,
3,P4_result_misrouted,MSG0002967,is_result,1,
3,P4_result_misrouted,MSG0002967,recipient_not_ordering,1,
3,P4_result_misrouted,MSG0002967,recipient_not_covering,1,cover=None
3,P2_unread_cc,MSG0002990,message_exists,1,
3,P2_unread_cc,MSG0002990,is_cc,1,
3,P2_unread_cc,MSG0002990,no_access_event,1,accesses=0
3,P2_unread_cc,MSG0002993,message_exists,1,
3,P2_unread_cc,MSG0002993,is_cc,1,
3,P2_unread_cc,MSG0002993,no_access_event,1,accesses=0
3,P2_unread_cc,MSG0002995,message_exists,1,
3,P2_unread_cc,MSG0002995,is_cc,1,
3,P2_unread_cc,MSG0002995,no_access_event,1,accesses=0
3,P2_unread_cc,MSG0002997,message_exists,1,
3,P2_unread_cc,MSG0002997,is_cc,1,
3,P2_unread_cc,MSG0002997,no_access_event,1,accesses=0
3,P2_unread_cc,MSG0002999,message_exists,1,
3,P2_unread_cc,MSG0002999,is_cc,1,
3,P2_unread_cc,MSG0002999,no_access_event,1,accesses=0
3,P1_thank_you,MSG0003031,message_exists,1,
3,P1_thank_you,MSG0003031,patient_originated_portal_message,1,
3,P1_thank_you,MSG0003031,is_reply_to_prior_outbound,1,
3,P1_thank_you,MSG0003031,thread_ending,1,later_messages=0
3,P1_thank_you,MSG0003031,accessed_and_completed,1,
3,P3_extended_thread,THR0002871,thread_exists,1,
3,P3_extended_thread,THR0002871,three_or_more_patient_incoming,1,incoming=3
3,P3_extended_thread,THR0002871,four_or_more_message_exchanges,1,in+out=6
3,P3_extended_thread,THR0002871,spans_at_least_3_days,1,span_days=7.10
3,P3_extended_thread,THR0002871,no_visit_between,1,intervening_visits=0
3,P4_result_misrouted,MSG0003061,message_exists,1,
3,P4_result_misrouted,MSG0003061,is_result,1,
3,P4_result_misrouted,MSG0003061,recipient_not_ordering,1,
3,P4_result_misrouted,MSG0003061,recipient_not_covering,1,cover=None
3,P2_unread_cc,MSG0003096,message_exists,1,
3,P2_unread_cc,MSG0003096,is_cc,1,
3,P2_unread_cc,MSG0003096,no_access_event,1,accesses=0
3,P2_unread_cc,MSG0003101,message_exists,1,
3,P2_unread_cc,MSG0003101,is_cc,1,
3,P2_unread_cc,MSG0003101,no_access_event,1,accesses=0
3,P2_unread_cc,MSG0003103,message_exists,1,
3,P2_unread_cc,MSG0003103,is_cc,1,
3,P2_unread_cc,MSG0003103,no_access_event,1,accesses=0
3,P2_unread_cc,MSG0003104,message_exists,1,
3,P2_unread_cc,MSG0003104,is_cc,1,
3,P2_unread_cc,MSG0003104,no_access_event,1,accesses=0
3,P2_unread_cc,MSG0003105,message_exists,1,
3,P2_unread_cc,MSG0003105,is_cc,1,
3,P2_unread_cc,MSG0003105,no_access_event,1,accesses=0
3,P4_result_misrouted,MSG0003152,message_exists,1,
3,P4_result_misrouted,MSG0003152,is_result,1,
3,P4_result_misrouted,MSG0003152,recipient_not_ordering,1,
3,P4_result_misrouted,MSG0003152,recipient_not_covering,1,cover=None
3,P2_unread_cc,MSG0003230,message_exists,1,
3,P2_unread_cc,MSG0003230,is_cc,1,
3,P2_unread_cc,MSG0003230,no_access_event,1,accesses=0
3,P2_unread_cc,MSG0003238,message_exists,1,
3,P2_unread_cc,MSG0003238,is_cc,1,
3,P2_unread_cc,MSG0003238,no_access_event,1,accesses=0
3,P2_unread_cc,MSG0003239,message_exists,1,
3,P2_unread_cc,MSG0003239,is_cc,1,
3,P2_unread_cc,MSG0003239,no_access_event,1,accesses=0
3,P8_nonclinical_misrouted,MSG0003271,message_exists,1,
3,P8_nonclinical_misrouted,MSG0003271,nonclinical_category,1,category=appointment_request
3,P8_nonclinical_misrouted,MSG0003271,reaches_provider,1,provider_forwards=1
3,P4_result_misrouted,MSG0003285,message_exists,1,
3,P4_result_misrouted,MSG0003285,is_result,1,
3,P4_result_misrouted,MSG0003285,recipient_not_ordering,1,
3,P4_result_misrouted,MSG0003285,recipient_not_covering,1,cover=None
3,P2_unread_cc,MSG0003299,message_exists,1,
3,P2_unread_cc,MSG0003299,is_cc,1,
3,P2_unread_cc,MSG0003299,no_access_event,1,accesses=0
3,P2_unread_cc,MSG0003302,message_exists,1,
3,P2_unread_cc,MSG0003302,is_cc,1,
3,P2_unread_cc,MSG0003302,no_access_event,1,accesses=0
3,P2_unread_cc,MSG0003305,message_exists,1,
3,P2_unread_cc,MSG0003305,is_cc,1,
3,P2_unread_cc,MSG0003305,no_access_event,1,accesses=0
3,P2_unread_cc,MSG0003306,message_exists,1,
3,P2_unread_cc,MSG0003306,is_cc,1,
3,P2_unread_cc,MSG0003306,no_access_event,1,accesses=0
3,P2_unread_cc,MSG0003460,message_exists,1,
3,P2_unread_cc,MSG0003460,is_cc,1,
3,P2_unread_cc,MSG0003460,no_access_event,1,accesses=0
3,P2_unread_cc,MSG0003462,message_exists,1,
3,P2_unread_cc,MSG0003462,is_cc,1,
3,P2_unread_cc,MSG0003462,no_access_event,1,accesses=0
3,P2_unread_cc,MSG0003466,message_exists,1,
3,P2_unread_cc,MSG0003466,is_cc,1,
3,P2_unread_cc,MSG0003466,no_access_event,1,accesses=0
3,P8_nonclinical_misrouted,MSG0003491,message_exists,1,
3,P8_nonclinical_misrouted,MSG0003491,nonclinical_category,1,category=appointment_request
3,P8_nonclinical_misrouted,MSG0003491,reaches_provider,1,provider_forwards=1
3,P2_unread_cc,MSG0003540,message_exists,1,
3,P2_unread_cc,MSG0003540,is_cc,1,
3,P2_unread_cc,MSG0003540,no_access_event,1,accesses=0
3,P4_result_misrouted,MSG0003583,message_exists,1,
3,P4_result_misrouted,MSG0003583,is_result,1,
3,P4_result_misrouted,MSG0003583,recipient_not_ordering,1,
3,P4_result_misrouted,MSG0003583,recipient_not_covering,1,cover=None
3,P2_unread_cc,MSG0003613,message_exists,1,
3,P2_unread_cc,MSG0003613,is_cc,1,
3,P2_unread_cc,MSG0003613,no_access_event,1,accesses=0
3,P2_unread_cc,MSG0003620,message_exists,1,
3,P2_unread_cc,MSG0003620,is_cc,1,
3,P2_unread_cc,MSG0003620,no_access_event,1,accesses=0
3,P4_result_misrouted,MSG0003665,message_exists,1,
3,P4_result_misrouted,MSG0003665,is_result,1,
3,P4_result_misrouted,MSG0003665,recipient_not_ordering,1,
3,P4_result_misrouted,MSG0003665,recipient_not_covering,1,cover=None
3,P2_unread_cc,MSG0003693,message_exists,1,
3,P2_unread_cc,MSG0003693,is_cc,1,
3,P2_unread_cc,MSG0003693,no_access_event,1,accesses=0
3,P8_nonclinical_misrouted,MSG0003825,message_exists,1,
3,P8_nonclinical_misrouted,MSG0003825,nonclinical_category,1,category=billing_question
3,P8_nonclinical_misrouted,MSG0003825,reaches_provider,1,provider_forwards=1
3,P7_pingpong,MSG0003829,message_exists,1,
3,P7_pingpong,MSG0003829,at_least_two_staff_to_provider_forwards,1,staff_to_provider=2
3,P7_pingpong,MSG0003829,at_least_two_provider_to_staff_forwards,1,provider_to_staff=2
3,P7_pingpong,MSG0003829,two_or_more_round_trips,1,roundtrips=2
3,P1_thank_you,MSG0003831,message_exists,1,
3,P1_thank_you,MSG0003831,patient_originated_portal_message,1,
3,P1_thank_you,MSG0003831,is_reply_to_prior_outbound,1,
3,P1_thank_you,MSG0003831,thread_ending,1,later_messages=0
3,P1_thank_you,MSG0003831,accessed_and_completed,1,
3,P2_unread_cc,MSG0003876,message_exists,1,
3,P2_unread_cc,MSG0003876,is_cc,1,
3,P2_unread_cc,MSG0003876,no_access_event,1,accesses=0
3,P2_unread_cc,MSG0003877,message_exists,1,
3,P2_unread_cc,MSG0003877,is_cc,1,
3,P2_unread_cc,MSG0003877,no_access_event,1,accesses=0
3,P2_unread_cc,MSG0003882,message_exists,1,
3,P2_unread_cc,MSG0003882,is_cc,1,
3,P2_unread_cc,MSG0003882,no_access_event,1,accesses=0
3,P2_unread_cc,MSG0003883,message_exists,1,
3,P2_unread_cc,MSG0003883,is_cc,1,
3,P2_unread_cc,MSG0003883,no_access_event,1,accesses=0
3,P8_nonclinical_misrouted,MSG0003910,message_exists,1,
3,P8_nonclinical_misrouted,MSG0003910,nonclinical_category,1,category=billing_question
3,P8_nonclinical_misrouted,MSG0003910,reaches_provider,1,provider_forwards=1
3,P4_result_misrouted,MSG0003938,message_exists,1,
3,P4_result_misrouted,MSG0003938,is_result,1,
3,P4_result_misrouted,MSG0003938,recipient_not_ordering,1,
3,P4_result_misrouted,MSG0003938,recipient_not_covering,1,cover=None
3,P2_unread_cc,MSG0003963,message_exists,1,
3,P2_unread_cc,MSG0003963,is_cc,1,
3,P2_unread_cc,MSG0003963,no_access_event,1,accesses=0
3,P2_unread_cc,MSG0003967,message_exists,1,
3,P2_unread_cc,MSG0003967,is_cc,1,
3,P2_unread_cc,MSG0003967,no_access_event,1,accesses=0
3,P2_unread_cc,MSG0004037,message_exists,1,
3,P2_unread_cc,MSG0004037,is_cc,1,
3,P2_unread_cc,MSG0004037,no_access_event,1,accesses=0
3,P2_unread_cc,MSG0004044,message_exists,1,
3,P2_unread_cc,MSG0004044,is_cc,1,
3,P2_unread_cc,MSG0004044,no_access_event,1,accesses=0
3,P2_unread_cc,MSG0004049,message_exists,1,
3,P2_unread_cc,MSG0004049,is_cc,1,
3,P2_unread_cc,MSG0004049,no_access_event,1,accesses=0
3,P2_unread_cc,MSG0004123,message_exists,1,
3,P2_unread_cc,MSG0004123,is_cc,1,
3,P2_unread_cc,MSG0004123,no_access_event,1,accesses=0
3,P2_unread_cc,MSG0004124,message_exists,1,
3,P2_unread_cc,MSG0004124,is_cc,1,
3,P2_unread_cc,MSG0004124,no_access_event,1,accesses=0
3,P2_unread_cc,MSG0004206,message_exists,1,
3,P2_unread_cc,MSG0004206,is_cc,1,
3,P2_unread_cc,MSG0004206,no_access_event,1,accesses=0
3,P2_unread_cc,MSG0004260,message_exists,1,
3,P2_unread_cc,MSG0004260,is_cc,1,
3,P2_unread_cc,MSG0004260,no_access_event,1,accesses=0
3,P2_unread_cc,MSG0004331,message_exists,1,
3,P2_unread_cc,MSG0004331,is_cc,1,
3,P2_unread_cc,MSG0004331,no_access_event,1,accesses=0
3,P2_unread_cc,MSG0004335,message_exists,1,
3,P2_unread_cc,MSG0004335,is_cc,1,
3,P2_unread_cc,MSG0004335,no_access_event,1,accesses=0
3,P2_unread_cc,MSG0004339,message_exists,1,
3,P2_unread_cc,MSG0004339,is_cc,1,
3,P2_unread_cc,MSG0004339,no_access_event,1,accesses=0
3,P2_unread_cc,MSG0004401,message_exists,1,
3,P2_unread_cc,MSG0004401,is_cc,1,
3,P2_unread_cc,MSG0004401,no_access_event,1,accesses=0
3,P2_unread_cc,MSG0004402,message_exists,1,
3,P2_unread_cc,MSG0004402,is_cc,1,
3,P2_unread_cc,MSG0004402,no_access_event,1,accesses=0
3,P2_unread_cc,MSG0004408,message_exists,1,
3,P2_unread_cc,MSG0004408,is_cc,1,
3,P2_unread_cc,MSG0004408,no_access_event,1,accesses=0
3,P2_unread_cc,MSG0004410,message_exists,1,
3,P2_unread_cc,MSG0004410,is_cc,1,
3,P2_unread_cc,MSG0004410,no_access_event,1,accesses=0
3,P2_unread_cc,MSG0004485,message_exists,1,
3,P2_unread_cc,MSG0004485,is_cc,1,
3,P2_unread_cc,MSG0004485,no_access_event,1,accesses=0
3,P2_unread_cc,MSG0004488,message_exists,1,
3,P2_unread_cc,MSG0004488,is_cc,1,
3,P2_unread_cc,MSG0004488,no_access_event,1,accesses=0
3,P2_unread_cc,MSG0004491,message_exists,1,
3,P2_unread_cc,MSG0004491,is_cc,1,
3,P2_unread_cc,MSG0004491,no_access_event,1,accesses=0
3,P2_unread_cc,MSG0004496,message_exists,1,
3,P2_unread_cc,MSG0004496,is_cc,1,
3,P2_unread_cc,MSG0004496,no_access_event,1,accesses=0
3,P2_unread_cc,MSG0004583,message_exists,1,
3,P2_unread_cc,MSG0004583,is_cc,1,
3,P2_unread_cc,MSG0004583,no_access_event,1,accesses=0
3,P2_unread_cc,MSG0004584,message_exists,1,
3,P2_unread_cc,MSG0004584,is_cc,1,
3,P2_unread_cc,MSG0004584,no_access_event,1,accesses=0
3,P2_unread_cc,MSG0004588,message_exists,1,
3,P2_unread_cc,MSG0004588,is_cc,1,
3,P2_unread_cc,MSG0004588,no_access_event,1,accesses=0
3,P2_unread_cc,MSG0004648,message_exists,1,
3,P2_unread_cc,MSG0004648,is_cc,1,
3,P2_unread_cc,MSG0004648,no_access_event,1,accesses=0
3,P2_unread_cc,MSG0004649,message_exists,1,
3,P2_unread_cc,MSG0004649,is_cc,1,
3,P2_unread_cc,MSG0004649,no_access_event,1,accesses=0
3,P2_unread_cc,MSG0004717,message_exists,1,
3,P2_unread_cc,MSG0004717,is_cc,1,
3,P2_unread_cc,MSG0004717,no_access_event,1,accesses=0
3,P2_unread_cc,MSG0004718,message_exists,1,
3,P2_unread_cc,MSG0004718,is_cc,1,
3,P2_unread_cc,MSG0004718,no_access_event,1,accesses=0
3,P2_unread_cc,MSG0004719,message_exists,1,
3,P2_unread_cc,MSG0004719,is_cc,1,
3,P2_unread_cc,MSG0004719,no_access_event,1,accesses=0
3,P2_unread_cc,MSG0004720,message_exists,1,
3,P2_unread_cc,MSG0004720,is_cc,1,
3,P2_unread_cc,MSG0004720,no_access_event,1,accesses=0
3,P4_result_misrouted,MSG0004768,message_exists,1,
3,P4_result_misrouted,MSG0004768,is_result,1,
3,P4_result_misrouted,MSG0004768,recipient_not_ordering,1,
3,P4_result_misrouted,MSG0004768,recipient_not_covering,1,cover=None
3,P2_unread_cc,MSG0004798,message_exists,1,
3,P2_unread_cc,MSG0004798,is_cc,1,
3,P2_unread_cc,MSG0004798,no_access_event,1,accesses=0
3,P2_unread_cc,MSG0004800,message_exists,1,
3,P2_unread_cc,MSG0004800,is_cc,1,
3,P2_unread_cc,MSG0004800,no_access_event,1,accesses=0
3,P2_unread_cc,MSG0004874,message_exists,1,
3,P2_unread_cc,MSG0004874,is_cc,1,
3,P2_unread_cc,MSG0004874,no_access_event,1,accesses=0
3,P2_unread_cc,MSG0004875,message_exists,1,
3,P2_unread_cc,MSG0004875,is_cc,1,
3,P2_unread_cc,MSG0004875,no_access_event,1,accesses=0
3,P4_result_misrouted,MSG0004918,message_exists,1,
3,P4_result_misrouted,MSG0004918,is_result,1,
3,P4_result_misrouted,MSG0004918,recipient_not_ordering,1,
3,P4_result_misrouted,MSG0004918,recipient_not_covering,1,cover=None
3,P2_unread_cc,MSG0004936,message_exists,1,
3,P2_unread_cc,MSG0004936,is_cc,1,
3,P2_unread_cc,MSG0004936,no_access_event,1,accesses=0
3,P2_unread_cc,MSG0004943,message_exists,1,
3,P2_unread_cc,MSG0004943,is_cc,1,
3,P2_unread_cc,MSG0004943,no_access_event,1,accesses=0
3,P2_unread_cc,MSG0004944,message_exists,1,
3,P2_unread_cc,MSG0004944,is_cc,1,
3,P2_unread_cc,MSG0004944,no_access_event,1,accesses=0
3,P4_result_misrouted,MSG0004973,message_exists,1,
3,P4_result_misrouted,MSG0004973,is_result,1,
3,P4_result_misrouted,MSG0004973,recipient_not_ordering,1,
3,P4_result_misrouted,MSG0004973,recipient_not_covering,1,cover=None
3,P7_pingpong,MSG0004992,message_exists,1,
3,P7_pingpong,MSG0004992,at_least_two_staff_to_provider_forwards,1,staff_to_provider=2
3,P7_pingpong,MSG0004992,at_least_two_provider_to_staff_forwards,1,provider_to_staff=2
3,P7_pingpong,MSG0004992,two_or_more_round_trips,1,roundtrips=2
3,P4_result_misrouted,MSG0005006,message_exists,1,
3,P4_result_misrouted,MSG0005006,is_result,1,
3,P4_result_misrouted,MSG0005006,recipient_not_ordering,1,
3,P4_result_misrouted,MSG0005006,recipient_not_covering,1,cover=None
3,P1_thank_you,MSG0005030,message_exists,1,
3,P1_thank_you,MSG0005030,patient_originated_portal_message,1,
3,P1_thank_you,MSG0005030,is_reply_to_prior_outbound,1,
3,P1_thank_you,MSG0005030,thread_ending,1,later_messages=0
3,P1_thank_you,MSG0005030,accessed_and_completed,1,
4,P2_unread_cc,MSG0000052,message_exists,1,
4,P2_unread_cc,MSG0000052,is_cc,1,
4,P2_unread_cc,MSG0000052,no_access_event,1,accesses=0
4,P8_nonclinical_misrouted,MSG0000094,message_exists,1,
4,P8_nonclinical_misrouted,MSG0000094,nonclinical_category,1,category=billing_question
4,P8_nonclinical_misrouted,MSG0000094,reaches_provider,1,provider_forwards=1
4,P4_result_misrouted,MSG0000188,message_exists,1,
4,P4_result_misrouted,MSG0000188,is_result,1,
4,P4_result_misrouted,MSG0000188,recipient_not_ordering,1,
4,P4_result_misrouted,MSG0000188,recipient_not_covering,1,cover=None
4,P2_unread_cc,MSG0000204,message_exists,1,
4,P2_unread_cc,MSG0000204,is_cc,1,
4,P2_unread_cc,MSG0000204,no_access_event,1,accesses=0
4,P1_thank_you,MSG0000247,message_exists,1,
4,P1_thank_you,MSG0000247,patient_originated_portal_message,1,
4,P1_thank_you,MSG0000247,is_reply_to_prior_outbound,1,
4,P1_thank_you,MSG0000247,thread_ending,1,later_messages=0
4,P1_thank_you,MSG0000247,accessed_and_completed,1,
4,P3_extended_thread,THR0000236,thread_exists,1,
4,P3_extended_thread,THR0000236,three_or_more_patient_incoming,1,incoming=3
4,P3_extended_thread,THR0000236,four_or_more_message_exchanges,1,in+out=6
4,P3_extended_thread,THR0000236,spans_at_least_3_days,1,span_days=5.88
4,P3_extended_thread,THR0000236,no_visit_between,1,intervening_visits=0
4,P4_result_misrouted,MSG0000269,message_exists,1,
4,P4_result_misrouted,MSG0000269,is_result,1,
4,P4_result_misrouted,MSG0000269,recipient_not_ordering,1,
4,P4_result_misrouted,MSG0000269,recipient_not_covering,1,cover=None
4,P4_result_misrouted,MSG0000280,message_exists,1,
4,P4_result_misrouted,MSG0000280,is_result,1,
4,P4_result_misrouted,MSG0000280,recipient_not_ordering,1,
4,P4_result_misrouted,MSG0000280,recipient_not_covering,1,cover=None
4,P2_unread_cc,MSG0000304,message_exists,1,
4,P2_unread_cc,MSG0000304,is_cc,1,
4,P2_unread_cc,MSG0000304,no_access_event,1,accesses=0
4,P7_pingpong,MSG0000331,message_exists,1,
4,P7_pingpong,MSG0000331,at_least_two_staff_to_provider_forwards,1,staff_to_provider=2
4,P7_pingpong,MSG0000331,at_least_two_provider_to_staff_forwards,1,provider_to_staff=2
4,P7_pingpong,MSG0000331,two_or_more_round_trips,1,roundtrips=2
4,P2_unread_cc,MSG0000450,message_exists,1,
4,P2_unread_cc,MSG0000450,is_cc,1,
4,P2_unread_cc,MSG0000450,no_access_event,1,accesses=0
4,P2_unread_cc,MSG0000451,message_exists,1,
4,P2_unread_cc,MSG0000451,is_cc,1,
4,P2_unread_cc,MSG0000451,no_access_event,1,accesses=0
4,P2_unread_cc,MSG0000454,message_exists,1,
4,P2_unread_cc,MSG0000454,is_cc,1,
4,P2_unread_cc,MSG0000454,no_access_event,1,accesses=0
4,P2_unread_cc,MSG0000457,message_exists,1,
4,P2_unread_cc,MSG0000457,is_cc,1,
4,P2_unread_cc,MSG0000457,no_access_event,1,accesses=0
4,P4_result_misrouted,MSG0000512,message_exists,1,
4,P4_result_misrouted,MSG0000512,is_result,1,
4,P4_result_misrouted,MSG0000512,recipient_not_ordering,1,
4,P4_result_misrouted,MSG0000512,recipient_not_covering,1,cover=None
4,P2_unread_cc,MSG0000526,message_exists,1,
4,P2_unread_cc,MSG0000526,is_cc,1,
4,P2_unread_cc,MSG0000526,no_access_event,1,accesses=0
4,P2_unread_cc,MSG0000528,message_exists,1,
4,P2_unread_cc,MSG0000528,is_cc,1,
4,P2_unread_cc,MSG0000528,no_access_event,1,accesses=0
4,P8_nonclinical_misrouted,MSG0000567,message_exists,1,
4,P8_nonclinical_misrouted,MSG0000567,nonclinical_category,1,category=billing_question
4,P8_nonclinical_misrouted,MSG0000567,reaches_provider,1,provider_forwards=1
4,P4_result_misrouted,MSG0000581,message_exists,1,
4,P4_result_misrouted,MSG0000581,is_result,1,
4,P4_result_misrouted,MSG0000581,recipient_not_ordering,1,
4,P4_result_misrouted,MSG0000581,recipient_not_covering,1,cover=None
4,P2_unread_cc,MSG0000611,message_exists,1,
4,P2_unread_cc,MSG0000611,is_cc,1,
4,P2_unread_cc,MSG0000611,no_access_event,1,accesses=0
4,P2_unread_cc,MSG0000614,message_exists,1,
4,P2_unread_cc,MSG0000614,is_cc,1,
4,P2_unread_cc,MSG0000614,no_access_event,1,accesses=0
4,P8_nonclinical_misrouted,MSG0000658,message_exists,1,
4,P8_nonclinical_misrouted,MSG0000658,nonclinical_category,1,category=billing_question
4,P8_nonclinical_misrouted,MSG0000658,reaches_provider,1,provider_forwards=1
4,P2_unread_cc,MSG0000698,message_exists,1,
4,P2_unread_cc,MSG0000698,is_cc,1,
4,P2_unread_cc,MSG0000698,no_access_event,1,accesses=0
4,P2_unread_cc,MSG0000700,message_exists,1,
4,P2_unread_cc,MSG0000700,is_cc,1,
4,P2_unread_cc,MSG0000700,no_access_event,1,accesses=0
4,P2_unread_cc,MSG0000763,message_exists,1,
4,P2_unread_cc,MSG0000763,is_cc,1,
4,P2_unread_cc,MSG0000763,no_access_event,1,accesses=0
4,P2_unread_cc,MSG0000772,message_exists,1,
4,P2_unread_cc,MSG0000772,is_cc,1,
4,P2_unread_cc,MSG0000772,no_access_event,1,accesses=0
4,P4_result_misrouted,MSG0000814,message_exists,1,
4,P4_result_misrouted,MSG0000814,is_result,1,
4,P4_result_misrouted,MSG0000814,recipient_not_ordering,1,
4,P4_result_misrouted,MSG0000814,recipient_not_covering,1,cover=None
4,P4_result_misrouted,MSG0000829,message_exists,1,
4,P4_result_misrouted,MSG0000829,is_result,1,
4,P4_result_misrouted,MSG0000829,recipient_not_ordering,1,
4,P4_result_misrouted,MSG0000829,recipient_not_covering,1,cover=None
4,P2_unread_cc,MSG0000847,message_exists,1,
4,P2_unread_cc,MSG0000847,is_cc,1,
4,P2_unread_cc,MSG0000847,no_access_event,1,accesses=0
4,P7_pingpong,MSG0000879,message_exists,1,
4,P7_pingpong,MSG0000879,at_least_two_staff_to_provider_forwards,1,staff_to_provider=2
4,P7_pingpong,MSG0000879,at_least_two_provider_to_staff_forwards,1,provider_to_staff=2
4,P7_pingpong,MSG0000879,two_or_more_round_trips,1,roundtrips=2
4,P2_unread_cc,MSG0000915,message_exists,1,
4,P2_unread_cc,MSG0000915,is_cc,1,
4,P2_unread_cc,MSG0000915,no_access_event,1,accesses=0
4,P2_unread_cc,MSG0000925,message_exists,1,
4,P2_unread_cc,MSG0000925,is_cc,1,
4,P2_unread_cc,MSG0000925,no_access_event,1,accesses=0
4,P2_unread_cc,MSG0000997,message_exists,1,
4,P2_unread_cc,MSG0000997,is_cc,1,
4,P2_unread_cc,MSG0000997,no_access_event,1,accesses=0
4,P2_unread_cc,MSG0000998,message_exists,1,
4,P2_unread_cc,MSG0000998,is_cc,1,
4,P2_unread_cc,MSG0000998,no_access_event,1,accesses=0
4,P2_unread_cc,MSG0000999,message_exists,1,
4,P2_unread_cc,MSG0000999,is_cc,1,
4,P2_unread_cc,MSG0000999,no_access_event,1,accesses=0
4,P2_unread_cc,MSG0001001,message_exists,1,
4,P2_unread_cc,MSG0001001,is_cc,1,
4,P2_unread_cc,MSG0001001,no_access_event,1,accesses=0
4,P2_unread_cc,MSG0001160,message_exists,1,
4,P2_unread_cc,MSG0001160,is_cc,1,
4,P2_unread_cc,MSG0001160,no_access_event,1,accesses=0
4,P2_unread_cc,MSG0001161,message_exists,1,
4,P2_unread_cc,MSG0001161,is_cc,1,
4,P2_unread_cc,MSG0001161,no_access_event,1,accesses=0
4,P4_result_misrouted,MSG0001218,message_exists,1,
4,P4_result_misrouted,MSG0001218,is_result,1,
4,P4_result_misrouted,MSG0001218,recipient_not_ordering,1,
4,P4_result_misrouted,MSG0001218,recipient_not_covering,1,cover=None
4,P7_pingpong,MSG0001272,message_exists,1,
4,P7_pingpong,MSG0001272,at_least_two_staff_to_provider_forwards,1,staff_to_provider=2
4,P7_pingpong,MSG0001272,at_least_two_provider_to_staff_forwards,1,provider_to_staff=2
4,P7_pingpong,MSG0001272,two_or_more_round_trips,1,roundtrips=2
4,P2_unread_cc,MSG0001314,message_exists,1,
4,P2_unread_cc,MSG0001314,is_cc,1,
4,P2_unread_cc,MSG0001314,no_access_event,1,accesses=0
4,P2_unread_cc,MSG0001392,message_exists,1,
4,P2_unread_cc,MSG0001392,is_cc,1,
4,P2_unread_cc,MSG0001392,no_access_event,1,accesses=0
4,P2_unread_cc,MSG0001393,message_exists,1,
4,P2_unread_cc,MSG0001393,is_cc,1,
4,P2_unread_cc,MSG0001393,no_access_event,1,accesses=0
4,P2_unread_cc,MSG0001394,message_exists,1,
4,P2_unread_cc,MSG0001394,is_cc,1,
4,P2_unread_cc,MSG0001394,no_access_event,1,accesses=0
4,P2_unread_cc,MSG0001455,message_exists,1,
4,P2_unread_cc,MSG0001455,is_cc,1,
4,P2_unread_cc,MSG0001455,no_access_event,1,accesses=0
4,P2_unread_cc,MSG0001458,message_exists,1,
4,P2_unread_cc,MSG0001458,is_cc,1,
4,P2_unread_cc,MSG0001458,no_access_event,1,accesses=0
4,P1_thank_you,MSG0001489,message_exists,1,
4,P1_thank_you,MSG0001489,patient_originated_portal_message,1,
4,P1_thank_you,MSG0001489,is_reply_to_prior_outbound,1,
4,P1_thank_you,MSG0001489,thread_ending,1,later_messages=0
4,P1_thank_you,MSG0001489,accessed_and_completed,1,
4,P8_nonclinical_misrouted,MSG0001497,message_exists,1,
4,P8_nonclinical_misrouted,MSG0001497,nonclinical_category,1,category=appointment_request
4,P8_nonclinical_misrouted,MSG0001497,reaches_provider,1,provider_forwards=1
4,P4_result_misrouted,MSG0001508,message_exists,1,
4,P4_result_misrouted,MSG0001508,is_result,1,
4,P4_result_misrouted,MSG0001508,recipient_not_ordering,1,
4,P4_result_misrouted,MSG0001508,recipient_not_covering,1,cover=None
4,P2_unread_cc,MSG0001543,message_exists,1,
4,P2_unread_cc,MSG0001543,is_cc,1,
4,P2_unread_cc,MSG0001543,no_access_event,1,accesses=0
4,P2_unread_cc,MSG0001546,message_exists,1,
4,P2_unread_cc,MSG0001546,is_cc,1,
4,P2_unread_cc,MSG0001546,no_access_event,1,accesses=0
4,P2_unread_cc,MSG0001547,message_exists,1,
4,P2_unread_cc,MSG0001547,is_cc,1,
4,P2_unread_cc,MSG0001547,no_access_event,1,accesses=0
4,P2_unread_cc,MSG0001548,message_exists,1,
4,P2_unread_cc,MSG0001548,is_cc,1,
4,P2_unread_cc,MSG0001548,no_access_event,1,accesses=0
4,P4_result_misrouted,MSG0001606,message_exists,1,
4,P4_result_misrouted,MSG0001606,is_result,1,
4,P4_result_misrouted,MSG0001606,recipient_not_ordering,1,
4,P4_result_misrouted,MSG0001606,recipient_not_covering,1,cover=None
4,P2_unread_cc,MSG0001624,message_exists,1,
4,P2_unread_cc,MSG0001624,is_cc,1,
4,P2_unread_cc,MSG0001624,no_access_event,1,accesses=0
4,P2_unread_cc,MSG0001627,message_exists,1,
4,P2_unread_cc,MSG0001627,is_cc,1,
4,P2_unread_cc,MSG0001627,no_access_event,1,accesses=0
4,P2_unread_cc,MSG0001630,message_exists,1,
4,P2_unread_cc,MSG0001630,is_cc,1,
4,P2_unread_cc,MSG0001630,no_access_event,1,accesses=0
4,P4_result_misrouted,MSG0001670,message_exists,1,
4,P4_result_misrouted,MSG0001670,is_result,1,
4,P4_result_misrouted,MSG0001670,recipient_not_ordering,1,
4,P4_result_misrouted,MSG0001670,recipient_not_covering,1,cover=None
4,P2_unread_cc,MSG0001711,message_exists,1,
4,P2_unread_cc,MSG0001711,is_cc,1,
4,P2_unread_cc,MSG0001711,no_access_event,1,accesses=0
4,P2_unread_cc,MSG0001713,message_exists,1,
4,P2_unread_cc,MSG0001713,is_cc,1,
4,P2_unread_cc,MSG0001713,no_access_event,1,accesses=0
4,P2_unread_cc,MSG0001715,message_exists,1,
4,P2_unread_cc,MSG0001715,is_cc,1,
4,P2_unread_cc,MSG0001715,no_access_event,1,accesses=0
4,P2_unread_cc,MSG0001787,message_exists,1,
4,P2_unread_cc,MSG0001787,is_cc,1,
4,P2_unread_cc,MSG0001787,no_access_event,1,accesses=0
4,P2_unread_cc,MSG0001789,message_exists,1,
4,P2_unread_cc,MSG0001789,is_cc,1,
4,P2_unread_cc,MSG0001789,no_access_event,1,accesses=0
4,P2_unread_cc,MSG0001791,message_exists,1,
4,P2_unread_cc,MSG0001791,is_cc,1,
4,P2_unread_cc,MSG0001791,no_access_event,1,accesses=0
4,P2_unread_cc,MSG0001794,message_exists,1,
4,P2_unread_cc,MSG0001794,is_cc,1,
4,P2_unread_cc,MSG0001794,no_access_event,1,accesses=0
4,P3_extended_thread,THR0001815,thread_exists,1,
4,P3_extended_thread,THR0001815,three_or_more_patient_incoming,1,incoming=3
4,P3_extended_thread,THR0001815,four_or_more_message_exchanges,1,in+out=6
4,P3_extended_thread,THR0001815,spans_at_least_3_days,1,span_days=9.07
4,P3_extended_thread,THR0001815,no_visit_between,1,intervening_visits=0
4,P7_pingpong,MSG0001905,message_exists,1,
4,P7_pingpong,MSG0001905,at_least_two_staff_to_provider_forwards,1,staff_to_provider=2
4,P7_pingpong,MSG0001905,at_least_two_provider_to_staff_forwards,1,provider_to_staff=2
4,P7_pingpong,MSG0001905,two_or_more_round_trips,1,roundtrips=2
4,P2_unread_cc,MSG0001960,message_exists,1,
4,P2_unread_cc,MSG0001960,is_cc,1,
4,P2_unread_cc,MSG0001960,no_access_event,1,accesses=0
4,P2_unread_cc,MSG0001961,message_exists,1,
4,P2_unread_cc,MSG0001961,is_cc,1,
4,P2_unread_cc,MSG0001961,no_access_event,1,accesses=0
4,P2_unread_cc,MSG0001962,message_exists,1,
4,P2_unread_cc,MSG0001962,is_cc,1,
4,P2_unread_cc,MSG0001962,no_access_event,1,accesses=0
4,P2_unread_cc,MSG0002024,message_exists,1,
4,P2_unread_cc,MSG0002024,is_cc,1,
4,P2_unread_cc,MSG0002024,no_access_event,1,accesses=0
4,P4_result_misrouted,MSG0002085,message_exists,1,
4,P4_result_misrouted,MSG0002085,is_result,1,
4,P4_result_misrouted,MSG0002085,recipient_not_ordering,1,
4,P4_result_misrouted,MSG0002085,recipient_not_covering,1,cover=None
4,P2_unread_cc,MSG0002109,message_exists,1,
4,P2_unread_cc,MSG0002109,is_cc,1,
4,P2_unread_cc,MSG0002109,no_access_event,1,accesses=0
4,P2_unread_cc,MSG0002194,message_exists,1,
4,P2_unread_cc,MSG0002194,is_cc,1,
4,P2_unread_cc,MSG0002194,no_access_event,1,accesses=0
4,P2_unread_cc,MSG0002196,message_exists,1,
4,P2_unread_cc,MSG0002196,is_cc,1,
4,P2_unread_cc,MSG0002196,no_access_event,1,accesses=0
4,P4_result_misrouted,MSG0002242,message_exists,1,
4,P4_result_misrouted,MSG0002242,is_result,1,
4,P4_result_misrouted,MSG0002242,recipient_not_ordering,1,
4,P4_result_misrouted,MSG0002242,recipient_not_covering,1,cover=None
4,P2_unread_cc,MSG0002275,message_exists,1,
4,P2_unread_cc,MSG0002275,is_cc,1,
4,P2_unread_cc,MSG0002275,no_access_event,1,accesses=0
4,P2_unread_cc,MSG0002278,message_exists,1,
4,P2_unread_cc,MSG0002278,is_cc,1,
4,P2_unread_cc,MSG0002278,no_access_event,1,accesses=0
4,P2_unread_cc,MSG0002279,message_exists,1,
4,P2_unread_cc,MSG0002279,is_cc,1,
4,P2_unread_cc,MSG0002279,no_access_event,1,accesses=0
4,P4_result_misrouted,MSG0002328,message_exists,1,
4,P4_result_misrouted,MSG0002328,is_result,1,
4,P4_result_misrouted,MSG0002328,recipient_not_ordering,1,
4,P4_result_misrouted,MSG0002328,recipient_not_covering,1,cover=None
4,P2_unread_cc,MSG0002358,message_exists,1,
4,P2_unread_cc,MSG0002358,is_cc,1,
4,P2_unread_cc,MSG0002358,no_access_event,1,accesses=0
4,P2_unread_cc,MSG0002362,message_exists,1,
4,P2_unread_cc,MSG0002362,is_cc,1,
4,P2_unread_cc,MSG0002362,no_access_event,1,accesses=0
4,P2_unread_cc,MSG0002369,message_exists,1,
4,P2_unread_cc,MSG0002369,is_cc,1,
4,P2_unread_cc,MSG0002369,no_access_event,1,accesses=0
4,P4_result_misrouted,MSG0002421,message_exists,1,
4,P4_result_misrouted,MSG0002421,is_result,1,
4,P4_result_misrouted,MSG0002421,recipient_not_ordering,1,
4,P4_result_misrouted,MSG0002421,recipient_not_covering,1,cover=None
4,P2_unread_cc,MSG0002452,message_exists,1,
4,P2_unread_cc,MSG0002452,is_cc,1,
4,P2_unread_cc,MSG0002452,no_access_event,1,accesses=0
4,P2_unread_cc,MSG0002454,message_exists,1,
4,P2_unread_cc,MSG0002454,is_cc,1,
4,P2_unread_cc,MSG0002454,no_access_event,1,accesses=0
4,P2_unread_cc,MSG0002456,message_exists,1,
4,P2_unread_cc,MSG0002456,is_cc,1,
4,P2_unread_cc,MSG0002456,no_access_event,1,accesses=0
4,P2_unread_cc,MSG0002458,message_exists,1,
4,P2_unread_cc,MSG0002458,is_cc,1,
4,P2_unread_cc,MSG0002458,no_access_event,1,accesses=0
4,P8_nonclinical_misrouted,MSG0002517,message_exists,1,
4,P8_nonclinical_misrouted,MSG0002517,nonclinical_category,1,category=cancellation
4,P8_nonclinical_misrouted,MSG0002517,reaches_provider,1,provider_forwards=1
4,P3_extended_thread,THR0002421,thread_exists,1,
4,P3_extended_thread,THR0002421,three_or_more_patient_incoming,1,incoming=3
4,P3_extended_thread,THR0002421,four_or_more_message_exchanges,1,in+out=7
4,P3_extended_thread,THR0002421,spans_at_least_3_days,1,span_days=7.66
4,P3_extended_thread,THR0002421,no_visit_between,0,intervening_visits=1
4,P2_unread_cc,MSG0002589,message_exists,1,
4,P2_unread_cc,MSG0002589,is_cc,1,
4,P2_unread_cc,MSG0002589,no_access_event,1,accesses=0
4,P2_unread_cc,MSG0002590,message_exists,1,
4,P2_unread_cc,MSG0002590,is_cc,1,
4,P2_unread_cc,MSG0002590,no_access_event,1,accesses=0
4,P2_unread_cc,MSG0002591,message_exists,1,
4,P2_unread_cc,MSG0002591,is_cc,1,
4,P2_unread_cc,MSG0002591,no_access_event,1,accesses=0
4,P2_unread_cc,MSG0002592,message_exists,1,
4,P2_unread_cc,MSG0002592,is_cc,1,
4,P2_unread_cc,MSG0002592,no_access_event,1,accesses=0
4,P2_unread_cc,MSG0002594,message_exists,1,
4,P2_unread_cc,MSG0002594,is_cc,1,
4,P2_unread_cc,MSG0002594,no_access_event,1,accesses=0
4,P2_unread_cc,MSG0002595,message_exists,1,
4,P2_unread_cc,MSG0002595,is_cc,1,
4,P2_unread_cc,MSG0002595,no_access_event,1,accesses=0
4,P4_result_misrouted,MSG0002633,message_exists,1,
4,P4_result_misrouted,MSG0002633,is_result,1,
4,P4_result_misrouted,MSG0002633,recipient_not_ordering,1,
4,P4_result_misrouted,MSG0002633,recipient_not_covering,1,cover=None
4,P2_unread_cc,MSG0002661,message_exists,1,
4,P2_unread_cc,MSG0002661,is_cc,1,
4,P2_unread_cc,MSG0002661,no_access_event,1,accesses=0
4,P2_unread_cc,MSG0002665,message_exists,1,
4,P2_unread_cc,MSG0002665,is_cc,1,
4,P2_unread_cc,MSG0002665,no_access_event,1,accesses=0
4,P2_unread_cc,MSG0002666,message_exists,1,
4,P2_unread_cc,MSG0002666,is_cc,1,
4,P2_unread_cc,MSG0002666,no_access_event,1,accesses=0
4,P2_unread_cc,MSG0002667,message_exists,1,
4,P2_unread_cc,MSG0002667,is_cc,1,
4,P2_unread_cc,MSG0002667,no_access_event,1,accesses=0
4,P2_unread_cc,MSG0002668,message_exists,1,
4,P2_unread_cc,MSG0002668,is_cc,1,
4,P2_unread_cc,MSG0002668,no_access_event,1,accesses=0
4,P2_unread_cc,MSG0002671,message_exists,1,
4,P2_unread_cc,MSG0002671,is_cc,1,
4,P2_unread_cc,MSG0002671,no_access_event,1,accesses=0
4,P4_result_misrouted,MSG0002722,message_exists,1,
4,P4_result_misrouted,MSG0002722,is_result,1,
4,P4_result_misrouted,MSG0002722,recipient_not_ordering,1,
4,P4_result_misrouted,MSG0002722,recipient_not_covering,1,cover=None
4,P2_unread_cc,MSG0002744,message_exists,1,
4,P2_unread_cc,MSG0002744,is_cc,1,
4,P2_unread_cc,MSG0002744,no_access_event,1,accesses=0
4,P2_unread_cc,MSG0002747,message_exists,1,
4,P2_unread_cc,MSG0002747,is_cc,1,
4,P2_unread_cc,MSG0002747,no_access_event,1,accesses=0
4,P2_unread_cc,MSG0002749,message_exists,1,
4,P2_unread_cc,MSG0002749,is_cc,1,
4,P2_unread_cc,MSG0002749,no_access_event,1,accesses=0
4,P2_unread_cc,MSG0002753,message_exists,1,
4,P2_unread_cc,MSG0002753,is_cc,1,
4,P2_unread_cc,MSG0002753,no_access_event,1,accesses=0
4,P2_unread_cc,MSG0002754,message_exists,1,
4,P2_unread_cc,MSG0002754,is_cc,1,
4,P2_unread_cc,MSG0002754,no_access_event,1,accesses=0
4,P1_thank_you,MSG0002795,message_exists,1,
4,P1_thank_you,MSG0002795,patient_originated_portal_message,1,
4,P1_thank_you,MSG0002795,is_reply_to_prior_outbound,1,
4,P1_thank_you,MSG0002795,thread_ending,1,later_messages=0
4,P1_thank_you,MSG0002795,accessed_and_completed,1,
4,P3_extended_thread,THR0002653,thread_exists,1,
4,P3_extended_thread,THR0002653,three_or_more_patient_incoming,1,incoming=3
4,P3_extended_thread,THR0002653,four_or_more_message_exchanges,1,in+out=6
4,P3_extended_thread,THR0002653,spans_at_least_3_days,1,span_days=5.83
4,P3_extended_thread,THR0002653,no_visit_between,1,intervening_visits=0
4,P7_pingpong,MSG0002805,message_exists,1,
4,P7_pingpong,MSG0002805,at_least_two_staff_to_provider_forwards,1,staff_to_provider=2
4,P7_pingpong,MSG0002805,at_least_two_provider_to_staff_forwards,1,provider_to_staff=2
4,P7_pingpong,MSG0002805,two_or_more_round_trips,1,roundtrips=2
4,P2_unread_cc,MSG0002835,message_exists,1,
4,P2_unread_cc,MSG0002835,is_cc,1,
4,P2_unread_cc,MSG0002835,no_access_event,1,accesses=0
4,P2_unread_cc,MSG0003015,message_exists,1,
4,P2_unread_cc,MSG0003015,is_cc,1,
4,P2_unread_cc,MSG0003015,no_access_event,1,accesses=0
4,P2_unread_cc,MSG0003017,message_exists,1,
4,P2_unread_cc,MSG0003017,is_cc,1,
4,P2_unread_cc,MSG0003017,no_access_event,1,accesses=0
4,P2_unread_cc,MSG0003021,message_exists,1,
4,P2_unread_cc,MSG0003021,is_cc,1,
4,P2_unread_cc,MSG0003021,no_access_event,1,accesses=0
4,P7_pingpong,MSG0003059,message_exists,1,
4,P7_pingpong,MSG0003059,at_least_two_staff_to_provider_forwards,1,staff_to_provider=2
4,P7_pingpong,MSG0003059,at_least_two_provider_to_staff_forwards,1,provider_to_staff=2
4,P7_pingpong,MSG0003059,two_or_more_round_trips,1,roundtrips=2
4,P2_unread_cc,MSG0003089,message_exists,1,
4,P2_unread_cc,MSG0003089,is_cc,1,
4,P2_unread_cc,MSG0003089,no_access_event,1,accesses=0
4,P8_nonclinical_misrouted,MSG0003128,message_exists,1,
4,P8_nonclinical_misrouted,MSG0003128,nonclinical_category,1,category=billing_question
4,P8_nonclinical_misrouted,MSG0003128,reaches_provider,1,provider_forwards=1
4,P1_thank_you,MSG0003130,message_exists,1,
4,P1_thank_you,MSG0003130,patient_originated_portal_message,1,
4,P1_thank_you,MSG0003130,is_reply_to_prior_outbound,1,
4,P1_thank_you,MSG0003130,thread_ending,1,later_messages=0
4,P1_thank_you,MSG0003130,accessed_and_completed,1,
4,P2_unread_cc,MSG0003168,message_exists,1,
4,P2_unread_cc,MSG0003168,is_cc,1,
4,P2_unread_cc,MSG0003168,no_access_event,1,accesses=0
4,P2_unread_cc,MSG0003170,message_exists,1,
4,P2_unread_cc,MSG0003170,is_cc,1,
4,P2_unread_cc,MSG0003170,no_access_event,1,accesses=0
4,P8_nonclinical_misrouted,MSG0003210,message_exists,1,
4,P8_nonclinical_misrouted,MSG0003210,nonclinical_category,1,category=billing_question
4,P8_nonclinical_misrouted,MSG0003210,reaches_provider,1,provider_forwards=1
4,P2_unread_cc,MSG0003242,message_exists,1,
4,P2_unread_cc,MSG0003242,is_cc,1,
4,P2_unread_cc,MSG0003242,no_access_event,1,accesses=0
4,P4_result_misrouted,MSG0003292,message_exists,1,
4,P4_result_misrouted,MSG0003292,is_result,1,
4,P4_result_misrouted,MSG0003292,recipient_not_ordering,1,
4,P4_result_misrouted,MSG0003292,recipient_not_covering,1,cover=None
4,P2_unread_cc,MSG0003326,message_exists,1,
4,P2_unread_cc,MSG0003326,is_cc,1,
4,P2_unread_cc,MSG0003326,no_access_event,1,accesses=0
4,P2_unread_cc,MSG0003331,message_exists,1,
4,P2_unread_cc,MSG0003331,is_cc,1,
4,P2_unread_cc,MSG0003331,no_access_event,1,accesses=0
4,P2_unread_cc,MSG0003333,message_exists,1,
4,P2_unread_cc,MSG0003333,is_cc,1,
4,P2_unread_cc,MSG0003333,no_access_event,1,accesses=0
4,P1_thank_you,MSG0003366,message_exists,1,
4,P1_thank_you,MSG0003366,patient_originated_portal_message,1,
4,P1_thank_you,MSG0003366,is_reply_to_prior_outbound,1,
4,P1_thank_you,MSG0003366,thread_ending,1,later_messages=0
4,P1_thank_you,MSG0003366,accessed_and_completed,1,
4,P7_pingpong,MSG0003371,message_exists,1,
4,P7_pingpong,MSG0003371,at_least_two_staff_to_provider_forwards,1,staff_to_provider=2
4,P7_pingpong,MSG0003371,at_least_two_provider_to_staff_forwards,1,provider_to_staff=2
4,P7_pingpong,MSG0003371,two_or_more_round_trips,1,roundtrips=2
4,P2_unread_cc,MSG0003406,message_exists,1,
4,P2_unread_cc,MSG0003406,is_cc,1,
4,P2_unread_cc,MSG0003406,no_access_event,1,accesses=0
4,P2_unread_cc,MSG0003409,message_exists,1,
4,P2_unread_cc,MSG0003409,is_cc,1,
4,P2_unread_cc,MSG0003409,no_access_event,1,accesses=0
4,P2_unread_cc,MSG0003410,message_exists,1,
4,P2_unread_cc,MSG0003410,is_cc,1,
4,P2_unread_cc,MSG0003410,no_access_event,1,accesses=0
4,P3_extended_thread,THR0003269,thread_exists,1,
4,P3_extended_thread,THR0003269,three_or_more_patient_incoming,1,incoming=3
4,P3_extended_thread,THR0003269,four_or_more_message_exchanges,1,in+out=6
4,P3_extended_thread,THR0003269,spans_at_least_3_days,1,span_days=5.83
4,P3_extended_thread,THR0003269,no_visit_between,1,intervening_visits=0
4,P4_result_misrouted,MSG0003467,message_exists,1,
4,P4_result_misrouted,MSG0003467,is_result,1,
4,P4_result_misrouted,MSG0003467,recipient_not_ordering,1,
4,P4_result_misrouted,MSG0003467,recipient_not_covering,1,cover=None
4,P4_result_misrouted,MSG0003475,message_exists,1,
4,P4_result_misrouted,MSG0003475,is_result,1,
4,P4_result_misrouted,MSG0003475,recipient_not_ordering,1,
4,P4_result_misrouted,MSG0003475,recipient_not_covering,1,cover=None
4,P2_unread_cc,MSG0003489,message_exists,1,
4,P2_unread_cc,MSG0003489,is_cc,1,
4,P2_unread_cc,MSG0003489,no_access_event,1,accesses=0
4,P2_unread_cc,MSG0003490,message_exists,1,
4,P2_unread_cc,MSG0003490,is_cc,1,
4,P2_unread_cc,MSG0003490,no_access_event,1,accesses=0
4,P2_unread_cc,MSG0003491,message_exists,1,
4,P2_unread_cc,MSG0003491,is_cc,1,
4,P2_unread_cc,MSG0003491,no_access_event,1,accesses=0
4,P4_result_misrouted,MSG0003549,message_exists,1,
4,P4_result_misrouted,MSG0003549,is_result,1,
4,P4_result_misrouted,MSG0003549,recipient_not_ordering,1,
4,P4_result_misrouted,MSG0003549,recipient_not_covering,1,cover=None
4,P2_unread_cc,MSG0003576,message_exists,1,
4,P2_unread_cc,MSG0003576,is_cc,1,
4,P2_unread_cc,MSG0003576,no_access_event,1,accesses=0
4,P2_unread_cc,MSG0003644,message_exists,1,
4,P2_unread_cc,MSG0003644,is_cc,1,
4,P2_unread_cc,MSG0003644,no_access_event,1,accesses=0
4,P2_unread_cc,MSG0003648,message_exists,1,
4,P2_unread_cc,MSG0003648,is_cc,1,
4,P2_unread_cc,MSG0003648,no_access_event,1,accesses=0
4,P2_unread_cc,MSG0003650,message_exists,1,
4,P2_unread_cc,MSG0003650,is_cc,1,
4,P2_unread_cc,MSG0003650,no_access_event,1,accesses=0
4,P2_unread_cc,MSG0003651,message_exists,1,
4,P2_unread_cc,MSG0003651,is_cc,1,
4,P2_unread_cc,MSG0003651,no_access_event,1,accesses=0
4,P2_unread_cc,MSG0003726,message_exists,1,
4,P2_unread_cc,MSG0003726,is_cc,1,
4,P2_unread_cc,MSG0003726,no_access_event,1,accesses=0
4,P2_unread_cc,MSG0003894,message_exists,1,
4,P2_unread_cc,MSG0003894,is_cc,1,
4,P2_unread_cc,MSG0003894,no_access_event,1,accesses=0
4,P2_unread_cc,MSG0003895,message_exists,1,
4,P2_unread_cc,MSG0003895,is_cc,1,
4,P2_unread_cc,MSG0003895,no_access_event,1,accesses=0
4,P2_unread_cc,MSG0003896,message_exists,1,
4,P2_unread_cc,MSG0003896,is_cc,1,
4,P2_unread_cc,MSG0003896,no_access_event,1,accesses=0
4,P2_unread_cc,MSG0003901,message_exists,1,
4,P2_unread_cc,MSG0003901,is_cc,1,
4,P2_unread_cc,MSG0003901,no_access_event,1,accesses=0
4,P7_pingpong,MSG0003934,message_exists,1,
4,P7_pingpong,MSG0003934,at_least_two_staff_to_provider_forwards,1,staff_to_provider=2
4,P7_pingpong,MSG0003934,at_least_two_provider_to_staff_forwards,1,provider_to_staff=2
4,P7_pingpong,MSG0003934,two_or_more_round_trips,1,roundtrips=2
4,P2_unread_cc,MSG0004048,message_exists,1,
4,P2_unread_cc,MSG0004048,is_cc,1,
4,P2_unread_cc,MSG0004048,no_access_event,1,accesses=0
4,P2_unread_cc,MSG0004051,message_exists,1,
4,P2_unread_cc,MSG0004051,is_cc,1,
4,P2_unread_cc,MSG0004051,no_access_event,1,accesses=0
4,P2_unread_cc,MSG0004127,message_exists,1,
4,P2_unread_cc,MSG0004127,is_cc,1,
4,P2_unread_cc,MSG0004127,no_access_event,1,accesses=0
4,P2_unread_cc,MSG0004130,message_exists,1,
4,P2_unread_cc,MSG0004130,is_cc,1,
4,P2_unread_cc,MSG0004130,no_access_event,1,accesses=0
4,P2_unread_cc,MSG0004197,message_exists,1,
4,P2_unread_cc,MSG0004197,is_cc,1,
4,P2_unread_cc,MSG0004197,no_access_event,1,accesses=0
4,P2_unread_cc,MSG0004202,message_exists,1,
4,P2_unread_cc,MSG0004202,is_cc,1,
4,P2_unread_cc,MSG0004202,no_access_event,1,accesses=0
4,P3_extended_thread,THR0004004,thread_exists,1,
4,P3_extended_thread,THR0004004,three_or_more_patient_incoming,1,incoming=3
4,P3_extended_thread,THR0004004,four_or_more_message_exchanges,1,in+out=6
4,P3_extended_thread,THR0004004,spans_at_least_3_days,1,span_days=5.95
4,P3_extended_thread,THR0004004,no_visit_between,1,intervening_visits=0
4,P4_result_misrouted,MSG0004249,message_exists,1,
4,P4_result_misrouted,MSG0004249,is_result,1,
4,P4_result_misrouted,MSG0004249,recipient_not_ordering,1,
4,P4_result_misrouted,MSG0004249,recipient_not_covering,1,cover=None
4,P2_unread_cc,MSG0004275,message_exists,1,
4,P2_unread_cc,MSG0004275,is_cc,1,
4,P2_unread_cc,MSG0004275,no_access_event,1,accesses=0
4,P2_unread_cc,MSG0004276,message_exists,1,
4,P2_unread_cc,MSG0004276,is_cc,1,
4,P2_unread_cc,MSG0004276,no_access_event,1,accesses=0
4,P2_unread_cc,MSG0004278,message_exists,1,
4,P2_unread_cc,MSG0004278,is_cc,1,
4,P2_unread_cc,MSG0004278,no_access_event,1,accesses=0
4,P2_unread_cc,MSG0004285,message_exists,1,
4,P2_unread_cc,MSG0004285,is_cc,1,
4,P2_unread_cc,MSG0004285,no_access_event,1,accesses=0
4,P2_unread_cc,MSG0004354,message_exists,1,
4,P2_unread_cc,MSG0004354,is_cc,1,
4,P2_unread_cc,MSG0004354,no_access_event,1,accesses=0
4,P2_unread_cc,MSG0004361,message_exists,1,
4,P2_unread_cc,MSG0004361,is_cc,1,
4,P2_unread_cc,MSG0004361,no_access_event,1,accesses=0
4,P2_unread_cc,MSG0004367,message_exists,1,
4,P2_unread_cc,MSG0004367,is_cc,1,
4,P2_unread_cc,MSG0004367,no_access_event,1,accesses=0
4,P2_unread_cc,MSG0004368,message_exists,1,
4,P2_unread_cc,MSG0004368,is_cc,1,
4,P2_unread_cc,MSG0004368,no_access_event,1,accesses=0
4,P1_thank_you,MSG0004396,message_exists,1,
4,P1_thank_you,MSG0004396,patient_originated_portal_message,1,
4,P1_thank_you,MSG0004396,is_reply_to_prior_outbound,1,
4,P1_thank_you,MSG0004396,thread_ending,1,later_messages=0
4,P1_thank_you,MSG0004396,accessed_and_completed,1,
4,P4_result_misrouted,MSG0004405,message_exists,1,
4,P4_result_misrouted,MSG0004405,is_result,1,
4,P4_result_misrouted,MSG0004405,recipient_not_ordering,1,
4,P4_result_misrouted,MSG0004405,recipient_not_covering,1,cover=None
4,P4_result_misrouted,MSG0004408,message_exists,1,
4,P4_result_misrouted,MSG0004408,is_result,1,
4,P4_result_misrouted,MSG0004408,recipient_not_ordering,1,
4,P4_result_misrouted,MSG0004408,recipient_not_covering,1,cover=None
4,P2_unread_cc,MSG0004432,message_exists,1,
4,P2_unread_cc,MSG0004432,is_cc,1,
4,P2_unread_cc,MSG0004432,no_access_event,1,accesses=0
4,P2_unread_cc,MSG0004440,message_exists,1,
4,P2_unread_cc,MSG0004440,is_cc,1,
4,P2_unread_cc,MSG0004440,no_access_event,1,accesses=0
4,P3_extended_thread,THR0004227,thread_exists,1,
4,P3_extended_thread,THR0004227,three_or_more_patient_incoming,1,incoming=3
4,P3_extended_thread,THR0004227,four_or_more_message_exchanges,1,in+out=7
4,P3_extended_thread,THR0004227,spans_at_least_3_days,1,span_days=5.22
4,P3_extended_thread,THR0004227,no_visit_between,1,intervening_visits=0
4,P2_unread_cc,MSG0004517,message_exists,1,
4,P2_unread_cc,MSG0004517,is_cc,1,
4,P2_unread_cc,MSG0004517,no_access_event,1,accesses=0
4,P2_unread_cc,MSG0004520,message_exists,1,
4,P2_unread_cc,MSG0004520,is_cc,1,
4,P2_unread_cc,MSG0004520,no_access_event,1,accesses=0
4,P4_result_misrouted,MSG0004577,message_exists,1,
4,P4_result_misrouted,MSG0004577,is_result,1,
4,P4_result_misrouted,MSG0004577,recipient_not_ordering,1,
4,P4_result_misrouted,MSG0004577,recipient_not_covering,1,cover=None
4,P2_unread_cc,MSG0004606,message_exists,1,
4,P2_unread_cc,MSG0004606,is_cc,1,
4,P2_unread_cc,MSG0004606,no_access_event,1,accesses=0
4,P2_unread_cc,MSG0004609,message_exists,1,
4,P2_unread_cc,MSG0004609,is_cc,1,
4,P2_unread_cc,MSG0004609,no_access_event,1,accesses=0
4,P2_unread_cc,MSG0004612,message_exists,1,
4,P2_unread_cc,MSG0004612,is_cc,1,
4,P2_unread_cc,MSG0004612,no_access_event,1,accesses=0
4,P2_unread_cc,MSG0004614,message_exists,1,
4,P2_unread_cc,MSG0004614,is_cc,1,
4,P2_unread_cc,MSG0004614,no_access_event,1,accesses=0
4,P2_unread_cc,MSG0004686,message_exists,1,
4,P2_unread_cc,MSG0004686,is_cc,1,
4,P2_unread_cc,MSG0004686,no_access_event,1,accesses=0
4,P1_thank_you,MSG0004713,message_exists,1,
4,P1_thank_you,MSG0004713,patient_originated_portal_message,1,
4,P1_thank_you,MSG0004713,is_reply_to_prior_outbound,1,
4,P1_thank_you,MSG0004713,thread_ending,1,later_messages=0
4,P1_thank_you,MSG0004713,accessed_and_completed,1,
4,P4_result_misrouted,MSG0004737,message_exists,1,
4,P4_result_misrouted,MSG0004737,is_result,1,
4,P4_result_misrouted,MSG0004737,recipient_not_ordering,1,
4,P4_result_misrouted,MSG0004737,recipient_not_covering,1,cover=None
4,P2_unread_cc,MSG0004756,message_exists,1,
4,P2_unread_cc,MSG0004756,is_cc,1,
4,P2_unread_cc,MSG0004756,no_access_event,1,accesses=0
4,P2_unread_cc,MSG0004761,message_exists,1,
4,P2_unread_cc,MSG0004761,is_cc,1,
4,P2_unread_cc,MSG0004761,no_access_event,1,accesses=0
4,P2_unread_cc,MSG0004762,message_exists,1,
4,P2_unread_cc,MSG0004762,is_cc,1,
4,P2_unread_cc,MSG0004762,no_access_event,1,accesses=0
4,P2_unread_cc,MSG0004845,message_exists,1,
4,P2_unread_cc,MSG0004845,is_cc,1,
4,P2_unread_cc,MSG0004845,no_access_event,1,accesses=0
4,P2_unread_cc,MSG0004851,message_exists,1,
4,P2_unread_cc,MSG0004851,is_cc,1,
4,P2_unread_cc,MSG0004851,no_access_event,1,accesses=0
4,P2_unread_cc,MSG0004852,message_exists,1,
4,P2_unread_cc,MSG0004852,is_cc,1,
4,P2_unread_cc,MSG0004852,no_access_event,1,accesses=0
4,P2_unread_cc,MSG0004917,message_exists,1,
4,P2_unread_cc,MSG0004917,is_cc,1,
4,P2_unread_cc,MSG0004917,no_access_event,1,accesses=0
4,P2_unread_cc,MSG0004920,message_exists,1,
4,P2_unread_cc,MSG0004920,is_cc,1,
4,P2_unread_cc,MSG0004920,no_access_event,1,accesses=0
4,P2_unread_cc,MSG0004921,message_exists,1,
4,P2_unread_cc,MSG0004921,is_cc,1,
4,P2_unread_cc,MSG0004921,no_access_event,1,accesses=0
4,P2_unread_cc,MSG0004986,message_exists,1,
4,P2_unread_cc,MSG0004986,is_cc,1,
4,P2_unread_cc,MSG0004986,no_access_event,1,accesses=0
4,P2_unread_cc,MSG0004988,message_exists,1,
4,P2_unread_cc,MSG0004988,is_cc,1,
4,P2_unread_cc,MSG0004988,no_access_event,1,accesses=0
4,P2_unread_cc,MSG0004991,message_exists,1,
4,P2_unread_cc,MSG0004991,is_cc,1,
4,P2_unread_cc,MSG0004991,no_access_event,1,accesses=0
4,P2_unread_cc,MSG0004993,message_exists,1,
4,P2_unread_cc,MSG0004993,is_cc,1,
4,P2_unread_cc,MSG0004993,no_access_event,1,accesses=0
4,P2_unread_cc,MSG0004994,message_exists,1,
4,P2_unread_cc,MSG0004994,is_cc,1,
4,P2_unread_cc,MSG0004994,no_access_event,1,accesses=0
4,P3_extended_thread,THR0004763,thread_exists,1,
4,P3_extended_thread,THR0004763,three_or_more_patient_incoming,1,incoming=3
4,P3_extended_thread,THR0004763,four_or_more_message_exchanges,1,in+out=6
4,P3_extended_thread,THR0004763,spans_at_least_3_days,1,span_days=5.81
4,P3_extended_thread,THR0004763,no_visit_between,1,intervening_visits=0
4,P7_pingpong,MSG0005058,message_exists,1,
4,P7_pingpong,MSG0005058,at_least_two_staff_to_provider_forwards,1,staff_to_provider=2
4,P7_pingpong,MSG0005058,at_least_two_provider_to_staff_forwards,1,provider_to_staff=2
4,P7_pingpong,MSG0005058,two_or_more_round_trips,1,roundtrips=2
4,P8_nonclinical_misrouted,MSG0005095,message_exists,1,
4,P8_nonclinical_misrouted,MSG0005095,nonclinical_category,1,category=appointment_request
4,P8_nonclinical_misrouted,MSG0005095,reaches_provider,1,provider_forwards=1
5,P4_result_misrouted,MSG0000021,message_exists,1,
5,P4_result_misrouted,MSG0000021,is_result,1,
5,P4_result_misrouted,MSG0000021,recipient_not_ordering,1,
5,P4_result_misrouted,MSG0000021,recipient_not_covering,1,cover=None
5,P2_unread_cc,MSG0000054,message_exists,1,
5,P2_unread_cc,MSG0000054,is_cc,1,
5,P2_unread_cc,MSG0000054,no_access_event,1,accesses=0
5,P2_unread_cc,MSG0000057,message_exists,1,
5,P2_unread_cc,MSG0000057,is_cc,1,
5,P2_unread_cc,MSG0000057,no_access_event,1,accesses=0
5,P2_unread_cc,MSG0000129,message_exists,1,
5,P2_unread_cc,MSG0000129,is_cc,1,
5,P2_unread_cc,MSG0000129,no_access_event,1,accesses=0
5,P2_unread_cc,MSG0000131,message_exists,1,
5,P2_unread_cc,MSG0000131,is_cc,1,
5,P2_unread_cc,MSG0000131,no_access_event,1,accesses=0
5,P2_unread_cc,MSG0000132,message_exists,1,
5,P2_unread_cc,MSG0000132,is_cc,1,
5,P2_unread_cc,MSG0000132,no_access_event,1,accesses=0
5,P2_unread_cc,MSG0000137,message_exists,1,
5,P2_unread_cc,MSG0000137,is_cc,1,
5,P2_unread_cc,MSG0000137,no_access_event,1,accesses=0
5,P2_unread_cc,MSG0000218,message_exists,1,
5,P2_unread_cc,MSG0000218,is_cc,1,
5,P2_unread_cc,MSG0000218,no_access_event,1,accesses=0
5,P2_unread_cc,MSG0000293,message_exists,1,
5,P2_unread_cc,MSG0000293,is_cc,1,
5,P2_unread_cc,MSG0000293,no_access_event,1,accesses=0
5,P3_extended_thread,THR0000333,thread_exists,1,
5,P3_extended_thread,THR0000333,three_or_more_patient_incoming,1,incoming=3
5,P3_extended_thread,THR0000333,four_or_more_message_exchanges,1,in+out=6
5,P3_extended_thread,THR0000333,spans_at_least_3_days,1,span_days=5.97
5,P3_extended_thread,THR0000333,no_visit_between,1,intervening_visits=0
5,P8_nonclinical_misrouted,MSG0000357,message_exists,1,
5,P8_nonclinical_misrouted,MSG0000357,nonclinical_category,1,category=cancellation
5,P8_nonclinical_misrouted,MSG0000357,reaches_provider,1,provider_forwards=1
5,P2_unread_cc,MSG0000382,message_exists,1,
5,P2_unread_cc,MSG0000382,is_cc,1,
5,P2_unread_cc,MSG0000382,no_access_event,1,accesses=0
5,P2_unread_cc,MSG0000383,message_exists,1,
5,P2_unread_cc,MSG0000383,is_cc,1,
5,P2_unread_cc,MSG0000383,no_access_event,1,accesses=0
5,P2_unread_cc,MSG0000386,message_exists,1,
5,P2_unread_cc,MSG0000386,is_cc,1,
5,P2_unread_cc,MSG0000386,no_access_event,1,accesses=0
5,P2_unread_cc,MSG0000390,message_exists,1,
5,P2_unread_cc,MSG0000390,is_cc,1,
5,P2_unread_cc,MSG0000390,no_access_event,1,accesses=0
5,P4_result_misrouted,MSG0000442,message_exists,1,
5,P4_result_misrouted,MSG0000442,is_result,1,
5,P4_result_misrouted,MSG0000442,recipient_not_ordering,1,
5,P4_result_misrouted,MSG0000442,recipient_not_covering,1,cover=None
5,P2_unread_cc,MSG0000469,message_exists,1,
5,P2_unread_cc,MSG0000469,is_cc,1,
5,P2_unread_cc,MSG0000469,no_access_event,1,accesses=0
5,P2_unread_cc,MSG0000471,message_exists,1,
5,P2_unread_cc,MSG0000471,is_cc,1,
5,P2_unread_cc,MSG0000471,no_access_event,1,accesses=0
5,P7_pingpong,MSG0000499,message_exists,1,
5,P7_pingpong,MSG0000499,at_least_two_staff_to_provider_forwards,1,staff_to_provider=2
5,P7_pingpong,MSG0000499,at_least_two_provider_to_staff_forwards,1,provider_to_staff=2
5,P7_pingpong,MSG0000499,two_or_more_round_trips,1,roundtrips=2
5,P1_thank_you,MSG0000503,message_exists,1,
5,P1_thank_you,MSG0000503,patient_originated_portal_message,1,
5,P1_thank_you,MSG0000503,is_reply_to_prior_outbound,1,
5,P1_thank_you,MSG0000503,thread_ending,1,later_messages=0
5,P1_thank_you,MSG0000503,accessed_and_completed,1,
5,P3_extended_thread,THR0000477,thread_exists,1,
5,P3_extended_thread,THR0000477,three_or_more_patient_incoming,1,incoming=3
5,P3_extended_thread,THR0000477,four_or_more_message_exchanges,1,in+out=6
5,P3_extended_thread,THR0000477,spans_at_least_3_days,1,span_days=5.39
5,P3_extended_thread,THR0000477,no_visit_between,1,intervening_visits=0
5,P2_unread_cc,MSG0000546,message_exists,1,
5,P2_unread_cc,MSG0000546,is_cc,1,
5,P2_unread_cc,MSG0000546,no_access_event,1,accesses=0
5,P2_unread_cc,MSG0000548,message_exists,1,
5,P2_unread_cc,MSG0000548,is_cc,1,
5,P2_unread_cc,MSG0000548,no_access_event,1,accesses=0
5,P4_result_misrouted,MSG0000611,message_exists,1,
5,P4_result_misrouted,MSG0000611,is_result,1,
5,P4_result_misrouted,MSG0000611,recipient_not_ordering,1,
5,P4_result_misrouted,MSG0000611,recipient_not_covering,1,cover=None
5,P2_unread_cc,MSG0000641,message_exists,1,
5,P2_unread_cc,MSG0000641,is_cc,1,
5,P2_unread_cc,MSG0000641,no_access_event,1,accesses=0
5,P2_unread_cc,MSG0000644,message_exists,1,
5,P2_unread_cc,MSG0000644,is_cc,1,
5,P2_unread_cc,MSG0000644,no_access_event,1,accesses=0
5,P2_unread_cc,MSG0000645,message_exists,1,
5,P2_unread_cc,MSG0000645,is_cc,1,
5,P2_unread_cc,MSG0000645,no_access_event,1,accesses=0
5,P2_unread_cc,MSG0000717,message_exists,1,
5,P2_unread_cc,MSG0000717,is_cc,1,
5,P2_unread_cc,MSG0000717,no_access_event,1,accesses=0
5,P2_unread_cc,MSG0000722,message_exists,1,
5,P2_unread_cc,MSG0000722,is_cc,1,
5,P2_unread_cc,MSG0000722,no_access_event,1,accesses=0
5,P2_unread_cc,MSG0000723,message_exists,1,
5,P2_unread_cc,MSG0000723,is_cc,1,
5,P2_unread_cc,MSG0000723,no_access_event,1,accesses=0
5,P2_unread_cc,MSG0000726,message_exists,1,
5,P2_unread_cc,MSG0000726,is_cc,1,
5,P2_unread_cc,MSG0000726,no_access_event,1,accesses=0
5,P2_unread_cc,MSG0000809,message_exists,1,
5,P2_unread_cc,MSG0000809,is_cc,1,
5,P2_unread_cc,MSG0000809,no_access_event,1,accesses=0
5,P2_unread_cc,MSG0000873,message_exists,1,
5,P2_unread_cc,MSG0000873,is_cc,1,
5,P2_unread_cc,MSG0000873,no_access_event,1,accesses=0
5,P2_unread_cc,MSG0000880,message_exists,1,
5,P2_unread_cc,MSG0000880,is_cc,1,
5,P2_unread_cc,MSG0000880,no_access_event,1,accesses=0
5,P3_extended_thread,THR0000865,thread_exists,1,
5,P3_extended_thread,THR0000865,three_or_more_patient_incoming,1,incoming=3
5,P3_extended_thread,THR0000865,four_or_more_message_exchanges,1,in+out=6
5,P3_extended_thread,THR0000865,spans_at_least_3_days,1,span_days=6.10
5,P3_extended_thread,THR0000865,no_visit_between,1,intervening_visits=0
5,P4_result_misrouted,MSG0000920,message_exists,1,
5,P4_result_misrouted,MSG0000920,is_result,1,
5,P4_result_misrouted,MSG0000920,recipient_not_ordering,1,
5,P4_result_misrouted,MSG0000920,recipient_not_covering,1,cover=None
5,P4_result_misrouted,MSG0000924,message_exists,1,
5,P4_result_misrouted,MSG0000924,is_result,1,
5,P4_result_misrouted,MSG0000924,recipient_not_ordering,1,
5,P4_result_misrouted,MSG0000924,recipient_not_covering,1,cover=None
5,P2_unread_cc,MSG0000958,message_exists,1,
5,P2_unread_cc,MSG0000958,is_cc,1,
5,P2_unread_cc,MSG0000958,no_access_event,1,accesses=0
5,P2_unread_cc,MSG0000959,message_exists,1,
5,P2_unread_cc,MSG0000959,is_cc,1,
5,P2_unread_cc,MSG0000959,no_access_event,1,accesses=0
5,P2_unread_cc,MSG0000962,message_exists,1,
5,P2_unread_cc,MSG0000962,is_cc,1,
5,P2_unread_cc,MSG0000962,no_access_event,1,accesses=0
5,P7_pingpong,MSG0001090,message_exists,1,
5,P7_pingpong,MSG0001090,at_least_two_staff_to_provider_forwards,1,staff_to_provider=2
5,P7_pingpong,MSG0001090,at_least_two_provider_to_staff_forwards,1,provider_to_staff=2
5,P7_pingpong,MSG0001090,two_or_more_round_trips,1,roundtrips=2
5,P2_unread_cc,MSG0001128,message_exists,1,
5,P2_unread_cc,MSG0001128,is_cc,1,
5,P2_unread_cc,MSG0001128,no_access_event,1,accesses=0
5,P2_unread_cc,MSG0001129,message_exists,1,
5,P2_unread_cc,MSG0001129,is_cc,1,
5,P2_unread_cc,MSG0001129,no_access_event,1,accesses=0
5,P2_unread_cc,MSG0001131,message_exists,1,
5,P2_unread_cc,MSG0001131,is_cc,1,
5,P2_unread_cc,MSG0001131,no_access_event,1,accesses=0
5,P2_unread_cc,MSG0001136,message_exists,1,
5,P2_unread_cc,MSG0001136,is_cc,1,
5,P2_unread_cc,MSG0001136,no_access_event,1,accesses=0
5,P2_unread_cc,MSG0001140,message_exists,1,
5,P2_unread_cc,MSG0001140,is_cc,1,
5,P2_unread_cc,MSG0001140,no_access_event,1,accesses=0
5,P2_unread_cc,MSG0001142,message_exists,1,
5,P2_unread_cc,MSG0001142,is_cc,1,
5,P2_unread_cc,MSG0001142,no_access_event,1,accesses=0
5,P4_result_misrouted,MSG0001192,message_exists,1,
5,P4_result_misrouted,MSG0001192,is_result,1,
5,P4_result_misrouted,MSG0001192,recipient_not_ordering,1,
5,P4_result_misrouted,MSG0001192,recipient_not_covering,1,cover=None
5,P4_result_misrouted,MSG0001197,message_exists,1,
5,P4_result_misrouted,MSG0001197,is_result,1,
5,P4_result_misrouted,MSG0001197,recipient_not_ordering,1,
5,P4_result_misrouted,MSG0001197,recipient_not_covering,1,cover=None
5,P4_result_misrouted,MSG0001198,message_exists,1,
5,P4_result_misrouted,MSG0001198,is_result,1,
5,P4_result_misrouted,MSG0001198,recipient_not_ordering,1,
5,P4_result_misrouted,MSG0001198,recipient_not_covering,1,cover=None
5,P2_unread_cc,MSG0001222,message_exists,1,
5,P2_unread_cc,MSG0001222,is_cc,1,
5,P2_unread_cc,MSG0001222,no_access_event,1,accesses=0
5,P2_unread_cc,MSG0001227,message_exists,1,
5,P2_unread_cc,MSG0001227,is_cc,1,
5,P2_unread_cc,MSG0001227,no_access_event,1,accesses=0
5,P4_result_misrouted,MSG0001271,message_exists,1,
5,P4_result_misrouted,MSG0001271,is_result,1,
5,P4_result_misrouted,MSG0001271,recipient_not_ordering,1,
5,P4_result_misrouted,MSG0001271,recipient_not_covering,1,cover=None
5,P3_extended_thread,THR0001267,thread_exists,1,
5,P3_extended_thread,THR0001267,three_or_more_patient_incoming,1,incoming=3
5,P3_extended_thread,THR0001267,four_or_more_message_exchanges,1,in+out=6
5,P3_extended_thread,THR0001267,spans_at_least_3_days,1,span_days=3.76
5,P3_extended_thread,THR0001267,no_visit_between,1,intervening_visits=0
5,P8_nonclinical_misrouted,MSG0001352,message_exists,1,
5,P8_nonclinical_misrouted,MSG0001352,nonclinical_category,1,category=billing_question
5,P8_nonclinical_misrouted,MSG0001352,reaches_provider,1,provider_forwards=1
5,P7_pingpong,MSG0001359,message_exists,1,
5,P7_pingpong,MSG0001359,at_least_two_staff_to_provider_forwards,1,staff_to_provider=2
5,P7_pingpong,MSG0001359,at_least_two_provider_to_staff_forwards,1,provider_to_staff=2
5,P7_pingpong,MSG0001359,two_or_more_round_trips,1,roundtrips=2
5,P2_unread_cc,MSG0001405,message_exists,1,
5,P2_unread_cc,MSG0001405,is_cc,1,
5,P2_unread_cc,MSG0001405,no_access_event,1,accesses=0
5,P2_unread_cc,MSG0001406,message_exists,1,
5,P2_unread_cc,MSG0001406,is_cc,1,
5,P2_unread_cc,MSG0001406,no_access_event,1,accesses=0
5,P2_unread_cc,MSG0001408,message_exists,1,
5,P2_unread_cc,MSG0001408,is_cc,1,
5,P2_unread_cc,MSG0001408,no_access_event,1,accesses=0
5,P2_unread_cc,MSG0001409,message_exists,1,
5,P2_unread_cc,MSG0001409,is_cc,1,
5,P2_unread_cc,MSG0001409,no_access_event,1,accesses=0
5,P3_extended_thread,THR0001353,thread_exists,1,
5,P3_extended_thread,THR0001353,three_or_more_patient_incoming,1,incoming=3
5,P3_extended_thread,THR0001353,four_or_more_message_exchanges,1,in+out=7
5,P3_extended_thread,THR0001353,spans_at_least_3_days,1,span_days=8.11
5,P3_extended_thread,THR0001353,no_visit_between,1,intervening_visits=0
5,P2_unread_cc,MSG0001492,message_exists,1,
5,P2_unread_cc,MSG0001492,is_cc,1,
5,P2_unread_cc,MSG0001492,no_access_event,1,accesses=0
5,P2_unread_cc,MSG0001497,message_exists,1,
5,P2_unread_cc,MSG0001497,is_cc,1,
5,P2_unread_cc,MSG0001497,no_access_event,1,accesses=0
5,P1_thank_you,MSG0001528,message_exists,1,
5,P1_thank_you,MSG0001528,patient_originated_portal_message,1,
5,P1_thank_you,MSG0001528,is_reply_to_prior_outbound,1,
5,P1_thank_you,MSG0001528,thread_ending,1,later_messages=0
5,P1_thank_you,MSG0001528,accessed_and_completed,1,
5,P3_extended_thread,THR0001439,thread_exists,1,
5,P3_extended_thread,THR0001439,three_or_more_patient_incoming,1,incoming=3
5,P3_extended_thread,THR0001439,four_or_more_message_exchanges,1,in+out=6
5,P3_extended_thread,THR0001439,spans_at_least_3_days,1,span_days=4.21
5,P3_extended_thread,THR0001439,no_visit_between,1,intervening_visits=0
5,P7_pingpong,MSG0001535,message_exists,1,
5,P7_pingpong,MSG0001535,at_least_two_staff_to_provider_forwards,1,staff_to_provider=2
5,P7_pingpong,MSG0001535,at_least_two_provider_to_staff_forwards,1,provider_to_staff=2
5,P7_pingpong,MSG0001535,two_or_more_round_trips,1,roundtrips=2
5,P7_pingpong,MSG0001537,message_exists,1,
5,P7_pingpong,MSG0001537,at_least_two_staff_to_provider_forwards,1,staff_to_provider=2
5,P7_pingpong,MSG0001537,at_least_two_provider_to_staff_forwards,1,provider_to_staff=2
5,P7_pingpong,MSG0001537,two_or_more_round_trips,1,roundtrips=2
5,P2_unread_cc,MSG0001562,message_exists,1,
5,P2_unread_cc,MSG0001562,is_cc,1,
5,P2_unread_cc,MSG0001562,no_access_event,1,accesses=0
5,P2_unread_cc,MSG0001563,message_exists,1,
5,P2_unread_cc,MSG0001563,is_cc,1,
5,P2_unread_cc,MSG0001563,no_access_event,1,accesses=0
5,P2_unread_cc,MSG0001565,message_exists,1,
5,P2_unread_cc,MSG0001565,is_cc,1,
5,P2_unread_cc,MSG0001565,no_access_event,1,accesses=0
5,P2_unread_cc,MSG0001570,message_exists,1,
5,P2_unread_cc,MSG0001570,is_cc,1,
5,P2_unread_cc,MSG0001570,no_access_event,1,accesses=0
5,P2_unread_cc,MSG0001571,message_exists,1,
5,P2_unread_cc,MSG0001571,is_cc,1,
5,P2_unread_cc,MSG0001571,no_access_event,1,accesses=0
5,P2_unread_cc,MSG0001572,message_exists,1,
5,P2_unread_cc,MSG0001572,is_cc,1,
5,P2_unread_cc,MSG0001572,no_access_event,1,accesses=0
5,P7_pingpong,MSG0001617,message_exists,1,
5,P7_pingpong,MSG0001617,at_least_two_staff_to_provider_forwards,1,staff_to_provider=2
5,P7_pingpong,MSG0001617,at_least_two_provider_to_staff_forwards,1,provider_to_staff=2
5,P7_pingpong,MSG0001617,two_or_more_round_trips,1,roundtrips=2
5,P4_result_misrouted,MSG0001625,message_exists,1,
5,P4_result_misrouted,MSG0001625,is_result,1,
5,P4_result_misrouted,MSG0001625,recipient_not_ordering,1,
5,P4_result_misrouted,MSG0001625,recipient_not_covering,1,cover=None
5,P2_unread_cc,MSG0001652,message_exists,1,
5,P2_unread_cc,MSG0001652,is_cc,1,
5,P2_unread_cc,MSG0001652,no_access_event,1,accesses=0
5,P2_unread_cc,MSG0001658,message_exists,1,
5,P2_unread_cc,MSG0001658,is_cc,1,
5,P2_unread_cc,MSG0001658,no_access_event,1,accesses=0
5,P2_unread_cc,MSG0001660,message_exists,1,
5,P2_unread_cc,MSG0001660,is_cc,1,
5,P2_unread_cc,MSG0001660,no_access_event,1,accesses=0
5,P4_result_misrouted,MSG0001713,message_exists,1,
5,P4_result_misrouted,MSG0001713,is_result,1,
5,P4_result_misrouted,MSG0001713,recipient_not_ordering,1,
5,P4_result_misrouted,MSG0001713,recipient_not_covering,1,cover=None
5,P2_unread_cc,MSG0001734,message_exists,1,
5,P2_unread_cc,MSG0001734,is_cc,1,
5,P2_unread_cc,MSG0001734,no_access_event,1,accesses=0
5,P2_unread_cc,MSG0001737,message_exists,1,
5,P2_unread_cc,MSG0001737,is_cc,1,
5,P2_unread_cc,MSG0001737,no_access_event,1,accesses=0
5,P2_unread_cc,MSG0001741,message_exists,1,
5,P2_unread_cc,MSG0001741,is_cc,1,
5,P2_unread_cc,MSG0001741,no_access_event,1,accesses=0
5,P4_result_misrouted,MSG0001784,message_exists,1,
5,P4_result_misrouted,MSG0001784,is_result,1,
5,P4_result_misrouted,MSG0001784,recipient_not_ordering,1,
5,P4_result_misrouted,MSG0001784,recipient_not_covering,1,cover=None
5,P2_unread_cc,MSG0001817,message_exists,1,
5,P2_unread_cc,MSG0001817,is_cc,1,
5,P2_unread_cc,MSG0001817,no_access_event,1,accesses=0
5,P2_unread_cc,MSG0001818,message_exists,1,
5,P2_unread_cc,MSG0001818,is_cc,1,
5,P2_unread_cc,MSG0001818,no_access_event,1,accesses=0
5,P2_unread_cc,MSG0001894,message_exists,1,
5,P2_unread_cc,MSG0001894,is_cc,1,
5,P2_unread_cc,MSG0001894,no_access_event,1,accesses=0
5,P2_unread_cc,MSG0001896,message_exists,1,
5,P2_unread_cc,MSG0001896,is_cc,1,
5,P2_unread_cc,MSG0001896,no_access_event,1,accesses=0
5,P8_nonclinical_misrouted,MSG0001934,message_exists,1,
5,P8_nonclinical_misrouted,MSG0001934,nonclinical_category,1,category=cancellation
5,P8_nonclinical_misrouted,MSG0001934,reaches_provider,1,provider_forwards=1
5,P4_result_misrouted,MSG0001946,message_exists,1,
5,P4_result_misrouted,MSG0001946,is_result,1,
5,P4_result_misrouted,MSG0001946,recipient_not_ordering,1,
5,P4_result_misrouted,MSG0001946,recipient_not_covering,1,cover=None
5,P2_unread_cc,MSG0001976,message_exists,1,
5,P2_unread_cc,MSG0001976,is_cc,1,
5,P2_unread_cc,MSG0001976,no_access_event,1,accesses=0
5,P2_unread_cc,MSG0001979,message_exists,1,
5,P2_unread_cc,MSG0001979,is_cc,1,
5,P2_unread_cc,MSG0001979,no_access_event,1,accesses=0
5,P2_unread_cc,MSG0001980,message_exists,1,
5,P2_unread_cc,MSG0001980,is_cc,1,
5,P2_unread_cc,MSG0001980,no_access_event,1,accesses=0
5,P4_result_misrouted,MSG0002040,message_exists,1,
5,P4_result_misrouted,MSG0002040,is_result,1,
5,P4_result_misrouted,MSG0002040,recipient_not_ordering,1,
5,P4_result_misrouted,MSG0002040,recipient_not_covering,1,cover=None
5,P2_unread_cc,MSG0002062,message_exists,1,
5,P2_unread_cc,MSG0002062,is_cc,1,
5,P2_unread_cc,MSG0002062,no_access_event,1,accesses=0
5,P2_unread_cc,MSG0002064,message_exists,1,
5,P2_unread_cc,MSG0002064,is_cc,1,
5,P2_unread_cc,MSG0002064,no_access_event,1,accesses=0
5,P4_result_misrouted,MSG0002113,message_exists,1,
5,P4_result_misrouted,MSG0002113,is_result,1,
5,P4_result_misrouted,MSG0002113,recipient_not_ordering,1,
5,P4_result_misrouted,MSG0002113,recipient_not_covering,1,cover=None
5,P7_pingpong,MSG0002182,message_exists,1,
5,P7_pingpong,MSG0002182,at_least_two_staff_to_provider_forwards,1,staff_to_provider=2
5,P7_pingpong,MSG0002182,at_least_two_provider_to_staff_forwards,1,provider_to_staff=2
5,P7_pingpong,MSG0002182,two_or_more_round_trips,1,roundtrips=2
5,P4_result_misrouted,MSG0002195,message_exists,1,
5,P4_result_misrouted,MSG0002195,is_result,1,
5,P4_result_misrouted,MSG0002195,recipient_not_ordering,1,
5,P4_result_misrouted,MSG0002195,recipient_not_covering,1,cover=None
5,P2_unread_cc,MSG0002221,message_exists,1,
5,P2_unread_cc,MSG0002221,is_cc,1,
5,P2_unread_cc,MSG0002221,no_access_event,1,accesses=0
5,P7_pingpong,MSG0002262,message_exists,1,
5,P7_pingpong,MSG0002262,at_least_two_staff_to_provider_forwards,1,staff_to_provider=2
5,P7_pingpong,MSG0002262,at_least_two_provider_to_staff_forwards,1,provider_to_staff=2
5,P7_pingpong,MSG0002262,two_or_more_round_trips,1,roundtrips=2
5,P4_result_misrouted,MSG0002270,message_exists,1,
5,P4_result_misrouted,MSG0002270,is_result,1,
5,P4_result_misrouted,MSG0002270,recipient_not_ordering,1,
5,P4_result_misrouted,MSG0002270,recipient_not_covering,1,cover=None
5,P2_unread_cc,MSG0002306,message_exists,1,
5,P2_unread_cc,MSG0002306,is_cc,1,
5,P2_unread_cc,MSG0002306,no_access_event,1,accesses=0
5,P2_unread_cc,MSG0002309,message_exists,1,
5,P2_unread_cc,MSG0002309,is_cc,1,
5,P2_unread_cc,MSG0002309,no_access_event,1,accesses=0
5,P4_result_misrouted,MSG0002362,message_exists,1,
5,P4_result_misrouted,MSG0002362,is_result,1,
5,P4_result_misrouted,MSG0002362,recipient_not_ordering,1,
5,P4_result_misrouted,MSG0002362,recipient_not_covering,1,cover=None
5,P2_unread_cc,MSG0002389,message_exists,1,
5,P2_unread_cc,MSG0002389,is_cc,1,
5,P2_unread_cc,MSG0002389,no_access_event,1,accesses=0
5,P2_unread_cc,MSG0002393,message_exists,1,
5,P2_unread_cc,MSG0002393,is_cc,1,
5,P2_unread_cc,MSG0002393,no_access_event,1,accesses=0
5,P2_unread_cc,MSG0002395,message_exists,1,
5,P2_unread_cc,MSG0002395,is_cc,1,
5,P2_unread_cc,MSG0002395,no_access_event,1,accesses=0
5,P4_result_misrouted,MSG0002449,message_exists,1,
5,P4_result_misrouted,MSG0002449,is_result,1,
5,P4_result_misrouted,MSG0002449,recipient_not_ordering,1,
5,P4_result_misrouted,MSG0002449,recipient_not_covering,1,cover=None
5,P2_unread_cc,MSG0002477,message_exists,1,
5,P2_unread_cc,MSG0002477,is_cc,1,
5,P2_unread_cc,MSG0002477,no_access_event,1,accesses=0
5,P2_unread_cc,MSG0002482,message_exists,1,
5,P2_unread_cc,MSG0002482,is_cc,1,
5,P2_unread_cc,MSG0002482,no_access_event,1,accesses=0
5,P2_unread_cc,MSG0002483,message_exists,1,
5,P2_unread_cc,MSG0002483,is_cc,1,
5,P2_unread_cc,MSG0002483,no_access_event,1,accesses=0
5,P2_unread_cc,MSG0002485,message_exists,1,
5,P2_unread_cc,MSG0002485,is_cc,1,
5,P2_unread_cc,MSG0002485,no_access_event,1,accesses=0
5,P3_extended_thread,THR0002370,thread_exists,1,
5,P3_extended_thread,THR0002370,three_or_more_patient_incoming,1,incoming=3
5,P3_extended_thread,THR0002370,four_or_more_message_exchanges,1,in+out=6
5,P3_extended_thread,THR0002370,spans_at_least_3_days,1,span_days=9.75
5,P3_extended_thread,THR0002370,no_visit_between,1,intervening_visits=0
5,P8_nonclinical_misrouted,MSG0002537,message_exists,1,
5,P8_nonclinical_misrouted,MSG0002537,nonclinical_category,1,category=cancellation
5,P8_nonclinical_misrouted,MSG0002537,reaches_provider,1,provider_forwards=1
5,P2_unread_cc,MSG0002575,message_exists,1,
5,P2_unread_cc,MSG0002575,is_cc,1,
5,P2_unread_cc,MSG0002575,no_access_event,1,accesses=0
5,P7_pingpong,MSG0002618,message_exists,1,
5,P7_pingpong,MSG0002618,at_least_two_staff_to_provider_forwards,1,staff_to_provider=2
5,P7_pingpong,MSG0002618,at_least_two_provider_to_staff_forwards,1,provider_to_staff=2
5,P7_pingpong,MSG0002618,two_or_more_round_trips,1,roundtrips=2
5,P7_pingpong,MSG0002630,message_exists,1,
5,P7_pingpong,MSG0002630,at_least_two_staff_to_provider_forwards,1,staff_to_provider=2
5,P7_pingpong,MSG0002630,at_least_two_provider_to_staff_forwards,1,provider_to_staff=2
5,P7_pingpong,MSG0002630,two_or_more_round_trips,1,roundtrips=2
5,P4_result_misrouted,MSG0002664,message_exists,1,
5,P4_result_misrouted,MSG0002664,is_result,1,
5,P4_result_misrouted,MSG0002664,recipient_not_ordering,1,
5,P4_result_misrouted,MSG0002664,recipient_not_covering,1,cover=None
5,P3_extended_thread,THR0002527,thread_exists,1,
5,P3_extended_thread,THR0002527,three_or_more_patient_incoming,1,incoming=3
5,P3_extended_thread,THR0002527,four_or_more_message_exchanges,1,in+out=6
5,P3_extended_thread,THR0002527,spans_at_least_3_days,1,span_days=9.50
5,P3_extended_thread,THR0002527,no_visit_between,1,intervening_visits=0
5,P2_unread_cc,MSG0002752,message_exists,1,
5,P2_unread_cc,MSG0002752,is_cc,1,
5,P2_unread_cc,MSG0002752,no_access_event,1,accesses=0
5,P2_unread_cc,MSG0002754,message_exists,1,
5,P2_unread_cc,MSG0002754,is_cc,1,
5,P2_unread_cc,MSG0002754,no_access_event,1,accesses=0
5,P2_unread_cc,MSG0002755,message_exists,1,
5,P2_unread_cc,MSG0002755,is_cc,1,
5,P2_unread_cc,MSG0002755,no_access_event,1,accesses=0
5,P2_unread_cc,MSG0002817,message_exists,1,
5,P2_unread_cc,MSG0002817,is_cc,1,
5,P2_unread_cc,MSG0002817,no_access_event,1,accesses=0
5,P2_unread_cc,MSG0002820,message_exists,1,
5,P2_unread_cc,MSG0002820,is_cc,1,
5,P2_unread_cc,MSG0002820,no_access_event,1,accesses=0
5,P8_nonclinical_misrouted,MSG0002856,message_exists,1,
5,P8_nonclinical_misrouted,MSG0002856,nonclinical_category,1,category=billing_question
5,P8_nonclinical_misrouted,MSG0002856,reaches_provider,1,provider_forwards=1
5,P1_thank_you,MSG0002858,message_exists,1,
5,P1_thank_you,MSG0002858,patient_originated_portal_message,1,
5,P1_thank_you,MSG0002858,is_reply_to_prior_outbound,1,
5,P1_thank_you,MSG0002858,thread_ending,1,later_messages=0
5,P1_thank_you,MSG0002858,accessed_and_completed,1,
5,P2_unread_cc,MSG0002895,message_exists,1,
5,P2_unread_cc,MSG0002895,is_cc,1,
5,P2_unread_cc,MSG0002895,no_access_event,1,accesses=0
5,P8_nonclinical_misrouted,MSG0002937,message_exists,1,
5,P8_nonclinical_misrouted,MSG0002937,nonclinical_category,1,category=billing_question
5,P8_nonclinical_misrouted,MSG0002937,reaches_provider,1,provider_forwards=1
5,P4_result_misrouted,MSG0002940,message_exists,1,
5,P4_result_misrouted,MSG0002940,is_result,1,
5,P4_result_misrouted,MSG0002940,recipient_not_ordering,1,
5,P4_result_misrouted,MSG0002940,recipient_not_covering,1,cover=None
5,P2_unread_cc,MSG0002967,message_exists,1,
5,P2_unread_cc,MSG0002967,is_cc,1,
5,P2_unread_cc,MSG0002967,no_access_event,1,accesses=0
5,P3_extended_thread,THR0002805,thread_exists,1,
5,P3_extended_thread,THR0002805,three_or_more_patient_incoming,1,incoming=3
5,P3_extended_thread,THR0002805,four_or_more_message_exchanges,1,in+out=6
5,P3_extended_thread,THR0002805,spans_at_least_3_days,1,span_days=8.69
5,P3_extended_thread,THR0002805,no_visit_between,1,intervening_visits=0
5,P3_extended_thread,THR0002807,thread_exists,1,
5,P3_extended_thread,THR0002807,three_or_more_patient_incoming,1,incoming=3
5,P3_extended_thread,THR0002807,four_or_more_message_exchanges,1,in+out=6
5,P3_extended_thread,THR0002807,spans_at_least_3_days,1,span_days=7.87
5,P3_extended_thread,THR0002807,no_visit_between,1,intervening_visits=0
5,P4_result_misrouted,MSG0003020,message_exists,1,
5,P4_result_misrouted,MSG0003020,is_result,1,
5,P4_result_misrouted,MSG0003020,recipient_not_ordering,1,
5,P4_result_misrouted,MSG0003020,recipient_not_covering,1,cover=None
5,P2_unread_cc,MSG0003043,message_exists,1,
5,P2_unread_cc,MSG0003043,is_cc,1,
5,P2_unread_cc,MSG0003043,no_access_event,1,accesses=0
5,P2_unread_cc,MSG0003044,message_exists,1,
5,P2_unread_cc,MSG0003044,is_cc,1,
5,P2_unread_cc,MSG0003044,no_access_event,1,accesses=0
5,P2_unread_cc,MSG0003049,message_exists,1,
5,P2_unread_cc,MSG0003049,is_cc,1,
5,P2_unread_cc,MSG0003049,no_access_event,1,accesses=0
5,P3_extended_thread,THR0002959,thread_exists,1,
5,P3_extended_thread,THR0002959,three_or_more_patient_incoming,1,incoming=3
5,P3_extended_thread,THR0002959,four_or_more_message_exchanges,1,in+out=6
5,P3_extended_thread,THR0002959,spans_at_least_3_days,1,span_days=8.92
5,P3_extended_thread,THR0002959,no_visit_between,1,intervening_visits=0
5,P4_result_misrouted,MSG0003182,message_exists,1,
5,P4_result_misrouted,MSG0003182,is_result,1,
5,P4_result_misrouted,MSG0003182,recipient_not_ordering,1,
5,P4_result_misrouted,MSG0003182,recipient_not_covering,1,cover=None
5,P2_unread_cc,MSG0003218,message_exists,1,
5,P2_unread_cc,MSG0003218,is_cc,1,
5,P2_unread_cc,MSG0003218,no_access_event,1,accesses=0
5,P8_nonclinical_misrouted,MSG0003257,message_exists,1,
5,P8_nonclinical_misrouted,MSG0003257,nonclinical_category,1,category=cancellation
5,P8_nonclinical_misrouted,MSG0003257,reaches_provider,1,provider_forwards=1
5,P8_nonclinical_misrouted,MSG0003265,message_exists,1,
5,P8_nonclinical_misrouted,MSG0003265,nonclinical_category,1,category=appointment_request
5,P8_nonclinical_misrouted,MSG0003265,reaches_provider,1,provider_forwards=1
5,P4_result_misrouted,MSG0003269,message_exists,1,
5,P4_result_misrouted,MSG0003269,is_result,1,
5,P4_result_misrouted,MSG0003269,recipient_not_ordering,1,
5,P4_result_misrouted,MSG0003269,recipient_not_covering,1,cover=None
5,P4_result_misrouted,MSG0003276,message_exists,1,
5,P4_result_misrouted,MSG0003276,is_result,1,
5,P4_result_misrouted,MSG0003276,recipient_not_ordering,1,
5,P4_result_misrouted,MSG0003276,recipient_not_covering,1,cover=None
5,P2_unread_cc,MSG0003296,message_exists,1,
5,P2_unread_cc,MSG0003296,is_cc,1,
5,P2_unread_cc,MSG0003296,no_access_event,1,accesses=0
5,P2_unread_cc,MSG0003307,message_exists,1,
5,P2_unread_cc,MSG0003307,is_cc,1,
5,P2_unread_cc,MSG0003307,no_access_event,1,accesses=0
5,P4_result_misrouted,MSG0003354,message_exists,1,
5,P4_result_misrouted,MSG0003354,is_result,1,
5,P4_result_misrouted,MSG0003354,recipient_not_ordering,1,
5,P4_result_misrouted,MSG0003354,recipient_not_covering,1,cover=None
5,P2_unread_cc,MSG0003377,message_exists,1,
5,P2_unread_cc,MSG0003377,is_cc,1,
5,P2_unread_cc,MSG0003377,no_access_event,1,accesses=0
5,P2_unread_cc,MSG0003384,message_exists,1,
5,P2_unread_cc,MSG0003384,is_cc,1,
5,P2_unread_cc,MSG0003384,no_access_event,1,accesses=0
5,P2_unread_cc,MSG0003388,message_exists,1,
5,P2_unread_cc,MSG0003388,is_cc,1,
5,P2_unread_cc,MSG0003388,no_access_event,1,accesses=0
5,P2_unread_cc,MSG0003468,message_exists,1,
5,P2_unread_cc,MSG0003468,is_cc,1,
5,P2_unread_cc,MSG0003468,no_access_event,1,accesses=0
5,P2_unread_cc,MSG0003550,message_exists,1,
5,P2_unread_cc,MSG0003550,is_cc,1,
5,P2_unread_cc,MSG0003550,no_access_event,1,accesses=0
5,P2_unread_cc,MSG0003552,message_exists,1,
5,P2_unread_cc,MSG0003552,is_cc,1,
5,P2_unread_cc,MSG0003552,no_access_event,1,accesses=0
5,P2_unread_cc,MSG0003555,message_exists,1,
5,P2_unread_cc,MSG0003555,is_cc,1,
5,P2_unread_cc,MSG0003555,no_access_event,1,accesses=0
5,P2_unread_cc,MSG0003559,message_exists,1,
5,P2_unread_cc,MSG0003559,is_cc,1,
5,P2_unread_cc,MSG0003559,no_access_event,1,accesses=0
5,P2_unread_cc,MSG0003561,message_exists,1,
5,P2_unread_cc,MSG0003561,is_cc,1,
5,P2_unread_cc,MSG0003561,no_access_event,1,accesses=0
5,P4_result_misrouted,MSG0003594,message_exists,1,
5,P4_result_misrouted,MSG0003594,is_result,1,
5,P4_result_misrouted,MSG0003594,recipient_not_ordering,1,
5,P4_result_misrouted,MSG0003594,recipient_not_covering,1,cover=None
5,P2_unread_cc,MSG0003611,message_exists,1,
5,P2_unread_cc,MSG0003611,is_cc,1,
5,P2_unread_cc,MSG0003611,no_access_event,1,accesses=0
5,P7_pingpong,MSG0003711,message_exists,1,
5,P7_pingpong,MSG0003711,at_least_two_staff_to_provider_forwards,1,staff_to_provider=2
5,P7_pingpong,MSG0003711,at_least_two_provider_to_staff_forwards,1,provider_to_staff=2
5,P7_pingpong,MSG0003711,two_or_more_round_trips,1,roundtrips=2
5,P8_nonclinical_misrouted,MSG0003721,message_exists,1,
5,P8_nonclinical_misrouted,MSG0003721,nonclinical_category,1,category=billing_question
5,P8_nonclinical_misrouted,MSG0003721,reaches_provider,1,provider_forwards=1
5,P4_result_misrouted,MSG0003745,message_exists,1,
5,P4_result_misrouted,MSG0003745,is_result,1,
5,P4_result_misrouted,MSG0003745,recipient_not_ordering,1,
5,P4_result_misrouted,MSG0003745,recipient_not_covering,1,cover=None
5,P2_unread_cc,MSG0003768,message_exists,1,
5,P2_unread_cc,MSG0003768,is_cc,1,
5,P2_unread_cc,MSG0003768,no_access_event,1,accesses=0
5,P3_extended_thread,THR0003568,thread_exists,1,
5,P3_extended_thread,THR0003568,three_or_more_patient_incoming,1,incoming=3
5,P3_extended_thread,THR0003568,four_or_more_message_exchanges,1,in+out=6
5,P3_extended_thread,THR0003568,spans_at_least_3_days,1,span_days=7.28
5,P3_extended_thread,THR0003568,no_visit_between,1,intervening_visits=0
5,P2_unread_cc,MSG0003853,message_exists,1,
5,P2_unread_cc,MSG0003853,is_cc,1,
5,P2_unread_cc,MSG0003853,no_access_event,1,accesses=0
5,P2_unread_cc,MSG0003859,message_exists,1,
5,P2_unread_cc,MSG0003859,is_cc,1,
5,P2_unread_cc,MSG0003859,no_access_event,1,accesses=0
5,P2_unread_cc,MSG0003862,message_exists,1,
5,P2_unread_cc,MSG0003862,is_cc,1,
5,P2_unread_cc,MSG0003862,no_access_event,1,accesses=0
5,P4_result_misrouted,MSG0003974,message_exists,1,
5,P4_result_misrouted,MSG0003974,is_result,1,
5,P4_result_misrouted,MSG0003974,recipient_not_ordering,1,
5,P4_result_misrouted,MSG0003974,recipient_not_covering,1,cover=None
5,P4_result_misrouted,MSG0003980,message_exists,1,
5,P4_result_misrouted,MSG0003980,is_result,1,
5,P4_result_misrouted,MSG0003980,recipient_not_ordering,1,
5,P4_result_misrouted,MSG0003980,recipient_not_covering,1,cover=None
5,P2_unread_cc,MSG0004001,message_exists,1,
5,P2_unread_cc,MSG0004001,is_cc,1,
5,P2_unread_cc,MSG0004001,no_access_event,1,accesses=0
5,P4_result_misrouted,MSG0004059,message_exists,1,
5,P4_result_misrouted,MSG0004059,is_result,1,
5,P4_result_misrouted,MSG0004059,recipient_not_ordering,1,
5,P4_result_misrouted,MSG0004059,recipient_not_covering,1,cover=None
5,P2_unread_cc,MSG0004142,message_exists,1,
5,P2_unread_cc,MSG0004142,is_cc,1,
5,P2_unread_cc,MSG0004142,no_access_event,1,accesses=0
5,P2_unread_cc,MSG0004148,message_exists,1,
5,P2_unread_cc,MSG0004148,is_cc,1,
5,P2_unread_cc,MSG0004148,no_access_event,1,accesses=0
5,P2_unread_cc,MSG0004150,message_exists,1,
5,P2_unread_cc,MSG0004150,is_cc,1,
5,P2_unread_cc,MSG0004150,no_access_event,1,accesses=0
5,P4_result_misrouted,MSG0004196,message_exists,1,
5,P4_result_misrouted,MSG0004196,is_result,1,
5,P4_result_misrouted,MSG0004196,recipient_not_ordering,1,
5,P4_result_misrouted,MSG0004196,recipient_not_covering,1,cover=None
5,P4_result_misrouted,MSG0004197,message_exists,1,
5,P4_result_misrouted,MSG0004197,is_result,1,
5,P4_result_misrouted,MSG0004197,recipient_not_ordering,1,
5,P4_result_misrouted,MSG0004197,recipient_not_covering,1,cover=None
5,P2_unread_cc,MSG0004218,message_exists,1,
5,P2_unread_cc,MSG0004218,is_cc,1,
5,P2_unread_cc,MSG0004218,no_access_event,1,accesses=0
5,P1_thank_you,MSG0004254,message_exists,1,
5,P1_thank_you,MSG0004254,patient_originated_portal_message,1,
5,P1_thank_you,MSG0004254,is_reply_to_prior_outbound,1,
5,P1_thank_you,MSG0004254,thread_ending,1,later_messages=0
5,P1_thank_you,MSG0004254,accessed_and_completed,1,
5,P2_unread_cc,MSG0004296,message_exists,1,
5,P2_unread_cc,MSG0004296,is_cc,1,
5,P2_unread_cc,MSG0004296,no_access_event,1,accesses=0
5,P1_thank_you,MSG0004324,message_exists,1,
5,P1_thank_you,MSG0004324,patient_originated_portal_message,1,
5,P1_thank_you,MSG0004324,is_reply_to_prior_outbound,1,
5,P1_thank_you,MSG0004324,thread_ending,1,later_messages=0
5,P1_thank_you,MSG0004324,accessed_and_completed,1,
5,P4_result_misrouted,MSG0004335,message_exists,1,
5,P4_result_misrouted,MSG0004335,is_result,1,
5,P4_result_misrouted,MSG0004335,recipient_not_ordering,1,
5,P4_result_misrouted,MSG0004335,recipient_not_covering,1,cover=None
5,P2_unread_cc,MSG0004362,message_exists,1,
5,P2_unread_cc,MSG0004362,is_cc,1,
5,P2_unread_cc,MSG0004362,no_access_event,1,accesses=0
5,P2_unread_cc,MSG0004441,message_exists,1,
5,P2_unread_cc,MSG0004441,is_cc,1,
5,P2_unread_cc,MSG0004441,no_access_event,1,accesses=0
5,P2_unread_cc,MSG0004507,message_exists,1,
5,P2_unread_cc,MSG0004507,is_cc,1,
5,P2_unread_cc,MSG0004507,no_access_event,1,accesses=0
5,P2_unread_cc,MSG0004509,message_exists,1,
5,P2_unread_cc,MSG0004509,is_cc,1,
5,P2_unread_cc,MSG0004509,no_access_event,1,accesses=0
5,P2_unread_cc,MSG0004510,message_exists,1,
5,P2_unread_cc,MSG0004510,is_cc,1,
5,P2_unread_cc,MSG0004510,no_access_event,1,accesses=0
5,P2_unread_cc,MSG0004512,message_exists,1,
5,P2_unread_cc,MSG0004512,is_cc,1,
5,P2_unread_cc,MSG0004512,no_access_event,1,accesses=0
5,P2_unread_cc,MSG0004513,message_exists,1,
5,P2_unread_cc,MSG0004513,is_cc,1,
5,P2_unread_cc,MSG0004513,no_access_event,1,accesses=0
5,P2_unread_cc,MSG0004518,message_exists,1,
5,P2_unread_cc,MSG0004518,is_cc,1,
5,P2_unread_cc,MSG0004518,no_access_event,1,accesses=0
5,P2_unread_cc,MSG0004583,message_exists,1,
5,P2_unread_cc,MSG0004583,is_cc,1,
5,P2_unread_cc,MSG0004583,no_access_event,1,accesses=0
5,P2_unread_cc,MSG0004585,message_exists,1,
5,P2_unread_cc,MSG0004585,is_cc,1,
5,P2_unread_cc,MSG0004585,no_access_event,1,accesses=0
5,P2_unread_cc,MSG0004589,message_exists,1,
5,P2_unread_cc,MSG0004589,is_cc,1,
5,P2_unread_cc,MSG0004589,no_access_event,1,accesses=0
5,P7_pingpong,MSG0004632,message_exists,1,
5,P7_pingpong,MSG0004632,at_least_two_staff_to_provider_forwards,1,staff_to_provider=2
5,P7_pingpong,MSG0004632,at_least_two_provider_to_staff_forwards,1,provider_to_staff=2
5,P7_pingpong,MSG0004632,two_or_more_round_trips,1,roundtrips=2
5,P4_result_misrouted,MSG0004640,message_exists,1,
5,P4_result_misrouted,MSG0004640,is_result,1,
5,P4_result_misrouted,MSG0004640,recipient_not_ordering,1,
5,P4_result_misrouted,MSG0004640,recipient_not_covering,1,cover=None
5,P2_unread_cc,MSG0004660,message_exists,1,
5,P2_unread_cc,MSG0004660,is_cc,1,
5,P2_unread_cc,MSG0004660,no_access_event,1,accesses=0
5,P2_unread_cc,MSG0004664,message_exists,1,
5,P2_unread_cc,MSG0004664,is_cc,1,
5,P2_unread_cc,MSG0004664,no_access_event,1,accesses=0
5,P4_result_misrouted,MSG0004711,message_exists,1,
5,P4_result_misrouted,MSG0004711,is_result,1,
5,P4_result_misrouted,MSG0004711,recipient_not_ordering,1,
5,P4_result_misrouted,MSG0004711,recipient_not_covering,1,cover=None
5,P2_unread_cc,MSG0004727,message_exists,1,
5,P2_unread_cc,MSG0004727,is_cc,1,
5,P2_unread_cc,MSG0004727,no_access_event,1,accesses=0
5,P2_unread_cc,MSG0004734,message_exists,1,
5,P2_unread_cc,MSG0004734,is_cc,1,
5,P2_unread_cc,MSG0004734,no_access_event,1,accesses=0
5,P2_unread_cc,MSG0004735,message_exists,1,
5,P2_unread_cc,MSG0004735,is_cc,1,
5,P2_unread_cc,MSG0004735,no_access_event,1,accesses=0
5,P2_unread_cc,MSG0004738,message_exists,1,
5,P2_unread_cc,MSG0004738,is_cc,1,
5,P2_unread_cc,MSG0004738,no_access_event,1,accesses=0
5,P7_pingpong,MSG0004780,message_exists,1,
5,P7_pingpong,MSG0004780,at_least_two_staff_to_provider_forwards,1,staff_to_provider=2
5,P7_pingpong,MSG0004780,at_least_two_provider_to_staff_forwards,1,provider_to_staff=2
5,P7_pingpong,MSG0004780,two_or_more_round_trips,1,roundtrips=2
5,P4_result_misrouted,MSG0004806,message_exists,1,
5,P4_result_misrouted,MSG0004806,is_result,1,
5,P4_result_misrouted,MSG0004806,recipient_not_ordering,1,
5,P4_result_misrouted,MSG0004806,recipient_not_covering,1,cover=None
5,P2_unread_cc,MSG0004827,message_exists,1,
5,P2_unread_cc,MSG0004827,is_cc,1,
5,P2_unread_cc,MSG0004827,no_access_event,1,accesses=0
5,P2_unread_cc,MSG0004829,message_exists,1,
5,P2_unread_cc,MSG0004829,is_cc,1,
5,P2_unread_cc,MSG0004829,no_access_event,1,accesses=0
5,P2_unread_cc,MSG0004831,message_exists,1,
5,P2_unread_cc,MSG0004831,is_cc,1,
5,P2_unread_cc,MSG0004831,no_access_event,1,accesses=0
5,P8_nonclinical_misrouted,MSG0004859,message_exists,1,
5,P8_nonclinical_misrouted,MSG0004859,nonclinical_category,1,category=appointment_request
5,P8_nonclinical_misrouted,MSG0004859,reaches_provider,1,provider_forwards=1
5,P2_unread_cc,MSG0004897,message_exists,1,
5,P2_unread_cc,MSG0004897,is_cc,1,
5,P2_unread_cc,MSG0004897,no_access_event,1,accesses=0
5,P8_nonclinical_misrouted,MSG0004949,message_exists,1,
5,P8_nonclinical_misrouted,MSG0004949,nonclinical_category,1,category=cancellation
5,P8_nonclinical_misrouted,MSG0004949,reaches_provider,1,provider_forwards=1
5,P2_unread_cc,MSG0004990,message_exists,1,
5,P2_unread_cc,MSG0004990,is_cc,1,
5,P2_unread_cc,MSG0004990,no_access_event,1,accesses=0
5,P2_unread_cc,MSG0004994,message_exists,1,
5,P2_unread_cc,MSG0004994,is_cc,1,
5,P2_unread_cc,MSG0004994,no_access_event,1,accesses=0
5,P2_unread_cc,MSG0004998,message_exists,1,
5,P2_unread_cc,MSG0004998,is_cc,1,
5,P2_unread_cc,MSG0004998,no_access_event,1,accesses=0
5,P2_unread_cc,MSG0004999,message_exists,1,
5,P2_unread_cc,MSG0004999,is_cc,1,
5,P2_unread_cc,MSG0004999,no_access_event,1,accesses=0
5,P1_thank_you,MSG0005032,message_exists,1,
5,P1_thank_you,MSG0005032,patient_originated_portal_message,1,
5,P1_thank_you,MSG0005032,is_reply_to_prior_outbound,1,
5,P1_thank_you,MSG0005032,thread_ending,1,later_messages=0
5,P1_thank_you,MSG0005032,accessed_and_completed,1,
5,P4_result_misrouted,MSG0005054,message_exists,1,
5,P4_result_misrouted,MSG0005054,is_result,1,
5,P4_result_misrouted,MSG0005054,recipient_not_ordering,1,
5,P4_result_misrouted,MSG0005054,recipient_not_covering,1,cover=None
5,P2_unread_cc,MSG0005068,message_exists,1,
5,P2_unread_cc,MSG0005068,is_cc,1,
5,P2_unread_cc,MSG0005068,no_access_event,1,accesses=0
5,P2_unread_cc,MSG0005072,message_exists,1,
5,P2_unread_cc,MSG0005072,is_cc,1,
5,P2_unread_cc,MSG0005072,no_access_event,1,accesses=0
5,P2_unread_cc,MSG0005078,message_exists,1,
5,P2_unread_cc,MSG0005078,is_cc,1,
5,P2_unread_cc,MSG0005078,no_access_event,1,accesses=0
5,P2_unread_cc,MSG0005080,message_exists,1,
5,P2_unread_cc,MSG0005080,is_cc,1,
5,P2_unread_cc,MSG0005080,no_access_event,1,accesses=0
5,P1_thank_you,MSG0005163,message_exists,1,
5,P1_thank_you,MSG0005163,patient_originated_portal_message,1,
5,P1_thank_you,MSG0005163,is_reply_to_prior_outbound,1,
5,P1_thank_you,MSG0005163,thread_ending,1,later_messages=0
5,P1_thank_you,MSG0005163,accessed_and_completed,1,
6,P8_nonclinical_misrouted,MSG0000007,message_exists,1,
6,P8_nonclinical_misrouted,MSG0000007,nonclinical_category,1,category=cancellation
6,P8_nonclinical_misrouted,MSG0000007,reaches_provider,1,provider_forwards=1
6,P4_result_misrouted,MSG0000014,message_exists,1,
6,P4_result_misrouted,MSG0000014,is_result,1,
6,P4_result_misrouted,MSG0000014,recipient_not_ordering,1,
6,P4_result_misrouted,MSG0000014,recipient_not_covering,1,cover=None
6,P2_unread_cc,MSG0000037,message_exists,1,
6,P2_unread_cc,MSG0000037,is_cc,1,
6,P2_unread_cc,MSG0000037,no_access_event,1,accesses=0
6,P2_unread_cc,MSG0000041,message_exists,1,
6,P2_unread_cc,MSG0000041,is_cc,1,
6,P2_unread_cc,MSG0000041,no_access_event,1,accesses=0
6,P2_unread_cc,MSG0000044,message_exists,1,
6,P2_unread_cc,MSG0000044,is_cc,1,
6,P2_unread_cc,MSG0000044,no_access_event,1,accesses=0
6,P4_result_misrouted,MSG0000100,message_exists,1,
6,P4_result_misrouted,MSG0000100,is_result,1,
6,P4_result_misrouted,MSG0000100,recipient_not_ordering,1,
6,P4_result_misrouted,MSG0000100,recipient_not_covering,1,cover=None
6,P4_result_misrouted,MSG0000101,message_exists,1,
6,P4_result_misrouted,MSG0000101,is_result,1,
6,P4_result_misrouted,MSG0000101,recipient_not_ordering,1,
6,P4_result_misrouted,MSG0000101,recipient_not_covering,1,cover=None
6,P2_unread_cc,MSG0000114,message_exists,1,
6,P2_unread_cc,MSG0000114,is_cc,1,
6,P2_unread_cc,MSG0000114,no_access_event,1,accesses=0
6,P2_unread_cc,MSG0000116,message_exists,1,
6,P2_unread_cc,MSG0000116,is_cc,1,
6,P2_unread_cc,MSG0000116,no_access_event,1,accesses=0
6,P2_unread_cc,MSG0000117,message_exists,1,
6,P2_unread_cc,MSG0000117,is_cc,1,
6,P2_unread_cc,MSG0000117,no_access_event,1,accesses=0
6,P2_unread_cc,MSG0000119,message_exists,1,
6,P2_unread_cc,MSG0000119,is_cc,1,
6,P2_unread_cc,MSG0000119,no_access_event,1,accesses=0
6,P2_unread_cc,MSG0000120,message_exists,1,
6,P2_unread_cc,MSG0000120,is_cc,1,
6,P2_unread_cc,MSG0000120,no_access_event,1,accesses=0
6,P2_unread_cc,MSG0000123,message_exists,1,
6,P2_unread_cc,MSG0000123,is_cc,1,
6,P2_unread_cc,MSG0000123,no_access_event,1,accesses=0
6,P2_unread_cc,MSG0000195,message_exists,1,
6,P2_unread_cc,MSG0000195,is_cc,1,
6,P2_unread_cc,MSG0000195,no_access_event,1,accesses=0
6,P2_unread_cc,MSG0000196,message_exists,1,
6,P2_unread_cc,MSG0000196,is_cc,1,
6,P2_unread_cc,MSG0000196,no_access_event,1,accesses=0
6,P2_unread_cc,MSG0000273,message_exists,1,
6,P2_unread_cc,MSG0000273,is_cc,1,
6,P2_unread_cc,MSG0000273,no_access_event,1,accesses=0
6,P4_result_misrouted,MSG0000322,message_exists,1,
6,P4_result_misrouted,MSG0000322,is_result,1,
6,P4_result_misrouted,MSG0000322,recipient_not_ordering,1,
6,P4_result_misrouted,MSG0000322,recipient_not_covering,1,cover=None
6,P2_unread_cc,MSG0000351,message_exists,1,
6,P2_unread_cc,MSG0000351,is_cc,1,
6,P2_unread_cc,MSG0000351,no_access_event,1,accesses=0
6,P2_unread_cc,MSG0000358,message_exists,1,
6,P2_unread_cc,MSG0000358,is_cc,1,
6,P2_unread_cc,MSG0000358,no_access_event,1,accesses=0
6,P2_unread_cc,MSG0000359,message_exists,1,
6,P2_unread_cc,MSG0000359,is_cc,1,
6,P2_unread_cc,MSG0000359,no_access_event,1,accesses=0
6,P2_unread_cc,MSG0000363,message_exists,1,
6,P2_unread_cc,MSG0000363,is_cc,1,
6,P2_unread_cc,MSG0000363,no_access_event,1,accesses=0
6,P2_unread_cc,MSG0000364,message_exists,1,
6,P2_unread_cc,MSG0000364,is_cc,1,
6,P2_unread_cc,MSG0000364,no_access_event,1,accesses=0
6,P7_pingpong,MSG0000389,message_exists,1,
6,P7_pingpong,MSG0000389,at_least_two_staff_to_provider_forwards,1,staff_to_provider=2
6,P7_pingpong,MSG0000389,at_least_two_provider_to_staff_forwards,1,provider_to_staff=2
6,P7_pingpong,MSG0000389,two_or_more_round_trips,1,roundtrips=2
6,P7_pingpong,MSG0000393,message_exists,1,
6,P7_pingpong,MSG0000393,at_least_two_staff_to_provider_forwards,1,staff_to_provider=2
6,P7_pingpong,MSG0000393,at_least_two_provider_to_staff_forwards,1,provider_to_staff=2
6,P7_pingpong,MSG0000393,two_or_more_round_trips,1,roundtrips=2
6,P2_unread_cc,MSG0000433,message_exists,1,
6,P2_unread_cc,MSG0000433,is_cc,1,
6,P2_unread_cc,MSG0000433,no_access_event,1,accesses=0
6,P2_unread_cc,MSG0000492,message_exists,1,
6,P2_unread_cc,MSG0000492,is_cc,1,
6,P2_unread_cc,MSG0000492,no_access_event,1,accesses=0
6,P2_unread_cc,MSG0000497,message_exists,1,
6,P2_unread_cc,MSG0000497,is_cc,1,
6,P2_unread_cc,MSG0000497,no_access_event,1,accesses=0
6,P7_pingpong,MSG0000544,message_exists,1,
6,P7_pingpong,MSG0000544,at_least_two_staff_to_provider_forwards,1,staff_to_provider=2
6,P7_pingpong,MSG0000544,at_least_two_provider_to_staff_forwards,1,provider_to_staff=2
6,P7_pingpong,MSG0000544,two_or_more_round_trips,1,roundtrips=2
6,P8_nonclinical_misrouted,MSG0000625,message_exists,1,
6,P8_nonclinical_misrouted,MSG0000625,nonclinical_category,1,category=appointment_request
6,P8_nonclinical_misrouted,MSG0000625,reaches_provider,1,provider_forwards=1
6,P8_nonclinical_misrouted,MSG0000704,message_exists,1,
6,P8_nonclinical_misrouted,MSG0000704,nonclinical_category,1,category=appointment_request
6,P8_nonclinical_misrouted,MSG0000704,reaches_provider,1,provider_forwards=1
6,P4_result_misrouted,MSG0000712,message_exists,1,
6,P4_result_misrouted,MSG0000712,is_result,1,
6,P4_result_misrouted,MSG0000712,recipient_not_ordering,1,
6,P4_result_misrouted,MSG0000712,recipient_not_covering,1,cover=None
6,P4_result_misrouted,MSG0000719,message_exists,1,
6,P4_result_misrouted,MSG0000719,is_result,1,
6,P4_result_misrouted,MSG0000719,recipient_not_ordering,1,
6,P4_result_misrouted,MSG0000719,recipient_not_covering,1,cover=None
6,P2_unread_cc,MSG0000734,message_exists,1,
6,P2_unread_cc,MSG0000734,is_cc,1,
6,P2_unread_cc,MSG0000734,no_access_event,1,accesses=0
6,P2_unread_cc,MSG0000737,message_exists,1,
6,P2_unread_cc,MSG0000737,is_cc,1,
6,P2_unread_cc,MSG0000737,no_access_event,1,accesses=0
6,P2_unread_cc,MSG0000743,message_exists,1,
6,P2_unread_cc,MSG0000743,is_cc,1,
6,P2_unread_cc,MSG0000743,no_access_event,1,accesses=0
6,P2_unread_cc,MSG0000884,message_exists,1,
6,P2_unread_cc,MSG0000884,is_cc,1,
6,P2_unread_cc,MSG0000884,no_access_event,1,accesses=0
6,P2_unread_cc,MSG0000886,message_exists,1,
6,P2_unread_cc,MSG0000886,is_cc,1,
6,P2_unread_cc,MSG0000886,no_access_event,1,accesses=0
6,P2_unread_cc,MSG0000889,message_exists,1,
6,P2_unread_cc,MSG0000889,is_cc,1,
6,P2_unread_cc,MSG0000889,no_access_event,1,accesses=0
6,P2_unread_cc,MSG0000890,message_exists,1,
6,P2_unread_cc,MSG0000890,is_cc,1,
6,P2_unread_cc,MSG0000890,no_access_event,1,accesses=0
6,P2_unread_cc,MSG0000958,message_exists,1,
6,P2_unread_cc,MSG0000958,is_cc,1,
6,P2_unread_cc,MSG0000958,no_access_event,1,accesses=0
6,P1_thank_you,MSG0000993,message_exists,1,
6,P1_thank_you,MSG0000993,patient_originated_portal_message,1,
6,P1_thank_you,MSG0000993,is_reply_to_prior_outbound,1,
6,P1_thank_you,MSG0000993,thread_ending,1,later_messages=0
6,P1_thank_you,MSG0000993,accessed_and_completed,1,
6,P2_unread_cc,MSG0001028,message_exists,1,
6,P2_unread_cc,MSG0001028,is_cc,1,
6,P2_unread_cc,MSG0001028,no_access_event,1,accesses=0
6,P2_unread_cc,MSG0001029,message_exists,1,
6,P2_unread_cc,MSG0001029,is_cc,1,
6,P2_unread_cc,MSG0001029,no_access_event,1,accesses=0
6,P8_nonclinical_misrouted,MSG0001064,message_exists,1,
6,P8_nonclinical_misrouted,MSG0001064,nonclinical_category,1,category=cancellation
6,P8_nonclinical_misrouted,MSG0001064,reaches_provider,1,provider_forwards=1
6,P4_result_misrouted,MSG0001066,message_exists,1,
6,P4_result_misrouted,MSG0001066,is_result,1,
6,P4_result_misrouted,MSG0001066,recipient_not_ordering,1,
6,P4_result_misrouted,MSG0001066,recipient_not_covering,1,cover=None
6,P2_unread_cc,MSG0001094,message_exists,1,
6,P2_unread_cc,MSG0001094,is_cc,1,
6,P2_unread_cc,MSG0001094,no_access_event,1,accesses=0
6,P2_unread_cc,MSG0001096,message_exists,1,
6,P2_unread_cc,MSG0001096,is_cc,1,
6,P2_unread_cc,MSG0001096,no_access_event,1,accesses=0
6,P2_unread_cc,MSG0001100,message_exists,1,
6,P2_unread_cc,MSG0001100,is_cc,1,
6,P2_unread_cc,MSG0001100,no_access_event,1,accesses=0
6,P2_unread_cc,MSG0001102,message_exists,1,
6,P2_unread_cc,MSG0001102,is_cc,1,
6,P2_unread_cc,MSG0001102,no_access_event,1,accesses=0
6,P2_unread_cc,MSG0001103,message_exists,1,
6,P2_unread_cc,MSG0001103,is_cc,1,
6,P2_unread_cc,MSG0001103,no_access_event,1,accesses=0
6,P2_unread_cc,MSG0001105,message_exists,1,
6,P2_unread_cc,MSG0001105,is_cc,1,
6,P2_unread_cc,MSG0001105,no_access_event,1,accesses=0
6,P2_unread_cc,MSG0001106,message_exists,1,
6,P2_unread_cc,MSG0001106,is_cc,1,
6,P2_unread_cc,MSG0001106,no_access_event,1,accesses=0
6,P1_thank_you,MSG0001184,message_exists,1,
6,P1_thank_you,MSG0001184,patient_originated_portal_message,1,
6,P1_thank_you,MSG0001184,is_reply_to_prior_outbound,1,
6,P1_thank_you,MSG0001184,thread_ending,1,later_messages=0
6,P1_thank_you,MSG0001184,accessed_and_completed,1,
6,P2_unread_cc,MSG0001285,message_exists,1,
6,P2_unread_cc,MSG0001285,is_cc,1,
6,P2_unread_cc,MSG0001285,no_access_event,1,accesses=0
6,P4_result_misrouted,MSG0001342,message_exists,1,
6,P4_result_misrouted,MSG0001342,is_result,1,
6,P4_result_misrouted,MSG0001342,recipient_not_ordering,1,
6,P4_result_misrouted,MSG0001342,recipient_not_covering,1,cover=None
6,P2_unread_cc,MSG0001364,message_exists,1,
6,P2_unread_cc,MSG0001364,is_cc,1,
6,P2_unread_cc,MSG0001364,no_access_event,1,accesses=0
6,P2_unread_cc,MSG0001369,message_exists,1,
6,P2_unread_cc,MSG0001369,is_cc,1,
6,P2_unread_cc,MSG0001369,no_access_event,1,accesses=0
6,P4_result_misrouted,MSG0001417,message_exists,1,
6,P4_result_misrouted,MSG0001417,is_result,1,
6,P4_result_misrouted,MSG0001417,recipient_not_ordering,1,
6,P4_result_misrouted,MSG0001417,recipient_not_covering,1,cover=None
6,P2_unread_cc,MSG0001449,message_exists,1,
6,P2_unread_cc,MSG0001449,is_cc,1,
6,P2_unread_cc,MSG0001449,no_access_event,1,accesses=0
6,P8_nonclinical_misrouted,MSG0001496,message_exists,1,
6,P8_nonclinical_misrouted,MSG0001496,nonclinical_category,1,category=cancellation
6,P8_nonclinical_misrouted,MSG0001496,reaches_provider,1,provider_forwards=1
6,P4_result_misrouted,MSG0001506,message_exists,1,
6,P4_result_misrouted,MSG0001506,is_result,1,
6,P4_result_misrouted,MSG0001506,recipient_not_ordering,1,
6,P4_result_misrouted,MSG0001506,recipient_not_covering,1,cover=None
6,P2_unread_cc,MSG0001536,message_exists,1,
6,P2_unread_cc,MSG0001536,is_cc,1,
6,P2_unread_cc,MSG0001536,no_access_event,1,accesses=0
6,P2_unread_cc,MSG0001537,message_exists,1,
6,P2_unread_cc,MSG0001537,is_cc,1,
6,P2_unread_cc,MSG0001537,no_access_event,1,accesses=0
6,P2_unread_cc,MSG0001538,message_exists,1,
6,P2_unread_cc,MSG0001538,is_cc,1,
6,P2_unread_cc,MSG0001538,no_access_event,1,accesses=0
6,P2_unread_cc,MSG0001539,message_exists,1,
6,P2_unread_cc,MSG0001539,is_cc,1,
6,P2_unread_cc,MSG0001539,no_access_event,1,accesses=0
6,P2_unread_cc,MSG0001544,message_exists,1,
6,P2_unread_cc,MSG0001544,is_cc,1,
6,P2_unread_cc,MSG0001544,no_access_event,1,accesses=0
6,P2_unread_cc,MSG0001600,message_exists,1,
6,P2_unread_cc,MSG0001600,is_cc,1,
6,P2_unread_cc,MSG0001600,no_access_event,1,accesses=0
6,P2_unread_cc,MSG0001611,message_exists,1,
6,P2_unread_cc,MSG0001611,is_cc,1,
6,P2_unread_cc,MSG0001611,no_access_event,1,accesses=0
6,P2_unread_cc,MSG0001612,message_exists,1,
6,P2_unread_cc,MSG0001612,is_cc,1,
6,P2_unread_cc,MSG0001612,no_access_event,1,accesses=0
6,P2_unread_cc,MSG0001693,message_exists,1,
6,P2_unread_cc,MSG0001693,is_cc,1,
6,P2_unread_cc,MSG0001693,no_access_event,1,accesses=0
6,P2_unread_cc,MSG0001695,message_exists,1,
6,P2_unread_cc,MSG0001695,is_cc,1,
6,P2_unread_cc,MSG0001695,no_access_event,1,accesses=0
6,P2_unread_cc,MSG0001697,message_exists,1,
6,P2_unread_cc,MSG0001697,is_cc,1,
6,P2_unread_cc,MSG0001697,no_access_event,1,accesses=0
6,P7_pingpong,MSG0001724,message_exists,1,
6,P7_pingpong,MSG0001724,at_least_two_staff_to_provider_forwards,1,staff_to_provider=2
6,P7_pingpong,MSG0001724,at_least_two_provider_to_staff_forwards,1,provider_to_staff=2
6,P7_pingpong,MSG0001724,two_or_more_round_trips,1,roundtrips=2
6,P2_unread_cc,MSG0001767,message_exists,1,
6,P2_unread_cc,MSG0001767,is_cc,1,
6,P2_unread_cc,MSG0001767,no_access_event,1,accesses=0
6,P2_unread_cc,MSG0001770,message_exists,1,
6,P2_unread_cc,MSG0001770,is_cc,1,
6,P2_unread_cc,MSG0001770,no_access_event,1,accesses=0
6,P3_extended_thread,THR0001733,thread_exists,1,
6,P3_extended_thread,THR0001733,three_or_more_patient_incoming,1,incoming=4
6,P3_extended_thread,THR0001733,four_or_more_message_exchanges,1,in+out=7
6,P3_extended_thread,THR0001733,spans_at_least_3_days,1,span_days=7.55
6,P3_extended_thread,THR0001733,no_visit_between,0,intervening_visits=1
6,P1_thank_you,MSG0001809,message_exists,1,
6,P1_thank_you,MSG0001809,patient_originated_portal_message,1,
6,P1_thank_you,MSG0001809,is_reply_to_prior_outbound,1,
6,P1_thank_you,MSG0001809,thread_ending,1,later_messages=0
6,P1_thank_you,MSG0001809,accessed_and_completed,1,
6,P7_pingpong,MSG0001814,message_exists,1,
6,P7_pingpong,MSG0001814,at_least_two_staff_to_provider_forwards,1,staff_to_provider=2
6,P7_pingpong,MSG0001814,at_least_two_provider_to_staff_forwards,1,provider_to_staff=2
6,P7_pingpong,MSG0001814,two_or_more_round_trips,1,roundtrips=2
6,P8_nonclinical_misrouted,MSG0001817,message_exists,1,
6,P8_nonclinical_misrouted,MSG0001817,nonclinical_category,1,category=cancellation
6,P8_nonclinical_misrouted,MSG0001817,reaches_provider,1,provider_forwards=1
6,P2_unread_cc,MSG0001849,message_exists,1,
6,P2_unread_cc,MSG0001849,is_cc,1,
6,P2_unread_cc,MSG0001849,no_access_event,1,accesses=0
6,P2_unread_cc,MSG0001851,message_exists,1,
6,P2_unread_cc,MSG0001851,is_cc,1,
6,P2_unread_cc,MSG0001851,no_access_event,1,accesses=0
6,P2_unread_cc,MSG0001855,message_exists,1,
6,P2_unread_cc,MSG0001855,is_cc,1,
6,P2_unread_cc,MSG0001855,no_access_event,1,accesses=0
6,P2_unread_cc,MSG0001928,message_exists,1,
6,P2_unread_cc,MSG0001928,is_cc,1,
6,P2_unread_cc,MSG0001928,no_access_event,1,accesses=0
6,P8_nonclinical_misrouted,MSG0001955,message_exists,1,
6,P8_nonclinical_misrouted,MSG0001955,nonclinical_category,1,category=appointment_request
6,P8_nonclinical_misrouted,MSG0001955,reaches_provider,1,provider_forwards=1
6,P4_result_misrouted,MSG0002049,message_exists,1,
6,P4_result_misrouted,MSG0002049,is_result,1,
6,P4_result_misrouted,MSG0002049,recipient_not_ordering,1,
6,P4_result_misrouted,MSG0002049,recipient_not_covering,1,cover=None
6,P2_unread_cc,MSG0002071,message_exists,1,
6,P2_unread_cc,MSG0002071,is_cc,1,
6,P2_unread_cc,MSG0002071,no_access_event,1,accesses=0
6,P2_unread_cc,MSG0002073,message_exists,1,
6,P2_unread_cc,MSG0002073,is_cc,1,
6,P2_unread_cc,MSG0002073,no_access_event,1,accesses=0
6,P2_unread_cc,MSG0002076,message_exists,1,
6,P2_unread_cc,MSG0002076,is_cc,1,
6,P2_unread_cc,MSG0002076,no_access_event,1,accesses=0
6,P1_thank_you,MSG0002111,message_exists,1,
6,P1_thank_you,MSG0002111,patient_originated_portal_message,1,
6,P1_thank_you,MSG0002111,is_reply_to_prior_outbound,1,
6,P1_thank_you,MSG0002111,thread_ending,1,later_messages=0
6,P1_thank_you,MSG0002111,accessed_and_completed,1,
6,P1_thank_you,MSG0002114,message_exists,1,
6,P1_thank_you,MSG0002114,patient_originated_portal_message,1,
6,P1_thank_you,MSG0002114,is_reply_to_prior_outbound,1,
6,P1_thank_you,MSG0002114,thread_ending,1,later_messages=0
6,P1_thank_you,MSG0002114,accessed_and_completed,1,
6,P3_extended_thread,THR0002023,thread_exists,1,
6,P3_extended_thread,THR0002023,three_or_more_patient_incoming,1,incoming=3
6,P3_extended_thread,THR0002023,four_or_more_message_exchanges,1,in+out=6
6,P3_extended_thread,THR0002023,spans_at_least_3_days,1,span_days=5.63
6,P3_extended_thread,THR0002023,no_visit_between,1,intervening_visits=0
6,P2_unread_cc,MSG0002173,message_exists,1,
6,P2_unread_cc,MSG0002173,is_cc,1,
6,P2_unread_cc,MSG0002173,no_access_event,1,accesses=0
6,P2_unread_cc,MSG0002180,message_exists,1,
6,P2_unread_cc,MSG0002180,is_cc,1,
6,P2_unread_cc,MSG0002180,no_access_event,1,accesses=0
6,P7_pingpong,MSG0002215,message_exists,1,
6,P7_pingpong,MSG0002215,at_least_two_staff_to_provider_forwards,1,staff_to_provider=2
6,P7_pingpong,MSG0002215,at_least_two_provider_to_staff_forwards,1,provider_to_staff=2
6,P7_pingpong,MSG0002215,two_or_more_round_trips,1,roundtrips=2
6,P2_unread_cc,MSG0002255,message_exists,1,
6,P2_unread_cc,MSG0002255,is_cc,1,
6,P2_unread_cc,MSG0002255,no_access_event,1,accesses=0
6,P2_unread_cc,MSG0002258,message_exists,1,
6,P2_unread_cc,MSG0002258,is_cc,1,
6,P2_unread_cc,MSG0002258,no_access_event,1,accesses=0
6,P2_unread_cc,MSG0002261,message_exists,1,
6,P2_unread_cc,MSG0002261,is_cc,1,
6,P2_unread_cc,MSG0002261,no_access_event,1,accesses=0
6,P2_unread_cc,MSG0002340,message_exists,1,
6,P2_unread_cc,MSG0002340,is_cc,1,
6,P2_unread_cc,MSG0002340,no_access_event,1,accesses=0
6,P2_unread_cc,MSG0002343,message_exists,1,
6,P2_unread_cc,MSG0002343,is_cc,1,
6,P2_unread_cc,MSG0002343,no_access_event,1,accesses=0
6,P2_unread_cc,MSG0002347,message_exists,1,
6,P2_unread_cc,MSG0002347,is_cc,1,
6,P2_unread_cc,MSG0002347,no_access_event,1,accesses=0
6,P4_result_misrouted,MSG0002395,message_exists,1,
6,P4_result_misrouted,MSG0002395,is_result,1,
6,P4_result_misrouted,MSG0002395,recipient_not_ordering,1,
6,P4_result_misrouted,MSG0002395,recipient_not_covering,1,cover=None
6,P2_unread_cc,MSG0002415,message_exists,1,
6,P2_unread_cc,MSG0002415,is_cc,1,
6,P2_unread_cc,MSG0002415,no_access_event,1,accesses=0
6,P2_unread_cc,MSG0002417,message_exists,1,
6,P2_unread_cc,MSG0002417,is_cc,1,
6,P2_unread_cc,MSG0002417,no_access_event,1,accesses=0
6,P4_result_misrouted,MSG0002490,message_exists,1,
6,P4_result_misrouted,MSG0002490,is_result,1,
6,P4_result_misrouted,MSG0002490,recipient_not_ordering,1,
6,P4_result_misrouted,MSG0002490,recipient_not_covering,1,cover=None
6,P2_unread_cc,MSG0002576,message_exists,1,
6,P2_unread_cc,MSG0002576,is_cc,1,
6,P2_unread_cc,MSG0002576,no_access_event,1,accesses=0
6,P2_unread_cc,MSG0002577,message_exists,1,
6,P2_unread_cc,MSG0002577,is_cc,1,
6,P2_unread_cc,MSG0002577,no_access_event,1,accesses=0
6,P2_unread_cc,MSG0002582,message_exists,1,
6,P2_unread_cc,MSG0002582,is_cc,1,
6,P2_unread_cc,MSG0002582,no_access_event,1,accesses=0
6,P2_unread_cc,MSG0002584,message_exists,1,
6,P2_unread_cc,MSG0002584,is_cc,1,
6,P2_unread_cc,MSG0002584,no_access_event,1,accesses=0
6,P2_unread_cc,MSG0002586,message_exists,1,
6,P2_unread_cc,MSG0002586,is_cc,1,
6,P2_unread_cc,MSG0002586,no_access_event,1,accesses=0
6,P2_unread_cc,MSG0002666,message_exists,1,
6,P2_unread_cc,MSG0002666,is_cc,1,
6,P2_unread_cc,MSG0002666,no_access_event,1,accesses=0
6,P4_result_misrouted,MSG0002711,message_exists,1,
6,P4_result_misrouted,MSG0002711,is_result,1,
6,P4_result_misrouted,MSG0002711,recipient_not_ordering,1,
6,P4_result_misrouted,MSG0002711,recipient_not_covering,1,cover=None
6,P4_result_misrouted,MSG0002713,message_exists,1,
6,P4_result_misrouted,MSG0002713,is_result,1,
6,P4_result_misrouted,MSG0002713,recipient_not_ordering,1,
6,P4_result_misrouted,MSG0002713,recipient_not_covering,1,cover=None
6,P2_unread_cc,MSG0002745,message_exists,1,
6,P2_unread_cc,MSG0002745,is_cc,1,
6,P2_unread_cc,MSG0002745,no_access_event,1,accesses=0
6,P2_unread_cc,MSG0002750,message_exists,1,
6,P2_unread_cc,MSG0002750,is_cc,1,
6,P2_unread_cc,MSG0002750,no_access_event,1,accesses=0
6,P2_unread_cc,MSG0002755,message_exists,1,
6,P2_unread_cc,MSG0002755,is_cc,1,
6,P2_unread_cc,MSG0002755,no_access_event,1,accesses=0
6,P3_extended_thread,THR0002655,thread_exists,1,
6,P3_extended_thread,THR0002655,three_or_more_patient_incoming,1,incoming=3
6,P3_extended_thread,THR0002655,four_or_more_message_exchanges,1,in+out=6
6,P3_extended_thread,THR0002655,spans_at_least_3_days,1,span_days=5.79
6,P3_extended_thread,THR0002655,no_visit_between,1,intervening_visits=0
6,P2_unread_cc,MSG0002836,message_exists,1,
6,P2_unread_cc,MSG0002836,is_cc,1,
6,P2_unread_cc,MSG0002836,no_access_event,1,accesses=0
6,P4_result_misrouted,MSG0002884,message_exists,1,
6,P4_result_misrouted,MSG0002884,is_result,1,
6,P4_result_misrouted,MSG0002884,recipient_not_ordering,1,
6,P4_result_misrouted,MSG0002884,recipient_not_covering,1,cover=None
6,P2_unread_cc,MSG0002902,message_exists,1,
6,P2_unread_cc,MSG0002902,is_cc,1,
6,P2_unread_cc,MSG0002902,no_access_event,1,accesses=0
6,P2_unread_cc,MSG0002908,message_exists,1,
6,P2_unread_cc,MSG0002908,is_cc,1,
6,P2_unread_cc,MSG0002908,no_access_event,1,accesses=0
6,P4_result_misrouted,MSG0002948,message_exists,1,
6,P4_result_misrouted,MSG0002948,is_result,1,
6,P4_result_misrouted,MSG0002948,recipient_not_ordering,1,
6,P4_result_misrouted,MSG0002948,recipient_not_covering,1,cover=None
6,P2_unread_cc,MSG0002978,message_exists,1,
6,P2_unread_cc,MSG0002978,is_cc,1,
6,P2_unread_cc,MSG0002978,no_access_event,1,accesses=0
6,P3_extended_thread,THR0002867,thread_exists,1,
6,P3_extended_thread,THR0002867,three_or_more_patient_incoming,1,incoming=3
6,P3_extended_thread,THR0002867,four_or_more_message_exchanges,1,in+out=6
6,P3_extended_thread,THR0002867,spans_at_least_3_days,1,span_days=9.07
6,P3_extended_thread,THR0002867,no_visit_between,1,intervening_visits=0
6,P8_nonclinical_misrouted,MSG0003022,message_exists,1,
6,P8_nonclinical_misrouted,MSG0003022,nonclinical_category,1,category=billing_question
6,P8_nonclinical_misrouted,MSG0003022,reaches_provider,1,provider_forwards=1
6,P1_thank_you,MSG0003097,message_exists,1,
6,P1_thank_you,MSG0003097,patient_originated_portal_message,1,
6,P1_thank_you,MSG0003097,is_reply_to_prior_outbound,1,
6,P1_thank_you,MSG0003097,thread_ending,1,later_messages=0
6,P1_thank_you,MSG0003097,accessed_and_completed,1,
6,P2_unread_cc,MSG0003134,message_exists,1,
6,P2_unread_cc,MSG0003134,is_cc,1,
6,P2_unread_cc,MSG0003134,no_access_event,1,accesses=0
6,P2_unread_cc,MSG0003141,message_exists,1,
6,P2_unread_cc,MSG0003141,is_cc,1,
6,P2_unread_cc,MSG0003141,no_access_event,1,accesses=0
6,P2_unread_cc,MSG0003143,message_exists,1,
6,P2_unread_cc,MSG0003143,is_cc,1,
6,P2_unread_cc,MSG0003143,no_access_event,1,accesses=0
6,P2_unread_cc,MSG0003146,message_exists,1,
6,P2_unread_cc,MSG0003146,is_cc,1,
6,P2_unread_cc,MSG0003146,no_access_event,1,accesses=0
6,P2_unread_cc,MSG0003235,message_exists,1,
6,P2_unread_cc,MSG0003235,is_cc,1,
6,P2_unread_cc,MSG0003235,no_access_event,1,accesses=0
6,P2_unread_cc,MSG0003307,message_exists,1,
6,P2_unread_cc,MSG0003307,is_cc,1,
6,P2_unread_cc,MSG0003307,no_access_event,1,accesses=0
6,P2_unread_cc,MSG0003311,message_exists,1,
6,P2_unread_cc,MSG0003311,is_cc,1,
6,P2_unread_cc,MSG0003311,no_access_event,1,accesses=0
6,P2_unread_cc,MSG0003313,message_exists,1,
6,P2_unread_cc,MSG0003313,is_cc,1,
6,P2_unread_cc,MSG0003313,no_access_event,1,accesses=0
6,P1_thank_you,MSG0003348,message_exists,1,
6,P1_thank_you,MSG0003348,patient_originated_portal_message,1,
6,P1_thank_you,MSG0003348,is_reply_to_prior_outbound,1,
6,P1_thank_you,MSG0003348,thread_ending,1,later_messages=0
6,P1_thank_you,MSG0003348,accessed_and_completed,1,
6,P2_unread_cc,MSG0003394,message_exists,1,
6,P2_unread_cc,MSG0003394,is_cc,1,
6,P2_unread_cc,MSG0003394,no_access_event,1,accesses=0
6,P2_unread_cc,MSG0003397,message_exists,1,
6,P2_unread_cc,MSG0003397,is_cc,1,
6,P2_unread_cc,MSG0003397,no_access_event,1,accesses=0
6,P4_result_misrouted,MSG0003430,message_exists,1,
6,P4_result_misrouted,MSG0003430,is_result,1,
6,P4_result_misrouted,MSG0003430,recipient_not_ordering,1,
6,P4_result_misrouted,MSG0003430,recipient_not_covering,1,cover=None
6,P2_unread_cc,MSG0003463,message_exists,1,
6,P2_unread_cc,MSG0003463,is_cc,1,
6,P2_unread_cc,MSG0003463,no_access_event,1,accesses=0
6,P2_unread_cc,MSG0003464,message_exists,1,
6,P2_unread_cc,MSG0003464,is_cc,1,
6,P2_unread_cc,MSG0003464,no_access_event,1,accesses=0
6,P2_unread_cc,MSG0003465,message_exists,1,
6,P2_unread_cc,MSG0003465,is_cc,1,
6,P2_unread_cc,MSG0003465,no_access_event,1,accesses=0
6,P2_unread_cc,MSG0003466,message_exists,1,
6,P2_unread_cc,MSG0003466,is_cc,1,
6,P2_unread_cc,MSG0003466,no_access_event,1,accesses=0
6,P2_unread_cc,MSG0003545,message_exists,1,
6,P2_unread_cc,MSG0003545,is_cc,1,
6,P2_unread_cc,MSG0003545,no_access_event,1,accesses=0
6,P1_thank_you,MSG0003582,message_exists,1,
6,P1_thank_you,MSG0003582,patient_originated_portal_message,1,
6,P1_thank_you,MSG0003582,is_reply_to_prior_outbound,1,
6,P1_thank_you,MSG0003582,thread_ending,1,later_messages=0
6,P1_thank_you,MSG0003582,accessed_and_completed,1,
6,P4_result_misrouted,MSG0003600,message_exists,1,
6,P4_result_misrouted,MSG0003600,is_result,1,
6,P4_result_misrouted,MSG0003600,recipient_not_ordering,1,
6,P4_result_misrouted,MSG0003600,recipient_not_covering,1,cover=None
6,P2_unread_cc,MSG0003623,message_exists,1,
6,P2_unread_cc,MSG0003623,is_cc,1,
6,P2_unread_cc,MSG0003623,no_access_event,1,accesses=0
6,P2_unread_cc,MSG0003624,message_exists,1,
6,P2_unread_cc,MSG0003624,is_cc,1,
6,P2_unread_cc,MSG0003624,no_access_event,1,accesses=0
6,P4_result_misrouted,MSG0003780,message_exists,1,
6,P4_result_misrouted,MSG0003780,is_result,1,
6,P4_result_misrouted,MSG0003780,recipient_not_ordering,1,
6,P4_result_misrouted,MSG0003780,recipient_not_covering,1,cover=None
6,P3_extended_thread,THR0003635,thread_exists,1,
6,P3_extended_thread,THR0003635,three_or_more_patient_incoming,1,incoming=3
6,P3_extended_thread,THR0003635,four_or_more_message_exchanges,1,in+out=7
6,P3_extended_thread,THR0003635,spans_at_least_3_days,1,span_days=6.68
6,P3_extended_thread,THR0003635,no_visit_between,1,intervening_visits=0
6,P4_result_misrouted,MSG0003830,message_exists,1,
6,P4_result_misrouted,MSG0003830,is_result,1,
6,P4_result_misrouted,MSG0003830,recipient_not_ordering,1,
6,P4_result_misrouted,MSG0003830,recipient_not_covering,1,cover=None
6,P4_result_misrouted,MSG0003834,message_exists,1,
6,P4_result_misrouted,MSG0003834,is_result,1,
6,P4_result_misrouted,MSG0003834,recipient_not_ordering,1,
6,P4_result_misrouted,MSG0003834,recipient_not_covering,1,cover=None
6,P2_unread_cc,MSG0003865,message_exists,1,
6,P2_unread_cc,MSG0003865,is_cc,1,
6,P2_unread_cc,MSG0003865,no_access_event,1,accesses=0
6,P4_result_misrouted,MSG0003907,message_exists,1,
6,P4_result_misrouted,MSG0003907,is_result,1,
6,P4_result_misrouted,MSG0003907,recipient_not_ordering,1,
6,P4_result_misrouted,MSG0003907,recipient_not_covering,1,cover=None
6,P2_unread_cc,MSG0003932,message_exists,1,
6,P2_unread_cc,MSG0003932,is_cc,1,
6,P2_unread_cc,MSG0003932,no_access_event,1,accesses=0
6,P2_unread_cc,MSG0003935,message_exists,1,
6,P2_unread_cc,MSG0003935,is_cc,1,
6,P2_unread_cc,MSG0003935,no_access_event,1,accesses=0
6,P2_unread_cc,MSG0003936,message_exists,1,
6,P2_unread_cc,MSG0003936,is_cc,1,
6,P2_unread_cc,MSG0003936,no_access_event,1,accesses=0
6,P2_unread_cc,MSG0003939,message_exists,1,
6,P2_unread_cc,MSG0003939,is_cc,1,
6,P2_unread_cc,MSG0003939,no_access_event,1,accesses=0
6,P8_nonclinical_misrouted,MSG0003976,message_exists,1,
6,P8_nonclinical_misrouted,MSG0003976,nonclinical_category,1,category=cancellation
6,P8_nonclinical_misrouted,MSG0003976,reaches_provider,1,provider_forwards=1
6,P2_unread_cc,MSG0004009,message_exists,1,
6,P2_unread_cc,MSG0004009,is_cc,1,
6,P2_unread_cc,MSG0004009,no_access_event,1,accesses=0
6,P2_unread_cc,MSG0004011,message_exists,1,
6,P2_unread_cc,MSG0004011,is_cc,1,
6,P2_unread_cc,MSG0004011,no_access_event,1,accesses=0
6,P2_unread_cc,MSG0004019,message_exists,1,
6,P2_unread_cc,MSG0004019,is_cc,1,
6,P2_unread_cc,MSG0004019,no_access_event,1,accesses=0
6,P4_result_misrouted,MSG0004078,message_exists,1,
6,P4_result_misrouted,MSG0004078,is_result,1,
6,P4_result_misrouted,MSG0004078,recipient_not_ordering,1,
6,P4_result_misrouted,MSG0004078,recipient_not_covering,1,cover=None
6,P2_unread_cc,MSG0004100,message_exists,1,
6,P2_unread_cc,MSG0004100,is_cc,1,
6,P2_unread_cc,MSG0004100,no_access_event,1,accesses=0
6,P2_unread_cc,MSG0004173,message_exists,1,
6,P2_unread_cc,MSG0004173,is_cc,1,
6,P2_unread_cc,MSG0004173,no_access_event,1,accesses=0
6,P2_unread_cc,MSG0004177,message_exists,1,
6,P2_unread_cc,MSG0004177,is_cc,1,
6,P2_unread_cc,MSG0004177,no_access_event,1,accesses=0
6,P2_unread_cc,MSG0004178,message_exists,1,
6,P2_unread_cc,MSG0004178,is_cc,1,
6,P2_unread_cc,MSG0004178,no_access_event,1,accesses=0
6,P2_unread_cc,MSG0004180,message_exists,1,
6,P2_unread_cc,MSG0004180,is_cc,1,
6,P2_unread_cc,MSG0004180,no_access_event,1,accesses=0
6,P2_unread_cc,MSG0004181,message_exists,1,
6,P2_unread_cc,MSG0004181,is_cc,1,
6,P2_unread_cc,MSG0004181,no_access_event,1,accesses=0
6,P2_unread_cc,MSG0004257,message_exists,1,
6,P2_unread_cc,MSG0004257,is_cc,1,
6,P2_unread_cc,MSG0004257,no_access_event,1,accesses=0
6,P2_unread_cc,MSG0004261,message_exists,1,
6,P2_unread_cc,MSG0004261,is_cc,1,
6,P2_unread_cc,MSG0004261,no_access_event,1,accesses=0
6,P2_unread_cc,MSG0004265,message_exists,1,
6,P2_unread_cc,MSG0004265,is_cc,1,
6,P2_unread_cc,MSG0004265,no_access_event,1,accesses=0
6,P7_pingpong,MSG0004302,message_exists,1,
6,P7_pingpong,MSG0004302,at_least_two_staff_to_provider_forwards,1,staff_to_provider=2
6,P7_pingpong,MSG0004302,at_least_two_provider_to_staff_forwards,1,provider_to_staff=2
6,P7_pingpong,MSG0004302,two_or_more_round_trips,1,roundtrips=2
6,P2_unread_cc,MSG0004340,message_exists,1,
6,P2_unread_cc,MSG0004340,is_cc,1,
6,P2_unread_cc,MSG0004340,no_access_event,1,accesses=0
6,P2_unread_cc,MSG0004343,message_exists,1,
6,P2_unread_cc,MSG0004343,is_cc,1,
6,P2_unread_cc,MSG0004343,no_access_event,1,accesses=0
6,P2_unread_cc,MSG0004346,message_exists,1,
6,P2_unread_cc,MSG0004346,is_cc,1,
6,P2_unread_cc,MSG0004346,no_access_event,1,accesses=0
6,P1_thank_you,MSG0004387,message_exists,1,
6,P1_thank_you,MSG0004387,patient_originated_portal_message,1,
6,P1_thank_you,MSG0004387,is_reply_to_prior_outbound,1,
6,P1_thank_you,MSG0004387,thread_ending,1,later_messages=0
6,P1_thank_you,MSG0004387,accessed_and_completed,1,
6,P2_unread_cc,MSG0004422,message_exists,1,
6,P2_unread_cc,MSG0004422,is_cc,1,
6,P2_unread_cc,MSG0004422,no_access_event,1,accesses=0
6,P2_unread_cc,MSG0004426,message_exists,1,
6,P2_unread_cc,MSG0004426,is_cc,1,
6,P2_unread_cc,MSG0004426,no_access_event,1,accesses=0
6,P7_pingpong,MSG0004462,message_exists,1,
6,P7_pingpong,MSG0004462,at_least_two_staff_to_provider_forwards,1,staff_to_provider=2
6,P7_pingpong,MSG0004462,at_least_two_provider_to_staff_forwards,1,provider_to_staff=2
6,P7_pingpong,MSG0004462,two_or_more_round_trips,1,roundtrips=2
6,P2_unread_cc,MSG0004500,message_exists,1,
6,P2_unread_cc,MSG0004500,is_cc,1,
6,P2_unread_cc,MSG0004500,no_access_event,1,accesses=0
6,P2_unread_cc,MSG0004502,message_exists,1,
6,P2_unread_cc,MSG0004502,is_cc,1,
6,P2_unread_cc,MSG0004502,no_access_event,1,accesses=0
6,P2_unread_cc,MSG0004578,message_exists,1,
6,P2_unread_cc,MSG0004578,is_cc,1,
6,P2_unread_cc,MSG0004578,no_access_event,1,accesses=0
6,P2_unread_cc,MSG0004580,message_exists,1,
6,P2_unread_cc,MSG0004580,is_cc,1,
6,P2_unread_cc,MSG0004580,no_access_event,1,accesses=0
6,P2_unread_cc,MSG0004666,message_exists,1,
6,P2_unread_cc,MSG0004666,is_cc,1,
6,P2_unread_cc,MSG0004666,no_access_event,1,accesses=0
6,P2_unread_cc,MSG0004672,message_exists,1,
6,P2_unread_cc,MSG0004672,is_cc,1,
6,P2_unread_cc,MSG0004672,no_access_event,1,accesses=0
6,P2_unread_cc,MSG0004758,message_exists,1,
6,P2_unread_cc,MSG0004758,is_cc,1,
6,P2_unread_cc,MSG0004758,no_access_event,1,accesses=0
6,P2_unread_cc,MSG0004831,message_exists,1,
6,P2_unread_cc,MSG0004831,is_cc,1,
6,P2_unread_cc,MSG0004831,no_access_event,1,accesses=0
6,P2_unread_cc,MSG0004836,message_exists,1,
6,P2_unread_cc,MSG0004836,is_cc,1,
6,P2_unread_cc,MSG0004836,no_access_event,1,accesses=0
6,P2_unread_cc,MSG0004840,message_exists,1,
6,P2_unread_cc,MSG0004840,is_cc,1,
6,P2_unread_cc,MSG0004840,no_access_event,1,accesses=0
6,P2_unread_cc,MSG0004912,message_exists,1,
6,P2_unread_cc,MSG0004912,is_cc,1,
6,P2_unread_cc,MSG0004912,no_access_event,1,accesses=0
6,P2_unread_cc,MSG0004920,message_exists,1,
6,P2_unread_cc,MSG0004920,is_cc,1,
6,P2_unread_cc,MSG0004920,no_access_event,1,accesses=0
6,P8_nonclinical_misrouted,MSG0004961,message_exists,1,
6,P8_nonclinical_misrouted,MSG0004961,nonclinical_category,1,category=cancellation
6,P8_nonclinical_misrouted,MSG0004961,reaches_provider,1,provider_forwards=1
6,P8_nonclinical_misrouted,MSG0004962,message_exists,1,
6,P8_nonclinical_misrouted,MSG0004962,nonclinical_category,1,category=cancellation
6,P8_nonclinical_misrouted,MSG0004962,reaches_provider,1,provider_forwards=1
6,P2_unread_cc,MSG0005006,message_exists,1,
6,P2_unread_cc,MSG0005006,is_cc,1,
6,P2_unread_cc,MSG0005006,no_access_event,1,accesses=0
6,P2_unread_cc,MSG0005007,message_exists,1,
6,P2_unread_cc,MSG0005007,is_cc,1,
6,P2_unread_cc,MSG0005007,no_access_event,1,accesses=0
6,P4_result_misrouted,MSG0005047,message_exists,1,
6,P4_result_misrouted,MSG0005047,is_result,1,
6,P4_result_misrouted,MSG0005047,recipient_not_ordering,1,
6,P4_result_misrouted,MSG0005047,recipient_not_covering,1,cover=None
6,P4_result_misrouted,MSG0005098,message_exists,1,
6,P4_result_misrouted,MSG0005098,is_result,1,
6,P4_result_misrouted,MSG0005098,recipient_not_ordering,1,
6,P4_result_misrouted,MSG0005098,recipient_not_covering,1,cover=None
7,P7_pingpong,MSG0000072,message_exists,1,
7,P7_pingpong,MSG0000072,at_least_two_staff_to_provider_forwards,1,staff_to_provider=2
7,P7_pingpong,MSG0000072,at_least_two_provider_to_staff_forwards,1,provider_to_staff=2
7,P7_pingpong,MSG0000072,two_or_more_round_trips,1,roundtrips=2
7,P3_extended_thread,THR0000069,thread_exists,1,
7,P3_extended_thread,THR0000069,three_or_more_patient_incoming,1,incoming=3
7,P3_extended_thread,THR0000069,four_or_more_message_exchanges,1,in+out=6
7,P3_extended_thread,THR0000069,spans_at_least_3_days,1,span_days=6.87
7,P3_extended_thread,THR0000069,no_visit_between,1,intervening_visits=0
7,P2_unread_cc,MSG0000115,message_exists,1,
7,P2_unread_cc,MSG0000115,is_cc,1,
7,P2_unread_cc,MSG0000115,no_access_event,1,accesses=0
7,P2_unread_cc,MSG0000122,message_exists,1,
7,P2_unread_cc,MSG0000122,is_cc,1,
7,P2_unread_cc,MSG0000122,no_access_event,1,accesses=0
7,P2_unread_cc,MSG0000214,message_exists,1,
7,P2_unread_cc,MSG0000214,is_cc,1,
7,P2_unread_cc,MSG0000214,no_access_event,1,accesses=0
7,P2_unread_cc,MSG0000218,message_exists,1,
7,P2_unread_cc,MSG0000218,is_cc,1,
7,P2_unread_cc,MSG0000218,no_access_event,1,accesses=0
7,P4_result_misrouted,MSG0000270,message_exists,1,
7,P4_result_misrouted,MSG0000270,is_result,1,
7,P4_result_misrouted,MSG0000270,recipient_not_ordering,1,
7,P4_result_misrouted,MSG0000270,recipient_not_covering,1,cover=None
7,P2_unread_cc,MSG0000293,message_exists,1,
7,P2_unread_cc,MSG0000293,is_cc,1,
7,P2_unread_cc,MSG0000293,no_access_event,1,accesses=0
7,P2_unread_cc,MSG0000295,message_exists,1,
7,P2_unread_cc,MSG0000295,is_cc,1,
7,P2_unread_cc,MSG0000295,no_access_event,1,accesses=0
7,P2_unread_cc,MSG0000297,message_exists,1,
7,P2_unread_cc,MSG0000297,is_cc,1,
7,P2_unread_cc,MSG0000297,no_access_event,1,accesses=0
7,P2_unread_cc,MSG0000299,message_exists,1,
7,P2_unread_cc,MSG0000299,is_cc,1,
7,P2_unread_cc,MSG0000299,no_access_event,1,accesses=0
7,P2_unread_cc,MSG0000381,message_exists,1,
7,P2_unread_cc,MSG0000381,is_cc,1,
7,P2_unread_cc,MSG0000381,no_access_event,1,accesses=0
7,P2_unread_cc,MSG0000382,message_exists,1,
7,P2_unread_cc,MSG0000382,is_cc,1,
7,P2_unread_cc,MSG0000382,no_access_event,1,accesses=0
7,P2_unread_cc,MSG0000385,message_exists,1,
7,P2_unread_cc,MSG0000385,is_cc,1,
7,P2_unread_cc,MSG0000385,no_access_event,1,accesses=0
7,P2_unread_cc,MSG0000386,message_exists,1,
7,P2_unread_cc,MSG0000386,is_cc,1,
7,P2_unread_cc,MSG0000386,no_access_event,1,accesses=0
7,P2_unread_cc,MSG0000388,message_exists,1,
7,P2_unread_cc,MSG0000388,is_cc,1,
7,P2_unread_cc,MSG0000388,no_access_event,1,accesses=0
7,P4_result_misrouted,MSG0000426,message_exists,1,
7,P4_result_misrouted,MSG0000426,is_result,1,
7,P4_result_misrouted,MSG0000426,recipient_not_ordering,1,
7,P4_result_misrouted,MSG0000426,recipient_not_covering,1,cover=None
7,P2_unread_cc,MSG0000456,message_exists,1,
7,P2_unread_cc,MSG0000456,is_cc,1,
7,P2_unread_cc,MSG0000456,no_access_event,1,accesses=0
7,P2_unread_cc,MSG0000460,message_exists,1,
7,P2_unread_cc,MSG0000460,is_cc,1,
7,P2_unread_cc,MSG0000460,no_access_event,1,accesses=0
7,P2_unread_cc,MSG0000461,message_exists,1,
7,P2_unread_cc,MSG0000461,is_cc,1,
7,P2_unread_cc,MSG0000461,no_access_event,1,accesses=0
7,P2_unread_cc,MSG0000466,message_exists,1,
7,P2_unread_cc,MSG0000466,is_cc,1,
7,P2_unread_cc,MSG0000466,no_access_event,1,accesses=0
7,P7_pingpong,MSG0000508,message_exists,1,
7,P7_pingpong,MSG0000508,at_least_two_staff_to_provider_forwards,1,staff_to_provider=2
7,P7_pingpong,MSG0000508,at_least_two_provider_to_staff_forwards,1,provider_to_staff=2
7,P7_pingpong,MSG0000508,two_or_more_round_trips,1,roundtrips=2
7,P4_result_misrouted,MSG0000533,message_exists,1,
7,P4_result_misrouted,MSG0000533,is_result,1,
7,P4_result_misrouted,MSG0000533,recipient_not_ordering,1,
7,P4_result_misrouted,MSG0000533,recipient_not_covering,1,cover=None
7,P2_unread_cc,MSG0000551,message_exists,1,
7,P2_unread_cc,MSG0000551,is_cc,1,
7,P2_unread_cc,MSG0000551,no_access_event,1,accesses=0
7,P2_unread_cc,MSG0000553,message_exists,1,
7,P2_unread_cc,MSG0000553,is_cc,1,
7,P2_unread_cc,MSG0000553,no_access_event,1,accesses=0
7,P2_unread_cc,MSG0000554,message_exists,1,
7,P2_unread_cc,MSG0000554,is_cc,1,
7,P2_unread_cc,MSG0000554,no_access_event,1,accesses=0
7,P2_unread_cc,MSG0000558,message_exists,1,
7,P2_unread_cc,MSG0000558,is_cc,1,
7,P2_unread_cc,MSG0000558,no_access_event,1,accesses=0
7,P2_unread_cc,MSG0000559,message_exists,1,
7,P2_unread_cc,MSG0000559,is_cc,1,
7,P2_unread_cc,MSG0000559,no_access_event,1,accesses=0
7,P2_unread_cc,MSG0000560,message_exists,1,
7,P2_unread_cc,MSG0000560,is_cc,1,
7,P2_unread_cc,MSG0000560,no_access_event,1,accesses=0
7,P2_unread_cc,MSG0000561,message_exists,1,
7,P2_unread_cc,MSG0000561,is_cc,1,
7,P2_unread_cc,MSG0000561,no_access_event,1,accesses=0
7,P2_unread_cc,MSG0000562,message_exists,1,
7,P2_unread_cc,MSG0000562,is_cc,1,
7,P2_unread_cc,MSG0000562,no_access_event,1,accesses=0
7,P2_unread_cc,MSG0000564,message_exists,1,
7,P2_unread_cc,MSG0000564,is_cc,1,
7,P2_unread_cc,MSG0000564,no_access_event,1,accesses=0
7,P2_unread_cc,MSG0000566,message_exists,1,
7,P2_unread_cc,MSG0000566,is_cc,1,
7,P2_unread_cc,MSG0000566,no_access_event,1,accesses=0
7,P2_unread_cc,MSG0000637,message_exists,1,
7,P2_unread_cc,MSG0000637,is_cc,1,
7,P2_unread_cc,MSG0000637,no_access_event,1,accesses=0
7,P2_unread_cc,MSG0000638,message_exists,1,
7,P2_unread_cc,MSG0000638,is_cc,1,
7,P2_unread_cc,MSG0000638,no_access_event,1,accesses=0
7,P2_unread_cc,MSG0000646,message_exists,1,
7,P2_unread_cc,MSG0000646,is_cc,1,
7,P2_unread_cc,MSG0000646,no_access_event,1,accesses=0
7,P2_unread_cc,MSG0000648,message_exists,1,
7,P2_unread_cc,MSG0000648,is_cc,1,
7,P2_unread_cc,MSG0000648,no_access_event,1,accesses=0
7,P2_unread_cc,MSG0000650,message_exists,1,
7,P2_unread_cc,MSG0000650,is_cc,1,
7,P2_unread_cc,MSG0000650,no_access_event,1,accesses=0
7,P2_unread_cc,MSG0000721,message_exists,1,
7,P2_unread_cc,MSG0000721,is_cc,1,
7,P2_unread_cc,MSG0000721,no_access_event,1,accesses=0
7,P2_unread_cc,MSG0000725,message_exists,1,
7,P2_unread_cc,MSG0000725,is_cc,1,
7,P2_unread_cc,MSG0000725,no_access_event,1,accesses=0
7,P2_unread_cc,MSG0000727,message_exists,1,
7,P2_unread_cc,MSG0000727,is_cc,1,
7,P2_unread_cc,MSG0000727,no_access_event,1,accesses=0
7,P2_unread_cc,MSG0000811,message_exists,1,
7,P2_unread_cc,MSG0000811,is_cc,1,
7,P2_unread_cc,MSG0000811,no_access_event,1,accesses=0
7,P2_unread_cc,MSG0000813,message_exists,1,
7,P2_unread_cc,MSG0000813,is_cc,1,
7,P2_unread_cc,MSG0000813,no_access_event,1,accesses=0
7,P2_unread_cc,MSG0000815,message_exists,1,
7,P2_unread_cc,MSG0000815,is_cc,1,
7,P2_unread_cc,MSG0000815,no_access_event,1,accesses=0
7,P4_result_misrouted,MSG0000880,message_exists,1,
7,P4_result_misrouted,MSG0000880,is_result,1,
7,P4_result_misrouted,MSG0000880,recipient_not_ordering,1,
7,P4_result_misrouted,MSG0000880,recipient_not_covering,1,cover=None
7,P2_unread_cc,MSG0000897,message_exists,1,
7,P2_unread_cc,MSG0000897,is_cc,1,
7,P2_unread_cc,MSG0000897,no_access_event,1,accesses=0
7,P2_unread_cc,MSG0000898,message_exists,1,
7,P2_unread_cc,MSG0000898,is_cc,1,
7,P2_unread_cc,MSG0000898,no_access_event,1,accesses=0
7,P2_unread_cc,MSG0000981,message_exists,1,
7,P2_unread_cc,MSG0000981,is_cc,1,
7,P2_unread_cc,MSG0000981,no_access_event,1,accesses=0
7,P2_unread_cc,MSG0001066,message_exists,1,
7,P2_unread_cc,MSG0001066,is_cc,1,
7,P2_unread_cc,MSG0001066,no_access_event,1,accesses=0
7,P2_unread_cc,MSG0001069,message_exists,1,
7,P2_unread_cc,MSG0001069,is_cc,1,
7,P2_unread_cc,MSG0001069,no_access_event,1,accesses=0
7,P2_unread_cc,MSG0001159,message_exists,1,
7,P2_unread_cc,MSG0001159,is_cc,1,
7,P2_unread_cc,MSG0001159,no_access_event,1,accesses=0
7,P4_result_misrouted,MSG0001226,message_exists,1,
7,P4_result_misrouted,MSG0001226,is_result,1,
7,P4_result_misrouted,MSG0001226,recipient_not_ordering,1,
7,P4_result_misrouted,MSG0001226,recipient_not_covering,1,cover=None
7,P2_unread_cc,MSG0001257,message_exists,1,
7,P2_unread_cc,MSG0001257,is_cc,1,
7,P2_unread_cc,MSG0001257,no_access_event,1,accesses=0
7,P2_unread_cc,MSG0001259,message_exists,1,
7,P2_unread_cc,MSG0001259,is_cc,1,
7,P2_unread_cc,MSG0001259,no_access_event,1,accesses=0
7,P2_unread_cc,MSG0001260,message_exists,1,
7,P2_unread_cc,MSG0001260,is_cc,1,
7,P2_unread_cc,MSG0001260,no_access_event,1,accesses=0
7,P2_unread_cc,MSG0001261,message_exists,1,
7,P2_unread_cc,MSG0001261,is_cc,1,
7,P2_unread_cc,MSG0001261,no_access_event,1,accesses=0
7,P2_unread_cc,MSG0001266,message_exists,1,
7,P2_unread_cc,MSG0001266,is_cc,1,
7,P2_unread_cc,MSG0001266,no_access_event,1,accesses=0
7,P2_unread_cc,MSG0001267,message_exists,1,
7,P2_unread_cc,MSG0001267,is_cc,1,
7,P2_unread_cc,MSG0001267,no_access_event,1,accesses=0
7,P4_result_misrouted,MSG0001340,message_exists,1,
7,P4_result_misrouted,MSG0001340,is_result,1,
7,P4_result_misrouted,MSG0001340,recipient_not_ordering,1,
7,P4_result_misrouted,MSG0001340,recipient_not_covering,1,cover=None
7,P1_thank_you,MSG0001371,message_exists,1,
7,P1_thank_you,MSG0001371,patient_originated_portal_message,1,
7,P1_thank_you,MSG0001371,is_reply_to_prior_outbound,1,
7,P1_thank_you,MSG0001371,thread_ending,1,later_messages=0
7,P1_thank_you,MSG0001371,accessed_and_completed,1,
7,P8_nonclinical_misrouted,MSG0001375,message_exists,1,
7,P8_nonclinical_misrouted,MSG0001375,nonclinical_category,1,category=cancellation
7,P8_nonclinical_misrouted,MSG0001375,reaches_provider,1,provider_forwards=1
7,P4_result_misrouted,MSG0001381,message_exists,1,
7,P4_result_misrouted,MSG0001381,is_result,1,
7,P4_result_misrouted,MSG0001381,recipient_not_ordering,1,
7,P4_result_misrouted,MSG0001381,recipient_not_covering,1,cover=None
7,P4_result_misrouted,MSG0001383,message_exists,1,
7,P4_result_misrouted,MSG0001383,is_result,1,
7,P4_result_misrouted,MSG0001383,recipient_not_ordering,1,
7,P4_result_misrouted,MSG0001383,recipient_not_covering,1,cover=None
7,P2_unread_cc,MSG0001405,message_exists,1,
7,P2_unread_cc,MSG0001405,is_cc,1,
7,P2_unread_cc,MSG0001405,no_access_event,1,accesses=0
7,P2_unread_cc,MSG0001406,message_exists,1,
7,P2_unread_cc,MSG0001406,is_cc,1,
7,P2_unread_cc,MSG0001406,no_access_event,1,accesses=0
7,P2_unread_cc,MSG0001483,message_exists,1,
7,P2_unread_cc,MSG0001483,is_cc,1,
7,P2_unread_cc,MSG0001483,no_access_event,1,accesses=0
7,P4_result_misrouted,MSG0001548,message_exists,1,
7,P4_result_misrouted,MSG0001548,is_result,1,
7,P4_result_misrouted,MSG0001548,recipient_not_ordering,1,
7,P4_result_misrouted,MSG0001548,recipient_not_covering,1,cover=None
7,P2_unread_cc,MSG0001574,message_exists,1,
7,P2_unread_cc,MSG0001574,is_cc,1,
7,P2_unread_cc,MSG0001574,no_access_event,1,accesses=0
7,P2_unread_cc,MSG0001576,message_exists,1,
7,P2_unread_cc,MSG0001576,is_cc,1,
7,P2_unread_cc,MSG0001576,no_access_event,1,accesses=0
7,P2_unread_cc,MSG0001578,message_exists,1,
7,P2_unread_cc,MSG0001578,is_cc,1,
7,P2_unread_cc,MSG0001578,no_access_event,1,accesses=0
7,P2_unread_cc,MSG0001582,message_exists,1,
7,P2_unread_cc,MSG0001582,is_cc,1,
7,P2_unread_cc,MSG0001582,no_access_event,1,accesses=0
7,P2_unread_cc,MSG0001583,message_exists,1,
7,P2_unread_cc,MSG0001583,is_cc,1,
7,P2_unread_cc,MSG0001583,no_access_event,1,accesses=0
7,P7_pingpong,MSG0001629,message_exists,1,
7,P7_pingpong,MSG0001629,at_least_two_staff_to_provider_forwards,1,staff_to_provider=2
7,P7_pingpong,MSG0001629,at_least_two_provider_to_staff_forwards,1,provider_to_staff=2
7,P7_pingpong,MSG0001629,two_or_more_round_trips,1,roundtrips=2
7,P2_unread_cc,MSG0001668,message_exists,1,
7,P2_unread_cc,MSG0001668,is_cc,1,
7,P2_unread_cc,MSG0001668,no_access_event,1,accesses=0
7,P2_unread_cc,MSG0001750,message_exists,1,
7,P2_unread_cc,MSG0001750,is_cc,1,
7,P2_unread_cc,MSG0001750,no_access_event,1,accesses=0
7,P8_nonclinical_misrouted,MSG0001788,message_exists,1,
7,P8_nonclinical_misrouted,MSG0001788,nonclinical_category,1,category=cancellation
7,P8_nonclinical_misrouted,MSG0001788,reaches_provider,1,provider_forwards=1
7,P2_unread_cc,MSG0001827,message_exists,1,
7,P2_unread_cc,MSG0001827,is_cc,1,
7,P2_unread_cc,MSG0001827,no_access_event,1,accesses=0
7,P2_unread_cc,MSG0001832,message_exists,1,
7,P2_unread_cc,MSG0001832,is_cc,1,
7,P2_unread_cc,MSG0001832,no_access_event,1,accesses=0
7,P2_unread_cc,MSG0001833,message_exists,1,
7,P2_unread_cc,MSG0001833,is_cc,1,
7,P2_unread_cc,MSG0001833,no_access_event,1,accesses=0
7,P2_unread_cc,MSG0001835,message_exists,1,
7,P2_unread_cc,MSG0001835,is_cc,1,
7,P2_unread_cc,MSG0001835,no_access_event,1,accesses=0
7,P2_unread_cc,MSG0001837,message_exists,1,
7,P2_unread_cc,MSG0001837,is_cc,1,
7,P2_unread_cc,MSG0001837,no_access_event,1,accesses=0
7,P2_unread_cc,MSG0001838,message_exists,1,
7,P2_unread_cc,MSG0001838,is_cc,1,
7,P2_unread_cc,MSG0001838,no_access_event,1,accesses=0
7,P2_unread_cc,MSG0001839,message_exists,1,
7,P2_unread_cc,MSG0001839,is_cc,1,
7,P2_unread_cc,MSG0001839,no_access_event,1,accesses=0
7,P2_unread_cc,MSG0001840,message_exists,1,
7,P2_unread_cc,MSG0001840,is_cc,1,
7,P2_unread_cc,MSG0001840,no_access_event,1,accesses=0
7,P2_unread_cc,MSG0001898,message_exists,1,
7,P2_unread_cc,MSG0001898,is_cc,1,
7,P2_unread_cc,MSG0001898,no_access_event,1,accesses=0
7,P2_unread_cc,MSG0001900,message_exists,1,
7,P2_unread_cc,MSG0001900,is_cc,1,
7,P2_unread_cc,MSG0001900,no_access_event,1,accesses=0
7,P2_unread_cc,MSG0001905,message_exists,1,
7,P2_unread_cc,MSG0001905,is_cc,1,
7,P2_unread_cc,MSG0001905,no_access_event,1,accesses=0
7,P2_unread_cc,MSG0001907,message_exists,1,
7,P2_unread_cc,MSG0001907,is_cc,1,
7,P2_unread_cc,MSG0001907,no_access_event,1,accesses=0
7,P4_result_misrouted,MSG0001950,message_exists,1,
7,P4_result_misrouted,MSG0001950,is_result,1,
7,P4_result_misrouted,MSG0001950,recipient_not_ordering,1,
7,P4_result_misrouted,MSG0001950,recipient_not_covering,1,cover=None
7,P2_unread_cc,MSG0001991,message_exists,1,
7,P2_unread_cc,MSG0001991,is_cc,1,
7,P2_unread_cc,MSG0001991,no_access_event,1,accesses=0
7,P2_unread_cc,MSG0001992,message_exists,1,
7,P2_unread_cc,MSG0001992,is_cc,1,
7,P2_unread_cc,MSG0001992,no_access_event,1,accesses=0
7,P1_thank_you,MSG0002020,message_exists,1,
7,P1_thank_you,MSG0002020,patient_originated_portal_message,1,
7,P1_thank_you,MSG0002020,is_reply_to_prior_outbound,1,
7,P1_thank_you,MSG0002020,thread_ending,1,later_messages=0
7,P1_thank_you,MSG0002020,accessed_and_completed,1,
7,P3_extended_thread,THR0001929,thread_exists,1,
7,P3_extended_thread,THR0001929,three_or_more_patient_incoming,1,incoming=3
7,P3_extended_thread,THR0001929,four_or_more_message_exchanges,1,in+out=6
7,P3_extended_thread,THR0001929,spans_at_least_3_days,1,span_days=4.93
7,P3_extended_thread,THR0001929,no_visit_between,1,intervening_visits=0
7,P2_unread_cc,MSG0002063,message_exists,1,
7,P2_unread_cc,MSG0002063,is_cc,1,
7,P2_unread_cc,MSG0002063,no_access_event,1,accesses=0
7,P2_unread_cc,MSG0002066,message_exists,1,
7,P2_unread_cc,MSG0002066,is_cc,1,
7,P2_unread_cc,MSG0002066,no_access_event,1,accesses=0
7,P2_unread_cc,MSG0002069,message_exists,1,
7,P2_unread_cc,MSG0002069,is_cc,1,
7,P2_unread_cc,MSG0002069,no_access_event,1,accesses=0
7,P3_extended_thread,THR0001984,thread_exists,1,
7,P3_extended_thread,THR0001984,three_or_more_patient_incoming,1,incoming=3
7,P3_extended_thread,THR0001984,four_or_more_message_exchanges,1,in+out=7
7,P3_extended_thread,THR0001984,spans_at_least_3_days,1,span_days=5.93
7,P3_extended_thread,THR0001984,no_visit_between,1,intervening_visits=0
7,P2_unread_cc,MSG0002137,message_exists,1,
7,P2_unread_cc,MSG0002137,is_cc,1,
7,P2_unread_cc,MSG0002137,no_access_event,1,accesses=0
7,P2_unread_cc,MSG0002139,message_exists,1,
7,P2_unread_cc,MSG0002139,is_cc,1,
7,P2_unread_cc,MSG0002139,no_access_event,1,accesses=0
7,P2_unread_cc,MSG0002141,message_exists,1,
7,P2_unread_cc,MSG0002141,is_cc,1,
7,P2_unread_cc,MSG0002141,no_access_event,1,accesses=0
7,P1_thank_you,MSG0002181,message_exists,1,
7,P1_thank_you,MSG0002181,patient_originated_portal_message,1,
7,P1_thank_you,MSG0002181,is_reply_to_prior_outbound,1,
7,P1_thank_you,MSG0002181,thread_ending,1,later_messages=0
7,P1_thank_you,MSG0002181,accessed_and_completed,1,
7,P8_nonclinical_misrouted,MSG0002185,message_exists,1,
7,P8_nonclinical_misrouted,MSG0002185,nonclinical_category,1,category=cancellation
7,P8_nonclinical_misrouted,MSG0002185,reaches_provider,1,provider_forwards=1
7,P4_result_misrouted,MSG0002197,message_exists,1,
7,P4_result_misrouted,MSG0002197,is_result,1,
7,P4_result_misrouted,MSG0002197,recipient_not_ordering,1,
7,P4_result_misrouted,MSG0002197,recipient_not_covering,1,cover=None
7,P2_unread_cc,MSG0002229,message_exists,1,
7,P2_unread_cc,MSG0002229,is_cc,1,
7,P2_unread_cc,MSG0002229,no_access_event,1,accesses=0
7,P8_nonclinical_misrouted,MSG0002258,message_exists,1,
7,P8_nonclinical_misrouted,MSG0002258,nonclinical_category,1,category=cancellation
7,P8_nonclinical_misrouted,MSG0002258,reaches_provider,1,provider_forwards=1
7,P2_unread_cc,MSG0002301,message_exists,1,
7,P2_unread_cc,MSG0002301,is_cc,1,
7,P2_unread_cc,MSG0002301,no_access_event,1,accesses=0
7,P2_unread_cc,MSG0002302,message_exists,1,
7,P2_unread_cc,MSG0002302,is_cc,1,
7,P2_unread_cc,MSG0002302,no_access_event,1,accesses=0
7,P4_result_misrouted,MSG0002355,message_exists,1,
7,P4_result_misrouted,MSG0002355,is_result,1,
7,P4_result_misrouted,MSG0002355,recipient_not_ordering,1,
7,P4_result_misrouted,MSG0002355,recipient_not_covering,1,cover=None
7,P2_unread_cc,MSG0002378,message_exists,1,
7,P2_unread_cc,MSG0002378,is_cc,1,
7,P2_unread_cc,MSG0002378,no_access_event,1,accesses=0
7,P2_unread_cc,MSG0002380,message_exists,1,
7,P2_unread_cc,MSG0002380,is_cc,1,
7,P2_unread_cc,MSG0002380,no_access_event,1,accesses=0
7,P4_result_misrouted,MSG0002433,message_exists,1,
7,P4_result_misrouted,MSG0002433,is_result,1,
7,P4_result_misrouted,MSG0002433,recipient_not_ordering,1,
7,P4_result_misrouted,MSG0002433,recipient_not_covering,1,cover=None
7,P4_result_misrouted,MSG0002434,message_exists,1,
7,P4_result_misrouted,MSG0002434,is_result,1,
7,P4_result_misrouted,MSG0002434,recipient_not_ordering,1,
7,P4_result_misrouted,MSG0002434,recipient_not_covering,1,cover=None
7,P2_unread_cc,MSG0002454,message_exists,1,
7,P2_unread_cc,MSG0002454,is_cc,1,
7,P2_unread_cc,MSG0002454,no_access_event,1,accesses=0
7,P3_extended_thread,THR0002352,thread_exists,1,
7,P3_extended_thread,THR0002352,three_or_more_patient_incoming,1,incoming=3
7,P3_extended_thread,THR0002352,four_or_more_message_exchanges,1,in+out=6
7,P3_extended_thread,THR0002352,spans_at_least_3_days,1,span_days=4.31
7,P3_extended_thread,THR0002352,no_visit_between,1,intervening_visits=0
7,P4_result_misrouted,MSG0002505,message_exists,1,
7,P4_result_misrouted,MSG0002505,is_result,1,
7,P4_result_misrouted,MSG0002505,recipient_not_ordering,1,
7,P4_result_misrouted,MSG0002505,recipient_not_covering,1,cover=None
7,P2_unread_cc,MSG0002536,message_exists,1,
7,P2_unread_cc,MSG0002536,is_cc,1,
7,P2_unread_cc,MSG0002536,no_access_event,1,accesses=0
7,P2_unread_cc,MSG0002537,message_exists,1,
7,P2_unread_cc,MSG0002537,is_cc,1,
7,P2_unread_cc,MSG0002537,no_access_event,1,accesses=0
7,P2_unread_cc,MSG0002540,message_exists,1,
7,P2_unread_cc,MSG0002540,is_cc,1,
7,P2_unread_cc,MSG0002540,no_access_event,1,accesses=0
7,P2_unread_cc,MSG0002734,message_exists,1,
7,P2_unread_cc,MSG0002734,is_cc,1,
7,P2_unread_cc,MSG0002734,no_access_event,1,accesses=0
7,P2_unread_cc,MSG0002821,message_exists,1,
7,P2_unread_cc,MSG0002821,is_cc,1,
7,P2_unread_cc,MSG0002821,no_access_event,1,accesses=0
7,P2_unread_cc,MSG0002825,message_exists,1,
7,P2_unread_cc,MSG0002825,is_cc,1,
7,P2_unread_cc,MSG0002825,no_access_event,1,accesses=0
7,P2_unread_cc,MSG0002896,message_exists,1,
7,P2_unread_cc,MSG0002896,is_cc,1,
7,P2_unread_cc,MSG0002896,no_access_event,1,accesses=0
7,P2_unread_cc,MSG0002901,message_exists,1,
7,P2_unread_cc,MSG0002901,is_cc,1,
7,P2_unread_cc,MSG0002901,no_access_event,1,accesses=0
7,P2_unread_cc,MSG0002902,message_exists,1,
7,P2_unread_cc,MSG0002902,is_cc,1,
7,P2_unread_cc,MSG0002902,no_access_event,1,accesses=0
7,P2_unread_cc,MSG0002908,message_exists,1,
7,P2_unread_cc,MSG0002908,is_cc,1,
7,P2_unread_cc,MSG0002908,no_access_event,1,accesses=0
7,P4_result_misrouted,MSG0002962,message_exists,1,
7,P4_result_misrouted,MSG0002962,is_result,1,
7,P4_result_misrouted,MSG0002962,recipient_not_ordering,1,
7,P4_result_misrouted,MSG0002962,recipient_not_covering,1,cover=None
7,P2_unread_cc,MSG0002992,message_exists,1,
7,P2_unread_cc,MSG0002992,is_cc,1,
7,P2_unread_cc,MSG0002992,no_access_event,1,accesses=0
7,P2_unread_cc,MSG0002993,message_exists,1,
7,P2_unread_cc,MSG0002993,is_cc,1,
7,P2_unread_cc,MSG0002993,no_access_event,1,accesses=0
7,P2_unread_cc,MSG0002994,message_exists,1,
7,P2_unread_cc,MSG0002994,is_cc,1,
7,P2_unread_cc,MSG0002994,no_access_event,1,accesses=0
7,P2_unread_cc,MSG0002996,message_exists,1,
7,P2_unread_cc,MSG0002996,is_cc,1,
7,P2_unread_cc,MSG0002996,no_access_event,1,accesses=0
7,P2_unread_cc,MSG0002998,message_exists,1,
7,P2_unread_cc,MSG0002998,is_cc,1,
7,P2_unread_cc,MSG0002998,no_access_event,1,accesses=0
7,P4_result_misrouted,MSG0003043,message_exists,1,
7,P4_result_misrouted,MSG0003043,is_result,1,
7,P4_result_misrouted,MSG0003043,recipient_not_ordering,1,
7,P4_result_misrouted,MSG0003043,recipient_not_covering,1,cover=None
7,P2_unread_cc,MSG0003067,message_exists,1,
7,P2_unread_cc,MSG0003067,is_cc,1,
7,P2_unread_cc,MSG0003067,no_access_event,1,accesses=0
7,P2_unread_cc,MSG0003073,message_exists,1,
7,P2_unread_cc,MSG0003073,is_cc,1,
7,P2_unread_cc,MSG0003073,no_access_event,1,accesses=0
7,P2_unread_cc,MSG0003075,message_exists,1,
7,P2_unread_cc,MSG0003075,is_cc,1,
7,P2_unread_cc,MSG0003075,no_access_event,1,accesses=0
7,P2_unread_cc,MSG0003149,message_exists,1,
7,P2_unread_cc,MSG0003149,is_cc,1,
7,P2_unread_cc,MSG0003149,no_access_event,1,accesses=0
7,P7_pingpong,MSG0003196,message_exists,1,
7,P7_pingpong,MSG0003196,at_least_two_staff_to_provider_forwards,1,staff_to_provider=2
7,P7_pingpong,MSG0003196,at_least_two_provider_to_staff_forwards,1,provider_to_staff=2
7,P7_pingpong,MSG0003196,two_or_more_round_trips,1,roundtrips=2
7,P2_unread_cc,MSG0003236,message_exists,1,
7,P2_unread_cc,MSG0003236,is_cc,1,
7,P2_unread_cc,MSG0003236,no_access_event,1,accesses=0
7,P2_unread_cc,MSG0003243,message_exists,1,
7,P2_unread_cc,MSG0003243,is_cc,1,
7,P2_unread_cc,MSG0003243,no_access_event,1,accesses=0
7,P2_unread_cc,MSG0003246,message_exists,1,
7,P2_unread_cc,MSG0003246,is_cc,1,
7,P2_unread_cc,MSG0003246,no_access_event,1,accesses=0
7,P2_unread_cc,MSG0003247,message_exists,1,
7,P2_unread_cc,MSG0003247,is_cc,1,
7,P2_unread_cc,MSG0003247,no_access_event,1,accesses=0
7,P2_unread_cc,MSG0003248,message_exists,1,
7,P2_unread_cc,MSG0003248,is_cc,1,
7,P2_unread_cc,MSG0003248,no_access_event,1,accesses=0
7,P2_unread_cc,MSG0003323,message_exists,1,
7,P2_unread_cc,MSG0003323,is_cc,1,
7,P2_unread_cc,MSG0003323,no_access_event,1,accesses=0
7,P2_unread_cc,MSG0003328,message_exists,1,
7,P2_unread_cc,MSG0003328,is_cc,1,
7,P2_unread_cc,MSG0003328,no_access_event,1,accesses=0
7,P2_unread_cc,MSG0003329,message_exists,1,
7,P2_unread_cc,MSG0003329,is_cc,1,
7,P2_unread_cc,MSG0003329,no_access_event,1,accesses=0
7,P2_unread_cc,MSG0003400,message_exists,1,
7,P2_unread_cc,MSG0003400,is_cc,1,
7,P2_unread_cc,MSG0003400,no_access_event,1,accesses=0
7,P4_result_misrouted,MSG0003443,message_exists,1,
7,P4_result_misrouted,MSG0003443,is_result,1,
7,P4_result_misrouted,MSG0003443,recipient_not_ordering,1,
7,P4_result_misrouted,MSG0003443,recipient_not_covering,1,cover=None
7,P2_unread_cc,MSG0003466,message_exists,1,
7,P2_unread_cc,MSG0003466,is_cc,1,
7,P2_unread_cc,MSG0003466,no_access_event,1,accesses=0
7,P2_unread_cc,MSG0003469,message_exists,1,
7,P2_unread_cc,MSG0003469,is_cc,1,
7,P2_unread_cc,MSG0003469,no_access_event,1,accesses=0
7,P2_unread_cc,MSG0003526,message_exists,1,
7,P2_unread_cc,MSG0003526,is_cc,1,
7,P2_unread_cc,MSG0003526,no_access_event,1,accesses=0
7,P2_unread_cc,MSG0003531,message_exists,1,
7,P2_unread_cc,MSG0003531,is_cc,1,
7,P2_unread_cc,MSG0003531,no_access_event,1,accesses=0
7,P2_unread_cc,MSG0003533,message_exists,1,
7,P2_unread_cc,MSG0003533,is_cc,1,
7,P2_unread_cc,MSG0003533,no_access_event,1,accesses=0
7,P2_unread_cc,MSG0003534,message_exists,1,
7,P2_unread_cc,MSG0003534,is_cc,1,
7,P2_unread_cc,MSG0003534,no_access_event,1,accesses=0
7,P4_result_misrouted,MSG0003583,message_exists,1,
7,P4_result_misrouted,MSG0003583,is_result,1,
7,P4_result_misrouted,MSG0003583,recipient_not_ordering,1,
7,P4_result_misrouted,MSG0003583,recipient_not_covering,1,cover=None
7,P2_unread_cc,MSG0003618,message_exists,1,
7,P2_unread_cc,MSG0003618,is_cc,1,
7,P2_unread_cc,MSG0003618,no_access_event,1,accesses=0
7,P3_extended_thread,THR0003474,thread_exists,1,
7,P3_extended_thread,THR0003474,three_or_more_patient_incoming,1,incoming=3
7,P3_extended_thread,THR0003474,four_or_more_message_exchanges,1,in+out=6
7,P3_extended_thread,THR0003474,spans_at_least_3_days,1,span_days=6.24
7,P3_extended_thread,THR0003474,no_visit_between,1,intervening_visits=0
7,P2_unread_cc,MSG0003709,message_exists,1,
7,P2_unread_cc,MSG0003709,is_cc,1,
7,P2_unread_cc,MSG0003709,no_access_event,1,accesses=0
7,P2_unread_cc,MSG0003712,message_exists,1,
7,P2_unread_cc,MSG0003712,is_cc,1,
7,P2_unread_cc,MSG0003712,no_access_event,1,accesses=0
7,P2_unread_cc,MSG0003713,message_exists,1,
7,P2_unread_cc,MSG0003713,is_cc,1,
7,P2_unread_cc,MSG0003713,no_access_event,1,accesses=0
7,P2_unread_cc,MSG0003797,message_exists,1,
7,P2_unread_cc,MSG0003797,is_cc,1,
7,P2_unread_cc,MSG0003797,no_access_event,1,accesses=0
7,P1_thank_you,MSG0003838,message_exists,1,
7,P1_thank_you,MSG0003838,patient_originated_portal_message,1,
7,P1_thank_you,MSG0003838,is_reply_to_prior_outbound,1,
7,P1_thank_you,MSG0003838,thread_ending,1,later_messages=0
7,P1_thank_you,MSG0003838,accessed_and_completed,1,
7,P1_thank_you,MSG0003843,message_exists,1,
7,P1_thank_you,MSG0003843,patient_originated_portal_message,1,
7,P1_thank_you,MSG0003843,is_reply_to_prior_outbound,1,
7,P1_thank_you,MSG0003843,thread_ending,1,later_messages=0
7,P1_thank_you,MSG0003843,accessed_and_completed,1,
7,P2_unread_cc,MSG0003890,message_exists,1,
7,P2_unread_cc,MSG0003890,is_cc,1,
7,P2_unread_cc,MSG0003890,no_access_event,1,accesses=0
7,P2_unread_cc,MSG0003892,message_exists,1,
7,P2_unread_cc,MSG0003892,is_cc,1,
7,P2_unread_cc,MSG0003892,no_access_event,1,accesses=0
7,P2_unread_cc,MSG0003902,message_exists,1,
7,P2_unread_cc,MSG0003902,is_cc,1,
7,P2_unread_cc,MSG0003902,no_access_event,1,accesses=0
7,P2_unread_cc,MSG0003903,message_exists,1,
7,P2_unread_cc,MSG0003903,is_cc,1,
7,P2_unread_cc,MSG0003903,no_access_event,1,accesses=0
7,P3_extended_thread,THR0003736,thread_exists,1,
7,P3_extended_thread,THR0003736,three_or_more_patient_incoming,1,incoming=3
7,P3_extended_thread,THR0003736,four_or_more_message_exchanges,1,in+out=6
7,P3_extended_thread,THR0003736,spans_at_least_3_days,1,span_days=5.11
7,P3_extended_thread,THR0003736,no_visit_between,1,intervening_visits=0
7,P3_extended_thread,THR0003761,thread_exists,1,
7,P3_extended_thread,THR0003761,three_or_more_patient_incoming,1,incoming=3
7,P3_extended_thread,THR0003761,four_or_more_message_exchanges,1,in+out=6
7,P3_extended_thread,THR0003761,spans_at_least_3_days,1,span_days=8.80
7,P3_extended_thread,THR0003761,no_visit_between,1,intervening_visits=0
7,P4_result_misrouted,MSG0004061,message_exists,1,
7,P4_result_misrouted,MSG0004061,is_result,1,
7,P4_result_misrouted,MSG0004061,recipient_not_ordering,1,
7,P4_result_misrouted,MSG0004061,recipient_not_covering,1,cover=None
7,P2_unread_cc,MSG0004074,message_exists,1,
7,P2_unread_cc,MSG0004074,is_cc,1,
7,P2_unread_cc,MSG0004074,no_access_event,1,accesses=0
7,P2_unread_cc,MSG0004138,message_exists,1,
7,P2_unread_cc,MSG0004138,is_cc,1,
7,P2_unread_cc,MSG0004138,no_access_event,1,accesses=0
7,P2_unread_cc,MSG0004140,message_exists,1,
7,P2_unread_cc,MSG0004140,is_cc,1,
7,P2_unread_cc,MSG0004140,no_access_event,1,accesses=0
7,P2_unread_cc,MSG0004142,message_exists,1,
7,P2_unread_cc,MSG0004142,is_cc,1,
7,P2_unread_cc,MSG0004142,no_access_event,1,accesses=0
7,P2_unread_cc,MSG0004218,message_exists,1,
7,P2_unread_cc,MSG0004218,is_cc,1,
7,P2_unread_cc,MSG0004218,no_access_event,1,accesses=0
7,P2_unread_cc,MSG0004219,message_exists,1,
7,P2_unread_cc,MSG0004219,is_cc,1,
7,P2_unread_cc,MSG0004219,no_access_event,1,accesses=0
7,P2_unread_cc,MSG0004221,message_exists,1,
7,P2_unread_cc,MSG0004221,is_cc,1,
7,P2_unread_cc,MSG0004221,no_access_event,1,accesses=0
7,P2_unread_cc,MSG0004224,message_exists,1,
7,P2_unread_cc,MSG0004224,is_cc,1,
7,P2_unread_cc,MSG0004224,no_access_event,1,accesses=0
7,P2_unread_cc,MSG0004229,message_exists,1,
7,P2_unread_cc,MSG0004229,is_cc,1,
7,P2_unread_cc,MSG0004229,no_access_event,1,accesses=0
7,P2_unread_cc,MSG0004323,message_exists,1,
7,P2_unread_cc,MSG0004323,is_cc,1,
7,P2_unread_cc,MSG0004323,no_access_event,1,accesses=0
7,P4_result_misrouted,MSG0004370,message_exists,1,
7,P4_result_misrouted,MSG0004370,is_result,1,
7,P4_result_misrouted,MSG0004370,recipient_not_ordering,1,
7,P4_result_misrouted,MSG0004370,recipient_not_covering,1,cover=None
7,P2_unread_cc,MSG0004392,message_exists,1,
7,P2_unread_cc,MSG0004392,is_cc,1,
7,P2_unread_cc,MSG0004392,no_access_event,1,accesses=0
7,P2_unread_cc,MSG0004397,message_exists,1,
7,P2_unread_cc,MSG0004397,is_cc,1,
7,P2_unread_cc,MSG0004397,no_access_event,1,accesses=0
7,P2_unread_cc,MSG0004398,message_exists,1,
7,P2_unread_cc,MSG0004398,is_cc,1,
7,P2_unread_cc,MSG0004398,no_access_event,1,accesses=0
7,P3_extended_thread,THR0004190,thread_exists,1,
7,P3_extended_thread,THR0004190,three_or_more_patient_incoming,1,incoming=3
7,P3_extended_thread,THR0004190,four_or_more_message_exchanges,1,in+out=6
7,P3_extended_thread,THR0004190,spans_at_least_3_days,1,span_days=5.85
7,P3_extended_thread,THR0004190,no_visit_between,1,intervening_visits=0
7,P2_unread_cc,MSG0004465,message_exists,1,
7,P2_unread_cc,MSG0004465,is_cc,1,
7,P2_unread_cc,MSG0004465,no_access_event,1,accesses=0
7,P2_unread_cc,MSG0004466,message_exists,1,
7,P2_unread_cc,MSG0004466,is_cc,1,
7,P2_unread_cc,MSG0004466,no_access_event,1,accesses=0
7,P2_unread_cc,MSG0004468,message_exists,1,
7,P2_unread_cc,MSG0004468,is_cc,1,
7,P2_unread_cc,MSG0004468,no_access_event,1,accesses=0
7,P8_nonclinical_misrouted,MSG0004515,message_exists,1,
7,P8_nonclinical_misrouted,MSG0004515,nonclinical_category,1,category=billing_question
7,P8_nonclinical_misrouted,MSG0004515,reaches_provider,1,provider_forwards=1
7,P2_unread_cc,MSG0004618,message_exists,1,
7,P2_unread_cc,MSG0004618,is_cc,1,
7,P2_unread_cc,MSG0004618,no_access_event,1,accesses=0
7,P2_unread_cc,MSG0004622,message_exists,1,
7,P2_unread_cc,MSG0004622,is_cc,1,
7,P2_unread_cc,MSG0004622,no_access_event,1,accesses=0
7,P3_extended_thread,THR0004414,thread_exists,1,
7,P3_extended_thread,THR0004414,three_or_more_patient_incoming,1,incoming=3
7,P3_extended_thread,THR0004414,four_or_more_message_exchanges,1,in+out=7
7,P3_extended_thread,THR0004414,spans_at_least_3_days,1,span_days=8.21
7,P3_extended_thread,THR0004414,no_visit_between,1,intervening_visits=0
7,P7_pingpong,MSG0004663,message_exists,1,
7,P7_pingpong,MSG0004663,at_least_two_staff_to_provider_forwards,1,staff_to_provider=2
7,P7_pingpong,MSG0004663,at_least_two_provider_to_staff_forwards,1,provider_to_staff=2
7,P7_pingpong,MSG0004663,two_or_more_round_trips,1,roundtrips=2
7,P2_unread_cc,MSG0004708,message_exists,1,
7,P2_unread_cc,MSG0004708,is_cc,1,
7,P2_unread_cc,MSG0004708,no_access_event,1,accesses=0
7,P7_pingpong,MSG0004736,message_exists,1,
7,P7_pingpong,MSG0004736,at_least_two_staff_to_provider_forwards,1,staff_to_provider=2
7,P7_pingpong,MSG0004736,at_least_two_provider_to_staff_forwards,1,provider_to_staff=2
7,P7_pingpong,MSG0004736,two_or_more_round_trips,1,roundtrips=2
7,P2_unread_cc,MSG0004770,message_exists,1,
7,P2_unread_cc,MSG0004770,is_cc,1,
7,P2_unread_cc,MSG0004770,no_access_event,1,accesses=0
7,P2_unread_cc,MSG0004839,message_exists,1,
7,P2_unread_cc,MSG0004839,is_cc,1,
7,P2_unread_cc,MSG0004839,no_access_event,1,accesses=0
7,P2_unread_cc,MSG0004840,message_exists,1,
7,P2_unread_cc,MSG0004840,is_cc,1,
7,P2_unread_cc,MSG0004840,no_access_event,1,accesses=0
7,P4_result_misrouted,MSG0004898,message_exists,1,
7,P4_result_misrouted,MSG0004898,is_result,1,
7,P4_result_misrouted,MSG0004898,recipient_not_ordering,1,
7,P4_result_misrouted,MSG0004898,recipient_not_covering,1,cover=None
7,P2_unread_cc,MSG0004925,message_exists,1,
7,P2_unread_cc,MSG0004925,is_cc,1,
7,P2_unread_cc,MSG0004925,no_access_event,1,accesses=0
7,P2_unread_cc,MSG0004927,message_exists,1,
7,P2_unread_cc,MSG0004927,is_cc,1,
7,P2_unread_cc,MSG0004927,no_access_event,1,accesses=0
7,P8_nonclinical_misrouted,MSG0004965,message_exists,1,
7,P8_nonclinical_misrouted,MSG0004965,nonclinical_category,1,category=cancellation
7,P8_nonclinical_misrouted,MSG0004965,reaches_provider,1,provider_forwards=1
7,P2_unread_cc,MSG0005006,message_exists,1,
7,P2_unread_cc,MSG0005006,is_cc,1,
7,P2_unread_cc,MSG0005006,no_access_event,1,accesses=0
7,P2_unread_cc,MSG0005008,message_exists,1,
7,P2_unread_cc,MSG0005008,is_cc,1,
7,P2_unread_cc,MSG0005008,no_access_event,1,accesses=0
7,P2_unread_cc,MSG0005009,message_exists,1,
7,P2_unread_cc,MSG0005009,is_cc,1,
7,P2_unread_cc,MSG0005009,no_access_event,1,accesses=0
7,P2_unread_cc,MSG0005010,message_exists,1,
7,P2_unread_cc,MSG0005010,is_cc,1,
7,P2_unread_cc,MSG0005010,no_access_event,1,accesses=0
7,P2_unread_cc,MSG0005011,message_exists,1,
7,P2_unread_cc,MSG0005011,is_cc,1,
7,P2_unread_cc,MSG0005011,no_access_event,1,accesses=0
7,P2_unread_cc,MSG0005014,message_exists,1,
7,P2_unread_cc,MSG0005014,is_cc,1,
7,P2_unread_cc,MSG0005014,no_access_event,1,accesses=0
7,P8_nonclinical_misrouted,MSG0005051,message_exists,1,
7,P8_nonclinical_misrouted,MSG0005051,nonclinical_category,1,category=appointment_request
7,P8_nonclinical_misrouted,MSG0005051,reaches_provider,1,provider_forwards=1
7,P2_unread_cc,MSG0005081,message_exists,1,
7,P2_unread_cc,MSG0005081,is_cc,1,
7,P2_unread_cc,MSG0005081,no_access_event,1,accesses=0
7,P2_unread_cc,MSG0005085,message_exists,1,
7,P2_unread_cc,MSG0005085,is_cc,1,
7,P2_unread_cc,MSG0005085,no_access_event,1,accesses=0
7,P2_unread_cc,MSG0005087,message_exists,1,
7,P2_unread_cc,MSG0005087,is_cc,1,
7,P2_unread_cc,MSG0005087,no_access_event,1,accesses=0
7,P2_unread_cc,MSG0005088,message_exists,1,
7,P2_unread_cc,MSG0005088,is_cc,1,
7,P2_unread_cc,MSG0005088,no_access_event,1,accesses=0
7,P2_unread_cc,MSG0005175,message_exists,1,
7,P2_unread_cc,MSG0005175,is_cc,1,
7,P2_unread_cc,MSG0005175,no_access_event,1,accesses=0
7,P2_unread_cc,MSG0005178,message_exists,1,
7,P2_unread_cc,MSG0005178,is_cc,1,
7,P2_unread_cc,MSG0005178,no_access_event,1,accesses=0
7,P4_result_misrouted,MSG0005246,message_exists,1,
7,P4_result_misrouted,MSG0005246,is_result,1,
7,P4_result_misrouted,MSG0005246,recipient_not_ordering,1,
7,P4_result_misrouted,MSG0005246,recipient_not_covering,1,cover=None
8,P8_nonclinical_misrouted,MSG0000092,message_exists,1,
8,P8_nonclinical_misrouted,MSG0000092,nonclinical_category,1,category=appointment_request
8,P8_nonclinical_misrouted,MSG0000092,reaches_provider,1,provider_forwards=1
8,P8_nonclinical_misrouted,MSG0000096,message_exists,1,
8,P8_nonclinical_misrouted,MSG0000096,nonclinical_category,1,category=cancellation
8,P8_nonclinical_misrouted,MSG0000096,reaches_provider,1,provider_forwards=1
8,P4_result_misrouted,MSG0000116,message_exists,1,
8,P4_result_misrouted,MSG0000116,is_result,1,
8,P4_result_misrouted,MSG0000116,recipient_not_ordering,1,
8,P4_result_misrouted,MSG0000116,recipient_not_covering,1,cover=None
8,P4_result_misrouted,MSG0000118,message_exists,1,
8,P4_result_misrouted,MSG0000118,is_result,1,
8,P4_result_misrouted,MSG0000118,recipient_not_ordering,1,
8,P4_result_misrouted,MSG0000118,recipient_not_covering,1,cover=None
8,P2_unread_cc,MSG0000212,message_exists,1,
8,P2_unread_cc,MSG0000212,is_cc,1,
8,P2_unread_cc,MSG0000212,no_access_event,1,accesses=0
8,P2_unread_cc,MSG0000213,message_exists,1,
8,P2_unread_cc,MSG0000213,is_cc,1,
8,P2_unread_cc,MSG0000213,no_access_event,1,accesses=0
8,P2_unread_cc,MSG0000216,message_exists,1,
8,P2_unread_cc,MSG0000216,is_cc,1,
8,P2_unread_cc,MSG0000216,no_access_event,1,accesses=0
8,P2_unread_cc,MSG0000300,message_exists,1,
8,P2_unread_cc,MSG0000300,is_cc,1,
8,P2_unread_cc,MSG0000300,no_access_event,1,accesses=0
8,P3_extended_thread,THR0000317,thread_exists,1,
8,P3_extended_thread,THR0000317,three_or_more_patient_incoming,1,incoming=3
8,P3_extended_thread,THR0000317,four_or_more_message_exchanges,1,in+out=6
8,P3_extended_thread,THR0000317,spans_at_least_3_days,1,span_days=6.00
8,P3_extended_thread,THR0000317,no_visit_between,0,intervening_visits=1
8,P4_result_misrouted,MSG0000353,message_exists,1,
8,P4_result_misrouted,MSG0000353,is_result,1,
8,P4_result_misrouted,MSG0000353,recipient_not_ordering,1,
8,P4_result_misrouted,MSG0000353,recipient_not_covering,1,cover=None
8,P2_unread_cc,MSG0000372,message_exists,1,
8,P2_unread_cc,MSG0000372,is_cc,1,
8,P2_unread_cc,MSG0000372,no_access_event,1,accesses=0
8,P2_unread_cc,MSG0000373,message_exists,1,
8,P2_unread_cc,MSG0000373,is_cc,1,
8,P2_unread_cc,MSG0000373,no_access_event,1,accesses=0
8,P4_result_misrouted,MSG0000416,message_exists,1,
8,P4_result_misrouted,MSG0000416,is_result,1,
8,P4_result_misrouted,MSG0000416,recipient_not_ordering,1,
8,P4_result_misrouted,MSG0000416,recipient_not_covering,1,cover=None
8,P2_unread_cc,MSG0000430,message_exists,1,
8,P2_unread_cc,MSG0000430,is_cc,1,
8,P2_unread_cc,MSG0000430,no_access_event,1,accesses=0
8,P2_unread_cc,MSG0000436,message_exists,1,
8,P2_unread_cc,MSG0000436,is_cc,1,
8,P2_unread_cc,MSG0000436,no_access_event,1,accesses=0
8,P2_unread_cc,MSG0000438,message_exists,1,
8,P2_unread_cc,MSG0000438,is_cc,1,
8,P2_unread_cc,MSG0000438,no_access_event,1,accesses=0
8,P2_unread_cc,MSG0000440,message_exists,1,
8,P2_unread_cc,MSG0000440,is_cc,1,
8,P2_unread_cc,MSG0000440,no_access_event,1,accesses=0
8,P2_unread_cc,MSG0000442,message_exists,1,
8,P2_unread_cc,MSG0000442,is_cc,1,
8,P2_unread_cc,MSG0000442,no_access_event,1,accesses=0
8,P2_unread_cc,MSG0000443,message_exists,1,
8,P2_unread_cc,MSG0000443,is_cc,1,
8,P2_unread_cc,MSG0000443,no_access_event,1,accesses=0
8,P7_pingpong,MSG0000482,message_exists,1,
8,P7_pingpong,MSG0000482,at_least_two_staff_to_provider_forwards,1,staff_to_provider=2
8,P7_pingpong,MSG0000482,at_least_two_provider_to_staff_forwards,1,provider_to_staff=2
8,P7_pingpong,MSG0000482,two_or_more_round_trips,1,roundtrips=2
8,P4_result_misrouted,MSG0000507,message_exists,1,
8,P4_result_misrouted,MSG0000507,is_result,1,
8,P4_result_misrouted,MSG0000507,recipient_not_ordering,1,
8,P4_result_misrouted,MSG0000507,recipient_not_covering,1,cover=None
8,P2_unread_cc,MSG0000526,message_exists,1,
8,P2_unread_cc,MSG0000526,is_cc,1,
8,P2_unread_cc,MSG0000526,no_access_event,1,accesses=0
8,P2_unread_cc,MSG0000527,message_exists,1,
8,P2_unread_cc,MSG0000527,is_cc,1,
8,P2_unread_cc,MSG0000527,no_access_event,1,accesses=0
8,P2_unread_cc,MSG0000528,message_exists,1,
8,P2_unread_cc,MSG0000528,is_cc,1,
8,P2_unread_cc,MSG0000528,no_access_event,1,accesses=0
8,P4_result_misrouted,MSG0000580,message_exists,1,
8,P4_result_misrouted,MSG0000580,is_result,1,
8,P4_result_misrouted,MSG0000580,recipient_not_ordering,1,
8,P4_result_misrouted,MSG0000580,recipient_not_covering,1,cover=None
8,P2_unread_cc,MSG0000611,message_exists,1,
8,P2_unread_cc,MSG0000611,is_cc,1,
8,P2_unread_cc,MSG0000611,no_access_event,1,accesses=0
8,P2_unread_cc,MSG0000615,message_exists,1,
8,P2_unread_cc,MSG0000615,is_cc,1,
8,P2_unread_cc,MSG0000615,no_access_event,1,accesses=0
8,P2_unread_cc,MSG0000689,message_exists,1,
8,P2_unread_cc,MSG0000689,is_cc,1,
8,P2_unread_cc,MSG0000689,no_access_event,1,accesses=0
8,P2_unread_cc,MSG0000693,message_exists,1,
8,P2_unread_cc,MSG0000693,is_cc,1,
8,P2_unread_cc,MSG0000693,no_access_event,1,accesses=0
8,P2_unread_cc,MSG0000697,message_exists,1,
8,P2_unread_cc,MSG0000697,is_cc,1,
8,P2_unread_cc,MSG0000697,no_access_event,1,accesses=0
8,P7_pingpong,MSG0000736,message_exists,1,
8,P7_pingpong,MSG0000736,at_least_two_staff_to_provider_forwards,1,staff_to_provider=2
8,P7_pingpong,MSG0000736,at_least_two_provider_to_staff_forwards,1,provider_to_staff=2
8,P7_pingpong,MSG0000736,two_or_more_round_trips,1,roundtrips=2
8,P4_result_misrouted,MSG0000757,message_exists,1,
8,P4_result_misrouted,MSG0000757,is_result,1,
8,P4_result_misrouted,MSG0000757,recipient_not_ordering,1,
8,P4_result_misrouted,MSG0000757,recipient_not_covering,1,cover=None
8,P2_unread_cc,MSG0000775,message_exists,1,
8,P2_unread_cc,MSG0000775,is_cc,1,
8,P2_unread_cc,MSG0000775,no_access_event,1,accesses=0
8,P2_unread_cc,MSG0000776,message_exists,1,
8,P2_unread_cc,MSG0000776,is_cc,1,
8,P2_unread_cc,MSG0000776,no_access_event,1,accesses=0
8,P1_thank_you,MSG0000808,message_exists,1,
8,P1_thank_you,MSG0000808,patient_originated_portal_message,1,
8,P1_thank_you,MSG0000808,is_reply_to_prior_outbound,1,
8,P1_thank_you,MSG0000808,thread_ending,1,later_messages=0
8,P1_thank_you,MSG0000808,accessed_and_completed,1,
8,P2_unread_cc,MSG0000848,message_exists,1,
8,P2_unread_cc,MSG0000848,is_cc,1,
8,P2_unread_cc,MSG0000848,no_access_event,1,accesses=0
8,P2_unread_cc,MSG0000852,message_exists,1,
8,P2_unread_cc,MSG0000852,is_cc,1,
8,P2_unread_cc,MSG0000852,no_access_event,1,accesses=0
8,P2_unread_cc,MSG0000855,message_exists,1,
8,P2_unread_cc,MSG0000855,is_cc,1,
8,P2_unread_cc,MSG0000855,no_access_event,1,accesses=0
8,P4_result_misrouted,MSG0000897,message_exists,1,
8,P4_result_misrouted,MSG0000897,is_result,1,
8,P4_result_misrouted,MSG0000897,recipient_not_ordering,1,
8,P4_result_misrouted,MSG0000897,recipient_not_covering,1,cover=None
8,P4_result_misrouted,MSG0000900,message_exists,1,
8,P4_result_misrouted,MSG0000900,is_result,1,
8,P4_result_misrouted,MSG0000900,recipient_not_ordering,1,
8,P4_result_misrouted,MSG0000900,recipient_not_covering,1,cover=None
8,P2_unread_cc,MSG0000920,message_exists,1,
8,P2_unread_cc,MSG0000920,is_cc,1,
8,P2_unread_cc,MSG0000920,no_access_event,1,accesses=0
8,P2_unread_cc,MSG0000921,message_exists,1,
8,P2_unread_cc,MSG0000921,is_cc,1,
8,P2_unread_cc,MSG0000921,no_access_event,1,accesses=0
8,P4_result_misrouted,MSG0001077,message_exists,1,
8,P4_result_misrouted,MSG0001077,is_result,1,
8,P4_result_misrouted,MSG0001077,recipient_not_ordering,1,
8,P4_result_misrouted,MSG0001077,recipient_not_covering,1,cover=None
8,P2_unread_cc,MSG0001099,message_exists,1,
8,P2_unread_cc,MSG0001099,is_cc,1,
8,P2_unread_cc,MSG0001099,no_access_event,1,accesses=0
8,P2_unread_cc,MSG0001103,message_exists,1,
8,P2_unread_cc,MSG0001103,is_cc,1,
8,P2_unread_cc,MSG0001103,no_access_event,1,accesses=0
8,P2_unread_cc,MSG0001106,message_exists,1,
8,P2_unread_cc,MSG0001106,is_cc,1,
8,P2_unread_cc,MSG0001106,no_access_event,1,accesses=0
8,P2_unread_cc,MSG0001109,message_exists,1,
8,P2_unread_cc,MSG0001109,is_cc,1,
8,P2_unread_cc,MSG0001109,no_access_event,1,accesses=0
8,P7_pingpong,MSG0001130,message_exists,1,
8,P7_pingpong,MSG0001130,at_least_two_staff_to_provider_forwards,1,staff_to_provider=2
8,P7_pingpong,MSG0001130,at_least_two_provider_to_staff_forwards,1,provider_to_staff=2
8,P7_pingpong,MSG0001130,two_or_more_round_trips,1,roundtrips=2
8,P3_extended_thread,THR0001071,thread_exists,1,
8,P3_extended_thread,THR0001071,three_or_more_patient_incoming,1,incoming=3
8,P3_extended_thread,THR0001071,four_or_more_message_exchanges,1,in+out=6
8,P3_extended_thread,THR0001071,spans_at_least_3_days,1,span_days=10.53
8,P3_extended_thread,THR0001071,no_visit_between,1,intervening_visits=0
8,P4_result_misrouted,MSG0001149,message_exists,1,
8,P4_result_misrouted,MSG0001149,is_result,1,
8,P4_result_misrouted,MSG0001149,recipient_not_ordering,1,
8,P4_result_misrouted,MSG0001149,recipient_not_covering,1,cover=None
8,P4_result_misrouted,MSG0001150,message_exists,1,
8,P4_result_misrouted,MSG0001150,is_result,1,
8,P4_result_misrouted,MSG0001150,recipient_not_ordering,1,
8,P4_result_misrouted,MSG0001150,recipient_not_covering,1,cover=None
8,P2_unread_cc,MSG0001170,message_exists,1,
8,P2_unread_cc,MSG0001170,is_cc,1,
8,P2_unread_cc,MSG0001170,no_access_event,1,accesses=0
8,P2_unread_cc,MSG0001179,message_exists,1,
8,P2_unread_cc,MSG0001179,is_cc,1,
8,P2_unread_cc,MSG0001179,no_access_event,1,accesses=0
8,P3_extended_thread,THR0001167,thread_exists,1,
8,P3_extended_thread,THR0001167,three_or_more_patient_incoming,1,incoming=3
8,P3_extended_thread,THR0001167,four_or_more_message_exchanges,1,in+out=6
8,P3_extended_thread,THR0001167,spans_at_least_3_days,1,span_days=8.83
8,P3_extended_thread,THR0001167,no_visit_between,1,intervening_visits=0
8,P4_result_misrouted,MSG0001276,message_exists,1,
8,P4_result_misrouted,MSG0001276,is_result,1,
8,P4_result_misrouted,MSG0001276,recipient_not_ordering,1,
8,P4_result_misrouted,MSG0001276,recipient_not_covering,1,cover=None
8,P4_result_misrouted,MSG0001346,message_exists,1,
8,P4_result_misrouted,MSG0001346,is_result,1,
8,P4_result_misrouted,MSG0001346,recipient_not_ordering,1,
8,P4_result_misrouted,MSG0001346,recipient_not_covering,1,cover=None
8,P2_unread_cc,MSG0001370,message_exists,1,
8,P2_unread_cc,MSG0001370,is_cc,1,
8,P2_unread_cc,MSG0001370,no_access_event,1,accesses=0
8,P2_unread_cc,MSG0001373,message_exists,1,
8,P2_unread_cc,MSG0001373,is_cc,1,
8,P2_unread_cc,MSG0001373,no_access_event,1,accesses=0
8,P2_unread_cc,MSG0001442,message_exists,1,
8,P2_unread_cc,MSG0001442,is_cc,1,
8,P2_unread_cc,MSG0001442,no_access_event,1,accesses=0
8,P2_unread_cc,MSG0001449,message_exists,1,
8,P2_unread_cc,MSG0001449,is_cc,1,
8,P2_unread_cc,MSG0001449,no_access_event,1,accesses=0
8,P7_pingpong,MSG0001475,message_exists,1,
8,P7_pingpong,MSG0001475,at_least_two_staff_to_provider_forwards,1,staff_to_provider=2
8,P7_pingpong,MSG0001475,at_least_two_provider_to_staff_forwards,1,provider_to_staff=2
8,P7_pingpong,MSG0001475,two_or_more_round_trips,1,roundtrips=2
8,P2_unread_cc,MSG0001519,message_exists,1,
8,P2_unread_cc,MSG0001519,is_cc,1,
8,P2_unread_cc,MSG0001519,no_access_event,1,accesses=0
8,P2_unread_cc,MSG0001522,message_exists,1,
8,P2_unread_cc,MSG0001522,is_cc,1,
8,P2_unread_cc,MSG0001522,no_access_event,1,accesses=0
8,P2_unread_cc,MSG0001524,message_exists,1,
8,P2_unread_cc,MSG0001524,is_cc,1,
8,P2_unread_cc,MSG0001524,no_access_event,1,accesses=0
8,P7_pingpong,MSG0001558,message_exists,1,
8,P7_pingpong,MSG0001558,at_least_two_staff_to_provider_forwards,1,staff_to_provider=2
8,P7_pingpong,MSG0001558,at_least_two_provider_to_staff_forwards,1,provider_to_staff=2
8,P7_pingpong,MSG0001558,two_or_more_round_trips,1,roundtrips=2
8,P3_extended_thread,THR0001466,thread_exists,1,
8,P3_extended_thread,THR0001466,three_or_more_patient_incoming,1,incoming=3
8,P3_extended_thread,THR0001466,four_or_more_message_exchanges,1,in+out=7
8,P3_extended_thread,THR0001466,spans_at_least_3_days,1,span_days=8.75
8,P3_extended_thread,THR0001466,no_visit_between,1,intervening_visits=0
8,P1_thank_you,MSG0001571,message_exists,1,
8,P1_thank_you,MSG0001571,patient_originated_portal_message,1,
8,P1_thank_you,MSG0001571,is_reply_to_prior_outbound,1,
8,P1_thank_you,MSG0001571,thread_ending,1,later_messages=0
8,P1_thank_you,MSG0001571,accessed_and_completed,1,
8,P3_extended_thread,THR0001468,thread_exists,1,
8,P3_extended_thread,THR0001468,three_or_more_patient_incoming,1,incoming=3
8,P3_extended_thread,THR0001468,four_or_more_message_exchanges,1,in+out=6
8,P3_extended_thread,THR0001468,spans_at_least_3_days,1,span_days=6.30
8,P3_extended_thread,THR0001468,no_visit_between,0,intervening_visits=1
8,P2_unread_cc,MSG0001616,message_exists,1,
8,P2_unread_cc,MSG0001616,is_cc,1,
8,P2_unread_cc,MSG0001616,no_access_event,1,accesses=0
8,P2_unread_cc,MSG0001620,message_exists,1,
8,P2_unread_cc,MSG0001620,is_cc,1,
8,P2_unread_cc,MSG0001620,no_access_event,1,accesses=0
8,P2_unread_cc,MSG0001621,message_exists,1,
8,P2_unread_cc,MSG0001621,is_cc,1,
8,P2_unread_cc,MSG0001621,no_access_event,1,accesses=0
8,P2_unread_cc,MSG0001622,message_exists,1,
8,P2_unread_cc,MSG0001622,is_cc,1,
8,P2_unread_cc,MSG0001622,no_access_event,1,accesses=0
8,P2_unread_cc,MSG0001623,message_exists,1,
8,P2_unread_cc,MSG0001623,is_cc,1,
8,P2_unread_cc,MSG0001623,no_access_event,1,accesses=0
8,P2_unread_cc,MSG0001675,message_exists,1,
8,P2_unread_cc,MSG0001675,is_cc,1,
8,P2_unread_cc,MSG0001675,no_access_event,1,accesses=0
8,P2_unread_cc,MSG0001676,message_exists,1,
8,P2_unread_cc,MSG0001676,is_cc,1,
8,P2_unread_cc,MSG0001676,no_access_event,1,accesses=0
8,P2_unread_cc,MSG0001677,message_exists,1,
8,P2_unread_cc,MSG0001677,is_cc,1,
8,P2_unread_cc,MSG0001677,no_access_event,1,accesses=0
8,P2_unread_cc,MSG0001679,message_exists,1,
8,P2_unread_cc,MSG0001679,is_cc,1,
8,P2_unread_cc,MSG0001679,no_access_event,1,accesses=0
8,P2_unread_cc,MSG0001683,message_exists,1,
8,P2_unread_cc,MSG0001683,is_cc,1,
8,P2_unread_cc,MSG0001683,no_access_event,1,accesses=0
8,P2_unread_cc,MSG0001684,message_exists,1,
8,P2_unread_cc,MSG0001684,is_cc,1,
8,P2_unread_cc,MSG0001684,no_access_event,1,accesses=0
8,P8_nonclinical_misrouted,MSG0001718,message_exists,1,
8,P8_nonclinical_misrouted,MSG0001718,nonclinical_category,1,category=billing_question
8,P8_nonclinical_misrouted,MSG0001718,reaches_provider,1,provider_forwards=1
8,P2_unread_cc,MSG0001749,message_exists,1,
8,P2_unread_cc,MSG0001749,is_cc,1,
8,P2_unread_cc,MSG0001749,no_access_event,1,accesses=0
8,P2_unread_cc,MSG0001751,message_exists,1,
8,P2_unread_cc,MSG0001751,is_cc,1,
8,P2_unread_cc,MSG0001751,no_access_event,1,accesses=0
8,P2_unread_cc,MSG0001755,message_exists,1,
8,P2_unread_cc,MSG0001755,is_cc,1,
8,P2_unread_cc,MSG0001755,no_access_event,1,accesses=0
8,P4_result_misrouted,MSG0001816,message_exists,1,
8,P4_result_misrouted,MSG0001816,is_result,1,
8,P4_result_misrouted,MSG0001816,recipient_not_ordering,1,
8,P4_result_misrouted,MSG0001816,recipient_not_covering,1,cover=None
8,P2_unread_cc,MSG0001845,message_exists,1,
8,P2_unread_cc,MSG0001845,is_cc,1,
8,P2_unread_cc,MSG0001845,no_access_event,1,accesses=0
8,P2_unread_cc,MSG0001846,message_exists,1,
8,P2_unread_cc,MSG0001846,is_cc,1,
8,P2_unread_cc,MSG0001846,no_access_event,1,accesses=0
8,P2_unread_cc,MSG0001855,message_exists,1,
8,P2_unread_cc,MSG0001855,is_cc,1,
8,P2_unread_cc,MSG0001855,no_access_event,1,accesses=0
8,P7_pingpong,MSG0001893,message_exists,1,
8,P7_pingpong,MSG0001893,at_least_two_staff_to_provider_forwards,1,staff_to_provider=2
8,P7_pingpong,MSG0001893,at_least_two_provider_to_staff_forwards,1,provider_to_staff=2
8,P7_pingpong,MSG0001893,two_or_more_round_trips,1,roundtrips=2
8,P4_result_misrouted,MSG0001900,message_exists,1,
8,P4_result_misrouted,MSG0001900,is_result,1,
8,P4_result_misrouted,MSG0001900,recipient_not_ordering,1,
8,P4_result_misrouted,MSG0001900,recipient_not_covering,1,cover=None
8,P2_unread_cc,MSG0001925,message_exists,1,
8,P2_unread_cc,MSG0001925,is_cc,1,
8,P2_unread_cc,MSG0001925,no_access_event,1,accesses=0
8,P2_unread_cc,MSG0001932,message_exists,1,
8,P2_unread_cc,MSG0001932,is_cc,1,
8,P2_unread_cc,MSG0001932,no_access_event,1,accesses=0
8,P2_unread_cc,MSG0002000,message_exists,1,
8,P2_unread_cc,MSG0002000,is_cc,1,
8,P2_unread_cc,MSG0002000,no_access_event,1,accesses=0
8,P2_unread_cc,MSG0002001,message_exists,1,
8,P2_unread_cc,MSG0002001,is_cc,1,
8,P2_unread_cc,MSG0002001,no_access_event,1,accesses=0
8,P2_unread_cc,MSG0002003,message_exists,1,
8,P2_unread_cc,MSG0002003,is_cc,1,
8,P2_unread_cc,MSG0002003,no_access_event,1,accesses=0
8,P2_unread_cc,MSG0002085,message_exists,1,
8,P2_unread_cc,MSG0002085,is_cc,1,
8,P2_unread_cc,MSG0002085,no_access_event,1,accesses=0
8,P2_unread_cc,MSG0002086,message_exists,1,
8,P2_unread_cc,MSG0002086,is_cc,1,
8,P2_unread_cc,MSG0002086,no_access_event,1,accesses=0
8,P2_unread_cc,MSG0002148,message_exists,1,
8,P2_unread_cc,MSG0002148,is_cc,1,
8,P2_unread_cc,MSG0002148,no_access_event,1,accesses=0
8,P7_pingpong,MSG0002176,message_exists,1,
8,P7_pingpong,MSG0002176,at_least_two_staff_to_provider_forwards,1,staff_to_provider=2
8,P7_pingpong,MSG0002176,at_least_two_provider_to_staff_forwards,1,provider_to_staff=2
8,P7_pingpong,MSG0002176,two_or_more_round_trips,1,roundtrips=2
8,P4_result_misrouted,MSG0002179,message_exists,1,
8,P4_result_misrouted,MSG0002179,is_result,1,
8,P4_result_misrouted,MSG0002179,recipient_not_ordering,1,
8,P4_result_misrouted,MSG0002179,recipient_not_covering,1,cover=None
8,P4_result_misrouted,MSG0002188,message_exists,1,
8,P4_result_misrouted,MSG0002188,is_result,1,
8,P4_result_misrouted,MSG0002188,recipient_not_ordering,1,
8,P4_result_misrouted,MSG0002188,recipient_not_covering,1,cover=None
8,P2_unread_cc,MSG0002220,message_exists,1,
8,P2_unread_cc,MSG0002220,is_cc,1,
8,P2_unread_cc,MSG0002220,no_access_event,1,accesses=0
8,P2_unread_cc,MSG0002224,message_exists,1,
8,P2_unread_cc,MSG0002224,is_cc,1,
8,P2_unread_cc,MSG0002224,no_access_event,1,accesses=0
8,P2_unread_cc,MSG0002226,message_exists,1,
8,P2_unread_cc,MSG0002226,is_cc,1,
8,P2_unread_cc,MSG0002226,no_access_event,1,accesses=0
8,P7_pingpong,MSG0002259,message_exists,1,
8,P7_pingpong,MSG0002259,at_least_two_staff_to_provider_forwards,1,staff_to_provider=2
8,P7_pingpong,MSG0002259,at_least_two_provider_to_staff_forwards,1,provider_to_staff=2
8,P7_pingpong,MSG0002259,two_or_more_round_trips,1,roundtrips=2
8,P2_unread_cc,MSG0002304,message_exists,1,
8,P2_unread_cc,MSG0002304,is_cc,1,
8,P2_unread_cc,MSG0002304,no_access_event,1,accesses=0
8,P2_unread_cc,MSG0002305,message_exists,1,
8,P2_unread_cc,MSG0002305,is_cc,1,
8,P2_unread_cc,MSG0002305,no_access_event,1,accesses=0
8,P4_result_misrouted,MSG0002354,message_exists,1,
8,P4_result_misrouted,MSG0002354,is_result,1,
8,P4_result_misrouted,MSG0002354,recipient_not_ordering,1,
8,P4_result_misrouted,MSG0002354,recipient_not_covering,1,cover=None
8,P4_result_misrouted,MSG0002361,message_exists,1,
8,P4_result_misrouted,MSG0002361,is_result,1,
8,P4_result_misrouted,MSG0002361,recipient_not_ordering,1,
8,P4_result_misrouted,MSG0002361,recipient_not_covering,1,cover=None
8,P4_result_misrouted,MSG0002363,message_exists,1,
8,P4_result_misrouted,MSG0002363,is_result,1,
8,P4_result_misrouted,MSG0002363,recipient_not_ordering,1,
8,P4_result_misrouted,MSG0002363,recipient_not_covering,1,cover=None
8,P2_unread_cc,MSG0002389,message_exists,1,
8,P2_unread_cc,MSG0002389,is_cc,1,
8,P2_unread_cc,MSG0002389,no_access_event,1,accesses=0
8,P2_unread_cc,MSG0002390,message_exists,1,
8,P2_unread_cc,MSG0002390,is_cc,1,
8,P2_unread_cc,MSG0002390,no_access_event,1,accesses=0
8,P2_unread_cc,MSG0002393,message_exists,1,
8,P2_unread_cc,MSG0002393,is_cc,1,
8,P2_unread_cc,MSG0002393,no_access_event,1,accesses=0
8,P2_unread_cc,MSG0002395,message_exists,1,
8,P2_unread_cc,MSG0002395,is_cc,1,
8,P2_unread_cc,MSG0002395,no_access_event,1,accesses=0
8,P8_nonclinical_misrouted,MSG0002427,message_exists,1,
8,P8_nonclinical_misrouted,MSG0002427,nonclinical_category,1,category=billing_question
8,P8_nonclinical_misrouted,MSG0002427,reaches_provider,1,provider_forwards=1
8,P2_unread_cc,MSG0002453,message_exists,1,
8,P2_unread_cc,MSG0002453,is_cc,1,
8,P2_unread_cc,MSG0002453,no_access_event,1,accesses=0
8,P2_unread_cc,MSG0002456,message_exists,1,
8,P2_unread_cc,MSG0002456,is_cc,1,
8,P2_unread_cc,MSG0002456,no_access_event,1,accesses=0
8,P2_unread_cc,MSG0002457,message_exists,1,
8,P2_unread_cc,MSG0002457,is_cc,1,
8,P2_unread_cc,MSG0002457,no_access_event,1,accesses=0
8,P2_unread_cc,MSG0002458,message_exists,1,
8,P2_unread_cc,MSG0002458,is_cc,1,
8,P2_unread_cc,MSG0002458,no_access_event,1,accesses=0
8,P1_thank_you,MSG0002521,message_exists,1,
8,P1_thank_you,MSG0002521,patient_originated_portal_message,1,
8,P1_thank_you,MSG0002521,is_reply_to_prior_outbound,1,
8,P1_thank_you,MSG0002521,thread_ending,1,later_messages=0
8,P1_thank_you,MSG0002521,accessed_and_completed,1,
8,P3_extended_thread,THR0002365,thread_exists,1,
8,P3_extended_thread,THR0002365,three_or_more_patient_incoming,1,incoming=3
8,P3_extended_thread,THR0002365,four_or_more_message_exchanges,1,in+out=7
8,P3_extended_thread,THR0002365,spans_at_least_3_days,1,span_days=9.04
8,P3_extended_thread,THR0002365,no_visit_between,1,intervening_visits=0
8,P4_result_misrouted,MSG0002541,message_exists,1,
8,P4_result_misrouted,MSG0002541,is_result,1,
8,P4_result_misrouted,MSG0002541,recipient_not_ordering,1,
8,P4_result_misrouted,MSG0002541,recipient_not_covering,1,cover=None
8,P1_thank_you,MSG0002557,message_exists,1,
8,P1_thank_you,MSG0002557,patient_originated_portal_message,1,
8,P1_thank_you,MSG0002557,is_reply_to_prior_outbound,1,
8,P1_thank_you,MSG0002557,thread_ending,1,later_messages=0
8,P1_thank_you,MSG0002557,accessed_and_completed,1,
8,P3_extended_thread,THR0002390,thread_exists,1,
8,P3_extended_thread,THR0002390,three_or_more_patient_incoming,1,incoming=3
8,P3_extended_thread,THR0002390,four_or_more_message_exchanges,1,in+out=6
8,P3_extended_thread,THR0002390,spans_at_least_3_days,1,span_days=4.96
8,P3_extended_thread,THR0002390,no_visit_between,1,intervening_visits=0
8,P8_nonclinical_misrouted,MSG0002599,message_exists,1,
8,P8_nonclinical_misrouted,MSG0002599,nonclinical_category,1,category=appointment_request
8,P8_nonclinical_misrouted,MSG0002599,reaches_provider,1,provider_forwards=1
8,P2_unread_cc,MSG0002640,message_exists,1,
8,P2_unread_cc,MSG0002640,is_cc,1,
8,P2_unread_cc,MSG0002640,no_access_event,1,accesses=0
8,P2_unread_cc,MSG0002641,message_exists,1,
8,P2_unread_cc,MSG0002641,is_cc,1,
8,P2_unread_cc,MSG0002641,no_access_event,1,accesses=0
8,P2_unread_cc,MSG0002642,message_exists,1,
8,P2_unread_cc,MSG0002642,is_cc,1,
8,P2_unread_cc,MSG0002642,no_access_event,1,accesses=0
8,P2_unread_cc,MSG0002645,message_exists,1,
8,P2_unread_cc,MSG0002645,is_cc,1,
8,P2_unread_cc,MSG0002645,no_access_event,1,accesses=0
8,P2_unread_cc,MSG0002648,message_exists,1,
8,P2_unread_cc,MSG0002648,is_cc,1,
8,P2_unread_cc,MSG0002648,no_access_event,1,accesses=0
8,P2_unread_cc,MSG0002650,message_exists,1,
8,P2_unread_cc,MSG0002650,is_cc,1,
8,P2_unread_cc,MSG0002650,no_access_event,1,accesses=0
8,P2_unread_cc,MSG0002651,message_exists,1,
8,P2_unread_cc,MSG0002651,is_cc,1,
8,P2_unread_cc,MSG0002651,no_access_event,1,accesses=0
8,P2_unread_cc,MSG0002652,message_exists,1,
8,P2_unread_cc,MSG0002652,is_cc,1,
8,P2_unread_cc,MSG0002652,no_access_event,1,accesses=0
8,P7_pingpong,MSG0002684,message_exists,1,
8,P7_pingpong,MSG0002684,at_least_two_staff_to_provider_forwards,1,staff_to_provider=2
8,P7_pingpong,MSG0002684,at_least_two_provider_to_staff_forwards,1,provider_to_staff=2
8,P7_pingpong,MSG0002684,two_or_more_round_trips,1,roundtrips=2
8,P2_unread_cc,MSG0002729,message_exists,1,
8,P2_unread_cc,MSG0002729,is_cc,1,
8,P2_unread_cc,MSG0002729,no_access_event,1,accesses=0
8,P2_unread_cc,MSG0002797,message_exists,1,
8,P2_unread_cc,MSG0002797,is_cc,1,
8,P2_unread_cc,MSG0002797,no_access_event,1,accesses=0
8,P2_unread_cc,MSG0002798,message_exists,1,
8,P2_unread_cc,MSG0002798,is_cc,1,
8,P2_unread_cc,MSG0002798,no_access_event,1,accesses=0
8,P2_unread_cc,MSG0002801,message_exists,1,
8,P2_unread_cc,MSG0002801,is_cc,1,
8,P2_unread_cc,MSG0002801,no_access_event,1,accesses=0
8,P2_unread_cc,MSG0002805,message_exists,1,
8,P2_unread_cc,MSG0002805,is_cc,1,
8,P2_unread_cc,MSG0002805,no_access_event,1,accesses=0
8,P8_nonclinical_misrouted,MSG0002842,message_exists,1,
8,P8_nonclinical_misrouted,MSG0002842,nonclinical_category,1,category=appointment_request
8,P8_nonclinical_misrouted,MSG0002842,reaches_provider,1,provider_forwards=1
8,P2_unread_cc,MSG0002880,message_exists,1,
8,P2_unread_cc,MSG0002880,is_cc,1,
8,P2_unread_cc,MSG0002880,no_access_event,1,accesses=0
8,P2_unread_cc,MSG0002884,message_exists,1,
8,P2_unread_cc,MSG0002884,is_cc,1,
8,P2_unread_cc,MSG0002884,no_access_event,1,accesses=0
8,P2_unread_cc,MSG0002888,message_exists,1,
8,P2_unread_cc,MSG0002888,is_cc,1,
8,P2_unread_cc,MSG0002888,no_access_event,1,accesses=0
8,P2_unread_cc,MSG0002890,message_exists,1,
8,P2_unread_cc,MSG0002890,is_cc,1,
8,P2_unread_cc,MSG0002890,no_access_event,1,accesses=0
8,P2_unread_cc,MSG0002893,message_exists,1,
8,P2_unread_cc,MSG0002893,is_cc,1,
8,P2_unread_cc,MSG0002893,no_access_event,1,accesses=0
8,P7_pingpong,MSG0002933,message_exists,1,
8,P7_pingpong,MSG0002933,at_least_two_staff_to_provider_forwards,1,staff_to_provider=2
8,P7_pingpong,MSG0002933,at_least_two_provider_to_staff_forwards,1,provider_to_staff=2
8,P7_pingpong,MSG0002933,two_or_more_round_trips,1,roundtrips=2
8,P2_unread_cc,MSG0002962,message_exists,1,
8,P2_unread_cc,MSG0002962,is_cc,1,
8,P2_unread_cc,MSG0002962,no_access_event,1,accesses=0
8,P2_unread_cc,MSG0002967,message_exists,1,
8,P2_unread_cc,MSG0002967,is_cc,1,
8,P2_unread_cc,MSG0002967,no_access_event,1,accesses=0
8,P8_nonclinical_misrouted,MSG0003007,message_exists,1,
8,P8_nonclinical_misrouted,MSG0003007,nonclinical_category,1,category=cancellation
8,P8_nonclinical_misrouted,MSG0003007,reaches_provider,1,provider_forwards=1
8,P2_unread_cc,MSG0003037,message_exists,1,
8,P2_unread_cc,MSG0003037,is_cc,1,
8,P2_unread_cc,MSG0003037,no_access_event,1,accesses=0
8,P2_unread_cc,MSG0003039,message_exists,1,
8,P2_unread_cc,MSG0003039,is_cc,1,
8,P2_unread_cc,MSG0003039,no_access_event,1,accesses=0
8,P2_unread_cc,MSG0003040,message_exists,1,
8,P2_unread_cc,MSG0003040,is_cc,1,
8,P2_unread_cc,MSG0003040,no_access_event,1,accesses=0
8,P3_extended_thread,THR0002874,thread_exists,1,
8,P3_extended_thread,THR0002874,three_or_more_patient_incoming,1,incoming=3
8,P3_extended_thread,THR0002874,four_or_more_message_exchanges,1,in+out=6
8,P3_extended_thread,THR0002874,spans_at_least_3_days,1,span_days=8.80
8,P3_extended_thread,THR0002874,no_visit_between,1,intervening_visits=0
8,P2_unread_cc,MSG0003121,message_exists,1,
8,P2_unread_cc,MSG0003121,is_cc,1,
8,P2_unread_cc,MSG0003121,no_access_event,1,accesses=0
8,P2_unread_cc,MSG0003123,message_exists,1,
8,P2_unread_cc,MSG0003123,is_cc,1,
8,P2_unread_cc,MSG0003123,no_access_event,1,accesses=0
8,P8_nonclinical_misrouted,MSG0003159,message_exists,1,
8,P8_nonclinical_misrouted,MSG0003159,nonclinical_category,1,category=appointment_request
8,P8_nonclinical_misrouted,MSG0003159,reaches_provider,1,provider_forwards=1
8,P2_unread_cc,MSG0003192,message_exists,1,
8,P2_unread_cc,MSG0003192,is_cc,1,
8,P2_unread_cc,MSG0003192,no_access_event,1,accesses=0
8,P2_unread_cc,MSG0003194,message_exists,1,
8,P2_unread_cc,MSG0003194,is_cc,1,
8,P2_unread_cc,MSG0003194,no_access_event,1,accesses=0
8,P2_unread_cc,MSG0003197,message_exists,1,
8,P2_unread_cc,MSG0003197,is_cc,1,
8,P2_unread_cc,MSG0003197,no_access_event,1,accesses=0
8,P2_unread_cc,MSG0003198,message_exists,1,
8,P2_unread_cc,MSG0003198,is_cc,1,
8,P2_unread_cc,MSG0003198,no_access_event,1,accesses=0
8,P2_unread_cc,MSG0003199,message_exists,1,
8,P2_unread_cc,MSG0003199,is_cc,1,
8,P2_unread_cc,MSG0003199,no_access_event,1,accesses=0
8,P2_unread_cc,MSG0003272,message_exists,1,
8,P2_unread_cc,MSG0003272,is_cc,1,
8,P2_unread_cc,MSG0003272,no_access_event,1,accesses=0
8,P2_unread_cc,MSG0003273,message_exists,1,
8,P2_unread_cc,MSG0003273,is_cc,1,
8,P2_unread_cc,MSG0003273,no_access_event,1,accesses=0
8,P4_result_misrouted,MSG0003318,message_exists,1,
8,P4_result_misrouted,MSG0003318,is_result,1,
8,P4_result_misrouted,MSG0003318,recipient_not_ordering,1,
8,P4_result_misrouted,MSG0003318,recipient_not_covering,1,cover=None
8,P2_unread_cc,MSG0003339,message_exists,1,
8,P2_unread_cc,MSG0003339,is_cc,1,
8,P2_unread_cc,MSG0003339,no_access_event,1,accesses=0
8,P2_unread_cc,MSG0003341,message_exists,1,
8,P2_unread_cc,MSG0003341,is_cc,1,
8,P2_unread_cc,MSG0003341,no_access_event,1,accesses=0
8,P2_unread_cc,MSG0003344,message_exists,1,
8,P2_unread_cc,MSG0003344,is_cc,1,
8,P2_unread_cc,MSG0003344,no_access_event,1,accesses=0
8,P4_result_misrouted,MSG0003397,message_exists,1,
8,P4_result_misrouted,MSG0003397,is_result,1,
8,P4_result_misrouted,MSG0003397,recipient_not_ordering,1,
8,P4_result_misrouted,MSG0003397,recipient_not_covering,1,cover=None
8,P2_unread_cc,MSG0003421,message_exists,1,
8,P2_unread_cc,MSG0003421,is_cc,1,
8,P2_unread_cc,MSG0003421,no_access_event,1,accesses=0
8,P2_unread_cc,MSG0003423,message_exists,1,
8,P2_unread_cc,MSG0003423,is_cc,1,
8,P2_unread_cc,MSG0003423,no_access_event,1,accesses=0
8,P2_unread_cc,MSG0003425,message_exists,1,
8,P2_unread_cc,MSG0003425,is_cc,1,
8,P2_unread_cc,MSG0003425,no_access_event,1,accesses=0
8,P2_unread_cc,MSG0003490,message_exists,1,
8,P2_unread_cc,MSG0003490,is_cc,1,
8,P2_unread_cc,MSG0003490,no_access_event,1,accesses=0
8,P2_unread_cc,MSG0003493,message_exists,1,
8,P2_unread_cc,MSG0003493,is_cc,1,
8,P2_unread_cc,MSG0003493,no_access_event,1,accesses=0
8,P2_unread_cc,MSG0003582,message_exists,1,
8,P2_unread_cc,MSG0003582,is_cc,1,
8,P2_unread_cc,MSG0003582,no_access_event,1,accesses=0
8,P2_unread_cc,MSG0003587,message_exists,1,
8,P2_unread_cc,MSG0003587,is_cc,1,
8,P2_unread_cc,MSG0003587,no_access_event,1,accesses=0
8,P1_thank_you,MSG0003624,message_exists,1,
8,P1_thank_you,MSG0003624,patient_originated_portal_message,1,
8,P1_thank_you,MSG0003624,is_reply_to_prior_outbound,1,
8,P1_thank_you,MSG0003624,thread_ending,1,later_messages=0
8,P1_thank_you,MSG0003624,accessed_and_completed,1,
8,P2_unread_cc,MSG0003664,message_exists,1,
8,P2_unread_cc,MSG0003664,is_cc,1,
8,P2_unread_cc,MSG0003664,no_access_event,1,accesses=0
8,P2_unread_cc,MSG0003669,message_exists,1,
8,P2_unread_cc,MSG0003669,is_cc,1,
8,P2_unread_cc,MSG0003669,no_access_event,1,accesses=0
8,P2_unread_cc,MSG0003670,message_exists,1,
8,P2_unread_cc,MSG0003670,is_cc,1,
8,P2_unread_cc,MSG0003670,no_access_event,1,accesses=0
8,P2_unread_cc,MSG0003754,message_exists,1,
8,P2_unread_cc,MSG0003754,is_cc,1,
8,P2_unread_cc,MSG0003754,no_access_event,1,accesses=0
8,P8_nonclinical_misrouted,MSG0003862,message_exists,1,
8,P8_nonclinical_misrouted,MSG0003862,nonclinical_category,1,category=cancellation
8,P8_nonclinical_misrouted,MSG0003862,reaches_provider,1,provider_forwards=1
8,P2_unread_cc,MSG0003930,message_exists,1,
8,P2_unread_cc,MSG0003930,is_cc,1,
8,P2_unread_cc,MSG0003930,no_access_event,1,accesses=0
8,P2_unread_cc,MSG0003932,message_exists,1,
8,P2_unread_cc,MSG0003932,is_cc,1,
8,P2_unread_cc,MSG0003932,no_access_event,1,accesses=0
8,P8_nonclinical_misrouted,MSG0003971,message_exists,1,
8,P8_nonclinical_misrouted,MSG0003971,nonclinical_category,1,category=billing_question
8,P8_nonclinical_misrouted,MSG0003971,reaches_provider,1,provider_forwards=1
8,P2_unread_cc,MSG0004013,message_exists,1,
8,P2_unread_cc,MSG0004013,is_cc,1,
8,P2_unread_cc,MSG0004013,no_access_event,1,accesses=0
8,P2_unread_cc,MSG0004014,message_exists,1,
8,P2_unread_cc,MSG0004014,is_cc,1,
8,P2_unread_cc,MSG0004014,no_access_event,1,accesses=0
8,P2_unread_cc,MSG0004016,message_exists,1,
8,P2_unread_cc,MSG0004016,is_cc,1,
8,P2_unread_cc,MSG0004016,no_access_event,1,accesses=0
8,P2_unread_cc,MSG0004017,message_exists,1,
8,P2_unread_cc,MSG0004017,is_cc,1,
8,P2_unread_cc,MSG0004017,no_access_event,1,accesses=0
8,P2_unread_cc,MSG0004120,message_exists,1,
8,P2_unread_cc,MSG0004120,is_cc,1,
8,P2_unread_cc,MSG0004120,no_access_event,1,accesses=0
8,P8_nonclinical_misrouted,MSG0004150,message_exists,1,
8,P8_nonclinical_misrouted,MSG0004150,nonclinical_category,1,category=billing_question
8,P8_nonclinical_misrouted,MSG0004150,reaches_provider,1,provider_forwards=1
8,P2_unread_cc,MSG0004183,message_exists,1,
8,P2_unread_cc,MSG0004183,is_cc,1,
8,P2_unread_cc,MSG0004183,no_access_event,1,accesses=0
8,P2_unread_cc,MSG0004187,message_exists,1,
8,P2_unread_cc,MSG0004187,is_cc,1,
8,P2_unread_cc,MSG0004187,no_access_event,1,accesses=0
8,P2_unread_cc,MSG0004190,message_exists,1,
8,P2_unread_cc,MSG0004190,is_cc,1,
8,P2_unread_cc,MSG0004190,no_access_event,1,accesses=0
8,P3_extended_thread,THR0003972,thread_exists,1,
8,P3_extended_thread,THR0003972,three_or_more_patient_incoming,1,incoming=3
8,P3_extended_thread,THR0003972,four_or_more_message_exchanges,1,in+out=7
8,P3_extended_thread,THR0003972,spans_at_least_3_days,1,span_days=9.03
8,P3_extended_thread,THR0003972,no_visit_between,0,intervening_visits=1
8,P2_unread_cc,MSG0004275,message_exists,1,
8,P2_unread_cc,MSG0004275,is_cc,1,
8,P2_unread_cc,MSG0004275,no_access_event,1,accesses=0
8,P2_unread_cc,MSG0004276,message_exists,1,
8,P2_unread_cc,MSG0004276,is_cc,1,
8,P2_unread_cc,MSG0004276,no_access_event,1,accesses=0
8,P2_unread_cc,MSG0004280,message_exists,1,
8,P2_unread_cc,MSG0004280,is_cc,1,
8,P2_unread_cc,MSG0004280,no_access_event,1,accesses=0
8,P2_unread_cc,MSG0004282,message_exists,1,
8,P2_unread_cc,MSG0004282,is_cc,1,
8,P2_unread_cc,MSG0004282,no_access_event,1,accesses=0
8,P7_pingpong,MSG0004316,message_exists,1,
8,P7_pingpong,MSG0004316,at_least_two_staff_to_provider_forwards,1,staff_to_provider=2
8,P7_pingpong,MSG0004316,at_least_two_provider_to_staff_forwards,1,provider_to_staff=2
8,P7_pingpong,MSG0004316,two_or_more_round_trips,1,roundtrips=2
8,P3_extended_thread,THR0004048,thread_exists,1,
8,P3_extended_thread,THR0004048,three_or_more_patient_incoming,1,incoming=3
8,P3_extended_thread,THR0004048,four_or_more_message_exchanges,1,in+out=6
8,P3_extended_thread,THR0004048,spans_at_least_3_days,1,span_days=8.85
8,P3_extended_thread,THR0004048,no_visit_between,1,intervening_visits=0
8,P7_pingpong,MSG0004320,message_exists,1,
8,P7_pingpong,MSG0004320,at_least_two_staff_to_provider_forwards,1,staff_to_provider=2
8,P7_pingpong,MSG0004320,at_least_two_provider_to_staff_forwards,1,provider_to_staff=2
8,P7_pingpong,MSG0004320,two_or_more_round_trips,1,roundtrips=2
8,P4_result_misrouted,MSG0004401,message_exists,1,
8,P4_result_misrouted,MSG0004401,is_result,1,
8,P4_result_misrouted,MSG0004401,recipient_not_ordering,1,
8,P4_result_misrouted,MSG0004401,recipient_not_covering,1,cover=None
8,P2_unread_cc,MSG0004435,message_exists,1,
8,P2_unread_cc,MSG0004435,is_cc,1,
8,P2_unread_cc,MSG0004435,no_access_event,1,accesses=0
8,P2_unread_cc,MSG0004440,message_exists,1,
8,P2_unread_cc,MSG0004440,is_cc,1,
8,P2_unread_cc,MSG0004440,no_access_event,1,accesses=0
8,P2_unread_cc,MSG0004443,message_exists,1,
8,P2_unread_cc,MSG0004443,is_cc,1,
8,P2_unread_cc,MSG0004443,no_access_event,1,accesses=0
8,P2_unread_cc,MSG0004444,message_exists,1,
8,P2_unread_cc,MSG0004444,is_cc,1,
8,P2_unread_cc,MSG0004444,no_access_event,1,accesses=0
8,P4_result_misrouted,MSG0004480,message_exists,1,
8,P4_result_misrouted,MSG0004480,is_result,1,
8,P4_result_misrouted,MSG0004480,recipient_not_ordering,1,
8,P4_result_misrouted,MSG0004480,recipient_not_covering,1,cover=None
8,P2_unread_cc,MSG0004503,message_exists,1,
8,P2_unread_cc,MSG0004503,is_cc,1,
8,P2_unread_cc,MSG0004503,no_access_event,1,accesses=0
8,P7_pingpong,MSG0004544,message_exists,1,
8,P7_pingpong,MSG0004544,at_least_two_staff_to_provider_forwards,1,staff_to_provider=2
8,P7_pingpong,MSG0004544,at_least_two_provider_to_staff_forwards,1,provider_to_staff=2
8,P7_pingpong,MSG0004544,two_or_more_round_trips,1,roundtrips=2
8,P2_unread_cc,MSG0004594,message_exists,1,
8,P2_unread_cc,MSG0004594,is_cc,1,
8,P2_unread_cc,MSG0004594,no_access_event,1,accesses=0
8,P4_result_misrouted,MSG0004642,message_exists,1,
8,P4_result_misrouted,MSG0004642,is_result,1,
8,P4_result_misrouted,MSG0004642,recipient_not_ordering,1,
8,P4_result_misrouted,MSG0004642,recipient_not_covering,1,cover=None
8,P2_unread_cc,MSG0004666,message_exists,1,
8,P2_unread_cc,MSG0004666,is_cc,1,
8,P2_unread_cc,MSG0004666,no_access_event,1,accesses=0
8,P2_unread_cc,MSG0004668,message_exists,1,
8,P2_unread_cc,MSG0004668,is_cc,1,
8,P2_unread_cc,MSG0004668,no_access_event,1,accesses=0
8,P2_unread_cc,MSG0004669,message_exists,1,
8,P2_unread_cc,MSG0004669,is_cc,1,
8,P2_unread_cc,MSG0004669,no_access_event,1,accesses=0
8,P2_unread_cc,MSG0004673,message_exists,1,
8,P2_unread_cc,MSG0004673,is_cc,1,
8,P2_unread_cc,MSG0004673,no_access_event,1,accesses=0
8,P2_unread_cc,MSG0004674,message_exists,1,
8,P2_unread_cc,MSG0004674,is_cc,1,
8,P2_unread_cc,MSG0004674,no_access_event,1,accesses=0
8,P2_unread_cc,MSG0004748,message_exists,1,
8,P2_unread_cc,MSG0004748,is_cc,1,
8,P2_unread_cc,MSG0004748,no_access_event,1,accesses=0
8,P4_result_misrouted,MSG0004799,message_exists,1,
8,P4_result_misrouted,MSG0004799,is_result,1,
8,P4_result_misrouted,MSG0004799,recipient_not_ordering,1,
8,P4_result_misrouted,MSG0004799,recipient_not_covering,1,cover=None
8,P4_result_misrouted,MSG0004801,message_exists,1,
8,P4_result_misrouted,MSG0004801,is_result,1,
8,P4_result_misrouted,MSG0004801,recipient_not_ordering,1,
8,P4_result_misrouted,MSG0004801,recipient_not_covering,1,cover=None
8,P4_result_misrouted,MSG0004807,message_exists,1,
8,P4_result_misrouted,MSG0004807,is_result,1,
8,P4_result_misrouted,MSG0004807,recipient_not_ordering,1,
8,P4_result_misrouted,MSG0004807,recipient_not_covering,1,cover=None
8,P2_unread_cc,MSG0004824,message_exists,1,
8,P2_unread_cc,MSG0004824,is_cc,1,
8,P2_unread_cc,MSG0004824,no_access_event,1,accesses=0
8,P8_nonclinical_misrouted,MSG0004862,message_exists,1,
8,P8_nonclinical_misrouted,MSG0004862,nonclinical_category,1,category=billing_question
8,P8_nonclinical_misrouted,MSG0004862,reaches_provider,1,provider_forwards=1
8,P4_result_misrouted,MSG0004879,message_exists,1,
8,P4_result_misrouted,MSG0004879,is_result,1,
8,P4_result_misrouted,MSG0004879,recipient_not_ordering,1,
8,P4_result_misrouted,MSG0004879,recipient_not_covering,1,cover=None
8,P2_unread_cc,MSG0004897,message_exists,1,
8,P2_unread_cc,MSG0004897,is_cc,1,
8,P2_unread_cc,MSG0004897,no_access_event,1,accesses=0
8,P2_unread_cc,MSG0004899,message_exists,1,
8,P2_unread_cc,MSG0004899,is_cc,1,
8,P2_unread_cc,MSG0004899,no_access_event,1,accesses=0
8,P2_unread_cc,MSG0004900,message_exists,1,
8,P2_unread_cc,MSG0004900,is_cc,1,
8,P2_unread_cc,MSG0004900,no_access_event,1,accesses=0
8,P8_nonclinical_misrouted,MSG0004938,message_exists,1,
8,P8_nonclinical_misrouted,MSG0004938,nonclinical_category,1,category=cancellation
8,P8_nonclinical_misrouted,MSG0004938,reaches_provider,1,provider_forwards=1
8,P2_unread_cc,MSG0004990,message_exists,1,
8,P2_unread_cc,MSG0004990,is_cc,1,
8,P2_unread_cc,MSG0004990,no_access_event,1,accesses=0
8,P2_unread_cc,MSG0004992,message_exists,1,
8,P2_unread_cc,MSG0004992,is_cc,1,
8,P2_unread_cc,MSG0004992,no_access_event,1,accesses=0
8,P4_result_misrouted,MSG0005056,message_exists,1,
8,P4_result_misrouted,MSG0005056,is_result,1,
8,P4_result_misrouted,MSG0005056,recipient_not_ordering,1,
8,P4_result_misrouted,MSG0005056,recipient_not_covering,1,cover=None
8,P2_unread_cc,MSG0005074,message_exists,1,
8,P2_unread_cc,MSG0005074,is_cc,1,
8,P2_unread_cc,MSG0005074,no_access_event,1,accesses=0
8,P2_unread_cc,MSG0005077,message_exists,1,
8,P2_unread_cc,MSG0005077,is_cc,1,
8,P2_unread_cc,MSG0005077,no_access_event,1,accesses=0
8,P8_nonclinical_misrouted,MSG0005130,message_exists,1,
8,P8_nonclinical_misrouted,MSG0005130,nonclinical_category,1,category=appointment_request
8,P8_nonclinical_misrouted,MSG0005130,reaches_provider,1,provider_forwards=1
9,P2_unread_cc,MSG0000036,message_exists,1,
9,P2_unread_cc,MSG0000036,is_cc,1,
9,P2_unread_cc,MSG0000036,no_access_event,1,accesses=0
9,P2_unread_cc,MSG0000037,message_exists,1,
9,P2_unread_cc,MSG0000037,is_cc,1,
9,P2_unread_cc,MSG0000037,no_access_event,1,accesses=0
9,P4_result_misrouted,MSG0000149,message_exists,1,
9,P4_result_misrouted,MSG0000149,is_result,1,
9,P4_result_misrouted,MSG0000149,recipient_not_ordering,1,
9,P4_result_misrouted,MSG0000149,recipient_not_covering,1,cover=None
9,P2_unread_cc,MSG0000173,message_exists,1,
9,P2_unread_cc,MSG0000173,is_cc,1,
9,P2_unread_cc,MSG0000173,no_access_event,1,accesses=0
9,P2_unread_cc,MSG0000174,message_exists,1,
9,P2_unread_cc,MSG0000174,is_cc,1,
9,P2_unread_cc,MSG0000174,no_access_event,1,accesses=0
9,P3_extended_thread,THR0000200,thread_exists,1,
9,P3_extended_thread,THR0000200,three_or_more_patient_incoming,1,incoming=3
9,P3_extended_thread,THR0000200,four_or_more_message_exchanges,1,in+out=6
9,P3_extended_thread,THR0000200,spans_at_least_3_days,1,span_days=6.18
9,P3_extended_thread,THR0000200,no_visit_between,1,intervening_visits=0
9,P4_result_misrouted,MSG0000237,message_exists,1,
9,P4_result_misrouted,MSG0000237,is_result,1,
9,P4_result_misrouted,MSG0000237,recipient_not_ordering,1,
9,P4_result_misrouted,MSG0000237,recipient_not_covering,1,cover=None
9,P2_unread_cc,MSG0000267,message_exists,1,
9,P2_unread_cc,MSG0000267,is_cc,1,
9,P2_unread_cc,MSG0000267,no_access_event,1,accesses=0
9,P2_unread_cc,MSG0000269,message_exists,1,
9,P2_unread_cc,MSG0000269,is_cc,1,
9,P2_unread_cc,MSG0000269,no_access_event,1,accesses=0
9,P2_unread_cc,MSG0000270,message_exists,1,
9,P2_unread_cc,MSG0000270,is_cc,1,
9,P2_unread_cc,MSG0000270,no_access_event,1,accesses=0
9,P2_unread_cc,MSG0000274,message_exists,1,
9,P2_unread_cc,MSG0000274,is_cc,1,
9,P2_unread_cc,MSG0000274,no_access_event,1,accesses=0
9,P2_unread_cc,MSG0000275,message_exists,1,
9,P2_unread_cc,MSG0000275,is_cc,1,
9,P2_unread_cc,MSG0000275,no_access_event,1,accesses=0
9,P4_result_misrouted,MSG0000316,message_exists,1,
9,P4_result_misrouted,MSG0000316,is_result,1,
9,P4_result_misrouted,MSG0000316,recipient_not_ordering,1,
9,P4_result_misrouted,MSG0000316,recipient_not_covering,1,cover=None
9,P2_unread_cc,MSG0000345,message_exists,1,
9,P2_unread_cc,MSG0000345,is_cc,1,
9,P2_unread_cc,MSG0000345,no_access_event,1,accesses=0
9,P2_unread_cc,MSG0000346,message_exists,1,
9,P2_unread_cc,MSG0000346,is_cc,1,
9,P2_unread_cc,MSG0000346,no_access_event,1,accesses=0
9,P2_unread_cc,MSG0000348,message_exists,1,
9,P2_unread_cc,MSG0000348,is_cc,1,
9,P2_unread_cc,MSG0000348,no_access_event,1,accesses=0
9,P2_unread_cc,MSG0000416,message_exists,1,
9,P2_unread_cc,MSG0000416,is_cc,1,
9,P2_unread_cc,MSG0000416,no_access_event,1,accesses=0
9,P1_thank_you,MSG0000451,message_exists,1,
9,P1_thank_you,MSG0000451,patient_originated_portal_message,1,
9,P1_thank_you,MSG0000451,is_reply_to_prior_outbound,1,
9,P1_thank_you,MSG0000451,thread_ending,1,later_messages=0
9,P1_thank_you,MSG0000451,accessed_and_completed,1,
9,P8_nonclinical_misrouted,MSG0000457,message_exists,1,
9,P8_nonclinical_misrouted,MSG0000457,nonclinical_category,1,category=cancellation
9,P8_nonclinical_misrouted,MSG0000457,reaches_provider,1,provider_forwards=1
9,P4_result_misrouted,MSG0000472,message_exists,1,
9,P4_result_misrouted,MSG0000472,is_result,1,
9,P4_result_misrouted,MSG0000472,recipient_not_ordering,1,
9,P4_result_misrouted,MSG0000472,recipient_not_covering,1,cover=None
9,P4_result_misrouted,MSG0000476,message_exists,1,
9,P4_result_misrouted,MSG0000476,is_result,1,
9,P4_result_misrouted,MSG0000476,recipient_not_ordering,1,
9,P4_result_misrouted,MSG0000476,recipient_not_covering,1,cover=None
9,P2_unread_cc,MSG0000507,message_exists,1,
9,P2_unread_cc,MSG0000507,is_cc,1,
9,P2_unread_cc,MSG0000507,no_access_event,1,accesses=0
9,P2_unread_cc,MSG0000509,message_exists,1,
9,P2_unread_cc,MSG0000509,is_cc,1,
9,P2_unread_cc,MSG0000509,no_access_event,1,accesses=0
9,P2_unread_cc,MSG0000594,message_exists,1,
9,P2_unread_cc,MSG0000594,is_cc,1,
9,P2_unread_cc,MSG0000594,no_access_event,1,accesses=0
9,P2_unread_cc,MSG0000599,message_exists,1,
9,P2_unread_cc,MSG0000599,is_cc,1,
9,P2_unread_cc,MSG0000599,no_access_event,1,accesses=0
9,P2_unread_cc,MSG0000601,message_exists,1,
9,P2_unread_cc,MSG0000601,is_cc,1,
9,P2_unread_cc,MSG0000601,no_access_event,1,accesses=0
9,P8_nonclinical_misrouted,MSG0000638,message_exists,1,
9,P8_nonclinical_misrouted,MSG0000638,nonclinical_category,1,category=billing_question
9,P8_nonclinical_misrouted,MSG0000638,reaches_provider,1,provider_forwards=1
9,P2_unread_cc,MSG0000674,message_exists,1,
9,P2_unread_cc,MSG0000674,is_cc,1,
9,P2_unread_cc,MSG0000674,no_access_event,1,accesses=0
9,P2_unread_cc,MSG0000676,message_exists,1,
9,P2_unread_cc,MSG0000676,is_cc,1,
9,P2_unread_cc,MSG0000676,no_access_event,1,accesses=0
9,P4_result_misrouted,MSG0000712,message_exists,1,
9,P4_result_misrouted,MSG0000712,is_result,1,
9,P4_result_misrouted,MSG0000712,recipient_not_ordering,1,
9,P4_result_misrouted,MSG0000712,recipient_not_covering,1,cover=None
9,P2_unread_cc,MSG0000740,message_exists,1,
9,P2_unread_cc,MSG0000740,is_cc,1,
9,P2_unread_cc,MSG0000740,no_access_event,1,accesses=0
9,P2_unread_cc,MSG0000741,message_exists,1,
9,P2_unread_cc,MSG0000741,is_cc,1,
9,P2_unread_cc,MSG0000741,no_access_event,1,accesses=0
9,P2_unread_cc,MSG0000748,message_exists,1,
9,P2_unread_cc,MSG0000748,is_cc,1,
9,P2_unread_cc,MSG0000748,no_access_event,1,accesses=0
9,P2_unread_cc,MSG0000832,message_exists,1,
9,P2_unread_cc,MSG0000832,is_cc,1,
9,P2_unread_cc,MSG0000832,no_access_event,1,accesses=0
9,P2_unread_cc,MSG0000834,message_exists,1,
9,P2_unread_cc,MSG0000834,is_cc,1,
9,P2_unread_cc,MSG0000834,no_access_event,1,accesses=0
9,P2_unread_cc,MSG0000836,message_exists,1,
9,P2_unread_cc,MSG0000836,is_cc,1,
9,P2_unread_cc,MSG0000836,no_access_event,1,accesses=0
9,P8_nonclinical_misrouted,MSG0000862,message_exists,1,
9,P8_nonclinical_misrouted,MSG0000862,nonclinical_category,1,category=appointment_request
9,P8_nonclinical_misrouted,MSG0000862,reaches_provider,1,provider_forwards=1
9,P8_nonclinical_misrouted,MSG0000864,message_exists,1,
9,P8_nonclinical_misrouted,MSG0000864,nonclinical_category,1,category=appointment_request
9,P8_nonclinical_misrouted,MSG0000864,reaches_provider,1,provider_forwards=1
9,P8_nonclinical_misrouted,MSG0000868,message_exists,1,
9,P8_nonclinical_misrouted,MSG0000868,nonclinical_category,1,category=appointment_request
9,P8_nonclinical_misrouted,MSG0000868,reaches_provider,1,provider_forwards=1
9,P2_unread_cc,MSG0000897,message_exists,1,
9,P2_unread_cc,MSG0000897,is_cc,1,
9,P2_unread_cc,MSG0000897,no_access_event,1,accesses=0
9,P2_unread_cc,MSG0000901,message_exists,1,
9,P2_unread_cc,MSG0000901,is_cc,1,
9,P2_unread_cc,MSG0000901,no_access_event,1,accesses=0
9,P2_unread_cc,MSG0000902,message_exists,1,
9,P2_unread_cc,MSG0000902,is_cc,1,
9,P2_unread_cc,MSG0000902,no_access_event,1,accesses=0
9,P2_unread_cc,MSG0000904,message_exists,1,
9,P2_unread_cc,MSG0000904,is_cc,1,
9,P2_unread_cc,MSG0000904,no_access_event,1,accesses=0
9,P2_unread_cc,MSG0000906,message_exists,1,
9,P2_unread_cc,MSG0000906,is_cc,1,
9,P2_unread_cc,MSG0000906,no_access_event,1,accesses=0
9,P7_pingpong,MSG0000936,message_exists,1,
9,P7_pingpong,MSG0000936,at_least_two_staff_to_provider_forwards,1,staff_to_provider=2
9,P7_pingpong,MSG0000936,at_least_two_provider_to_staff_forwards,1,provider_to_staff=2
9,P7_pingpong,MSG0000936,two_or_more_round_trips,1,roundtrips=2
9,P2_unread_cc,MSG0000971,message_exists,1,
9,P2_unread_cc,MSG0000971,is_cc,1,
9,P2_unread_cc,MSG0000971,no_access_event,1,accesses=0
9,P2_unread_cc,MSG0001038,message_exists,1,
9,P2_unread_cc,MSG0001038,is_cc,1,
9,P2_unread_cc,MSG0001038,no_access_event,1,accesses=0
9,P2_unread_cc,MSG0001042,message_exists,1,
9,P2_unread_cc,MSG0001042,is_cc,1,
9,P2_unread_cc,MSG0001042,no_access_event,1,accesses=0
9,P2_unread_cc,MSG0001044,message_exists,1,
9,P2_unread_cc,MSG0001044,is_cc,1,
9,P2_unread_cc,MSG0001044,no_access_event,1,accesses=0
9,P2_unread_cc,MSG0001046,message_exists,1,
9,P2_unread_cc,MSG0001046,is_cc,1,
9,P2_unread_cc,MSG0001046,no_access_event,1,accesses=0
9,P2_unread_cc,MSG0001108,message_exists,1,
9,P2_unread_cc,MSG0001108,is_cc,1,
9,P2_unread_cc,MSG0001108,no_access_event,1,accesses=0
9,P2_unread_cc,MSG0001111,message_exists,1,
9,P2_unread_cc,MSG0001111,is_cc,1,
9,P2_unread_cc,MSG0001111,no_access_event,1,accesses=0
9,P2_unread_cc,MSG0001113,message_exists,1,
9,P2_unread_cc,MSG0001113,is_cc,1,
9,P2_unread_cc,MSG0001113,no_access_event,1,accesses=0
9,P2_unread_cc,MSG0001117,message_exists,1,
9,P2_unread_cc,MSG0001117,is_cc,1,
9,P2_unread_cc,MSG0001117,no_access_event,1,accesses=0
9,P4_result_misrouted,MSG0001191,message_exists,1,
9,P4_result_misrouted,MSG0001191,is_result,1,
9,P4_result_misrouted,MSG0001191,recipient_not_ordering,1,
9,P4_result_misrouted,MSG0001191,recipient_not_covering,1,cover=None
9,P2_unread_cc,MSG0001252,message_exists,1,
9,P2_unread_cc,MSG0001252,is_cc,1,
9,P2_unread_cc,MSG0001252,no_access_event,1,accesses=0
9,P2_unread_cc,MSG0001255,message_exists,1,
9,P2_unread_cc,MSG0001255,is_cc,1,
9,P2_unread_cc,MSG0001255,no_access_event,1,accesses=0
9,P2_unread_cc,MSG0001261,message_exists,1,
9,P2_unread_cc,MSG0001261,is_cc,1,
9,P2_unread_cc,MSG0001261,no_access_event,1,accesses=0
9,P2_unread_cc,MSG0001262,message_exists,1,
9,P2_unread_cc,MSG0001262,is_cc,1,
9,P2_unread_cc,MSG0001262,no_access_event,1,accesses=0
9,P2_unread_cc,MSG0001334,message_exists,1,
9,P2_unread_cc,MSG0001334,is_cc,1,
9,P2_unread_cc,MSG0001334,no_access_event,1,accesses=0
9,P2_unread_cc,MSG0001338,message_exists,1,
9,P2_unread_cc,MSG0001338,is_cc,1,
9,P2_unread_cc,MSG0001338,no_access_event,1,accesses=0
9,P2_unread_cc,MSG0001416,message_exists,1,
9,P2_unread_cc,MSG0001416,is_cc,1,
9,P2_unread_cc,MSG0001416,no_access_event,1,accesses=0
9,P2_unread_cc,MSG0001417,message_exists,1,
9,P2_unread_cc,MSG0001417,is_cc,1,
9,P2_unread_cc,MSG0001417,no_access_event,1,accesses=0
9,P2_unread_cc,MSG0001418,message_exists,1,
9,P2_unread_cc,MSG0001418,is_cc,1,
9,P2_unread_cc,MSG0001418,no_access_event,1,accesses=0
9,P2_unread_cc,MSG0001421,message_exists,1,
9,P2_unread_cc,MSG0001421,is_cc,1,
9,P2_unread_cc,MSG0001421,no_access_event,1,accesses=0
9,P7_pingpong,MSG0001454,message_exists,1,
9,P7_pingpong,MSG0001454,at_least_two_staff_to_provider_forwards,1,staff_to_provider=2
9,P7_pingpong,MSG0001454,at_least_two_provider_to_staff_forwards,1,provider_to_staff=2
9,P7_pingpong,MSG0001454,two_or_more_round_trips,1,roundtrips=2
9,P2_unread_cc,MSG0001514,message_exists,1,
9,P2_unread_cc,MSG0001514,is_cc,1,
9,P2_unread_cc,MSG0001514,no_access_event,1,accesses=0
9,P3_extended_thread,THR0001470,thread_exists,1,
9,P3_extended_thread,THR0001470,three_or_more_patient_incoming,1,incoming=3
9,P3_extended_thread,THR0001470,four_or_more_message_exchanges,1,in+out=6
9,P3_extended_thread,THR0001470,spans_at_least_3_days,1,span_days=5.53
9,P3_extended_thread,THR0001470,no_visit_between,1,intervening_visits=0
9,P2_unread_cc,MSG0001583,message_exists,1,
9,P2_unread_cc,MSG0001583,is_cc,1,
9,P2_unread_cc,MSG0001583,no_access_event,1,accesses=0
9,P2_unread_cc,MSG0001588,message_exists,1,
9,P2_unread_cc,MSG0001588,is_cc,1,
9,P2_unread_cc,MSG0001588,no_access_event,1,accesses=0
9,P2_unread_cc,MSG0001590,message_exists,1,
9,P2_unread_cc,MSG0001590,is_cc,1,
9,P2_unread_cc,MSG0001590,no_access_event,1,accesses=0
9,P4_result_misrouted,MSG0001647,message_exists,1,
9,P4_result_misrouted,MSG0001647,is_result,1,
9,P4_result_misrouted,MSG0001647,recipient_not_ordering,1,
9,P4_result_misrouted,MSG0001647,recipient_not_covering,1,cover=None
9,P4_result_misrouted,MSG0001649,message_exists,1,
9,P4_result_misrouted,MSG0001649,is_result,1,
9,P4_result_misrouted,MSG0001649,recipient_not_ordering,1,
9,P4_result_misrouted,MSG0001649,recipient_not_covering,1,cover=None
9,P2_unread_cc,MSG0001671,message_exists,1,
9,P2_unread_cc,MSG0001671,is_cc,1,
9,P2_unread_cc,MSG0001671,no_access_event,1,accesses=0
9,P1_thank_you,MSG0001720,message_exists,1,
9,P1_thank_you,MSG0001720,patient_originated_portal_message,1,
9,P1_thank_you,MSG0001720,is_reply_to_prior_outbound,1,
9,P1_thank_you,MSG0001720,thread_ending,1,later_messages=0
9,P1_thank_you,MSG0001720,accessed_and_completed,1,
9,P4_result_misrouted,MSG0001736,message_exists,1,
9,P4_result_misrouted,MSG0001736,is_result,1,
9,P4_result_misrouted,MSG0001736,recipient_not_ordering,1,
9,P4_result_misrouted,MSG0001736,recipient_not_covering,1,cover=None
9,P2_unread_cc,MSG0001763,message_exists,1,
9,P2_unread_cc,MSG0001763,is_cc,1,
9,P2_unread_cc,MSG0001763,no_access_event,1,accesses=0
9,P2_unread_cc,MSG0001764,message_exists,1,
9,P2_unread_cc,MSG0001764,is_cc,1,
9,P2_unread_cc,MSG0001764,no_access_event,1,accesses=0
9,P2_unread_cc,MSG0001765,message_exists,1,
9,P2_unread_cc,MSG0001765,is_cc,1,
9,P2_unread_cc,MSG0001765,no_access_event,1,accesses=0
9,P2_unread_cc,MSG0001826,message_exists,1,
9,P2_unread_cc,MSG0001826,is_cc,1,
9,P2_unread_cc,MSG0001826,no_access_event,1,accesses=0
9,P2_unread_cc,MSG0001829,message_exists,1,
9,P2_unread_cc,MSG0001829,is_cc,1,
9,P2_unread_cc,MSG0001829,no_access_event,1,accesses=0
9,P2_unread_cc,MSG0001830,message_exists,1,
9,P2_unread_cc,MSG0001830,is_cc,1,
9,P2_unread_cc,MSG0001830,no_access_event,1,accesses=0
9,P2_unread_cc,MSG0001831,message_exists,1,
9,P2_unread_cc,MSG0001831,is_cc,1,
9,P2_unread_cc,MSG0001831,no_access_event,1,accesses=0
9,P2_unread_cc,MSG0001894,message_exists,1,
9,P2_unread_cc,MSG0001894,is_cc,1,
9,P2_unread_cc,MSG0001894,no_access_event,1,accesses=0
9,P2_unread_cc,MSG0001895,message_exists,1,
9,P2_unread_cc,MSG0001895,is_cc,1,
9,P2_unread_cc,MSG0001895,no_access_event,1,accesses=0
9,P2_unread_cc,MSG0001898,message_exists,1,
9,P2_unread_cc,MSG0001898,is_cc,1,
9,P2_unread_cc,MSG0001898,no_access_event,1,accesses=0
9,P2_unread_cc,MSG0001980,message_exists,1,
9,P2_unread_cc,MSG0001980,is_cc,1,
9,P2_unread_cc,MSG0001980,no_access_event,1,accesses=0
9,P2_unread_cc,MSG0001984,message_exists,1,
9,P2_unread_cc,MSG0001984,is_cc,1,
9,P2_unread_cc,MSG0001984,no_access_event,1,accesses=0
9,P2_unread_cc,MSG0002047,message_exists,1,
9,P2_unread_cc,MSG0002047,is_cc,1,
9,P2_unread_cc,MSG0002047,no_access_event,1,accesses=0
9,P2_unread_cc,MSG0002051,message_exists,1,
9,P2_unread_cc,MSG0002051,is_cc,1,
9,P2_unread_cc,MSG0002051,no_access_event,1,accesses=0
9,P2_unread_cc,MSG0002054,message_exists,1,
9,P2_unread_cc,MSG0002054,is_cc,1,
9,P2_unread_cc,MSG0002054,no_access_event,1,accesses=0
9,P2_unread_cc,MSG0002056,message_exists,1,
9,P2_unread_cc,MSG0002056,is_cc,1,
9,P2_unread_cc,MSG0002056,no_access_event,1,accesses=0
9,P1_thank_you,MSG0002092,message_exists,1,
9,P1_thank_you,MSG0002092,patient_originated_portal_message,1,
9,P1_thank_you,MSG0002092,is_reply_to_prior_outbound,1,
9,P1_thank_you,MSG0002092,thread_ending,1,later_messages=0
9,P1_thank_you,MSG0002092,accessed_and_completed,1,
9,P8_nonclinical_misrouted,MSG0002097,message_exists,1,
9,P8_nonclinical_misrouted,MSG0002097,nonclinical_category,1,category=appointment_request
9,P8_nonclinical_misrouted,MSG0002097,reaches_provider,1,provider_forwards=1
9,P1_thank_you,MSG0002099,message_exists,1,
9,P1_thank_you,MSG0002099,patient_originated_portal_message,1,
9,P1_thank_you,MSG0002099,is_reply_to_prior_outbound,1,
9,P1_thank_you,MSG0002099,thread_ending,1,later_messages=0
9,P1_thank_you,MSG0002099,accessed_and_completed,1,
9,P2_unread_cc,MSG0002128,message_exists,1,
9,P2_unread_cc,MSG0002128,is_cc,1,
9,P2_unread_cc,MSG0002128,no_access_event,1,accesses=0
9,P2_unread_cc,MSG0002134,message_exists,1,
9,P2_unread_cc,MSG0002134,is_cc,1,
9,P2_unread_cc,MSG0002134,no_access_event,1,accesses=0
9,P8_nonclinical_misrouted,MSG0002172,message_exists,1,
9,P8_nonclinical_misrouted,MSG0002172,nonclinical_category,1,category=appointment_request
9,P8_nonclinical_misrouted,MSG0002172,reaches_provider,1,provider_forwards=1
9,P2_unread_cc,MSG0002214,message_exists,1,
9,P2_unread_cc,MSG0002214,is_cc,1,
9,P2_unread_cc,MSG0002214,no_access_event,1,accesses=0
9,P2_unread_cc,MSG0002218,message_exists,1,
9,P2_unread_cc,MSG0002218,is_cc,1,
9,P2_unread_cc,MSG0002218,no_access_event,1,accesses=0
9,P2_unread_cc,MSG0002219,message_exists,1,
9,P2_unread_cc,MSG0002219,is_cc,1,
9,P2_unread_cc,MSG0002219,no_access_event,1,accesses=0
9,P2_unread_cc,MSG0002220,message_exists,1,
9,P2_unread_cc,MSG0002220,is_cc,1,
9,P2_unread_cc,MSG0002220,no_access_event,1,accesses=0
9,P7_pingpong,MSG0002260,message_exists,1,
9,P7_pingpong,MSG0002260,at_least_two_staff_to_provider_forwards,1,staff_to_provider=2
9,P7_pingpong,MSG0002260,at_least_two_provider_to_staff_forwards,1,provider_to_staff=2
9,P7_pingpong,MSG0002260,two_or_more_round_trips,1,roundtrips=2
9,P2_unread_cc,MSG0002298,message_exists,1,
9,P2_unread_cc,MSG0002298,is_cc,1,
9,P2_unread_cc,MSG0002298,no_access_event,1,accesses=0
9,P2_unread_cc,MSG0002379,message_exists,1,
9,P2_unread_cc,MSG0002379,is_cc,1,
9,P2_unread_cc,MSG0002379,no_access_event,1,accesses=0
9,P2_unread_cc,MSG0002382,message_exists,1,
9,P2_unread_cc,MSG0002382,is_cc,1,
9,P2_unread_cc,MSG0002382,no_access_event,1,accesses=0
9,P2_unread_cc,MSG0002386,message_exists,1,
9,P2_unread_cc,MSG0002386,is_cc,1,
9,P2_unread_cc,MSG0002386,no_access_event,1,accesses=0
9,P2_unread_cc,MSG0002388,message_exists,1,
9,P2_unread_cc,MSG0002388,is_cc,1,
9,P2_unread_cc,MSG0002388,no_access_event,1,accesses=0
9,P7_pingpong,MSG0002412,message_exists,1,
9,P7_pingpong,MSG0002412,at_least_two_staff_to_provider_forwards,1,staff_to_provider=2
9,P7_pingpong,MSG0002412,at_least_two_provider_to_staff_forwards,1,provider_to_staff=2
9,P7_pingpong,MSG0002412,two_or_more_round_trips,1,roundtrips=2
9,P1_thank_you,MSG0002432,message_exists,1,
9,P1_thank_you,MSG0002432,patient_originated_portal_message,1,
9,P1_thank_you,MSG0002432,is_reply_to_prior_outbound,1,
9,P1_thank_you,MSG0002432,thread_ending,1,later_messages=0
9,P1_thank_you,MSG0002432,accessed_and_completed,1,
9,P8_nonclinical_misrouted,MSG0002505,message_exists,1,
9,P8_nonclinical_misrouted,MSG0002505,nonclinical_category,1,category=appointment_request
9,P8_nonclinical_misrouted,MSG0002505,reaches_provider,1,provider_forwards=1
9,P2_unread_cc,MSG0002549,message_exists,1,
9,P2_unread_cc,MSG0002549,is_cc,1,
9,P2_unread_cc,MSG0002549,no_access_event,1,accesses=0
9,P2_unread_cc,MSG0002550,message_exists,1,
9,P2_unread_cc,MSG0002550,is_cc,1,
9,P2_unread_cc,MSG0002550,no_access_event,1,accesses=0
9,P2_unread_cc,MSG0002637,message_exists,1,
9,P2_unread_cc,MSG0002637,is_cc,1,
9,P2_unread_cc,MSG0002637,no_access_event,1,accesses=0
9,P2_unread_cc,MSG0002639,message_exists,1,
9,P2_unread_cc,MSG0002639,is_cc,1,
9,P2_unread_cc,MSG0002639,no_access_event,1,accesses=0
9,P7_pingpong,MSG0002686,message_exists,1,
9,P7_pingpong,MSG0002686,at_least_two_staff_to_provider_forwards,1,staff_to_provider=2
9,P7_pingpong,MSG0002686,at_least_two_provider_to_staff_forwards,1,provider_to_staff=2
9,P7_pingpong,MSG0002686,two_or_more_round_trips,1,roundtrips=2
9,P4_result_misrouted,MSG0002703,message_exists,1,
9,P4_result_misrouted,MSG0002703,is_result,1,
9,P4_result_misrouted,MSG0002703,recipient_not_ordering,1,
9,P4_result_misrouted,MSG0002703,recipient_not_covering,1,cover=None
9,P2_unread_cc,MSG0002722,message_exists,1,
9,P2_unread_cc,MSG0002722,is_cc,1,
9,P2_unread_cc,MSG0002722,no_access_event,1,accesses=0
9,P2_unread_cc,MSG0002727,message_exists,1,
9,P2_unread_cc,MSG0002727,is_cc,1,
9,P2_unread_cc,MSG0002727,no_access_event,1,accesses=0
9,P4_result_misrouted,MSG0002774,message_exists,1,
9,P4_result_misrouted,MSG0002774,is_result,1,
9,P4_result_misrouted,MSG0002774,recipient_not_ordering,1,
9,P4_result_misrouted,MSG0002774,recipient_not_covering,1,cover=None
9,P2_unread_cc,MSG0002801,message_exists,1,
9,P2_unread_cc,MSG0002801,is_cc,1,
9,P2_unread_cc,MSG0002801,no_access_event,1,accesses=0
9,P2_unread_cc,MSG0002802,message_exists,1,
9,P2_unread_cc,MSG0002802,is_cc,1,
9,P2_unread_cc,MSG0002802,no_access_event,1,accesses=0
9,P8_nonclinical_misrouted,MSG0002851,message_exists,1,
9,P8_nonclinical_misrouted,MSG0002851,nonclinical_category,1,category=appointment_request
9,P8_nonclinical_misrouted,MSG0002851,reaches_provider,1,provider_forwards=1
9,P7_pingpong,MSG0002853,message_exists,1,
9,P7_pingpong,MSG0002853,at_least_two_staff_to_provider_forwards,1,staff_to_provider=2
9,P7_pingpong,MSG0002853,at_least_two_provider_to_staff_forwards,1,provider_to_staff=2
9,P7_pingpong,MSG0002853,two_or_more_round_trips,1,roundtrips=2
9,P2_unread_cc,MSG0002885,message_exists,1,
9,P2_unread_cc,MSG0002885,is_cc,1,
9,P2_unread_cc,MSG0002885,no_access_event,1,accesses=0
9,P2_unread_cc,MSG0002892,message_exists,1,
9,P2_unread_cc,MSG0002892,is_cc,1,
9,P2_unread_cc,MSG0002892,no_access_event,1,accesses=0
9,P2_unread_cc,MSG0002977,message_exists,1,
9,P2_unread_cc,MSG0002977,is_cc,1,
9,P2_unread_cc,MSG0002977,no_access_event,1,accesses=0
9,P1_thank_you,MSG0003028,message_exists,1,
9,P1_thank_you,MSG0003028,patient_originated_portal_message,1,
9,P1_thank_you,MSG0003028,is_reply_to_prior_outbound,1,
9,P1_thank_you,MSG0003028,thread_ending,1,later_messages=0
9,P1_thank_you,MSG0003028,accessed_and_completed,1,
9,P2_unread_cc,MSG0003065,message_exists,1,
9,P2_unread_cc,MSG0003065,is_cc,1,
9,P2_unread_cc,MSG0003065,no_access_event,1,accesses=0
9,P2_unread_cc,MSG0003067,message_exists,1,
9,P2_unread_cc,MSG0003067,is_cc,1,
9,P2_unread_cc,MSG0003067,no_access_event,1,accesses=0
9,P2_unread_cc,MSG0003154,message_exists,1,
9,P2_unread_cc,MSG0003154,is_cc,1,
9,P2_unread_cc,MSG0003154,no_access_event,1,accesses=0
9,P8_nonclinical_misrouted,MSG0003199,message_exists,1,
9,P8_nonclinical_misrouted,MSG0003199,nonclinical_category,1,category=appointment_request
9,P8_nonclinical_misrouted,MSG0003199,reaches_provider,1,provider_forwards=1
9,P4_result_misrouted,MSG0003231,message_exists,1,
9,P4_result_misrouted,MSG0003231,is_result,1,
9,P4_result_misrouted,MSG0003231,recipient_not_ordering,1,
9,P4_result_misrouted,MSG0003231,recipient_not_covering,1,cover=None
9,P2_unread_cc,MSG0003320,message_exists,1,
9,P2_unread_cc,MSG0003320,is_cc,1,
9,P2_unread_cc,MSG0003320,no_access_event,1,accesses=0
9,P2_unread_cc,MSG0003322,message_exists,1,
9,P2_unread_cc,MSG0003322,is_cc,1,
9,P2_unread_cc,MSG0003322,no_access_event,1,accesses=0
9,P4_result_misrouted,MSG0003426,message_exists,1,
9,P4_result_misrouted,MSG0003426,is_result,1,
9,P4_result_misrouted,MSG0003426,recipient_not_ordering,1,
9,P4_result_misrouted,MSG0003426,recipient_not_covering,1,cover=None
9,P2_unread_cc,MSG0003454,message_exists,1,
9,P2_unread_cc,MSG0003454,is_cc,1,
9,P2_unread_cc,MSG0003454,no_access_event,1,accesses=0
9,P2_unread_cc,MSG0003455,message_exists,1,
9,P2_unread_cc,MSG0003455,is_cc,1,
9,P2_unread_cc,MSG0003455,no_access_event,1,accesses=0
9,P4_result_misrouted,MSG0003498,message_exists,1,
9,P4_result_misrouted,MSG0003498,is_result,1,
9,P4_result_misrouted,MSG0003498,recipient_not_ordering,1,
9,P4_result_misrouted,MSG0003498,recipient_not_covering,1,cover=None
9,P2_unread_cc,MSG0003519,message_exists,1,
9,P2_unread_cc,MSG0003519,is_cc,1,
9,P2_unread_cc,MSG0003519,no_access_event,1,accesses=0
9,P2_unread_cc,MSG0003588,message_exists,1,
9,P2_unread_cc,MSG0003588,is_cc,1,
9,P2_unread_cc,MSG0003588,no_access_event,1,accesses=0
9,P2_unread_cc,MSG0003594,message_exists,1,
9,P2_unread_cc,MSG0003594,is_cc,1,
9,P2_unread_cc,MSG0003594,no_access_event,1,accesses=0
9,P4_result_misrouted,MSG0003634,message_exists,1,
9,P4_result_misrouted,MSG0003634,is_result,1,
9,P4_result_misrouted,MSG0003634,recipient_not_ordering,1,
9,P4_result_misrouted,MSG0003634,recipient_not_covering,1,cover=None
9,P2_unread_cc,MSG0003671,message_exists,1,
9,P2_unread_cc,MSG0003671,is_cc,1,
9,P2_unread_cc,MSG0003671,no_access_event,1,accesses=0
9,P8_nonclinical_misrouted,MSG0003808,message_exists,1,
9,P8_nonclinical_misrouted,MSG0003808,nonclinical_category,1,category=cancellation
9,P8_nonclinical_misrouted,MSG0003808,reaches_provider,1,provider_forwards=1
9,P4_result_misrouted,MSG0003818,message_exists,1,
9,P4_result_misrouted,MSG0003818,is_result,1,
9,P4_result_misrouted,MSG0003818,recipient_not_ordering,1,
9,P4_result_misrouted,MSG0003818,recipient_not_covering,1,cover=None
9,P2_unread_cc,MSG0003859,message_exists,1,
9,P2_unread_cc,MSG0003859,is_cc,1,
9,P2_unread_cc,MSG0003859,no_access_event,1,accesses=0
9,P2_unread_cc,MSG0003861,message_exists,1,
9,P2_unread_cc,MSG0003861,is_cc,1,
9,P2_unread_cc,MSG0003861,no_access_event,1,accesses=0
9,P2_unread_cc,MSG0003869,message_exists,1,
9,P2_unread_cc,MSG0003869,is_cc,1,
9,P2_unread_cc,MSG0003869,no_access_event,1,accesses=0
9,P7_pingpong,MSG0003905,message_exists,1,
9,P7_pingpong,MSG0003905,at_least_two_staff_to_provider_forwards,1,staff_to_provider=2
9,P7_pingpong,MSG0003905,at_least_two_provider_to_staff_forwards,1,provider_to_staff=2
9,P7_pingpong,MSG0003905,two_or_more_round_trips,1,roundtrips=2
9,P4_result_misrouted,MSG0003940,message_exists,1,
9,P4_result_misrouted,MSG0003940,is_result,1,
9,P4_result_misrouted,MSG0003940,recipient_not_ordering,1,
9,P4_result_misrouted,MSG0003940,recipient_not_covering,1,cover=None
9,P2_unread_cc,MSG0003952,message_exists,1,
9,P2_unread_cc,MSG0003952,is_cc,1,
9,P2_unread_cc,MSG0003952,no_access_event,1,accesses=0
9,P2_unread_cc,MSG0003953,message_exists,1,
9,P2_unread_cc,MSG0003953,is_cc,1,
9,P2_unread_cc,MSG0003953,no_access_event,1,accesses=0
9,P2_unread_cc,MSG0003958,message_exists,1,
9,P2_unread_cc,MSG0003958,is_cc,1,
9,P2_unread_cc,MSG0003958,no_access_event,1,accesses=0
9,P2_unread_cc,MSG0003960,message_exists,1,
9,P2_unread_cc,MSG0003960,is_cc,1,
9,P2_unread_cc,MSG0003960,no_access_event,1,accesses=0
9,P2_unread_cc,MSG0003961,message_exists,1,
9,P2_unread_cc,MSG0003961,is_cc,1,
9,P2_unread_cc,MSG0003961,no_access_event,1,accesses=0
9,P2_unread_cc,MSG0003964,message_exists,1,
9,P2_unread_cc,MSG0003964,is_cc,1,
9,P2_unread_cc,MSG0003964,no_access_event,1,accesses=0
9,P2_unread_cc,MSG0003966,message_exists,1,
9,P2_unread_cc,MSG0003966,is_cc,1,
9,P2_unread_cc,MSG0003966,no_access_event,1,accesses=0
9,P7_pingpong,MSG0003999,message_exists,1,
9,P7_pingpong,MSG0003999,at_least_two_staff_to_provider_forwards,1,staff_to_provider=2
9,P7_pingpong,MSG0003999,at_least_two_provider_to_staff_forwards,1,provider_to_staff=2
9,P7_pingpong,MSG0003999,two_or_more_round_trips,1,roundtrips=2
9,P2_unread_cc,MSG0004044,message_exists,1,
9,P2_unread_cc,MSG0004044,is_cc,1,
9,P2_unread_cc,MSG0004044,no_access_event,1,accesses=0
9,P8_nonclinical_misrouted,MSG0004076,message_exists,1,
9,P8_nonclinical_misrouted,MSG0004076,nonclinical_category,1,category=billing_question
9,P8_nonclinical_misrouted,MSG0004076,reaches_provider,1,provider_forwards=1
9,P4_result_misrouted,MSG0004097,message_exists,1,
9,P4_result_misrouted,MSG0004097,is_result,1,
9,P4_result_misrouted,MSG0004097,recipient_not_ordering,1,
9,P4_result_misrouted,MSG0004097,recipient_not_covering,1,cover=None
9,P2_unread_cc,MSG0004121,message_exists,1,
9,P2_unread_cc,MSG0004121,is_cc,1,
9,P2_unread_cc,MSG0004121,no_access_event,1,accesses=0
9,P2_unread_cc,MSG0004122,message_exists,1,
9,P2_unread_cc,MSG0004122,is_cc,1,
9,P2_unread_cc,MSG0004122,no_access_event,1,accesses=0
9,P2_unread_cc,MSG0004128,message_exists,1,
9,P2_unread_cc,MSG0004128,is_cc,1,
9,P2_unread_cc,MSG0004128,no_access_event,1,accesses=0
9,P2_unread_cc,MSG0004129,message_exists,1,
9,P2_unread_cc,MSG0004129,is_cc,1,
9,P2_unread_cc,MSG0004129,no_access_event,1,accesses=0
9,P3_extended_thread,THR0003946,thread_exists,1,
9,P3_extended_thread,THR0003946,three_or_more_patient_incoming,1,incoming=3
9,P3_extended_thread,THR0003946,four_or_more_message_exchanges,1,in+out=6
9,P3_extended_thread,THR0003946,spans_at_least_3_days,1,span_days=6.36
9,P3_extended_thread,THR0003946,no_visit_between,1,intervening_visits=0
9,P4_result_misrouted,MSG0004194,message_exists,1,
9,P4_result_misrouted,MSG0004194,is_result,1,
9,P4_result_misrouted,MSG0004194,recipient_not_ordering,1,
9,P4_result_misrouted,MSG0004194,recipient_not_covering,1,cover=None
9,P2_unread_cc,MSG0004209,message_exists,1,
9,P2_unread_cc,MSG0004209,is_cc,1,
9,P2_unread_cc,MSG0004209,no_access_event,1,accesses=0
9,P2_unread_cc,MSG0004216,message_exists,1,
9,P2_unread_cc,MSG0004216,is_cc,1,
9,P2_unread_cc,MSG0004216,no_access_event,1,accesses=0
9,P3_extended_thread,THR0004010,thread_exists,1,
9,P3_extended_thread,THR0004010,three_or_more_patient_incoming,1,incoming=3
9,P3_extended_thread,THR0004010,four_or_more_message_exchanges,1,in+out=7
9,P3_extended_thread,THR0004010,spans_at_least_3_days,1,span_days=8.54
9,P3_extended_thread,THR0004010,no_visit_between,1,intervening_visits=0
9,P7_pingpong,MSG0004255,message_exists,1,
9,P7_pingpong,MSG0004255,at_least_two_staff_to_provider_forwards,1,staff_to_provider=2
9,P7_pingpong,MSG0004255,at_least_two_provider_to_staff_forwards,1,provider_to_staff=2
9,P7_pingpong,MSG0004255,two_or_more_round_trips,1,roundtrips=2
9,P4_result_misrouted,MSG0004263,message_exists,1,
9,P4_result_misrouted,MSG0004263,is_result,1,
9,P4_result_misrouted,MSG0004263,recipient_not_ordering,1,
9,P4_result_misrouted,MSG0004263,recipient_not_covering,1,cover=None
9,P4_result_misrouted,MSG0004268,message_exists,1,
9,P4_result_misrouted,MSG0004268,is_result,1,
9,P4_result_misrouted,MSG0004268,recipient_not_ordering,1,
9,P4_result_misrouted,MSG0004268,recipient_not_covering,1,cover=None
9,P2_unread_cc,MSG0004287,message_exists,1,
9,P2_unread_cc,MSG0004287,is_cc,1,
9,P2_unread_cc,MSG0004287,no_access_event,1,accesses=0
9,P2_unread_cc,MSG0004362,message_exists,1,
9,P2_unread_cc,MSG0004362,is_cc,1,
9,P2_unread_cc,MSG0004362,no_access_event,1,accesses=0
9,P2_unread_cc,MSG0004365,message_exists,1,
9,P2_unread_cc,MSG0004365,is_cc,1,
9,P2_unread_cc,MSG0004365,no_access_event,1,accesses=0
9,P4_result_misrouted,MSG0004417,message_exists,1,
9,P4_result_misrouted,MSG0004417,is_result,1,
9,P4_result_misrouted,MSG0004417,recipient_not_ordering,1,
9,P4_result_misrouted,MSG0004417,recipient_not_covering,1,cover=None
9,P4_result_misrouted,MSG0004422,message_exists,1,
9,P4_result_misrouted,MSG0004422,is_result,1,
9,P4_result_misrouted,MSG0004422,recipient_not_ordering,1,
9,P4_result_misrouted,MSG0004422,recipient_not_covering,1,cover=None
9,P2_unread_cc,MSG0004440,message_exists,1,
9,P2_unread_cc,MSG0004440,is_cc,1,
9,P2_unread_cc,MSG0004440,no_access_event,1,accesses=0
9,P2_unread_cc,MSG0004441,message_exists,1,
9,P2_unread_cc,MSG0004441,is_cc,1,
9,P2_unread_cc,MSG0004441,no_access_event,1,accesses=0
9,P2_unread_cc,MSG0004514,message_exists,1,
9,P2_unread_cc,MSG0004514,is_cc,1,
9,P2_unread_cc,MSG0004514,no_access_event,1,accesses=0
9,P1_thank_you,MSG0004554,message_exists,1,
9,P1_thank_you,MSG0004554,patient_originated_portal_message,1,
9,P1_thank_you,MSG0004554,is_reply_to_prior_outbound,1,
9,P1_thank_you,MSG0004554,thread_ending,1,later_messages=0
9,P1_thank_you,MSG0004554,accessed_and_completed,1,
9,P8_nonclinical_misrouted,MSG0004555,message_exists,1,
9,P8_nonclinical_misrouted,MSG0004555,nonclinical_category,1,category=appointment_request
9,P8_nonclinical_misrouted,MSG0004555,reaches_provider,1,provider_forwards=1
9,P7_pingpong,MSG0004560,message_exists,1,
9,P7_pingpong,MSG0004560,at_least_two_staff_to_provider_forwards,1,staff_to_provider=2
9,P7_pingpong,MSG0004560,at_least_two_provider_to_staff_forwards,1,provider_to_staff=2
9,P7_pingpong,MSG0004560,two_or_more_round_trips,1,roundtrips=2
9,P4_result_misrouted,MSG0004576,message_exists,1,
9,P4_result_misrouted,MSG0004576,is_result,1,
9,P4_result_misrouted,MSG0004576,recipient_not_ordering,1,
9,P4_result_misrouted,MSG0004576,recipient_not_covering,1,cover=None
9,P2_unread_cc,MSG0004599,message_exists,1,
9,P2_unread_cc,MSG0004599,is_cc,1,
9,P2_unread_cc,MSG0004599,no_access_event,1,accesses=0
9,P2_unread_cc,MSG0004600,message_exists,1,
9,P2_unread_cc,MSG0004600,is_cc,1,
9,P2_unread_cc,MSG0004600,no_access_event,1,accesses=0
9,P2_unread_cc,MSG0004602,message_exists,1,
9,P2_unread_cc,MSG0004602,is_cc,1,
9,P2_unread_cc,MSG0004602,no_access_event,1,accesses=0
9,P1_thank_you,MSG0004638,message_exists,1,
9,P1_thank_you,MSG0004638,patient_originated_portal_message,1,
9,P1_thank_you,MSG0004638,is_reply_to_prior_outbound,1,
9,P1_thank_you,MSG0004638,thread_ending,1,later_messages=0
9,P1_thank_you,MSG0004638,accessed_and_completed,1,
9,P4_result_misrouted,MSG0004650,message_exists,1,
9,P4_result_misrouted,MSG0004650,is_result,1,
9,P4_result_misrouted,MSG0004650,recipient_not_ordering,1,
9,P4_result_misrouted,MSG0004650,recipient_not_covering,1,cover=None
9,P4_result_misrouted,MSG0004658,message_exists,1,
9,P4_result_misrouted,MSG0004658,is_result,1,
9,P4_result_misrouted,MSG0004658,recipient_not_ordering,1,
9,P4_result_misrouted,MSG0004658,recipient_not_covering,1,cover=None
9,P2_unread_cc,MSG0004678,message_exists,1,
9,P2_unread_cc,MSG0004678,is_cc,1,
9,P2_unread_cc,MSG0004678,no_access_event,1,accesses=0
9,P3_extended_thread,THR0004456,thread_exists,1,
9,P3_extended_thread,THR0004456,three_or_more_patient_incoming,1,incoming=3
9,P3_extended_thread,THR0004456,four_or_more_message_exchanges,1,in+out=6
9,P3_extended_thread,THR0004456,spans_at_least_3_days,1,span_days=6.88
9,P3_extended_thread,THR0004456,no_visit_between,1,intervening_visits=0
9,P4_result_misrouted,MSG0004735,message_exists,1,
9,P4_result_misrouted,MSG0004735,is_result,1,
9,P4_result_misrouted,MSG0004735,recipient_not_ordering,1,
9,P4_result_misrouted,MSG0004735,recipient_not_covering,1,cover=None
9,P2_unread_cc,MSG0004749,message_exists,1,
9,P2_unread_cc,MSG0004749,is_cc,1,
9,P2_unread_cc,MSG0004749,no_access_event,1,accesses=0
9,P2_unread_cc,MSG0004752,message_exists,1,
9,P2_unread_cc,MSG0004752,is_cc,1,
9,P2_unread_cc,MSG0004752,no_access_event,1,accesses=0
9,P2_unread_cc,MSG0004757,message_exists,1,
9,P2_unread_cc,MSG0004757,is_cc,1,
9,P2_unread_cc,MSG0004757,no_access_event,1,accesses=0
9,P2_unread_cc,MSG0004835,message_exists,1,
9,P2_unread_cc,MSG0004835,is_cc,1,
9,P2_unread_cc,MSG0004835,no_access_event,1,accesses=0
9,P4_result_misrouted,MSG0004890,message_exists,1,
9,P4_result_misrouted,MSG0004890,is_result,1,
9,P4_result_misrouted,MSG0004890,recipient_not_ordering,1,
9,P4_result_misrouted,MSG0004890,recipient_not_covering,1,cover=None
9,P2_unread_cc,MSG0004917,message_exists,1,
9,P2_unread_cc,MSG0004917,is_cc,1,
9,P2_unread_cc,MSG0004917,no_access_event,1,accesses=0
9,P2_unread_cc,MSG0004919,message_exists,1,
9,P2_unread_cc,MSG0004919,is_cc,1,
9,P2_unread_cc,MSG0004919,no_access_event,1,accesses=0
9,P2_unread_cc,MSG0004921,message_exists,1,
9,P2_unread_cc,MSG0004921,is_cc,1,
9,P2_unread_cc,MSG0004921,no_access_event,1,accesses=0
9,P4_result_misrouted,MSG0004992,message_exists,1,
9,P4_result_misrouted,MSG0004992,is_result,1,
9,P4_result_misrouted,MSG0004992,recipient_not_ordering,1,
9,P4_result_misrouted,MSG0004992,recipient_not_covering,1,cover=None
9,P2_unread_cc,MSG0005020,message_exists,1,
9,P2_unread_cc,MSG0005020,is_cc,1,
9,P2_unread_cc,MSG0005020,no_access_event,1,accesses=0
10,P7_pingpong,MSG0000007,message_exists,1,
10,P7_pingpong,MSG0000007,at_least_two_staff_to_provider_forwards,1,staff_to_provider=2
10,P7_pingpong,MSG0000007,at_least_two_provider_to_staff_forwards,1,provider_to_staff=2
10,P7_pingpong,MSG0000007,two_or_more_round_trips,1,roundtrips=2
10,P2_unread_cc,MSG0000036,message_exists,1,
10,P2_unread_cc,MSG0000036,is_cc,1,
10,P2_unread_cc,MSG0000036,no_access_event,1,accesses=0
10,P1_thank_you,MSG0000073,message_exists,1,
10,P1_thank_you,MSG0000073,patient_originated_portal_message,1,
10,P1_thank_you,MSG0000073,is_reply_to_prior_outbound,1,
10,P1_thank_you,MSG0000073,thread_ending,1,later_messages=0
10,P1_thank_you,MSG0000073,accessed_and_completed,1,
10,P3_extended_thread,THR0000068,thread_exists,1,
10,P3_extended_thread,THR0000068,three_or_more_patient_incoming,1,incoming=3
10,P3_extended_thread,THR0000068,four_or_more_message_exchanges,1,in+out=6
10,P3_extended_thread,THR0000068,spans_at_least_3_days,1,span_days=7.78
10,P3_extended_thread,THR0000068,no_visit_between,0,intervening_visits=1
10,P2_unread_cc,MSG0000123,message_exists,1,
10,P2_unread_cc,MSG0000123,is_cc,1,
10,P2_unread_cc,MSG0000123,no_access_event,1,accesses=0
10,P2_unread_cc,MSG0000125,message_exists,1,
10,P2_unread_cc,MSG0000125,is_cc,1,
10,P2_unread_cc,MSG0000125,no_access_event,1,accesses=0
10,P4_result_misrouted,MSG0000162,message_exists,1,
10,P4_result_misrouted,MSG0000162,is_result,1,
10,P4_result_misrouted,MSG0000162,recipient_not_ordering,1,
10,P4_result_misrouted,MSG0000162,recipient_not_covering,1,cover=None
10,P2_unread_cc,MSG0000263,message_exists,1,
10,P2_unread_cc,MSG0000263,is_cc,1,
10,P2_unread_cc,MSG0000263,no_access_event,1,accesses=0
10,P2_unread_cc,MSG0000267,message_exists,1,
10,P2_unread_cc,MSG0000267,is_cc,1,
10,P2_unread_cc,MSG0000267,no_access_event,1,accesses=0
10,P4_result_misrouted,MSG0000314,message_exists,1,
10,P4_result_misrouted,MSG0000314,is_result,1,
10,P4_result_misrouted,MSG0000314,recipient_not_ordering,1,
10,P4_result_misrouted,MSG0000314,recipient_not_covering,1,cover=None
10,P2_unread_cc,MSG0000346,message_exists,1,
10,P2_unread_cc,MSG0000346,is_cc,1,
10,P2_unread_cc,MSG0000346,no_access_event,1,accesses=0
10,P2_unread_cc,MSG0000347,message_exists,1,
10,P2_unread_cc,MSG0000347,is_cc,1,
10,P2_unread_cc,MSG0000347,no_access_event,1,accesses=0
10,P8_nonclinical_misrouted,MSG0000383,message_exists,1,
10,P8_nonclinical_misrouted,MSG0000383,nonclinical_category,1,category=cancellation
10,P8_nonclinical_misrouted,MSG0000383,reaches_provider,1,provider_forwards=1
10,P4_result_misrouted,MSG0000384,message_exists,1,
10,P4_result_misrouted,MSG0000384,is_result,1,
10,P4_result_misrouted,MSG0000384,recipient_not_ordering,1,
10,P4_result_misrouted,MSG0000384,recipient_not_covering,1,cover=None
10,P4_result_misrouted,MSG0000386,message_exists,1,
10,P4_result_misrouted,MSG0000386,is_result,1,
10,P4_result_misrouted,MSG0000386,recipient_not_ordering,1,
10,P4_result_misrouted,MSG0000386,recipient_not_covering,1,cover=None
10,P2_unread_cc,MSG0000421,message_exists,1,
10,P2_unread_cc,MSG0000421,is_cc,1,
10,P2_unread_cc,MSG0000421,no_access_event,1,accesses=0
10,P2_unread_cc,MSG0000495,message_exists,1,
10,P2_unread_cc,MSG0000495,is_cc,1,
10,P2_unread_cc,MSG0000495,no_access_event,1,accesses=0
10,P2_unread_cc,MSG0000496,message_exists,1,
10,P2_unread_cc,MSG0000496,is_cc,1,
10,P2_unread_cc,MSG0000496,no_access_event,1,accesses=0
10,P2_unread_cc,MSG0000497,message_exists,1,
10,P2_unread_cc,MSG0000497,is_cc,1,
10,P2_unread_cc,MSG0000497,no_access_event,1,accesses=0
10,P2_unread_cc,MSG0000499,message_exists,1,
10,P2_unread_cc,MSG0000499,is_cc,1,
10,P2_unread_cc,MSG0000499,no_access_event,1,accesses=0
10,P2_unread_cc,MSG0000504,message_exists,1,
10,P2_unread_cc,MSG0000504,is_cc,1,
10,P2_unread_cc,MSG0000504,no_access_event,1,accesses=0
10,P2_unread_cc,MSG0000577,message_exists,1,
10,P2_unread_cc,MSG0000577,is_cc,1,
10,P2_unread_cc,MSG0000577,no_access_event,1,accesses=0
10,P7_pingpong,MSG0000614,message_exists,1,
10,P7_pingpong,MSG0000614,at_least_two_staff_to_provider_forwards,1,staff_to_provider=2
10,P7_pingpong,MSG0000614,at_least_two_provider_to_staff_forwards,1,provider_to_staff=2
10,P7_pingpong,MSG0000614,two_or_more_round_trips,1,roundtrips=2
10,P4_result_misrouted,MSG0000618,message_exists,1,
10,P4_result_misrouted,MSG0000618,is_result,1,
10,P4_result_misrouted,MSG0000618,recipient_not_ordering,1,
10,P4_result_misrouted,MSG0000618,recipient_not_covering,1,cover=None
10,P2_unread_cc,MSG0000651,message_exists,1,
10,P2_unread_cc,MSG0000651,is_cc,1,
10,P2_unread_cc,MSG0000651,no_access_event,1,accesses=0
10,P2_unread_cc,MSG0000656,message_exists,1,
10,P2_unread_cc,MSG0000656,is_cc,1,
10,P2_unread_cc,MSG0000656,no_access_event,1,accesses=0
10,P4_result_misrouted,MSG0000699,message_exists,1,
10,P4_result_misrouted,MSG0000699,is_result,1,
10,P4_result_misrouted,MSG0000699,recipient_not_ordering,1,
10,P4_result_misrouted,MSG0000699,recipient_not_covering,1,cover=None
10,P2_unread_cc,MSG0000724,message_exists,1,
10,P2_unread_cc,MSG0000724,is_cc,1,
10,P2_unread_cc,MSG0000724,no_access_event,1,accesses=0
10,P4_result_misrouted,MSG0000779,message_exists,1,
10,P4_result_misrouted,MSG0000779,is_result,1,
10,P4_result_misrouted,MSG0000779,recipient_not_ordering,1,
10,P4_result_misrouted,MSG0000779,recipient_not_covering,1,cover=None
10,P2_unread_cc,MSG0000806,message_exists,1,
10,P2_unread_cc,MSG0000806,is_cc,1,
10,P2_unread_cc,MSG0000806,no_access_event,1,accesses=0
10,P2_unread_cc,MSG0000809,message_exists,1,
10,P2_unread_cc,MSG0000809,is_cc,1,
10,P2_unread_cc,MSG0000809,no_access_event,1,accesses=0
10,P7_pingpong,MSG0000853,message_exists,1,
10,P7_pingpong,MSG0000853,at_least_two_staff_to_provider_forwards,1,staff_to_provider=2
10,P7_pingpong,MSG0000853,at_least_two_provider_to_staff_forwards,1,provider_to_staff=2
10,P7_pingpong,MSG0000853,two_or_more_round_trips,1,roundtrips=2
10,P4_result_misrouted,MSG0000865,message_exists,1,
10,P4_result_misrouted,MSG0000865,is_result,1,
10,P4_result_misrouted,MSG0000865,recipient_not_ordering,1,
10,P4_result_misrouted,MSG0000865,recipient_not_covering,1,cover=None
10,P2_unread_cc,MSG0000897,message_exists,1,
10,P2_unread_cc,MSG0000897,is_cc,1,
10,P2_unread_cc,MSG0000897,no_access_event,1,accesses=0
10,P8_nonclinical_misrouted,MSG0000931,message_exists,1,
10,P8_nonclinical_misrouted,MSG0000931,nonclinical_category,1,category=appointment_request
10,P8_nonclinical_misrouted,MSG0000931,reaches_provider,1,provider_forwards=1
10,P4_result_misrouted,MSG0000941,message_exists,1,
10,P4_result_misrouted,MSG0000941,is_result,1,
10,P4_result_misrouted,MSG0000941,recipient_not_ordering,1,
10,P4_result_misrouted,MSG0000941,recipient_not_covering,1,cover=None
10,P2_unread_cc,MSG0000962,message_exists,1,
10,P2_unread_cc,MSG0000962,is_cc,1,
10,P2_unread_cc,MSG0000962,no_access_event,1,accesses=0
10,P2_unread_cc,MSG0000965,message_exists,1,
10,P2_unread_cc,MSG0000965,is_cc,1,
10,P2_unread_cc,MSG0000965,no_access_event,1,accesses=0
10,P3_extended_thread,THR0000956,thread_exists,1,
10,P3_extended_thread,THR0000956,three_or_more_patient_incoming,1,incoming=3
10,P3_extended_thread,THR0000956,four_or_more_message_exchanges,1,in+out=6
10,P3_extended_thread,THR0000956,spans_at_least_3_days,1,span_days=4.98
10,P3_extended_thread,THR0000956,no_visit_between,1,intervening_visits=0
10,P2_unread_cc,MSG0001035,message_exists,1,
10,P2_unread_cc,MSG0001035,is_cc,1,
10,P2_unread_cc,MSG0001035,no_access_event,1,accesses=0
10,P2_unread_cc,MSG0001039,message_exists,1,
10,P2_unread_cc,MSG0001039,is_cc,1,
10,P2_unread_cc,MSG0001039,no_access_event,1,accesses=0
10,P4_result_misrouted,MSG0001175,message_exists,1,
10,P4_result_misrouted,MSG0001175,is_result,1,
10,P4_result_misrouted,MSG0001175,recipient_not_ordering,1,
10,P4_result_misrouted,MSG0001175,recipient_not_covering,1,cover=None
10,P3_extended_thread,THR0001184,thread_exists,1,
10,P3_extended_thread,THR0001184,three_or_more_patient_incoming,1,incoming=3
10,P3_extended_thread,THR0001184,four_or_more_message_exchanges,1,in+out=6
10,P3_extended_thread,THR0001184,spans_at_least_3_days,1,span_days=3.15
10,P3_extended_thread,THR0001184,no_visit_between,1,intervening_visits=0
10,P1_thank_you,MSG0001263,message_exists,1,
10,P1_thank_you,MSG0001263,patient_originated_portal_message,1,
10,P1_thank_you,MSG0001263,is_reply_to_prior_outbound,1,
10,P1_thank_you,MSG0001263,thread_ending,1,later_messages=0
10,P1_thank_you,MSG0001263,accessed_and_completed,1,
10,P4_result_misrouted,MSG0001276,message_exists,1,
10,P4_result_misrouted,MSG0001276,is_result,1,
10,P4_result_misrouted,MSG0001276,recipient_not_ordering,1,
10,P4_result_misrouted,MSG0001276,recipient_not_covering,1,cover=None
10,P2_unread_cc,MSG0001297,message_exists,1,
10,P2_unread_cc,MSG0001297,is_cc,1,
10,P2_unread_cc,MSG0001297,no_access_event,1,accesses=0
10,P2_unread_cc,MSG0001300,message_exists,1,
10,P2_unread_cc,MSG0001300,is_cc,1,
10,P2_unread_cc,MSG0001300,no_access_event,1,accesses=0
10,P2_unread_cc,MSG0001353,message_exists,1,
10,P2_unread_cc,MSG0001353,is_cc,1,
10,P2_unread_cc,MSG0001353,no_access_event,1,accesses=0
10,P3_extended_thread,THR0001315,thread_exists,1,
10,P3_extended_thread,THR0001315,three_or_more_patient_incoming,1,incoming=4
10,P3_extended_thread,THR0001315,four_or_more_message_exchanges,1,in+out=7
10,P3_extended_thread,THR0001315,spans_at_least_3_days,1,span_days=7.83
10,P3_extended_thread,THR0001315,no_visit_between,0,intervening_visits=1
10,P1_thank_you,MSG0001400,message_exists,1,
10,P1_thank_you,MSG0001400,patient_originated_portal_message,1,
10,P1_thank_you,MSG0001400,is_reply_to_prior_outbound,1,
10,P1_thank_you,MSG0001400,thread_ending,1,later_messages=0
10,P1_thank_you,MSG0001400,accessed_and_completed,1,
10,P2_unread_cc,MSG0001423,message_exists,1,
10,P2_unread_cc,MSG0001423,is_cc,1,
10,P2_unread_cc,MSG0001423,no_access_event,1,accesses=0
10,P2_unread_cc,MSG0001428,message_exists,1,
10,P2_unread_cc,MSG0001428,is_cc,1,
10,P2_unread_cc,MSG0001428,no_access_event,1,accesses=0
10,P2_unread_cc,MSG0001429,message_exists,1,
10,P2_unread_cc,MSG0001429,is_cc,1,
10,P2_unread_cc,MSG0001429,no_access_event,1,accesses=0
10,P2_unread_cc,MSG0001496,message_exists,1,
10,P2_unread_cc,MSG0001496,is_cc,1,
10,P2_unread_cc,MSG0001496,no_access_event,1,accesses=0
10,P2_unread_cc,MSG0001499,message_exists,1,
10,P2_unread_cc,MSG0001499,is_cc,1,
10,P2_unread_cc,MSG0001499,no_access_event,1,accesses=0
10,P8_nonclinical_misrouted,MSG0001531,message_exists,1,
10,P8_nonclinical_misrouted,MSG0001531,nonclinical_category,1,category=billing_question
10,P8_nonclinical_misrouted,MSG0001531,reaches_provider,1,provider_forwards=1
10,P2_unread_cc,MSG0001568,message_exists,1,
10,P2_unread_cc,MSG0001568,is_cc,1,
10,P2_unread_cc,MSG0001568,no_access_event,1,accesses=0
10,P2_unread_cc,MSG0001569,message_exists,1,
10,P2_unread_cc,MSG0001569,is_cc,1,
10,P2_unread_cc,MSG0001569,no_access_event,1,accesses=0
10,P2_unread_cc,MSG0001571,message_exists,1,
10,P2_unread_cc,MSG0001571,is_cc,1,
10,P2_unread_cc,MSG0001571,no_access_event,1,accesses=0
10,P7_pingpong,MSG0001609,message_exists,1,
10,P7_pingpong,MSG0001609,at_least_two_staff_to_provider_forwards,1,staff_to_provider=2
10,P7_pingpong,MSG0001609,at_least_two_provider_to_staff_forwards,1,provider_to_staff=2
10,P7_pingpong,MSG0001609,two_or_more_round_trips,1,roundtrips=2
10,P4_result_misrouted,MSG0001619,message_exists,1,
10,P4_result_misrouted,MSG0001619,is_result,1,
10,P4_result_misrouted,MSG0001619,recipient_not_ordering,1,
10,P4_result_misrouted,MSG0001619,recipient_not_covering,1,cover=None
10,P4_result_misrouted,MSG0001622,message_exists,1,
10,P4_result_misrouted,MSG0001622,is_result,1,
10,P4_result_misrouted,MSG0001622,recipient_not_ordering,1,
10,P4_result_misrouted,MSG0001622,recipient_not_covering,1,cover=None
10,P2_unread_cc,MSG0001652,message_exists,1,
10,P2_unread_cc,MSG0001652,is_cc,1,
10,P2_unread_cc,MSG0001652,no_access_event,1,accesses=0
10,P2_unread_cc,MSG0001655,message_exists,1,
10,P2_unread_cc,MSG0001655,is_cc,1,
10,P2_unread_cc,MSG0001655,no_access_event,1,accesses=0
10,P2_unread_cc,MSG0001660,message_exists,1,
10,P2_unread_cc,MSG0001660,is_cc,1,
10,P2_unread_cc,MSG0001660,no_access_event,1,accesses=0
10,P2_unread_cc,MSG0001715,message_exists,1,
10,P2_unread_cc,MSG0001715,is_cc,1,
10,P2_unread_cc,MSG0001715,no_access_event,1,accesses=0
10,P2_unread_cc,MSG0001723,message_exists,1,
10,P2_unread_cc,MSG0001723,is_cc,1,
10,P2_unread_cc,MSG0001723,no_access_event,1,accesses=0
10,P7_pingpong,MSG0001770,message_exists,1,
10,P7_pingpong,MSG0001770,at_least_two_staff_to_provider_forwards,1,staff_to_provider=2
10,P7_pingpong,MSG0001770,at_least_two_provider_to_staff_forwards,1,provider_to_staff=2
10,P7_pingpong,MSG0001770,two_or_more_round_trips,1,roundtrips=2
10,P2_unread_cc,MSG0001806,message_exists,1,
10,P2_unread_cc,MSG0001806,is_cc,1,
10,P2_unread_cc,MSG0001806,no_access_event,1,accesses=0
10,P2_unread_cc,MSG0001812,message_exists,1,
10,P2_unread_cc,MSG0001812,is_cc,1,
10,P2_unread_cc,MSG0001812,no_access_event,1,accesses=0
10,P2_unread_cc,MSG0001815,message_exists,1,
10,P2_unread_cc,MSG0001815,is_cc,1,
10,P2_unread_cc,MSG0001815,no_access_event,1,accesses=0
10,P2_unread_cc,MSG0001895,message_exists,1,
10,P2_unread_cc,MSG0001895,is_cc,1,
10,P2_unread_cc,MSG0001895,no_access_event,1,accesses=0
10,P2_unread_cc,MSG0001903,message_exists,1,
10,P2_unread_cc,MSG0001903,is_cc,1,
10,P2_unread_cc,MSG0001903,no_access_event,1,accesses=0
10,P2_unread_cc,MSG0001905,message_exists,1,
10,P2_unread_cc,MSG0001905,is_cc,1,
10,P2_unread_cc,MSG0001905,no_access_event,1,accesses=0
10,P7_pingpong,MSG0001937,message_exists,1,
10,P7_pingpong,MSG0001937,at_least_two_staff_to_provider_forwards,1,staff_to_provider=2
10,P7_pingpong,MSG0001937,at_least_two_provider_to_staff_forwards,1,provider_to_staff=2
10,P7_pingpong,MSG0001937,two_or_more_round_trips,1,roundtrips=2
10,P3_extended_thread,THR0001838,thread_exists,1,
10,P3_extended_thread,THR0001838,three_or_more_patient_incoming,1,incoming=3
10,P3_extended_thread,THR0001838,four_or_more_message_exchanges,1,in+out=6
10,P3_extended_thread,THR0001838,spans_at_least_3_days,1,span_days=5.71
10,P3_extended_thread,THR0001838,no_visit_between,1,intervening_visits=0
10,P2_unread_cc,MSG0001983,message_exists,1,
10,P2_unread_cc,MSG0001983,is_cc,1,
10,P2_unread_cc,MSG0001983,no_access_event,1,accesses=0
10,P2_unread_cc,MSG0001985,message_exists,1,
10,P2_unread_cc,MSG0001985,is_cc,1,
10,P2_unread_cc,MSG0001985,no_access_event,1,accesses=0
10,P2_unread_cc,MSG0001988,message_exists,1,
10,P2_unread_cc,MSG0001988,is_cc,1,
10,P2_unread_cc,MSG0001988,no_access_event,1,accesses=0
10,P2_unread_cc,MSG0001991,message_exists,1,
10,P2_unread_cc,MSG0001991,is_cc,1,
10,P2_unread_cc,MSG0001991,no_access_event,1,accesses=0
10,P2_unread_cc,MSG0001992,message_exists,1,
10,P2_unread_cc,MSG0001992,is_cc,1,
10,P2_unread_cc,MSG0001992,no_access_event,1,accesses=0
10,P2_unread_cc,MSG0001993,message_exists,1,
10,P2_unread_cc,MSG0001993,is_cc,1,
10,P2_unread_cc,MSG0001993,no_access_event,1,accesses=0
10,P8_nonclinical_misrouted,MSG0002038,message_exists,1,
10,P8_nonclinical_misrouted,MSG0002038,nonclinical_category,1,category=appointment_request
10,P8_nonclinical_misrouted,MSG0002038,reaches_provider,1,provider_forwards=1
10,P2_unread_cc,MSG0002084,message_exists,1,
10,P2_unread_cc,MSG0002084,is_cc,1,
10,P2_unread_cc,MSG0002084,no_access_event,1,accesses=0
10,P2_unread_cc,MSG0002089,message_exists,1,
10,P2_unread_cc,MSG0002089,is_cc,1,
10,P2_unread_cc,MSG0002089,no_access_event,1,accesses=0
10,P8_nonclinical_misrouted,MSG0002131,message_exists,1,
10,P8_nonclinical_misrouted,MSG0002131,nonclinical_category,1,category=cancellation
10,P8_nonclinical_misrouted,MSG0002131,reaches_provider,1,provider_forwards=1
10,P3_extended_thread,THR0002023,thread_exists,1,
10,P3_extended_thread,THR0002023,three_or_more_patient_incoming,1,incoming=3
10,P3_extended_thread,THR0002023,four_or_more_message_exchanges,1,in+out=6
10,P3_extended_thread,THR0002023,spans_at_least_3_days,1,span_days=5.90
10,P3_extended_thread,THR0002023,no_visit_between,0,intervening_visits=1
10,P4_result_misrouted,MSG0002148,message_exists,1,
10,P4_result_misrouted,MSG0002148,is_result,1,
10,P4_result_misrouted,MSG0002148,recipient_not_ordering,1,
10,P4_result_misrouted,MSG0002148,recipient_not_covering,1,cover=None
10,P4_result_misrouted,MSG0002150,message_exists,1,
10,P4_result_misrouted,MSG0002150,is_result,1,
10,P4_result_misrouted,MSG0002150,recipient_not_ordering,1,
10,P4_result_misrouted,MSG0002150,recipient_not_covering,1,cover=None
10,P2_unread_cc,MSG0002169,message_exists,1,
10,P2_unread_cc,MSG0002169,is_cc,1,
10,P2_unread_cc,MSG0002169,no_access_event,1,accesses=0
10,P7_pingpong,MSG0002215,message_exists,1,
10,P7_pingpong,MSG0002215,at_least_two_staff_to_provider_forwards,1,staff_to_provider=2
10,P7_pingpong,MSG0002215,at_least_two_provider_to_staff_forwards,1,provider_to_staff=2
10,P7_pingpong,MSG0002215,two_or_more_round_trips,1,roundtrips=2
10,P7_pingpong,MSG0002218,message_exists,1,
10,P7_pingpong,MSG0002218,at_least_two_staff_to_provider_forwards,1,staff_to_provider=2
10,P7_pingpong,MSG0002218,at_least_two_provider_to_staff_forwards,1,provider_to_staff=2
10,P7_pingpong,MSG0002218,two_or_more_round_trips,1,roundtrips=2
10,P4_result_misrouted,MSG0002226,message_exists,1,
10,P4_result_misrouted,MSG0002226,is_result,1,
10,P4_result_misrouted,MSG0002226,recipient_not_ordering,1,
10,P4_result_misrouted,MSG0002226,recipient_not_covering,1,cover=None
10,P2_unread_cc,MSG0002272,message_exists,1,
10,P2_unread_cc,MSG0002272,is_cc,1,
10,P2_unread_cc,MSG0002272,no_access_event,1,accesses=0
10,P2_unread_cc,MSG0002342,message_exists,1,
10,P2_unread_cc,MSG0002342,is_cc,1,
10,P2_unread_cc,MSG0002342,no_access_event,1,accesses=0
10,P2_unread_cc,MSG0002343,message_exists,1,
10,P2_unread_cc,MSG0002343,is_cc,1,
10,P2_unread_cc,MSG0002343,no_access_event,1,accesses=0
10,P4_result_misrouted,MSG0002397,message_exists,1,
10,P4_result_misrouted,MSG0002397,is_result,1,
10,P4_result_misrouted,MSG0002397,recipient_not_ordering,1,
10,P4_result_misrouted,MSG0002397,recipient_not_covering,1,cover=None
10,P4_result_misrouted,MSG0002402,message_exists,1,
10,P4_result_misrouted,MSG0002402,is_result,1,
10,P4_result_misrouted,MSG0002402,recipient_not_ordering,1,
10,P4_result_misrouted,MSG0002402,recipient_not_covering,1,cover=None
10,P2_unread_cc,MSG0002420,message_exists,1,
10,P2_unread_cc,MSG0002420,is_cc,1,
10,P2_unread_cc,MSG0002420,no_access_event,1,accesses=0
10,P2_unread_cc,MSG0002423,message_exists,1,
10,P2_unread_cc,MSG0002423,is_cc,1,
10,P2_unread_cc,MSG0002423,no_access_event,1,accesses=0
10,P2_unread_cc,MSG0002424,message_exists,1,
10,P2_unread_cc,MSG0002424,is_cc,1,
10,P2_unread_cc,MSG0002424,no_access_event,1,accesses=0
10,P4_result_misrouted,MSG0002499,message_exists,1,
10,P4_result_misrouted,MSG0002499,is_result,1,
10,P4_result_misrouted,MSG0002499,recipient_not_ordering,1,
10,P4_result_misrouted,MSG0002499,recipient_not_covering,1,cover=None
10,P1_thank_you,MSG0002647,message_exists,1,
10,P1_thank_you,MSG0002647,patient_originated_portal_message,1,
10,P1_thank_you,MSG0002647,is_reply_to_prior_outbound,1,
10,P1_thank_you,MSG0002647,thread_ending,1,later_messages=0
10,P1_thank_you,MSG0002647,accessed_and_completed,1,
10,P2_unread_cc,MSG0002686,message_exists,1,
10,P2_unread_cc,MSG0002686,is_cc,1,
10,P2_unread_cc,MSG0002686,no_access_event,1,accesses=0
10,P2_unread_cc,MSG0002689,message_exists,1,
10,P2_unread_cc,MSG0002689,is_cc,1,
10,P2_unread_cc,MSG0002689,no_access_event,1,accesses=0
10,P2_unread_cc,MSG0002691,message_exists,1,
10,P2_unread_cc,MSG0002691,is_cc,1,
10,P2_unread_cc,MSG0002691,no_access_event,1,accesses=0
10,P2_unread_cc,MSG0002692,message_exists,1,
10,P2_unread_cc,MSG0002692,is_cc,1,
10,P2_unread_cc,MSG0002692,no_access_event,1,accesses=0
10,P2_unread_cc,MSG0002693,message_exists,1,
10,P2_unread_cc,MSG0002693,is_cc,1,
10,P2_unread_cc,MSG0002693,no_access_event,1,accesses=0
10,P3_extended_thread,THR0002571,thread_exists,1,
10,P3_extended_thread,THR0002571,three_or_more_patient_incoming,1,incoming=3
10,P3_extended_thread,THR0002571,four_or_more_message_exchanges,1,in+out=6
10,P3_extended_thread,THR0002571,spans_at_least_3_days,1,span_days=4.07
10,P3_extended_thread,THR0002571,no_visit_between,1,intervening_visits=0
10,P1_thank_you,MSG0002732,message_exists,1,
10,P1_thank_you,MSG0002732,patient_originated_portal_message,1,
10,P1_thank_you,MSG0002732,is_reply_to_prior_outbound,1,
10,P1_thank_you,MSG0002732,thread_ending,1,later_messages=0
10,P1_thank_you,MSG0002732,accessed_and_completed,1,
10,P4_result_misrouted,MSG0002742,message_exists,1,
10,P4_result_misrouted,MSG0002742,is_result,1,
10,P4_result_misrouted,MSG0002742,recipient_not_ordering,1,
10,P4_result_misrouted,MSG0002742,recipient_not_covering,1,cover=None
10,P4_result_misrouted,MSG0002745,message_exists,1,
10,P4_result_misrouted,MSG0002745,is_result,1,
10,P4_result_misrouted,MSG0002745,recipient_not_ordering,1,
10,P4_result_misrouted,MSG0002745,recipient_not_covering,1,cover=None
10,P2_unread_cc,MSG0002768,message_exists,1,
10,P2_unread_cc,MSG0002768,is_cc,1,
10,P2_unread_cc,MSG0002768,no_access_event,1,accesses=0
10,P2_unread_cc,MSG0002771,message_exists,1,
10,P2_unread_cc,MSG0002771,is_cc,1,
10,P2_unread_cc,MSG0002771,no_access_event,1,accesses=0
10,P2_unread_cc,MSG0002842,message_exists,1,
10,P2_unread_cc,MSG0002842,is_cc,1,
10,P2_unread_cc,MSG0002842,no_access_event,1,accesses=0
10,P2_unread_cc,MSG0002845,message_exists,1,
10,P2_unread_cc,MSG0002845,is_cc,1,
10,P2_unread_cc,MSG0002845,no_access_event,1,accesses=0
10,P4_result_misrouted,MSG0002900,message_exists,1,
10,P4_result_misrouted,MSG0002900,is_result,1,
10,P4_result_misrouted,MSG0002900,recipient_not_ordering,1,
10,P4_result_misrouted,MSG0002900,recipient_not_covering,1,cover=None
10,P2_unread_cc,MSG0002928,message_exists,1,
10,P2_unread_cc,MSG0002928,is_cc,1,
10,P2_unread_cc,MSG0002928,no_access_event,1,accesses=0
10,P2_unread_cc,MSG0003012,message_exists,1,
10,P2_unread_cc,MSG0003012,is_cc,1,
10,P2_unread_cc,MSG0003012,no_access_event,1,accesses=0
10,P2_unread_cc,MSG0003014,message_exists,1,
10,P2_unread_cc,MSG0003014,is_cc,1,
10,P2_unread_cc,MSG0003014,no_access_event,1,accesses=0
10,P2_unread_cc,MSG0003015,message_exists,1,
10,P2_unread_cc,MSG0003015,is_cc,1,
10,P2_unread_cc,MSG0003015,no_access_event,1,accesses=0
10,P2_unread_cc,MSG0003017,message_exists,1,
10,P2_unread_cc,MSG0003017,is_cc,1,
10,P2_unread_cc,MSG0003017,no_access_event,1,accesses=0
10,P2_unread_cc,MSG0003085,message_exists,1,
10,P2_unread_cc,MSG0003085,is_cc,1,
10,P2_unread_cc,MSG0003085,no_access_event,1,accesses=0
10,P2_unread_cc,MSG0003088,message_exists,1,
10,P2_unread_cc,MSG0003088,is_cc,1,
10,P2_unread_cc,MSG0003088,no_access_event,1,accesses=0
10,P2_unread_cc,MSG0003091,message_exists,1,
10,P2_unread_cc,MSG0003091,is_cc,1,
10,P2_unread_cc,MSG0003091,no_access_event,1,accesses=0
10,P4_result_misrouted,MSG0003141,message_exists,1,
10,P4_result_misrouted,MSG0003141,is_result,1,
10,P4_result_misrouted,MSG0003141,recipient_not_ordering,1,
10,P4_result_misrouted,MSG0003141,recipient_not_covering,1,cover=None
10,P2_unread_cc,MSG0003172,message_exists,1,
10,P2_unread_cc,MSG0003172,is_cc,1,
10,P2_unread_cc,MSG0003172,no_access_event,1,accesses=0
10,P2_unread_cc,MSG0003176,message_exists,1,
10,P2_unread_cc,MSG0003176,is_cc,1,
10,P2_unread_cc,MSG0003176,no_access_event,1,accesses=0
10,P4_result_misrouted,MSG0003229,message_exists,1,
10,P4_result_misrouted,MSG0003229,is_result,1,
10,P4_result_misrouted,MSG0003229,recipient_not_ordering,1,
10,P4_result_misrouted,MSG0003229,recipient_not_covering,1,cover=None
10,P2_unread_cc,MSG0003259,message_exists,1,
10,P2_unread_cc,MSG0003259,is_cc,1,
10,P2_unread_cc,MSG0003259,no_access_event,1,accesses=0
10,P2_unread_cc,MSG0003264,message_exists,1,
10,P2_unread_cc,MSG0003264,is_cc,1,
10,P2_unread_cc,MSG0003264,no_access_event,1,accesses=0
10,P8_nonclinical_misrouted,MSG0003290,message_exists,1,
10,P8_nonclinical_misrouted,MSG0003290,nonclinical_category,1,category=appointment_request
10,P8_nonclinical_misrouted,MSG0003290,reaches_provider,1,provider_forwards=1
10,P2_unread_cc,MSG0003324,message_exists,1,
10,P2_unread_cc,MSG0003324,is_cc,1,
10,P2_unread_cc,MSG0003324,no_access_event,1,accesses=0
10,P2_unread_cc,MSG0003325,message_exists,1,
10,P2_unread_cc,MSG0003325,is_cc,1,
10,P2_unread_cc,MSG0003325,no_access_event,1,accesses=0
10,P4_result_misrouted,MSG0003367,message_exists,1,
10,P4_result_misrouted,MSG0003367,is_result,1,
10,P4_result_misrouted,MSG0003367,recipient_not_ordering,1,
10,P4_result_misrouted,MSG0003367,recipient_not_covering,1,cover=None
10,P2_unread_cc,MSG0003392,message_exists,1,
10,P2_unread_cc,MSG0003392,is_cc,1,
10,P2_unread_cc,MSG0003392,no_access_event,1,accesses=0
10,P2_unread_cc,MSG0003395,message_exists,1,
10,P2_unread_cc,MSG0003395,is_cc,1,
10,P2_unread_cc,MSG0003395,no_access_event,1,accesses=0
10,P2_unread_cc,MSG0003477,message_exists,1,
10,P2_unread_cc,MSG0003477,is_cc,1,
10,P2_unread_cc,MSG0003477,no_access_event,1,accesses=0
10,P2_unread_cc,MSG0003481,message_exists,1,
10,P2_unread_cc,MSG0003481,is_cc,1,
10,P2_unread_cc,MSG0003481,no_access_event,1,accesses=0
10,P3_extended_thread,THR0003315,thread_exists,1,
10,P3_extended_thread,THR0003315,three_or_more_patient_incoming,1,incoming=3
10,P3_extended_thread,THR0003315,four_or_more_message_exchanges,1,in+out=6
10,P3_extended_thread,THR0003315,spans_at_least_3_days,1,span_days=6.05
10,P3_extended_thread,THR0003315,no_visit_between,1,intervening_visits=0
10,P2_unread_cc,MSG0003568,message_exists,1,
10,P2_unread_cc,MSG0003568,is_cc,1,
10,P2_unread_cc,MSG0003568,no_access_event,1,accesses=0
10,P2_unread_cc,MSG0003571,message_exists,1,
10,P2_unread_cc,MSG0003571,is_cc,1,
10,P2_unread_cc,MSG0003571,no_access_event,1,accesses=0
10,P2_unread_cc,MSG0003572,message_exists,1,
10,P2_unread_cc,MSG0003572,is_cc,1,
10,P2_unread_cc,MSG0003572,no_access_event,1,accesses=0
10,P2_unread_cc,MSG0003577,message_exists,1,
10,P2_unread_cc,MSG0003577,is_cc,1,
10,P2_unread_cc,MSG0003577,no_access_event,1,accesses=0
10,P8_nonclinical_misrouted,MSG0003607,message_exists,1,
10,P8_nonclinical_misrouted,MSG0003607,nonclinical_category,1,category=cancellation
10,P8_nonclinical_misrouted,MSG0003607,reaches_provider,1,provider_forwards=1
10,P4_result_misrouted,MSG0003625,message_exists,1,
10,P4_result_misrouted,MSG0003625,is_result,1,
10,P4_result_misrouted,MSG0003625,recipient_not_ordering,1,
10,P4_result_misrouted,MSG0003625,recipient_not_covering,1,cover=None
10,P2_unread_cc,MSG0003649,message_exists,1,
10,P2_unread_cc,MSG0003649,is_cc,1,
10,P2_unread_cc,MSG0003649,no_access_event,1,accesses=0
10,P2_unread_cc,MSG0003654,message_exists,1,
10,P2_unread_cc,MSG0003654,is_cc,1,
10,P2_unread_cc,MSG0003654,no_access_event,1,accesses=0
10,P1_thank_you,MSG0003694,message_exists,1,
10,P1_thank_you,MSG0003694,patient_originated_portal_message,1,
10,P1_thank_you,MSG0003694,is_reply_to_prior_outbound,1,
10,P1_thank_you,MSG0003694,thread_ending,1,later_messages=0
10,P1_thank_you,MSG0003694,accessed_and_completed,1,
10,P2_unread_cc,MSG0003741,message_exists,1,
10,P2_unread_cc,MSG0003741,is_cc,1,
10,P2_unread_cc,MSG0003741,no_access_event,1,accesses=0
10,P8_nonclinical_misrouted,MSG0003852,message_exists,1,
10,P8_nonclinical_misrouted,MSG0003852,nonclinical_category,1,category=appointment_request
10,P8_nonclinical_misrouted,MSG0003852,reaches_provider,1,provider_forwards=1
10,P4_result_misrouted,MSG0003857,message_exists,1,
10,P4_result_misrouted,MSG0003857,is_result,1,
10,P4_result_misrouted,MSG0003857,recipient_not_ordering,1,
10,P4_result_misrouted,MSG0003857,recipient_not_covering,1,cover=None
10,P2_unread_cc,MSG0003910,message_exists,1,
10,P2_unread_cc,MSG0003910,is_cc,1,
10,P2_unread_cc,MSG0003910,no_access_event,1,accesses=0
10,P2_unread_cc,MSG0003970,message_exists,1,
10,P2_unread_cc,MSG0003970,is_cc,1,
10,P2_unread_cc,MSG0003970,no_access_event,1,accesses=0
10,P2_unread_cc,MSG0003971,message_exists,1,
10,P2_unread_cc,MSG0003971,is_cc,1,
10,P2_unread_cc,MSG0003971,no_access_event,1,accesses=0
10,P2_unread_cc,MSG0003972,message_exists,1,
10,P2_unread_cc,MSG0003972,is_cc,1,
10,P2_unread_cc,MSG0003972,no_access_event,1,accesses=0
10,P2_unread_cc,MSG0003974,message_exists,1,
10,P2_unread_cc,MSG0003974,is_cc,1,
10,P2_unread_cc,MSG0003974,no_access_event,1,accesses=0
10,P2_unread_cc,MSG0003975,message_exists,1,
10,P2_unread_cc,MSG0003975,is_cc,1,
10,P2_unread_cc,MSG0003975,no_access_event,1,accesses=0
10,P2_unread_cc,MSG0003976,message_exists,1,
10,P2_unread_cc,MSG0003976,is_cc,1,
10,P2_unread_cc,MSG0003976,no_access_event,1,accesses=0
10,P2_unread_cc,MSG0003977,message_exists,1,
10,P2_unread_cc,MSG0003977,is_cc,1,
10,P2_unread_cc,MSG0003977,no_access_event,1,accesses=0
10,P2_unread_cc,MSG0003979,message_exists,1,
10,P2_unread_cc,MSG0003979,is_cc,1,
10,P2_unread_cc,MSG0003979,no_access_event,1,accesses=0
10,P3_extended_thread,THR0003780,thread_exists,1,
10,P3_extended_thread,THR0003780,three_or_more_patient_incoming,1,incoming=3
10,P3_extended_thread,THR0003780,four_or_more_message_exchanges,1,in+out=6
10,P3_extended_thread,THR0003780,spans_at_least_3_days,1,span_days=3.82
10,P3_extended_thread,THR0003780,no_visit_between,1,intervening_visits=0
10,P2_unread_cc,MSG0004061,message_exists,1,
10,P2_unread_cc,MSG0004061,is_cc,1,
10,P2_unread_cc,MSG0004061,no_access_event,1,accesses=0
10,P2_unread_cc,MSG0004064,message_exists,1,
10,P2_unread_cc,MSG0004064,is_cc,1,
10,P2_unread_cc,MSG0004064,no_access_event,1,accesses=0
10,P2_unread_cc,MSG0004066,message_exists,1,
10,P2_unread_cc,MSG0004066,is_cc,1,
10,P2_unread_cc,MSG0004066,no_access_event,1,accesses=0
10,P2_unread_cc,MSG0004067,message_exists,1,
10,P2_unread_cc,MSG0004067,is_cc,1,
10,P2_unread_cc,MSG0004067,no_access_event,1,accesses=0
10,P2_unread_cc,MSG0004069,message_exists,1,
10,P2_unread_cc,MSG0004069,is_cc,1,
10,P2_unread_cc,MSG0004069,no_access_event,1,accesses=0
10,P1_thank_you,MSG0004105,message_exists,1,
10,P1_thank_you,MSG0004105,patient_originated_portal_message,1,
10,P1_thank_you,MSG0004105,is_reply_to_prior_outbound,1,
10,P1_thank_you,MSG0004105,thread_ending,1,later_messages=0
10,P1_thank_you,MSG0004105,accessed_and_completed,1,
10,P8_nonclinical_misrouted,MSG0004109,message_exists,1,
10,P8_nonclinical_misrouted,MSG0004109,nonclinical_category,1,category=cancellation
10,P8_nonclinical_misrouted,MSG0004109,reaches_provider,1,provider_forwards=1
10,P4_result_misrouted,MSG0004115,message_exists,1,
10,P4_result_misrouted,MSG0004115,is_result,1,
10,P4_result_misrouted,MSG0004115,recipient_not_ordering,1,
10,P4_result_misrouted,MSG0004115,recipient_not_covering,1,cover=None
10,P7_pingpong,MSG0004180,message_exists,1,
10,P7_pingpong,MSG0004180,at_least_two_staff_to_provider_forwards,1,staff_to_provider=2
10,P7_pingpong,MSG0004180,at_least_two_provider_to_staff_forwards,1,provider_to_staff=2
10,P7_pingpong,MSG0004180,two_or_more_round_trips,1,roundtrips=2
10,P1_thank_you,MSG0004188,message_exists,1,
10,P1_thank_you,MSG0004188,patient_originated_portal_message,1,
10,P1_thank_you,MSG0004188,is_reply_to_prior_outbound,1,
10,P1_thank_you,MSG0004188,thread_ending,1,later_messages=0
10,P1_thank_you,MSG0004188,accessed_and_completed,1,
10,P4_result_misrouted,MSG0004196,message_exists,1,
10,P4_result_misrouted,MSG0004196,is_result,1,
10,P4_result_misrouted,MSG0004196,recipient_not_ordering,1,
10,P4_result_misrouted,MSG0004196,recipient_not_covering,1,cover=None
10,P2_unread_cc,MSG0004231,message_exists,1,
10,P2_unread_cc,MSG0004231,is_cc,1,
10,P2_unread_cc,MSG0004231,no_access_event,1,accesses=0
10,P2_unread_cc,MSG0004234,message_exists,1,
10,P2_unread_cc,MSG0004234,is_cc,1,
10,P2_unread_cc,MSG0004234,no_access_event,1,accesses=0
10,P2_unread_cc,MSG0004235,message_exists,1,
10,P2_unread_cc,MSG0004235,is_cc,1,
10,P2_unread_cc,MSG0004235,no_access_event,1,accesses=0
10,P2_unread_cc,MSG0004301,message_exists,1,
10,P2_unread_cc,MSG0004301,is_cc,1,
10,P2_unread_cc,MSG0004301,no_access_event,1,accesses=0
10,P2_unread_cc,MSG0004380,message_exists,1,
10,P2_unread_cc,MSG0004380,is_cc,1,
10,P2_unread_cc,MSG0004380,no_access_event,1,accesses=0
10,P3_extended_thread,THR0004151,thread_exists,1,
10,P3_extended_thread,THR0004151,three_or_more_patient_incoming,1,incoming=3
10,P3_extended_thread,THR0004151,four_or_more_message_exchanges,1,in+out=6
10,P3_extended_thread,THR0004151,spans_at_least_3_days,1,span_days=6.92
10,P3_extended_thread,THR0004151,no_visit_between,1,intervening_visits=0
10,P7_pingpong,MSG0004412,message_exists,1,
10,P7_pingpong,MSG0004412,at_least_two_staff_to_provider_forwards,1,staff_to_provider=2
10,P7_pingpong,MSG0004412,at_least_two_provider_to_staff_forwards,1,provider_to_staff=2
10,P7_pingpong,MSG0004412,two_or_more_round_trips,1,roundtrips=2
10,P8_nonclinical_misrouted,MSG0004413,message_exists,1,
10,P8_nonclinical_misrouted,MSG0004413,nonclinical_category,1,category=appointment_request
10,P8_nonclinical_misrouted,MSG0004413,reaches_provider,1,provider_forwards=1
10,P2_unread_cc,MSG0004451,message_exists,1,
10,P2_unread_cc,MSG0004451,is_cc,1,
10,P2_unread_cc,MSG0004451,no_access_event,1,accesses=0
10,P2_unread_cc,MSG0004456,message_exists,1,
10,P2_unread_cc,MSG0004456,is_cc,1,
10,P2_unread_cc,MSG0004456,no_access_event,1,accesses=0
10,P2_unread_cc,MSG0004457,message_exists,1,
10,P2_unread_cc,MSG0004457,is_cc,1,
10,P2_unread_cc,MSG0004457,no_access_event,1,accesses=0
10,P1_thank_you,MSG0004487,message_exists,1,
10,P1_thank_you,MSG0004487,patient_originated_portal_message,1,
10,P1_thank_you,MSG0004487,is_reply_to_prior_outbound,1,
10,P1_thank_you,MSG0004487,thread_ending,1,later_messages=0
10,P1_thank_you,MSG0004487,accessed_and_completed,1,
10,P7_pingpong,MSG0004488,message_exists,1,
10,P7_pingpong,MSG0004488,at_least_two_staff_to_provider_forwards,1,staff_to_provider=2
10,P7_pingpong,MSG0004488,at_least_two_provider_to_staff_forwards,1,provider_to_staff=2
10,P7_pingpong,MSG0004488,two_or_more_round_trips,1,roundtrips=2
10,P2_unread_cc,MSG0004530,message_exists,1,
10,P2_unread_cc,MSG0004530,is_cc,1,
10,P2_unread_cc,MSG0004530,no_access_event,1,accesses=0
10,P2_unread_cc,MSG0004531,message_exists,1,
10,P2_unread_cc,MSG0004531,is_cc,1,
10,P2_unread_cc,MSG0004531,no_access_event,1,accesses=0
10,P2_unread_cc,MSG0004532,message_exists,1,
10,P2_unread_cc,MSG0004532,is_cc,1,
10,P2_unread_cc,MSG0004532,no_access_event,1,accesses=0
10,P2_unread_cc,MSG0004534,message_exists,1,
10,P2_unread_cc,MSG0004534,is_cc,1,
10,P2_unread_cc,MSG0004534,no_access_event,1,accesses=0
10,P1_thank_you,MSG0004571,message_exists,1,
10,P1_thank_you,MSG0004571,patient_originated_portal_message,1,
10,P1_thank_you,MSG0004571,is_reply_to_prior_outbound,1,
10,P1_thank_you,MSG0004571,thread_ending,1,later_messages=0
10,P1_thank_you,MSG0004571,accessed_and_completed,1,
10,P2_unread_cc,MSG0004603,message_exists,1,
10,P2_unread_cc,MSG0004603,is_cc,1,
10,P2_unread_cc,MSG0004603,no_access_event,1,accesses=0
10,P2_unread_cc,MSG0004606,message_exists,1,
10,P2_unread_cc,MSG0004606,is_cc,1,
10,P2_unread_cc,MSG0004606,no_access_event,1,accesses=0
10,P2_unread_cc,MSG0004607,message_exists,1,
10,P2_unread_cc,MSG0004607,is_cc,1,
10,P2_unread_cc,MSG0004607,no_access_event,1,accesses=0
10,P2_unread_cc,MSG0004612,message_exists,1,
10,P2_unread_cc,MSG0004612,is_cc,1,
10,P2_unread_cc,MSG0004612,no_access_event,1,accesses=0
10,P2_unread_cc,MSG0004614,message_exists,1,
10,P2_unread_cc,MSG0004614,is_cc,1,
10,P2_unread_cc,MSG0004614,no_access_event,1,accesses=0
10,P2_unread_cc,MSG0004615,message_exists,1,
10,P2_unread_cc,MSG0004615,is_cc,1,
10,P2_unread_cc,MSG0004615,no_access_event,1,accesses=0
10,P2_unread_cc,MSG0004618,message_exists,1,
10,P2_unread_cc,MSG0004618,is_cc,1,
10,P2_unread_cc,MSG0004618,no_access_event,1,accesses=0
10,P8_nonclinical_misrouted,MSG0004660,message_exists,1,
10,P8_nonclinical_misrouted,MSG0004660,nonclinical_category,1,category=billing_question
10,P8_nonclinical_misrouted,MSG0004660,reaches_provider,1,provider_forwards=1
10,P2_unread_cc,MSG0004689,message_exists,1,
10,P2_unread_cc,MSG0004689,is_cc,1,
10,P2_unread_cc,MSG0004689,no_access_event,1,accesses=0
10,P2_unread_cc,MSG0004690,message_exists,1,
10,P2_unread_cc,MSG0004690,is_cc,1,
10,P2_unread_cc,MSG0004690,no_access_event,1,accesses=0
10,P2_unread_cc,MSG0004693,message_exists,1,
10,P2_unread_cc,MSG0004693,is_cc,1,
10,P2_unread_cc,MSG0004693,no_access_event,1,accesses=0
10,P7_pingpong,MSG0004737,message_exists,1,
10,P7_pingpong,MSG0004737,at_least_two_staff_to_provider_forwards,1,staff_to_provider=2
10,P7_pingpong,MSG0004737,at_least_two_provider_to_staff_forwards,1,provider_to_staff=2
10,P7_pingpong,MSG0004737,two_or_more_round_trips,1,roundtrips=2
10,P8_nonclinical_misrouted,MSG0004740,message_exists,1,
10,P8_nonclinical_misrouted,MSG0004740,nonclinical_category,1,category=billing_question
10,P8_nonclinical_misrouted,MSG0004740,reaches_provider,1,provider_forwards=1
10,P2_unread_cc,MSG0004780,message_exists,1,
10,P2_unread_cc,MSG0004780,is_cc,1,
10,P2_unread_cc,MSG0004780,no_access_event,1,accesses=0
10,P2_unread_cc,MSG0004783,message_exists,1,
10,P2_unread_cc,MSG0004783,is_cc,1,
10,P2_unread_cc,MSG0004783,no_access_event,1,accesses=0
10,P4_result_misrouted,MSG0004828,message_exists,1,
10,P4_result_misrouted,MSG0004828,is_result,1,
10,P4_result_misrouted,MSG0004828,recipient_not_ordering,1,
10,P4_result_misrouted,MSG0004828,recipient_not_covering,1,cover=None
10,P2_unread_cc,MSG0004848,message_exists,1,
10,P2_unread_cc,MSG0004848,is_cc,1,
10,P2_unread_cc,MSG0004848,no_access_event,1,accesses=0
10,P2_unread_cc,MSG0004850,message_exists,1,
10,P2_unread_cc,MSG0004850,is_cc,1,
10,P2_unread_cc,MSG0004850,no_access_event,1,accesses=0
10,P2_unread_cc,MSG0004852,message_exists,1,
10,P2_unread_cc,MSG0004852,is_cc,1,
10,P2_unread_cc,MSG0004852,no_access_event,1,accesses=0
10,P2_unread_cc,MSG0004853,message_exists,1,
10,P2_unread_cc,MSG0004853,is_cc,1,
10,P2_unread_cc,MSG0004853,no_access_event,1,accesses=0
10,P4_result_misrouted,MSG0004889,message_exists,1,
10,P4_result_misrouted,MSG0004889,is_result,1,
10,P4_result_misrouted,MSG0004889,recipient_not_ordering,1,
10,P4_result_misrouted,MSG0004889,recipient_not_covering,1,cover=None
10,P4_result_misrouted,MSG0004895,message_exists,1,
10,P4_result_misrouted,MSG0004895,is_result,1,
10,P4_result_misrouted,MSG0004895,recipient_not_ordering,1,
10,P4_result_misrouted,MSG0004895,recipient_not_covering,1,cover=None
10,P2_unread_cc,MSG0004922,message_exists,1,
10,P2_unread_cc,MSG0004922,is_cc,1,
10,P2_unread_cc,MSG0004922,no_access_event,1,accesses=0
10,P2_unread_cc,MSG0004923,message_exists,1,
10,P2_unread_cc,MSG0004923,is_cc,1,
10,P2_unread_cc,MSG0004923,no_access_event,1,accesses=0
10,P2_unread_cc,MSG0004924,message_exists,1,
10,P2_unread_cc,MSG0004924,is_cc,1,
10,P2_unread_cc,MSG0004924,no_access_event,1,accesses=0
10,P4_result_misrouted,MSG0004966,message_exists,1,
10,P4_result_misrouted,MSG0004966,is_result,1,
10,P4_result_misrouted,MSG0004966,recipient_not_ordering,1,
10,P4_result_misrouted,MSG0004966,recipient_not_covering,1,cover=None
10,P4_result_misrouted,MSG0004971,message_exists,1,
10,P4_result_misrouted,MSG0004971,is_result,1,
10,P4_result_misrouted,MSG0004971,recipient_not_ordering,1,
10,P4_result_misrouted,MSG0004971,recipient_not_covering,1,cover=None
10,P1_thank_you,MSG0005042,message_exists,1,
10,P1_thank_you,MSG0005042,patient_originated_portal_message,1,
10,P1_thank_you,MSG0005042,is_reply_to_prior_outbound,1,
10,P1_thank_you,MSG0005042,thread_ending,1,later_messages=0
10,P1_thank_you,MSG0005042,accessed_and_completed,1,
10,P4_result_misrouted,MSG0005057,message_exists,1,
10,P4_result_misrouted,MSG0005057,is_result,1,
10,P4_result_misrouted,MSG0005057,recipient_not_ordering,1,
10,P4_result_misrouted,MSG0005057,recipient_not_covering,1,cover=None
11,P8_nonclinical_misrouted,MSG0000008,message_exists,1,
11,P8_nonclinical_misrouted,MSG0000008,nonclinical_category,1,category=cancellation
11,P8_nonclinical_misrouted,MSG0000008,reaches_provider,1,provider_forwards=1
11,P4_result_misrouted,MSG0000018,message_exists,1,
11,P4_result_misrouted,MSG0000018,is_result,1,
11,P4_result_misrouted,MSG0000018,recipient_not_ordering,1,
11,P4_result_misrouted,MSG0000018,recipient_not_covering,1,cover=None
11,P2_unread_cc,MSG0000110,message_exists,1,
11,P2_unread_cc,MSG0000110,is_cc,1,
11,P2_unread_cc,MSG0000110,no_access_event,1,accesses=0
11,P2_unread_cc,MSG0000113,message_exists,1,
11,P2_unread_cc,MSG0000113,is_cc,1,
11,P2_unread_cc,MSG0000113,no_access_event,1,accesses=0
11,P2_unread_cc,MSG0000116,message_exists,1,
11,P2_unread_cc,MSG0000116,is_cc,1,
11,P2_unread_cc,MSG0000116,no_access_event,1,accesses=0
11,P8_nonclinical_misrouted,MSG0000150,message_exists,1,
11,P8_nonclinical_misrouted,MSG0000150,nonclinical_category,1,category=appointment_request
11,P8_nonclinical_misrouted,MSG0000150,reaches_provider,1,provider_forwards=1
11,P7_pingpong,MSG0000151,message_exists,1,
11,P7_pingpong,MSG0000151,at_least_two_staff_to_provider_forwards,1,staff_to_provider=2
11,P7_pingpong,MSG0000151,at_least_two_provider_to_staff_forwards,1,provider_to_staff=2
11,P7_pingpong,MSG0000151,two_or_more_round_trips,1,roundtrips=2
11,P2_unread_cc,MSG0000185,message_exists,1,
11,P2_unread_cc,MSG0000185,is_cc,1,
11,P2_unread_cc,MSG0000185,no_access_event,1,accesses=0
11,P2_unread_cc,MSG0000187,message_exists,1,
11,P2_unread_cc,MSG0000187,is_cc,1,
11,P2_unread_cc,MSG0000187,no_access_event,1,accesses=0
11,P2_unread_cc,MSG0000196,message_exists,1,
11,P2_unread_cc,MSG0000196,is_cc,1,
11,P2_unread_cc,MSG0000196,no_access_event,1,accesses=0
11,P2_unread_cc,MSG0000268,message_exists,1,
11,P2_unread_cc,MSG0000268,is_cc,1,
11,P2_unread_cc,MSG0000268,no_access_event,1,accesses=0
11,P1_thank_you,MSG0000299,message_exists,1,
11,P1_thank_you,MSG0000299,patient_originated_portal_message,1,
11,P1_thank_you,MSG0000299,is_reply_to_prior_outbound,1,
11,P1_thank_you,MSG0000299,thread_ending,1,later_messages=0
11,P1_thank_you,MSG0000299,accessed_and_completed,1,
11,P2_unread_cc,MSG0000338,message_exists,1,
11,P2_unread_cc,MSG0000338,is_cc,1,
11,P2_unread_cc,MSG0000338,no_access_event,1,accesses=0
11,P2_unread_cc,MSG0000339,message_exists,1,
11,P2_unread_cc,MSG0000339,is_cc,1,
11,P2_unread_cc,MSG0000339,no_access_event,1,accesses=0
11,P2_unread_cc,MSG0000342,message_exists,1,
11,P2_unread_cc,MSG0000342,is_cc,1,
11,P2_unread_cc,MSG0000342,no_access_event,1,accesses=0
11,P4_result_misrouted,MSG0000399,message_exists,1,
11,P4_result_misrouted,MSG0000399,is_result,1,
11,P4_result_misrouted,MSG0000399,recipient_not_ordering,1,
11,P4_result_misrouted,MSG0000399,recipient_not_covering,1,cover=None
11,P2_unread_cc,MSG0000431,message_exists,1,
11,P2_unread_cc,MSG0000431,is_cc,1,
11,P2_unread_cc,MSG0000431,no_access_event,1,accesses=0
11,P8_nonclinical_misrouted,MSG0000464,message_exists,1,
11,P8_nonclinical_misrouted,MSG0000464,nonclinical_category,1,category=appointment_request
11,P8_nonclinical_misrouted,MSG0000464,reaches_provider,1,provider_forwards=1
11,P4_result_misrouted,MSG0000473,message_exists,1,
11,P4_result_misrouted,MSG0000473,is_result,1,
11,P4_result_misrouted,MSG0000473,recipient_not_ordering,1,
11,P4_result_misrouted,MSG0000473,recipient_not_covering,1,cover=None
11,P2_unread_cc,MSG0000496,message_exists,1,
11,P2_unread_cc,MSG0000496,is_cc,1,
11,P2_unread_cc,MSG0000496,no_access_event,1,accesses=0
11,P2_unread_cc,MSG0000502,message_exists,1,
11,P2_unread_cc,MSG0000502,is_cc,1,
11,P2_unread_cc,MSG0000502,no_access_event,1,accesses=0
11,P2_unread_cc,MSG0000503,message_exists,1,
11,P2_unread_cc,MSG0000503,is_cc,1,
11,P2_unread_cc,MSG0000503,no_access_event,1,accesses=0
11,P2_unread_cc,MSG0000505,message_exists,1,
11,P2_unread_cc,MSG0000505,is_cc,1,
11,P2_unread_cc,MSG0000505,no_access_event,1,accesses=0
11,P2_unread_cc,MSG0000507,message_exists,1,
11,P2_unread_cc,MSG0000507,is_cc,1,
11,P2_unread_cc,MSG0000507,no_access_event,1,accesses=0
11,P2_unread_cc,MSG0000573,message_exists,1,
11,P2_unread_cc,MSG0000573,is_cc,1,
11,P2_unread_cc,MSG0000573,no_access_event,1,accesses=0
11,P2_unread_cc,MSG0000578,message_exists,1,
11,P2_unread_cc,MSG0000578,is_cc,1,
11,P2_unread_cc,MSG0000578,no_access_event,1,accesses=0
11,P2_unread_cc,MSG0000581,message_exists,1,
11,P2_unread_cc,MSG0000581,is_cc,1,
11,P2_unread_cc,MSG0000581,no_access_event,1,accesses=0
11,P4_result_misrouted,MSG0000636,message_exists,1,
11,P4_result_misrouted,MSG0000636,is_result,1,
11,P4_result_misrouted,MSG0000636,recipient_not_ordering,1,
11,P4_result_misrouted,MSG0000636,recipient_not_covering,1,cover=None
11,P2_unread_cc,MSG0000665,message_exists,1,
11,P2_unread_cc,MSG0000665,is_cc,1,
11,P2_unread_cc,MSG0000665,no_access_event,1,accesses=0
11,P2_unread_cc,MSG0000667,message_exists,1,
11,P2_unread_cc,MSG0000667,is_cc,1,
11,P2_unread_cc,MSG0000667,no_access_event,1,accesses=0
11,P2_unread_cc,MSG0000669,message_exists,1,
11,P2_unread_cc,MSG0000669,is_cc,1,
11,P2_unread_cc,MSG0000669,no_access_event,1,accesses=0
11,P2_unread_cc,MSG0000671,message_exists,1,
11,P2_unread_cc,MSG0000671,is_cc,1,
11,P2_unread_cc,MSG0000671,no_access_event,1,accesses=0
11,P2_unread_cc,MSG0000672,message_exists,1,
11,P2_unread_cc,MSG0000672,is_cc,1,
11,P2_unread_cc,MSG0000672,no_access_event,1,accesses=0
11,P2_unread_cc,MSG0000674,message_exists,1,
11,P2_unread_cc,MSG0000674,is_cc,1,
11,P2_unread_cc,MSG0000674,no_access_event,1,accesses=0
11,P2_unread_cc,MSG0000676,message_exists,1,
11,P2_unread_cc,MSG0000676,is_cc,1,
11,P2_unread_cc,MSG0000676,no_access_event,1,accesses=0
11,P2_unread_cc,MSG0000677,message_exists,1,
11,P2_unread_cc,MSG0000677,is_cc,1,
11,P2_unread_cc,MSG0000677,no_access_event,1,accesses=0
11,P2_unread_cc,MSG0000680,message_exists,1,
11,P2_unread_cc,MSG0000680,is_cc,1,
11,P2_unread_cc,MSG0000680,no_access_event,1,accesses=0
11,P1_thank_you,MSG0000711,message_exists,1,
11,P1_thank_you,MSG0000711,patient_originated_portal_message,1,
11,P1_thank_you,MSG0000711,is_reply_to_prior_outbound,1,
11,P1_thank_you,MSG0000711,thread_ending,1,later_messages=0
11,P1_thank_you,MSG0000711,accessed_and_completed,1,
11,P2_unread_cc,MSG0000767,message_exists,1,
11,P2_unread_cc,MSG0000767,is_cc,1,
11,P2_unread_cc,MSG0000767,no_access_event,1,accesses=0
11,P2_unread_cc,MSG0000768,message_exists,1,
11,P2_unread_cc,MSG0000768,is_cc,1,
11,P2_unread_cc,MSG0000768,no_access_event,1,accesses=0
11,P2_unread_cc,MSG0000773,message_exists,1,
11,P2_unread_cc,MSG0000773,is_cc,1,
11,P2_unread_cc,MSG0000773,no_access_event,1,accesses=0
11,P7_pingpong,MSG0000810,message_exists,1,
11,P7_pingpong,MSG0000810,at_least_two_staff_to_provider_forwards,1,staff_to_provider=2
11,P7_pingpong,MSG0000810,at_least_two_provider_to_staff_forwards,1,provider_to_staff=2
11,P7_pingpong,MSG0000810,two_or_more_round_trips,1,roundtrips=2
11,P4_result_misrouted,MSG0000821,message_exists,1,
11,P4_result_misrouted,MSG0000821,is_result,1,
11,P4_result_misrouted,MSG0000821,recipient_not_ordering,1,
11,P4_result_misrouted,MSG0000821,recipient_not_covering,1,cover=None
11,P2_unread_cc,MSG0000839,message_exists,1,
11,P2_unread_cc,MSG0000839,is_cc,1,
11,P2_unread_cc,MSG0000839,no_access_event,1,accesses=0
11,P2_unread_cc,MSG0000843,message_exists,1,
11,P2_unread_cc,MSG0000843,is_cc,1,
11,P2_unread_cc,MSG0000843,no_access_event,1,accesses=0
11,P2_unread_cc,MSG0000844,message_exists,1,
11,P2_unread_cc,MSG0000844,is_cc,1,
11,P2_unread_cc,MSG0000844,no_access_event,1,accesses=0
11,P2_unread_cc,MSG0000845,message_exists,1,
11,P2_unread_cc,MSG0000845,is_cc,1,
11,P2_unread_cc,MSG0000845,no_access_event,1,accesses=0
11,P2_unread_cc,MSG0000846,message_exists,1,
11,P2_unread_cc,MSG0000846,is_cc,1,
11,P2_unread_cc,MSG0000846,no_access_event,1,accesses=0
11,P2_unread_cc,MSG0000847,message_exists,1,
11,P2_unread_cc,MSG0000847,is_cc,1,
11,P2_unread_cc,MSG0000847,no_access_event,1,accesses=0
11,P7_pingpong,MSG0000889,message_exists,1,
11,P7_pingpong,MSG0000889,at_least_two_staff_to_provider_forwards,1,staff_to_provider=2
11,P7_pingpong,MSG0000889,at_least_two_provider_to_staff_forwards,1,provider_to_staff=2
11,P7_pingpong,MSG0000889,two_or_more_round_trips,1,roundtrips=2
11,P2_unread_cc,MSG0000929,message_exists,1,
11,P2_unread_cc,MSG0000929,is_cc,1,
11,P2_unread_cc,MSG0000929,no_access_event,1,accesses=0
11,P2_unread_cc,MSG0000931,message_exists,1,
11,P2_unread_cc,MSG0000931,is_cc,1,
11,P2_unread_cc,MSG0000931,no_access_event,1,accesses=0
11,P4_result_misrouted,MSG0000976,message_exists,1,
11,P4_result_misrouted,MSG0000976,is_result,1,
11,P4_result_misrouted,MSG0000976,recipient_not_ordering,1,
11,P4_result_misrouted,MSG0000976,recipient_not_covering,1,cover=None
11,P2_unread_cc,MSG0001059,message_exists,1,
11,P2_unread_cc,MSG0001059,is_cc,1,
11,P2_unread_cc,MSG0001059,no_access_event,1,accesses=0
11,P4_result_misrouted,MSG0001116,message_exists,1,
11,P4_result_misrouted,MSG0001116,is_result,1,
11,P4_result_misrouted,MSG0001116,recipient_not_ordering,1,
11,P4_result_misrouted,MSG0001116,recipient_not_covering,1,cover=None
11,P7_pingpong,MSG0001180,message_exists,1,
11,P7_pingpong,MSG0001180,at_least_two_staff_to_provider_forwards,1,staff_to_provider=2
11,P7_pingpong,MSG0001180,at_least_two_provider_to_staff_forwards,1,provider_to_staff=2
11,P7_pingpong,MSG0001180,two_or_more_round_trips,1,roundtrips=2
11,P4_result_misrouted,MSG0001189,message_exists,1,
11,P4_result_misrouted,MSG0001189,is_result,1,
11,P4_result_misrouted,MSG0001189,recipient_not_ordering,1,
11,P4_result_misrouted,MSG0001189,recipient_not_covering,1,cover=None
11,P2_unread_cc,MSG0001331,message_exists,1,
11,P2_unread_cc,MSG0001331,is_cc,1,
11,P2_unread_cc,MSG0001331,no_access_event,1,accesses=0
11,P2_unread_cc,MSG0001333,message_exists,1,
11,P2_unread_cc,MSG0001333,is_cc,1,
11,P2_unread_cc,MSG0001333,no_access_event,1,accesses=0
11,P2_unread_cc,MSG0001335,message_exists,1,
11,P2_unread_cc,MSG0001335,is_cc,1,
11,P2_unread_cc,MSG0001335,no_access_event,1,accesses=0
11,P8_nonclinical_misrouted,MSG0001368,message_exists,1,
11,P8_nonclinical_misrouted,MSG0001368,nonclinical_category,1,category=billing_question
11,P8_nonclinical_misrouted,MSG0001368,reaches_provider,1,provider_forwards=1
11,P2_unread_cc,MSG0001479,message_exists,1,
11,P2_unread_cc,MSG0001479,is_cc,1,
11,P2_unread_cc,MSG0001479,no_access_event,1,accesses=0
11,P2_unread_cc,MSG0001480,message_exists,1,
11,P2_unread_cc,MSG0001480,is_cc,1,
11,P2_unread_cc,MSG0001480,no_access_event,1,accesses=0
11,P2_unread_cc,MSG0001482,message_exists,1,
11,P2_unread_cc,MSG0001482,is_cc,1,
11,P2_unread_cc,MSG0001482,no_access_event,1,accesses=0
11,P2_unread_cc,MSG0001487,message_exists,1,
11,P2_unread_cc,MSG0001487,is_cc,1,
11,P2_unread_cc,MSG0001487,no_access_event,1,accesses=0
11,P4_result_misrouted,MSG0001521,message_exists,1,
11,P4_result_misrouted,MSG0001521,is_result,1,
11,P4_result_misrouted,MSG0001521,recipient_not_ordering,1,
11,P4_result_misrouted,MSG0001521,recipient_not_covering,1,cover=None
11,P4_result_misrouted,MSG0001530,message_exists,1,
11,P4_result_misrouted,MSG0001530,is_result,1,
11,P4_result_misrouted,MSG0001530,recipient_not_ordering,1,
11,P4_result_misrouted,MSG0001530,recipient_not_covering,1,cover=None
11,P4_result_misrouted,MSG0001531,message_exists,1,
11,P4_result_misrouted,MSG0001531,is_result,1,
11,P4_result_misrouted,MSG0001531,recipient_not_ordering,1,
11,P4_result_misrouted,MSG0001531,recipient_not_covering,1,cover=None
11,P4_result_misrouted,MSG0001535,message_exists,1,
11,P4_result_misrouted,MSG0001535,is_result,1,
11,P4_result_misrouted,MSG0001535,recipient_not_ordering,1,
11,P4_result_misrouted,MSG0001535,recipient_not_covering,1,cover=None
11,P2_unread_cc,MSG0001556,message_exists,1,
11,P2_unread_cc,MSG0001556,is_cc,1,
11,P2_unread_cc,MSG0001556,no_access_event,1,accesses=0
11,P2_unread_cc,MSG0001561,message_exists,1,
11,P2_unread_cc,MSG0001561,is_cc,1,
11,P2_unread_cc,MSG0001561,no_access_event,1,accesses=0
11,P2_unread_cc,MSG0001565,message_exists,1,
11,P2_unread_cc,MSG0001565,is_cc,1,
11,P2_unread_cc,MSG0001565,no_access_event,1,accesses=0
11,P2_unread_cc,MSG0001568,message_exists,1,
11,P2_unread_cc,MSG0001568,is_cc,1,
11,P2_unread_cc,MSG0001568,no_access_event,1,accesses=0
11,P2_unread_cc,MSG0001739,message_exists,1,
11,P2_unread_cc,MSG0001739,is_cc,1,
11,P2_unread_cc,MSG0001739,no_access_event,1,accesses=0
11,P2_unread_cc,MSG0001745,message_exists,1,
11,P2_unread_cc,MSG0001745,is_cc,1,
11,P2_unread_cc,MSG0001745,no_access_event,1,accesses=0
11,P7_pingpong,MSG0001794,message_exists,1,
11,P7_pingpong,MSG0001794,at_least_two_staff_to_provider_forwards,1,staff_to_provider=2
11,P7_pingpong,MSG0001794,at_least_two_provider_to_staff_forwards,1,provider_to_staff=2
11,P7_pingpong,MSG0001794,two_or_more_round_trips,1,roundtrips=2
11,P2_unread_cc,MSG0001817,message_exists,1,
11,P2_unread_cc,MSG0001817,is_cc,1,
11,P2_unread_cc,MSG0001817,no_access_event,1,accesses=0
11,P2_unread_cc,MSG0001819,message_exists,1,
11,P2_unread_cc,MSG0001819,is_cc,1,
11,P2_unread_cc,MSG0001819,no_access_event,1,accesses=0
11,P2_unread_cc,MSG0001822,message_exists,1,
11,P2_unread_cc,MSG0001822,is_cc,1,
11,P2_unread_cc,MSG0001822,no_access_event,1,accesses=0
11,P2_unread_cc,MSG0001826,message_exists,1,
11,P2_unread_cc,MSG0001826,is_cc,1,
11,P2_unread_cc,MSG0001826,no_access_event,1,accesses=0
11,P3_extended_thread,THR0001764,thread_exists,1,
11,P3_extended_thread,THR0001764,three_or_more_patient_incoming,1,incoming=3
11,P3_extended_thread,THR0001764,four_or_more_message_exchanges,1,in+out=8
11,P3_extended_thread,THR0001764,spans_at_least_3_days,1,span_days=16.00
11,P3_extended_thread,THR0001764,no_visit_between,1,intervening_visits=0
11,P7_pingpong,MSG0001860,message_exists,1,
11,P7_pingpong,MSG0001860,at_least_two_staff_to_provider_forwards,1,staff_to_provider=2
11,P7_pingpong,MSG0001860,at_least_two_provider_to_staff_forwards,1,provider_to_staff=2
11,P7_pingpong,MSG0001860,two_or_more_round_trips,1,roundtrips=2
11,P4_result_misrouted,MSG0001880,message_exists,1,
11,P4_result_misrouted,MSG0001880,is_result,1,
11,P4_result_misrouted,MSG0001880,recipient_not_ordering,1,
11,P4_result_misrouted,MSG0001880,recipient_not_covering,1,cover=None
11,P2_unread_cc,MSG0001917,message_exists,1,
11,P2_unread_cc,MSG0001917,is_cc,1,
11,P2_unread_cc,MSG0001917,no_access_event,1,accesses=0
11,P2_unread_cc,MSG0001919,message_exists,1,
11,P2_unread_cc,MSG0001919,is_cc,1,
11,P2_unread_cc,MSG0001919,no_access_event,1,accesses=0
11,P2_unread_cc,MSG0001922,message_exists,1,
11,P2_unread_cc,MSG0001922,is_cc,1,
11,P2_unread_cc,MSG0001922,no_access_event,1,accesses=0
11,P2_unread_cc,MSG0001997,message_exists,1,
11,P2_unread_cc,MSG0001997,is_cc,1,
11,P2_unread_cc,MSG0001997,no_access_event,1,accesses=0
11,P2_unread_cc,MSG0002002,message_exists,1,
11,P2_unread_cc,MSG0002002,is_cc,1,
11,P2_unread_cc,MSG0002002,no_access_event,1,accesses=0
11,P2_unread_cc,MSG0002007,message_exists,1,
11,P2_unread_cc,MSG0002007,is_cc,1,
11,P2_unread_cc,MSG0002007,no_access_event,1,accesses=0
11,P2_unread_cc,MSG0002008,message_exists,1,
11,P2_unread_cc,MSG0002008,is_cc,1,
11,P2_unread_cc,MSG0002008,no_access_event,1,accesses=0
11,P8_nonclinical_misrouted,MSG0002044,message_exists,1,
11,P8_nonclinical_misrouted,MSG0002044,nonclinical_category,1,category=appointment_request
11,P8_nonclinical_misrouted,MSG0002044,reaches_provider,1,provider_forwards=1
11,P1_thank_you,MSG0002050,message_exists,1,
11,P1_thank_you,MSG0002050,patient_originated_portal_message,1,
11,P1_thank_you,MSG0002050,is_reply_to_prior_outbound,1,
11,P1_thank_you,MSG0002050,thread_ending,1,later_messages=0
11,P1_thank_you,MSG0002050,accessed_and_completed,1,
11,P2_unread_cc,MSG0002169,message_exists,1,
11,P2_unread_cc,MSG0002169,is_cc,1,
11,P2_unread_cc,MSG0002169,no_access_event,1,accesses=0
11,P2_unread_cc,MSG0002171,message_exists,1,
11,P2_unread_cc,MSG0002171,is_cc,1,
11,P2_unread_cc,MSG0002171,no_access_event,1,accesses=0
11,P2_unread_cc,MSG0002172,message_exists,1,
11,P2_unread_cc,MSG0002172,is_cc,1,
11,P2_unread_cc,MSG0002172,no_access_event,1,accesses=0
11,P2_unread_cc,MSG0002173,message_exists,1,
11,P2_unread_cc,MSG0002173,is_cc,1,
11,P2_unread_cc,MSG0002173,no_access_event,1,accesses=0
11,P2_unread_cc,MSG0002252,message_exists,1,
11,P2_unread_cc,MSG0002252,is_cc,1,
11,P2_unread_cc,MSG0002252,no_access_event,1,accesses=0
11,P2_unread_cc,MSG0002329,message_exists,1,
11,P2_unread_cc,MSG0002329,is_cc,1,
11,P2_unread_cc,MSG0002329,no_access_event,1,accesses=0
11,P7_pingpong,MSG0002365,message_exists,1,
11,P7_pingpong,MSG0002365,at_least_two_staff_to_provider_forwards,1,staff_to_provider=2
11,P7_pingpong,MSG0002365,at_least_two_provider_to_staff_forwards,1,provider_to_staff=2
11,P7_pingpong,MSG0002365,two_or_more_round_trips,1,roundtrips=2
11,P4_result_misrouted,MSG0002371,message_exists,1,
11,P4_result_misrouted,MSG0002371,is_result,1,
11,P4_result_misrouted,MSG0002371,recipient_not_ordering,1,
11,P4_result_misrouted,MSG0002371,recipient_not_covering,1,cover=None
11,P2_unread_cc,MSG0002396,message_exists,1,
11,P2_unread_cc,MSG0002396,is_cc,1,
11,P2_unread_cc,MSG0002396,no_access_event,1,accesses=0
11,P2_unread_cc,MSG0002398,message_exists,1,
11,P2_unread_cc,MSG0002398,is_cc,1,
11,P2_unread_cc,MSG0002398,no_access_event,1,accesses=0
11,P7_pingpong,MSG0002443,message_exists,1,
11,P7_pingpong,MSG0002443,at_least_two_staff_to_provider_forwards,1,staff_to_provider=2
11,P7_pingpong,MSG0002443,at_least_two_provider_to_staff_forwards,1,provider_to_staff=2
11,P7_pingpong,MSG0002443,two_or_more_round_trips,1,roundtrips=2
11,P2_unread_cc,MSG0002474,message_exists,1,
11,P2_unread_cc,MSG0002474,is_cc,1,
11,P2_unread_cc,MSG0002474,no_access_event,1,accesses=0
11,P2_unread_cc,MSG0002479,message_exists,1,
11,P2_unread_cc,MSG0002479,is_cc,1,
11,P2_unread_cc,MSG0002479,no_access_event,1,accesses=0
11,P2_unread_cc,MSG0002484,message_exists,1,
11,P2_unread_cc,MSG0002484,is_cc,1,
11,P2_unread_cc,MSG0002484,no_access_event,1,accesses=0
11,P4_result_misrouted,MSG0002546,message_exists,1,
11,P4_result_misrouted,MSG0002546,is_result,1,
11,P4_result_misrouted,MSG0002546,recipient_not_ordering,1,
11,P4_result_misrouted,MSG0002546,recipient_not_covering,1,cover=None
11,P7_pingpong,MSG0002595,message_exists,1,
11,P7_pingpong,MSG0002595,at_least_two_staff_to_provider_forwards,1,staff_to_provider=2
11,P7_pingpong,MSG0002595,at_least_two_provider_to_staff_forwards,1,provider_to_staff=2
11,P7_pingpong,MSG0002595,two_or_more_round_trips,1,roundtrips=2
11,P4_result_misrouted,MSG0002598,message_exists,1,
11,P4_result_misrouted,MSG0002598,is_result,1,
11,P4_result_misrouted,MSG0002598,recipient_not_ordering,1,
11,P4_result_misrouted,MSG0002598,recipient_not_covering,1,cover=None
11,P4_result_misrouted,MSG0002600,message_exists,1,
11,P4_result_misrouted,MSG0002600,is_result,1,
11,P4_result_misrouted,MSG0002600,recipient_not_ordering,1,
11,P4_result_misrouted,MSG0002600,recipient_not_covering,1,cover=None
11,P2_unread_cc,MSG0002637,message_exists,1,
11,P2_unread_cc,MSG0002637,is_cc,1,
11,P2_unread_cc,MSG0002637,no_access_event,1,accesses=0
11,P2_unread_cc,MSG0002642,message_exists,1,
11,P2_unread_cc,MSG0002642,is_cc,1,
11,P2_unread_cc,MSG0002642,no_access_event,1,accesses=0
11,P8_nonclinical_misrouted,MSG0002673,message_exists,1,
11,P8_nonclinical_misrouted,MSG0002673,nonclinical_category,1,category=cancellation
11,P8_nonclinical_misrouted,MSG0002673,reaches_provider,1,provider_forwards=1
11,P7_pingpong,MSG0002676,message_exists,1,
11,P7_pingpong,MSG0002676,at_least_two_staff_to_provider_forwards,1,staff_to_provider=2
11,P7_pingpong,MSG0002676,at_least_two_provider_to_staff_forwards,1,provider_to_staff=2
11,P7_pingpong,MSG0002676,two_or_more_round_trips,1,roundtrips=2
11,P4_result_misrouted,MSG0002683,message_exists,1,
11,P4_result_misrouted,MSG0002683,is_result,1,
11,P4_result_misrouted,MSG0002683,recipient_not_ordering,1,
11,P4_result_misrouted,MSG0002683,recipient_not_covering,1,cover=None
11,P2_unread_cc,MSG0002717,message_exists,1,
11,P2_unread_cc,MSG0002717,is_cc,1,
11,P2_unread_cc,MSG0002717,no_access_event,1,accesses=0
11,P2_unread_cc,MSG0002719,message_exists,1,
11,P2_unread_cc,MSG0002719,is_cc,1,
11,P2_unread_cc,MSG0002719,no_access_event,1,accesses=0
11,P2_unread_cc,MSG0002793,message_exists,1,
11,P2_unread_cc,MSG0002793,is_cc,1,
11,P2_unread_cc,MSG0002793,no_access_event,1,accesses=0
11,P2_unread_cc,MSG0002794,message_exists,1,
11,P2_unread_cc,MSG0002794,is_cc,1,
11,P2_unread_cc,MSG0002794,no_access_event,1,accesses=0
11,P8_nonclinical_misrouted,MSG0002816,message_exists,1,
11,P8_nonclinical_misrouted,MSG0002816,nonclinical_category,1,category=billing_question
11,P8_nonclinical_misrouted,MSG0002816,reaches_provider,1,provider_forwards=1
11,P8_nonclinical_misrouted,MSG0002819,message_exists,1,
11,P8_nonclinical_misrouted,MSG0002819,nonclinical_category,1,category=appointment_request
11,P8_nonclinical_misrouted,MSG0002819,reaches_provider,1,provider_forwards=1
11,P2_unread_cc,MSG0002854,message_exists,1,
11,P2_unread_cc,MSG0002854,is_cc,1,
11,P2_unread_cc,MSG0002854,no_access_event,1,accesses=0
11,P2_unread_cc,MSG0002857,message_exists,1,
11,P2_unread_cc,MSG0002857,is_cc,1,
11,P2_unread_cc,MSG0002857,no_access_event,1,accesses=0
11,P2_unread_cc,MSG0002861,message_exists,1,
11,P2_unread_cc,MSG0002861,is_cc,1,
11,P2_unread_cc,MSG0002861,no_access_event,1,accesses=0
11,P2_unread_cc,MSG0002865,message_exists,1,
11,P2_unread_cc,MSG0002865,is_cc,1,
11,P2_unread_cc,MSG0002865,no_access_event,1,accesses=0
11,P7_pingpong,MSG0002908,message_exists,1,
11,P7_pingpong,MSG0002908,at_least_two_staff_to_provider_forwards,1,staff_to_provider=2
11,P7_pingpong,MSG0002908,at_least_two_provider_to_staff_forwards,1,provider_to_staff=2
11,P7_pingpong,MSG0002908,two_or_more_round_trips,1,roundtrips=2
11,P2_unread_cc,MSG0002951,message_exists,1,
11,P2_unread_cc,MSG0002951,is_cc,1,
11,P2_unread_cc,MSG0002951,no_access_event,1,accesses=0
11,P2_unread_cc,MSG0003036,message_exists,1,
11,P2_unread_cc,MSG0003036,is_cc,1,
11,P2_unread_cc,MSG0003036,no_access_event,1,accesses=0
11,P2_unread_cc,MSG0003045,message_exists,1,
11,P2_unread_cc,MSG0003045,is_cc,1,
11,P2_unread_cc,MSG0003045,no_access_event,1,accesses=0
11,P4_result_misrouted,MSG0003157,message_exists,1,
11,P4_result_misrouted,MSG0003157,is_result,1,
11,P4_result_misrouted,MSG0003157,recipient_not_ordering,1,
11,P4_result_misrouted,MSG0003157,recipient_not_covering,1,cover=None
11,P4_result_misrouted,MSG0003236,message_exists,1,
11,P4_result_misrouted,MSG0003236,is_result,1,
11,P4_result_misrouted,MSG0003236,recipient_not_ordering,1,
11,P4_result_misrouted,MSG0003236,recipient_not_covering,1,cover=None
11,P2_unread_cc,MSG0003257,message_exists,1,
11,P2_unread_cc,MSG0003257,is_cc,1,
11,P2_unread_cc,MSG0003257,no_access_event,1,accesses=0
11,P2_unread_cc,MSG0003260,message_exists,1,
11,P2_unread_cc,MSG0003260,is_cc,1,
11,P2_unread_cc,MSG0003260,no_access_event,1,accesses=0
11,P2_unread_cc,MSG0003261,message_exists,1,
11,P2_unread_cc,MSG0003261,is_cc,1,
11,P2_unread_cc,MSG0003261,no_access_event,1,accesses=0
11,P2_unread_cc,MSG0003263,message_exists,1,
11,P2_unread_cc,MSG0003263,is_cc,1,
11,P2_unread_cc,MSG0003263,no_access_event,1,accesses=0
11,P2_unread_cc,MSG0003267,message_exists,1,
11,P2_unread_cc,MSG0003267,is_cc,1,
11,P2_unread_cc,MSG0003267,no_access_event,1,accesses=0
11,P2_unread_cc,MSG0003346,message_exists,1,
11,P2_unread_cc,MSG0003346,is_cc,1,
11,P2_unread_cc,MSG0003346,no_access_event,1,accesses=0
11,P2_unread_cc,MSG0003347,message_exists,1,
11,P2_unread_cc,MSG0003347,is_cc,1,
11,P2_unread_cc,MSG0003347,no_access_event,1,accesses=0
11,P2_unread_cc,MSG0003348,message_exists,1,
11,P2_unread_cc,MSG0003348,is_cc,1,
11,P2_unread_cc,MSG0003348,no_access_event,1,accesses=0
11,P2_unread_cc,MSG0003349,message_exists,1,
11,P2_unread_cc,MSG0003349,is_cc,1,
11,P2_unread_cc,MSG0003349,no_access_event,1,accesses=0
11,P2_unread_cc,MSG0003351,message_exists,1,
11,P2_unread_cc,MSG0003351,is_cc,1,
11,P2_unread_cc,MSG0003351,no_access_event,1,accesses=0
11,P2_unread_cc,MSG0003423,message_exists,1,
11,P2_unread_cc,MSG0003423,is_cc,1,
11,P2_unread_cc,MSG0003423,no_access_event,1,accesses=0
11,P2_unread_cc,MSG0003425,message_exists,1,
11,P2_unread_cc,MSG0003425,is_cc,1,
11,P2_unread_cc,MSG0003425,no_access_event,1,accesses=0
11,P2_unread_cc,MSG0003426,message_exists,1,
11,P2_unread_cc,MSG0003426,is_cc,1,
11,P2_unread_cc,MSG0003426,no_access_event,1,accesses=0
11,P4_result_misrouted,MSG0003478,message_exists,1,
11,P4_result_misrouted,MSG0003478,is_result,1,
11,P4_result_misrouted,MSG0003478,recipient_not_ordering,1,
11,P4_result_misrouted,MSG0003478,recipient_not_covering,1,cover=None
11,P2_unread_cc,MSG0003508,message_exists,1,
11,P2_unread_cc,MSG0003508,is_cc,1,
11,P2_unread_cc,MSG0003508,no_access_event,1,accesses=0
11,P8_nonclinical_misrouted,MSG0003535,message_exists,1,
11,P8_nonclinical_misrouted,MSG0003535,nonclinical_category,1,category=appointment_request
11,P8_nonclinical_misrouted,MSG0003535,reaches_provider,1,provider_forwards=1
11,P8_nonclinical_misrouted,MSG0003537,message_exists,1,
11,P8_nonclinical_misrouted,MSG0003537,nonclinical_category,1,category=billing_question
11,P8_nonclinical_misrouted,MSG0003537,reaches_provider,1,provider_forwards=1
11,P8_nonclinical_misrouted,MSG0003547,message_exists,1,
11,P8_nonclinical_misrouted,MSG0003547,nonclinical_category,1,category=appointment_request
11,P8_nonclinical_misrouted,MSG0003547,reaches_provider,1,provider_forwards=1
11,P2_unread_cc,MSG0003603,message_exists,1,
11,P2_unread_cc,MSG0003603,is_cc,1,
11,P2_unread_cc,MSG0003603,no_access_event,1,accesses=0
11,P2_unread_cc,MSG0003607,message_exists,1,
11,P2_unread_cc,MSG0003607,is_cc,1,
11,P2_unread_cc,MSG0003607,no_access_event,1,accesses=0
11,P3_extended_thread,THR0003448,thread_exists,1,
11,P3_extended_thread,THR0003448,three_or_more_patient_incoming,1,incoming=3
11,P3_extended_thread,THR0003448,four_or_more_message_exchanges,1,in+out=6
11,P3_extended_thread,THR0003448,spans_at_least_3_days,1,span_days=7.37
11,P3_extended_thread,THR0003448,no_visit_between,1,intervening_visits=0
11,P1_thank_you,MSG0003649,message_exists,1,
11,P1_thank_you,MSG0003649,patient_originated_portal_message,1,
11,P1_thank_you,MSG0003649,is_reply_to_prior_outbound,1,
11,P1_thank_you,MSG0003649,thread_ending,1,later_messages=0
11,P1_thank_you,MSG0003649,accessed_and_completed,1,
11,P2_unread_cc,MSG0003687,message_exists,1,
11,P2_unread_cc,MSG0003687,is_cc,1,
11,P2_unread_cc,MSG0003687,no_access_event,1,accesses=0
11,P2_unread_cc,MSG0003689,message_exists,1,
11,P2_unread_cc,MSG0003689,is_cc,1,
11,P2_unread_cc,MSG0003689,no_access_event,1,accesses=0
11,P2_unread_cc,MSG0003690,message_exists,1,
11,P2_unread_cc,MSG0003690,is_cc,1,
11,P2_unread_cc,MSG0003690,no_access_event,1,accesses=0
11,P2_unread_cc,MSG0003694,message_exists,1,
11,P2_unread_cc,MSG0003694,is_cc,1,
11,P2_unread_cc,MSG0003694,no_access_event,1,accesses=0
11,P7_pingpong,MSG0003718,message_exists,1,
11,P7_pingpong,MSG0003718,at_least_two_staff_to_provider_forwards,1,staff_to_provider=2
11,P7_pingpong,MSG0003718,at_least_two_provider_to_staff_forwards,1,provider_to_staff=2
11,P7_pingpong,MSG0003718,two_or_more_round_trips,1,roundtrips=2
11,P7_pingpong,MSG0003722,message_exists,1,
11,P7_pingpong,MSG0003722,at_least_two_staff_to_provider_forwards,1,staff_to_provider=2
11,P7_pingpong,MSG0003722,at_least_two_provider_to_staff_forwards,1,provider_to_staff=2
11,P7_pingpong,MSG0003722,two_or_more_round_trips,1,roundtrips=2
11,P2_unread_cc,MSG0003763,message_exists,1,
11,P2_unread_cc,MSG0003763,is_cc,1,
11,P2_unread_cc,MSG0003763,no_access_event,1,accesses=0
11,P2_unread_cc,MSG0003764,message_exists,1,
11,P2_unread_cc,MSG0003764,is_cc,1,
11,P2_unread_cc,MSG0003764,no_access_event,1,accesses=0
11,P2_unread_cc,MSG0003770,message_exists,1,
11,P2_unread_cc,MSG0003770,is_cc,1,
11,P2_unread_cc,MSG0003770,no_access_event,1,accesses=0
11,P1_thank_you,MSG0003859,message_exists,1,
11,P1_thank_you,MSG0003859,patient_originated_portal_message,1,
11,P1_thank_you,MSG0003859,is_reply_to_prior_outbound,1,
11,P1_thank_you,MSG0003859,thread_ending,1,later_messages=0
11,P1_thank_you,MSG0003859,accessed_and_completed,1,
11,P2_unread_cc,MSG0003941,message_exists,1,
11,P2_unread_cc,MSG0003941,is_cc,1,
11,P2_unread_cc,MSG0003941,no_access_event,1,accesses=0
11,P2_unread_cc,MSG0003946,message_exists,1,
11,P2_unread_cc,MSG0003946,is_cc,1,
11,P2_unread_cc,MSG0003946,no_access_event,1,accesses=0
11,P2_unread_cc,MSG0004097,message_exists,1,
11,P2_unread_cc,MSG0004097,is_cc,1,
11,P2_unread_cc,MSG0004097,no_access_event,1,accesses=0
11,P2_unread_cc,MSG0004099,message_exists,1,
11,P2_unread_cc,MSG0004099,is_cc,1,
11,P2_unread_cc,MSG0004099,no_access_event,1,accesses=0
11,P2_unread_cc,MSG0004171,message_exists,1,
11,P2_unread_cc,MSG0004171,is_cc,1,
11,P2_unread_cc,MSG0004171,no_access_event,1,accesses=0
11,P2_unread_cc,MSG0004173,message_exists,1,
11,P2_unread_cc,MSG0004173,is_cc,1,
11,P2_unread_cc,MSG0004173,no_access_event,1,accesses=0
11,P2_unread_cc,MSG0004176,message_exists,1,
11,P2_unread_cc,MSG0004176,is_cc,1,
11,P2_unread_cc,MSG0004176,no_access_event,1,accesses=0
11,P2_unread_cc,MSG0004245,message_exists,1,
11,P2_unread_cc,MSG0004245,is_cc,1,
11,P2_unread_cc,MSG0004245,no_access_event,1,accesses=0
11,P2_unread_cc,MSG0004317,message_exists,1,
11,P2_unread_cc,MSG0004317,is_cc,1,
11,P2_unread_cc,MSG0004317,no_access_event,1,accesses=0
11,P2_unread_cc,MSG0004320,message_exists,1,
11,P2_unread_cc,MSG0004320,is_cc,1,
11,P2_unread_cc,MSG0004320,no_access_event,1,accesses=0
11,P2_unread_cc,MSG0004322,message_exists,1,
11,P2_unread_cc,MSG0004322,is_cc,1,
11,P2_unread_cc,MSG0004322,no_access_event,1,accesses=0
11,P1_thank_you,MSG0004360,message_exists,1,
11,P1_thank_you,MSG0004360,patient_originated_portal_message,1,
11,P1_thank_you,MSG0004360,is_reply_to_prior_outbound,1,
11,P1_thank_you,MSG0004360,thread_ending,1,later_messages=0
11,P1_thank_you,MSG0004360,accessed_and_completed,1,
11,P4_result_misrouted,MSG0004377,message_exists,1,
11,P4_result_misrouted,MSG0004377,is_result,1,
11,P4_result_misrouted,MSG0004377,recipient_not_ordering,1,
11,P4_result_misrouted,MSG0004377,recipient_not_covering,1,cover=None
11,P4_result_misrouted,MSG0004381,message_exists,1,
11,P4_result_misrouted,MSG0004381,is_result,1,
11,P4_result_misrouted,MSG0004381,recipient_not_ordering,1,
11,P4_result_misrouted,MSG0004381,recipient_not_covering,1,cover=None
11,P2_unread_cc,MSG0004409,message_exists,1,
11,P2_unread_cc,MSG0004409,is_cc,1,
11,P2_unread_cc,MSG0004409,no_access_event,1,accesses=0
11,P2_unread_cc,MSG0004410,message_exists,1,
11,P2_unread_cc,MSG0004410,is_cc,1,
11,P2_unread_cc,MSG0004410,no_access_event,1,accesses=0
11,P2_unread_cc,MSG0004412,message_exists,1,
11,P2_unread_cc,MSG0004412,is_cc,1,
11,P2_unread_cc,MSG0004412,no_access_event,1,accesses=0
11,P2_unread_cc,MSG0004413,message_exists,1,
11,P2_unread_cc,MSG0004413,is_cc,1,
11,P2_unread_cc,MSG0004413,no_access_event,1,accesses=0
11,P2_unread_cc,MSG0004415,message_exists,1,
11,P2_unread_cc,MSG0004415,is_cc,1,
11,P2_unread_cc,MSG0004415,no_access_event,1,accesses=0
11,P2_unread_cc,MSG0004498,message_exists,1,
11,P2_unread_cc,MSG0004498,is_cc,1,
11,P2_unread_cc,MSG0004498,no_access_event,1,accesses=0
11,P3_extended_thread,THR0004285,thread_exists,1,
11,P3_extended_thread,THR0004285,three_or_more_patient_incoming,1,incoming=3
11,P3_extended_thread,THR0004285,four_or_more_message_exchanges,1,in+out=6
11,P3_extended_thread,THR0004285,spans_at_least_3_days,1,span_days=7.82
11,P3_extended_thread,THR0004285,no_visit_between,1,intervening_visits=0
11,P8_nonclinical_misrouted,MSG0004544,message_exists,1,
11,P8_nonclinical_misrouted,MSG0004544,nonclinical_category,1,category=cancellation
11,P8_nonclinical_misrouted,MSG0004544,reaches_provider,1,provider_forwards=1
11,P2_unread_cc,MSG0004578,message_exists,1,
11,P2_unread_cc,MSG0004578,is_cc,1,
11,P2_unread_cc,MSG0004578,no_access_event,1,accesses=0
11,P2_unread_cc,MSG0004582,message_exists,1,
11,P2_unread_cc,MSG0004582,is_cc,1,
11,P2_unread_cc,MSG0004582,no_access_event,1,accesses=0
11,P2_unread_cc,MSG0004584,message_exists,1,
11,P2_unread_cc,MSG0004584,is_cc,1,
11,P2_unread_cc,MSG0004584,no_access_event,1,accesses=0
11,P2_unread_cc,MSG0004586,message_exists,1,
11,P2_unread_cc,MSG0004586,is_cc,1,
11,P2_unread_cc,MSG0004586,no_access_event,1,accesses=0
11,P7_pingpong,MSG0004629,message_exists,1,
11,P7_pingpong,MSG0004629,at_least_two_staff_to_provider_forwards,1,staff_to_provider=2
11,P7_pingpong,MSG0004629,at_least_two_provider_to_staff_forwards,1,provider_to_staff=2
11,P7_pingpong,MSG0004629,two_or_more_round_trips,1,roundtrips=2
11,P2_unread_cc,MSG0004677,message_exists,1,
11,P2_unread_cc,MSG0004677,is_cc,1,
11,P2_unread_cc,MSG0004677,no_access_event,1,accesses=0
11,P4_result_misrouted,MSG0004721,message_exists,1,
11,P4_result_misrouted,MSG0004721,is_result,1,
11,P4_result_misrouted,MSG0004721,recipient_not_ordering,1,
11,P4_result_misrouted,MSG0004721,recipient_not_covering,1,cover=None
11,P2_unread_cc,MSG0004747,message_exists,1,
11,P2_unread_cc,MSG0004747,is_cc,1,
11,P2_unread_cc,MSG0004747,no_access_event,1,accesses=0
11,P2_unread_cc,MSG0004750,message_exists,1,
11,P2_unread_cc,MSG0004750,is_cc,1,
11,P2_unread_cc,MSG0004750,no_access_event,1,accesses=0
11,P2_unread_cc,MSG0004753,message_exists,1,
11,P2_unread_cc,MSG0004753,is_cc,1,
11,P2_unread_cc,MSG0004753,no_access_event,1,accesses=0
11,P2_unread_cc,MSG0004891,message_exists,1,
11,P2_unread_cc,MSG0004891,is_cc,1,
11,P2_unread_cc,MSG0004891,no_access_event,1,accesses=0
11,P2_unread_cc,MSG0004976,message_exists,1,
11,P2_unread_cc,MSG0004976,is_cc,1,
11,P2_unread_cc,MSG0004976,no_access_event,1,accesses=0
11,P2_unread_cc,MSG0005054,message_exists,1,
11,P2_unread_cc,MSG0005054,is_cc,1,
11,P2_unread_cc,MSG0005054,no_access_event,1,accesses=0
11,P2_unread_cc,MSG0005056,message_exists,1,
11,P2_unread_cc,MSG0005056,is_cc,1,
11,P2_unread_cc,MSG0005056,no_access_event,1,accesses=0
11,P2_unread_cc,MSG0005057,message_exists,1,
11,P2_unread_cc,MSG0005057,is_cc,1,
11,P2_unread_cc,MSG0005057,no_access_event,1,accesses=0
11,P2_unread_cc,MSG0005064,message_exists,1,
11,P2_unread_cc,MSG0005064,is_cc,1,
11,P2_unread_cc,MSG0005064,no_access_event,1,accesses=0
11,P2_unread_cc,MSG0005067,message_exists,1,
11,P2_unread_cc,MSG0005067,is_cc,1,
11,P2_unread_cc,MSG0005067,no_access_event,1,accesses=0
12,P1_thank_you,MSG0000003,message_exists,1,
12,P1_thank_you,MSG0000003,patient_originated_portal_message,1,
12,P1_thank_you,MSG0000003,is_reply_to_prior_outbound,1,
12,P1_thank_you,MSG0000003,thread_ending,1,later_messages=0
12,P1_thank_you,MSG0000003,accessed_and_completed,1,
12,P2_unread_cc,MSG0000056,message_exists,1,
12,P2_unread_cc,MSG0000056,is_cc,1,
12,P2_unread_cc,MSG0000056,no_access_event,1,accesses=0
12,P2_unread_cc,MSG0000057,message_exists,1,
12,P2_unread_cc,MSG0000057,is_cc,1,
12,P2_unread_cc,MSG0000057,no_access_event,1,accesses=0
12,P1_thank_you,MSG0000106,message_exists,1,
12,P1_thank_you,MSG0000106,patient_originated_portal_message,1,
12,P1_thank_you,MSG0000106,is_reply_to_prior_outbound,1,
12,P1_thank_you,MSG0000106,thread_ending,1,later_messages=0
12,P1_thank_you,MSG0000106,accessed_and_completed,1,
12,P7_pingpong,MSG0000112,message_exists,1,
12,P7_pingpong,MSG0000112,at_least_two_staff_to_provider_forwards,1,staff_to_provider=2
12,P7_pingpong,MSG0000112,at_least_two_provider_to_staff_forwards,1,provider_to_staff=2
12,P7_pingpong,MSG0000112,two_or_more_round_trips,1,roundtrips=2
12,P4_result_misrouted,MSG0000121,message_exists,1,
12,P4_result_misrouted,MSG0000121,is_result,1,
12,P4_result_misrouted,MSG0000121,recipient_not_ordering,1,
12,P4_result_misrouted,MSG0000121,recipient_not_covering,1,cover=None
12,P2_unread_cc,MSG0000146,message_exists,1,
12,P2_unread_cc,MSG0000146,is_cc,1,
12,P2_unread_cc,MSG0000146,no_access_event,1,accesses=0
12,P4_result_misrouted,MSG0000276,message_exists,1,
12,P4_result_misrouted,MSG0000276,is_result,1,
12,P4_result_misrouted,MSG0000276,recipient_not_ordering,1,
12,P4_result_misrouted,MSG0000276,recipient_not_covering,1,cover=None
12,P2_unread_cc,MSG0000299,message_exists,1,
12,P2_unread_cc,MSG0000299,is_cc,1,
12,P2_unread_cc,MSG0000299,no_access_event,1,accesses=0
12,P4_result_misrouted,MSG0000356,message_exists,1,
12,P4_result_misrouted,MSG0000356,is_result,1,
12,P4_result_misrouted,MSG0000356,recipient_not_ordering,1,
12,P4_result_misrouted,MSG0000356,recipient_not_covering,1,cover=None
12,P2_unread_cc,MSG0000375,message_exists,1,
12,P2_unread_cc,MSG0000375,is_cc,1,
12,P2_unread_cc,MSG0000375,no_access_event,1,accesses=0
12,P2_unread_cc,MSG0000381,message_exists,1,
12,P2_unread_cc,MSG0000381,is_cc,1,
12,P2_unread_cc,MSG0000381,no_access_event,1,accesses=0
12,P4_result_misrouted,MSG0000443,message_exists,1,
12,P4_result_misrouted,MSG0000443,is_result,1,
12,P4_result_misrouted,MSG0000443,recipient_not_ordering,1,
12,P4_result_misrouted,MSG0000443,recipient_not_covering,1,cover=None
12,P2_unread_cc,MSG0000469,message_exists,1,
12,P2_unread_cc,MSG0000469,is_cc,1,
12,P2_unread_cc,MSG0000469,no_access_event,1,accesses=0
12,P2_unread_cc,MSG0000548,message_exists,1,
12,P2_unread_cc,MSG0000548,is_cc,1,
12,P2_unread_cc,MSG0000548,no_access_event,1,accesses=0
12,P2_unread_cc,MSG0000635,message_exists,1,
12,P2_unread_cc,MSG0000635,is_cc,1,
12,P2_unread_cc,MSG0000635,no_access_event,1,accesses=0
12,P2_unread_cc,MSG0000638,message_exists,1,
12,P2_unread_cc,MSG0000638,is_cc,1,
12,P2_unread_cc,MSG0000638,no_access_event,1,accesses=0
12,P2_unread_cc,MSG0000639,message_exists,1,
12,P2_unread_cc,MSG0000639,is_cc,1,
12,P2_unread_cc,MSG0000639,no_access_event,1,accesses=0
12,P7_pingpong,MSG0000687,message_exists,1,
12,P7_pingpong,MSG0000687,at_least_two_staff_to_provider_forwards,1,staff_to_provider=2
12,P7_pingpong,MSG0000687,at_least_two_provider_to_staff_forwards,1,provider_to_staff=2
12,P7_pingpong,MSG0000687,two_or_more_round_trips,1,roundtrips=2
12,P2_unread_cc,MSG0000729,message_exists,1,
12,P2_unread_cc,MSG0000729,is_cc,1,
12,P2_unread_cc,MSG0000729,no_access_event,1,accesses=0
12,P2_unread_cc,MSG0000730,message_exists,1,
12,P2_unread_cc,MSG0000730,is_cc,1,
12,P2_unread_cc,MSG0000730,no_access_event,1,accesses=0
12,P2_unread_cc,MSG0000732,message_exists,1,
12,P2_unread_cc,MSG0000732,is_cc,1,
12,P2_unread_cc,MSG0000732,no_access_event,1,accesses=0
12,P2_unread_cc,MSG0000735,message_exists,1,
12,P2_unread_cc,MSG0000735,is_cc,1,
12,P2_unread_cc,MSG0000735,no_access_event,1,accesses=0
12,P2_unread_cc,MSG0000743,message_exists,1,
12,P2_unread_cc,MSG0000743,is_cc,1,
12,P2_unread_cc,MSG0000743,no_access_event,1,accesses=0
12,P7_pingpong,MSG0000775,message_exists,1,
12,P7_pingpong,MSG0000775,at_least_two_staff_to_provider_forwards,1,staff_to_provider=2
12,P7_pingpong,MSG0000775,at_least_two_provider_to_staff_forwards,1,provider_to_staff=2
12,P7_pingpong,MSG0000775,two_or_more_round_trips,1,roundtrips=2
12,P2_unread_cc,MSG0000816,message_exists,1,
12,P2_unread_cc,MSG0000816,is_cc,1,
12,P2_unread_cc,MSG0000816,no_access_event,1,accesses=0
12,P2_unread_cc,MSG0000817,message_exists,1,
12,P2_unread_cc,MSG0000817,is_cc,1,
12,P2_unread_cc,MSG0000817,no_access_event,1,accesses=0
12,P2_unread_cc,MSG0000820,message_exists,1,
12,P2_unread_cc,MSG0000820,is_cc,1,
12,P2_unread_cc,MSG0000820,no_access_event,1,accesses=0
12,P2_unread_cc,MSG0000826,message_exists,1,
12,P2_unread_cc,MSG0000826,is_cc,1,
12,P2_unread_cc,MSG0000826,no_access_event,1,accesses=0
12,P1_thank_you,MSG0000856,message_exists,1,
12,P1_thank_you,MSG0000856,patient_originated_portal_message,1,
12,P1_thank_you,MSG0000856,is_reply_to_prior_outbound,1,
12,P1_thank_you,MSG0000856,thread_ending,1,later_messages=0
12,P1_thank_you,MSG0000856,accessed_and_completed,1,
12,P4_result_misrouted,MSG0000873,message_exists,1,
12,P4_result_misrouted,MSG0000873,is_result,1,
12,P4_result_misrouted,MSG0000873,recipient_not_ordering,1,
12,P4_result_misrouted,MSG0000873,recipient_not_covering,1,cover=None
12,P4_result_misrouted,MSG0000877,message_exists,1,
12,P4_result_misrouted,MSG0000877,is_result,1,
12,P4_result_misrouted,MSG0000877,recipient_not_ordering,1,
12,P4_result_misrouted,MSG0000877,recipient_not_covering,1,cover=None
12,P2_unread_cc,MSG0000901,message_exists,1,
12,P2_unread_cc,MSG0000901,is_cc,1,
12,P2_unread_cc,MSG0000901,no_access_event,1,accesses=0
12,P3_extended_thread,THR0000877,thread_exists,1,
12,P3_extended_thread,THR0000877,three_or_more_patient_incoming,1,incoming=3
12,P3_extended_thread,THR0000877,four_or_more_message_exchanges,1,in+out=6
12,P3_extended_thread,THR0000877,spans_at_least_3_days,1,span_days=6.02
12,P3_extended_thread,THR0000877,no_visit_between,1,intervening_visits=0
12,P4_result_misrouted,MSG0000959,message_exists,1,
12,P4_result_misrouted,MSG0000959,is_result,1,
12,P4_result_misrouted,MSG0000959,recipient_not_ordering,1,
12,P4_result_misrouted,MSG0000959,recipient_not_covering,1,cover=None
12,P2_unread_cc,MSG0000984,message_exists,1,
12,P2_unread_cc,MSG0000984,is_cc,1,
12,P2_unread_cc,MSG0000984,no_access_event,1,accesses=0
12,P4_result_misrouted,MSG0001032,message_exists,1,
12,P4_result_misrouted,MSG0001032,is_result,1,
12,P4_result_misrouted,MSG0001032,recipient_not_ordering,1,
12,P4_result_misrouted,MSG0001032,recipient_not_covering,1,cover=None
12,P2_unread_cc,MSG0001059,message_exists,1,
12,P2_unread_cc,MSG0001059,is_cc,1,
12,P2_unread_cc,MSG0001059,no_access_event,1,accesses=0
12,P2_unread_cc,MSG0001060,message_exists,1,
12,P2_unread_cc,MSG0001060,is_cc,1,
12,P2_unread_cc,MSG0001060,no_access_event,1,accesses=0
12,P2_unread_cc,MSG0001061,message_exists,1,
12,P2_unread_cc,MSG0001061,is_cc,1,
12,P2_unread_cc,MSG0001061,no_access_event,1,accesses=0
12,P2_unread_cc,MSG0001139,message_exists,1,
12,P2_unread_cc,MSG0001139,is_cc,1,
12,P2_unread_cc,MSG0001139,no_access_event,1,accesses=0
12,P2_unread_cc,MSG0001143,message_exists,1,
12,P2_unread_cc,MSG0001143,is_cc,1,
12,P2_unread_cc,MSG0001143,no_access_event,1,accesses=0
12,P4_result_misrouted,MSG0001187,message_exists,1,
12,P4_result_misrouted,MSG0001187,is_result,1,
12,P4_result_misrouted,MSG0001187,recipient_not_ordering,1,
12,P4_result_misrouted,MSG0001187,recipient_not_covering,1,cover=None
12,P2_unread_cc,MSG0001214,message_exists,1,
12,P2_unread_cc,MSG0001214,is_cc,1,
12,P2_unread_cc,MSG0001214,no_access_event,1,accesses=0
12,P2_unread_cc,MSG0001215,message_exists,1,
12,P2_unread_cc,MSG0001215,is_cc,1,
12,P2_unread_cc,MSG0001215,no_access_event,1,accesses=0
12,P3_extended_thread,THR0001223,thread_exists,1,
12,P3_extended_thread,THR0001223,three_or_more_patient_incoming,1,incoming=3
12,P3_extended_thread,THR0001223,four_or_more_message_exchanges,1,in+out=6
12,P3_extended_thread,THR0001223,spans_at_least_3_days,1,span_days=9.22
12,P3_extended_thread,THR0001223,no_visit_between,1,intervening_visits=0
12,P1_thank_you,MSG0001336,message_exists,1,
12,P1_thank_you,MSG0001336,patient_originated_portal_message,1,
12,P1_thank_you,MSG0001336,is_reply_to_prior_outbound,1,
12,P1_thank_you,MSG0001336,thread_ending,1,later_messages=0
12,P1_thank_you,MSG0001336,accessed_and_completed,1,
12,P4_result_misrouted,MSG0001341,message_exists,1,
12,P4_result_misrouted,MSG0001341,is_result,1,
12,P4_result_misrouted,MSG0001341,recipient_not_ordering,1,
12,P4_result_misrouted,MSG0001341,recipient_not_covering,1,cover=None
12,P3_extended_thread,THR0001277,thread_exists,1,
12,P3_extended_thread,THR0001277,three_or_more_patient_incoming,1,incoming=3
12,P3_extended_thread,THR0001277,four_or_more_message_exchanges,1,in+out=8
12,P3_extended_thread,THR0001277,spans_at_least_3_days,1,span_days=7.06
12,P3_extended_thread,THR0001277,no_visit_between,0,intervening_visits=1
12,P7_pingpong,MSG0001366,message_exists,1,
12,P7_pingpong,MSG0001366,at_least_two_staff_to_provider_forwards,1,staff_to_provider=2
12,P7_pingpong,MSG0001366,at_least_two_provider_to_staff_forwards,1,provider_to_staff=2
12,P7_pingpong,MSG0001366,two_or_more_round_trips,1,roundtrips=2
12,P2_unread_cc,MSG0001402,message_exists,1,
12,P2_unread_cc,MSG0001402,is_cc,1,
12,P2_unread_cc,MSG0001402,no_access_event,1,accesses=0
12,P3_extended_thread,THR0001353,thread_exists,1,
12,P3_extended_thread,THR0001353,three_or_more_patient_incoming,1,incoming=3
12,P3_extended_thread,THR0001353,four_or_more_message_exchanges,1,in+out=6
12,P3_extended_thread,THR0001353,spans_at_least_3_days,1,span_days=6.83
12,P3_extended_thread,THR0001353,no_visit_between,1,intervening_visits=0
12,P2_unread_cc,MSG0001493,message_exists,1,
12,P2_unread_cc,MSG0001493,is_cc,1,
12,P2_unread_cc,MSG0001493,no_access_event,1,accesses=0
12,P2_unread_cc,MSG0001499,message_exists,1,
12,P2_unread_cc,MSG0001499,is_cc,1,
12,P2_unread_cc,MSG0001499,no_access_event,1,accesses=0
12,P2_unread_cc,MSG0001500,message_exists,1,
12,P2_unread_cc,MSG0001500,is_cc,1,
12,P2_unread_cc,MSG0001500,no_access_event,1,accesses=0
12,P3_extended_thread,THR0001434,thread_exists,1,
12,P3_extended_thread,THR0001434,three_or_more_patient_incoming,1,incoming=4
12,P3_extended_thread,THR0001434,four_or_more_message_exchanges,1,in+out=7
12,P3_extended_thread,THR0001434,spans_at_least_3_days,1,span_days=6.78
12,P3_extended_thread,THR0001434,no_visit_between,1,intervening_visits=0
12,P1_thank_you,MSG0001543,message_exists,1,
12,P1_thank_you,MSG0001543,patient_originated_portal_message,1,
12,P1_thank_you,MSG0001543,is_reply_to_prior_outbound,1,
12,P1_thank_you,MSG0001543,thread_ending,1,later_messages=0
12,P1_thank_you,MSG0001543,accessed_and_completed,1,
12,P2_unread_cc,MSG0001583,message_exists,1,
12,P2_unread_cc,MSG0001583,is_cc,1,
12,P2_unread_cc,MSG0001583,no_access_event,1,accesses=0
12,P2_unread_cc,MSG0001586,message_exists,1,
12,P2_unread_cc,MSG0001586,is_cc,1,
12,P2_unread_cc,MSG0001586,no_access_event,1,accesses=0
12,P2_unread_cc,MSG0001590,message_exists,1,
12,P2_unread_cc,MSG0001590,is_cc,1,
12,P2_unread_cc,MSG0001590,no_access_event,1,accesses=0
12,P8_nonclinical_misrouted,MSG0001626,message_exists,1,
12,P8_nonclinical_misrouted,MSG0001626,nonclinical_category,1,category=billing_question
12,P8_nonclinical_misrouted,MSG0001626,reaches_provider,1,provider_forwards=1
12,P3_extended_thread,THR0001516,thread_exists,1,
12,P3_extended_thread,THR0001516,three_or_more_patient_incoming,1,incoming=3
12,P3_extended_thread,THR0001516,four_or_more_message_exchanges,1,in+out=6
12,P3_extended_thread,THR0001516,spans_at_least_3_days,1,span_days=6.88
12,P3_extended_thread,THR0001516,no_visit_between,1,intervening_visits=0
12,P4_result_misrouted,MSG0001643,message_exists,1,
12,P4_result_misrouted,MSG0001643,is_result,1,
12,P4_result_misrouted,MSG0001643,recipient_not_ordering,1,
12,P4_result_misrouted,MSG0001643,recipient_not_covering,1,cover=None
12,P2_unread_cc,MSG0001671,message_exists,1,
12,P2_unread_cc,MSG0001671,is_cc,1,
12,P2_unread_cc,MSG0001671,no_access_event,1,accesses=0
12,P2_unread_cc,MSG0001672,message_exists,1,
12,P2_unread_cc,MSG0001672,is_cc,1,
12,P2_unread_cc,MSG0001672,no_access_event,1,accesses=0
12,P7_pingpong,MSG0001714,message_exists,1,
12,P7_pingpong,MSG0001714,at_least_two_staff_to_provider_forwards,1,staff_to_provider=2
12,P7_pingpong,MSG0001714,at_least_two_provider_to_staff_forwards,1,provider_to_staff=2
12,P7_pingpong,MSG0001714,two_or_more_round_trips,1,roundtrips=2
12,P4_result_misrouted,MSG0001806,message_exists,1,
12,P4_result_misrouted,MSG0001806,is_result,1,
12,P4_result_misrouted,MSG0001806,recipient_not_ordering,1,
12,P4_result_misrouted,MSG0001806,recipient_not_covering,1,cover=None
12,P2_unread_cc,MSG0001833,message_exists,1,
12,P2_unread_cc,MSG0001833,is_cc,1,
12,P2_unread_cc,MSG0001833,no_access_event,1,accesses=0
12,P4_result_misrouted,MSG0001880,message_exists,1,
12,P4_result_misrouted,MSG0001880,is_result,1,
12,P4_result_misrouted,MSG0001880,recipient_not_ordering,1,
12,P4_result_misrouted,MSG0001880,recipient_not_covering,1,cover=None
12,P2_unread_cc,MSG0001905,message_exists,1,
12,P2_unread_cc,MSG0001905,is_cc,1,
12,P2_unread_cc,MSG0001905,no_access_event,1,accesses=0
12,P2_unread_cc,MSG0001906,message_exists,1,
12,P2_unread_cc,MSG0001906,is_cc,1,
12,P2_unread_cc,MSG0001906,no_access_event,1,accesses=0
12,P2_unread_cc,MSG0001910,message_exists,1,
12,P2_unread_cc,MSG0001910,is_cc,1,
12,P2_unread_cc,MSG0001910,no_access_event,1,accesses=0
12,P2_unread_cc,MSG0001911,message_exists,1,
12,P2_unread_cc,MSG0001911,is_cc,1,
12,P2_unread_cc,MSG0001911,no_access_event,1,accesses=0
12,P2_unread_cc,MSG0001912,message_exists,1,
12,P2_unread_cc,MSG0001912,is_cc,1,
12,P2_unread_cc,MSG0001912,no_access_event,1,accesses=0
12,P2_unread_cc,MSG0001914,message_exists,1,
12,P2_unread_cc,MSG0001914,is_cc,1,
12,P2_unread_cc,MSG0001914,no_access_event,1,accesses=0
12,P2_unread_cc,MSG0001975,message_exists,1,
12,P2_unread_cc,MSG0001975,is_cc,1,
12,P2_unread_cc,MSG0001975,no_access_event,1,accesses=0
12,P2_unread_cc,MSG0001976,message_exists,1,
12,P2_unread_cc,MSG0001976,is_cc,1,
12,P2_unread_cc,MSG0001976,no_access_event,1,accesses=0
12,P2_unread_cc,MSG0001977,message_exists,1,
12,P2_unread_cc,MSG0001977,is_cc,1,
12,P2_unread_cc,MSG0001977,no_access_event,1,accesses=0
12,P2_unread_cc,MSG0001979,message_exists,1,
12,P2_unread_cc,MSG0001979,is_cc,1,
12,P2_unread_cc,MSG0001979,no_access_event,1,accesses=0
12,P2_unread_cc,MSG0001980,message_exists,1,
12,P2_unread_cc,MSG0001980,is_cc,1,
12,P2_unread_cc,MSG0001980,no_access_event,1,accesses=0
12,P2_unread_cc,MSG0002061,message_exists,1,
12,P2_unread_cc,MSG0002061,is_cc,1,
12,P2_unread_cc,MSG0002061,no_access_event,1,accesses=0
12,P2_unread_cc,MSG0002137,message_exists,1,
12,P2_unread_cc,MSG0002137,is_cc,1,
12,P2_unread_cc,MSG0002137,no_access_event,1,accesses=0
12,P2_unread_cc,MSG0002139,message_exists,1,
12,P2_unread_cc,MSG0002139,is_cc,1,
12,P2_unread_cc,MSG0002139,no_access_event,1,accesses=0
12,P2_unread_cc,MSG0002140,message_exists,1,
12,P2_unread_cc,MSG0002140,is_cc,1,
12,P2_unread_cc,MSG0002140,no_access_event,1,accesses=0
12,P2_unread_cc,MSG0002141,message_exists,1,
12,P2_unread_cc,MSG0002141,is_cc,1,
12,P2_unread_cc,MSG0002141,no_access_event,1,accesses=0
12,P4_result_misrouted,MSG0002179,message_exists,1,
12,P4_result_misrouted,MSG0002179,is_result,1,
12,P4_result_misrouted,MSG0002179,recipient_not_ordering,1,
12,P4_result_misrouted,MSG0002179,recipient_not_covering,1,cover=None
12,P2_unread_cc,MSG0002212,message_exists,1,
12,P2_unread_cc,MSG0002212,is_cc,1,
12,P2_unread_cc,MSG0002212,no_access_event,1,accesses=0
12,P8_nonclinical_misrouted,MSG0002267,message_exists,1,
12,P8_nonclinical_misrouted,MSG0002267,nonclinical_category,1,category=cancellation
12,P8_nonclinical_misrouted,MSG0002267,reaches_provider,1,provider_forwards=1
12,P2_unread_cc,MSG0002395,message_exists,1,
12,P2_unread_cc,MSG0002395,is_cc,1,
12,P2_unread_cc,MSG0002395,no_access_event,1,accesses=0
12,P2_unread_cc,MSG0002396,message_exists,1,
12,P2_unread_cc,MSG0002396,is_cc,1,
12,P2_unread_cc,MSG0002396,no_access_event,1,accesses=0
12,P2_unread_cc,MSG0002399,message_exists,1,
12,P2_unread_cc,MSG0002399,is_cc,1,
12,P2_unread_cc,MSG0002399,no_access_event,1,accesses=0
12,P8_nonclinical_misrouted,MSG0002438,message_exists,1,
12,P8_nonclinical_misrouted,MSG0002438,nonclinical_category,1,category=billing_question
12,P8_nonclinical_misrouted,MSG0002438,reaches_provider,1,provider_forwards=1
12,P2_unread_cc,MSG0002473,message_exists,1,
12,P2_unread_cc,MSG0002473,is_cc,1,
12,P2_unread_cc,MSG0002473,no_access_event,1,accesses=0
12,P7_pingpong,MSG0002505,message_exists,1,
12,P7_pingpong,MSG0002505,at_least_two_staff_to_provider_forwards,1,staff_to_provider=2
12,P7_pingpong,MSG0002505,at_least_two_provider_to_staff_forwards,1,provider_to_staff=2
12,P7_pingpong,MSG0002505,two_or_more_round_trips,1,roundtrips=2
12,P2_unread_cc,MSG0002548,message_exists,1,
12,P2_unread_cc,MSG0002548,is_cc,1,
12,P2_unread_cc,MSG0002548,no_access_event,1,accesses=0
12,P7_pingpong,MSG0002666,message_exists,1,
12,P7_pingpong,MSG0002666,at_least_two_staff_to_provider_forwards,1,staff_to_provider=2
12,P7_pingpong,MSG0002666,at_least_two_provider_to_staff_forwards,1,provider_to_staff=2
12,P7_pingpong,MSG0002666,two_or_more_round_trips,1,roundtrips=2
12,P2_unread_cc,MSG0002692,message_exists,1,
12,P2_unread_cc,MSG0002692,is_cc,1,
12,P2_unread_cc,MSG0002692,no_access_event,1,accesses=0
12,P2_unread_cc,MSG0002697,message_exists,1,
12,P2_unread_cc,MSG0002697,is_cc,1,
12,P2_unread_cc,MSG0002697,no_access_event,1,accesses=0
12,P2_unread_cc,MSG0002699,message_exists,1,
12,P2_unread_cc,MSG0002699,is_cc,1,
12,P2_unread_cc,MSG0002699,no_access_event,1,accesses=0
12,P2_unread_cc,MSG0002700,message_exists,1,
12,P2_unread_cc,MSG0002700,is_cc,1,
12,P2_unread_cc,MSG0002700,no_access_event,1,accesses=0
12,P1_thank_you,MSG0002740,message_exists,1,
12,P1_thank_you,MSG0002740,patient_originated_portal_message,1,
12,P1_thank_you,MSG0002740,is_reply_to_prior_outbound,1,
12,P1_thank_you,MSG0002740,thread_ending,1,later_messages=0
12,P1_thank_you,MSG0002740,accessed_and_completed,1,
12,P8_nonclinical_misrouted,MSG0002743,message_exists,1,
12,P8_nonclinical_misrouted,MSG0002743,nonclinical_category,1,category=cancellation
12,P8_nonclinical_misrouted,MSG0002743,reaches_provider,1,provider_forwards=1
12,P2_unread_cc,MSG0002773,message_exists,1,
12,P2_unread_cc,MSG0002773,is_cc,1,
12,P2_unread_cc,MSG0002773,no_access_event,1,accesses=0
12,P2_unread_cc,MSG0002774,message_exists,1,
12,P2_unread_cc,MSG0002774,is_cc,1,
12,P2_unread_cc,MSG0002774,no_access_event,1,accesses=0
12,P2_unread_cc,MSG0002781,message_exists,1,
12,P2_unread_cc,MSG0002781,is_cc,1,
12,P2_unread_cc,MSG0002781,no_access_event,1,accesses=0
12,P4_result_misrouted,MSG0002815,message_exists,1,
12,P4_result_misrouted,MSG0002815,is_result,1,
12,P4_result_misrouted,MSG0002815,recipient_not_ordering,1,
12,P4_result_misrouted,MSG0002815,recipient_not_covering,1,cover=None
12,P4_result_misrouted,MSG0002824,message_exists,1,
12,P4_result_misrouted,MSG0002824,is_result,1,
12,P4_result_misrouted,MSG0002824,recipient_not_ordering,1,
12,P4_result_misrouted,MSG0002824,recipient_not_covering,1,cover=None
12,P2_unread_cc,MSG0002843,message_exists,1,
12,P2_unread_cc,MSG0002843,is_cc,1,
12,P2_unread_cc,MSG0002843,no_access_event,1,accesses=0
12,P2_unread_cc,MSG0002846,message_exists,1,
12,P2_unread_cc,MSG0002846,is_cc,1,
12,P2_unread_cc,MSG0002846,no_access_event,1,accesses=0
12,P2_unread_cc,MSG0002850,message_exists,1,
12,P2_unread_cc,MSG0002850,is_cc,1,
12,P2_unread_cc,MSG0002850,no_access_event,1,accesses=0
12,P2_unread_cc,MSG0002853,message_exists,1,
12,P2_unread_cc,MSG0002853,is_cc,1,
12,P2_unread_cc,MSG0002853,no_access_event,1,accesses=0
12,P8_nonclinical_misrouted,MSG0002893,message_exists,1,
12,P8_nonclinical_misrouted,MSG0002893,nonclinical_category,1,category=cancellation
12,P8_nonclinical_misrouted,MSG0002893,reaches_provider,1,provider_forwards=1
12,P4_result_misrouted,MSG0002904,message_exists,1,
12,P4_result_misrouted,MSG0002904,is_result,1,
12,P4_result_misrouted,MSG0002904,recipient_not_ordering,1,
12,P4_result_misrouted,MSG0002904,recipient_not_covering,1,cover=None
12,P2_unread_cc,MSG0002934,message_exists,1,
12,P2_unread_cc,MSG0002934,is_cc,1,
12,P2_unread_cc,MSG0002934,no_access_event,1,accesses=0
12,P2_unread_cc,MSG0002937,message_exists,1,
12,P2_unread_cc,MSG0002937,is_cc,1,
12,P2_unread_cc,MSG0002937,no_access_event,1,accesses=0
12,P2_unread_cc,MSG0002942,message_exists,1,
12,P2_unread_cc,MSG0002942,is_cc,1,
12,P2_unread_cc,MSG0002942,no_access_event,1,accesses=0
12,P8_nonclinical_misrouted,MSG0002986,message_exists,1,
12,P8_nonclinical_misrouted,MSG0002986,nonclinical_category,1,category=cancellation
12,P8_nonclinical_misrouted,MSG0002986,reaches_provider,1,provider_forwards=1
12,P2_unread_cc,MSG0003101,message_exists,1,
12,P2_unread_cc,MSG0003101,is_cc,1,
12,P2_unread_cc,MSG0003101,no_access_event,1,accesses=0
12,P2_unread_cc,MSG0003102,message_exists,1,
12,P2_unread_cc,MSG0003102,is_cc,1,
12,P2_unread_cc,MSG0003102,no_access_event,1,accesses=0
12,P2_unread_cc,MSG0003105,message_exists,1,
12,P2_unread_cc,MSG0003105,is_cc,1,
12,P2_unread_cc,MSG0003105,no_access_event,1,accesses=0
12,P2_unread_cc,MSG0003111,message_exists,1,
12,P2_unread_cc,MSG0003111,is_cc,1,
12,P2_unread_cc,MSG0003111,no_access_event,1,accesses=0
12,P1_thank_you,MSG0003146,message_exists,1,
12,P1_thank_you,MSG0003146,patient_originated_portal_message,1,
12,P1_thank_you,MSG0003146,is_reply_to_prior_outbound,1,
12,P1_thank_you,MSG0003146,thread_ending,1,later_messages=0
12,P1_thank_you,MSG0003146,accessed_and_completed,1,
12,P4_result_misrouted,MSG0003170,message_exists,1,
12,P4_result_misrouted,MSG0003170,is_result,1,
12,P4_result_misrouted,MSG0003170,recipient_not_ordering,1,
12,P4_result_misrouted,MSG0003170,recipient_not_covering,1,cover=None
12,P2_unread_cc,MSG0003197,message_exists,1,
12,P2_unread_cc,MSG0003197,is_cc,1,
12,P2_unread_cc,MSG0003197,no_access_event,1,accesses=0
12,P7_pingpong,MSG0003237,message_exists,1,
12,P7_pingpong,MSG0003237,at_least_two_staff_to_provider_forwards,1,staff_to_provider=2
12,P7_pingpong,MSG0003237,at_least_two_provider_to_staff_forwards,1,provider_to_staff=2
12,P7_pingpong,MSG0003237,two_or_more_round_trips,1,roundtrips=2
12,P2_unread_cc,MSG0003293,message_exists,1,
12,P2_unread_cc,MSG0003293,is_cc,1,
12,P2_unread_cc,MSG0003293,no_access_event,1,accesses=0
12,P2_unread_cc,MSG0003294,message_exists,1,
12,P2_unread_cc,MSG0003294,is_cc,1,
12,P2_unread_cc,MSG0003294,no_access_event,1,accesses=0
12,P2_unread_cc,MSG0003302,message_exists,1,
12,P2_unread_cc,MSG0003302,is_cc,1,
12,P2_unread_cc,MSG0003302,no_access_event,1,accesses=0
12,P4_result_misrouted,MSG0003350,message_exists,1,
12,P4_result_misrouted,MSG0003350,is_result,1,
12,P4_result_misrouted,MSG0003350,recipient_not_ordering,1,
12,P4_result_misrouted,MSG0003350,recipient_not_covering,1,cover=None
12,P2_unread_cc,MSG0003388,message_exists,1,
12,P2_unread_cc,MSG0003388,is_cc,1,
12,P2_unread_cc,MSG0003388,no_access_event,1,accesses=0
12,P2_unread_cc,MSG0003389,message_exists,1,
12,P2_unread_cc,MSG0003389,is_cc,1,
12,P2_unread_cc,MSG0003389,no_access_event,1,accesses=0
12,P2_unread_cc,MSG0003470,message_exists,1,
12,P2_unread_cc,MSG0003470,is_cc,1,
12,P2_unread_cc,MSG0003470,no_access_event,1,accesses=0
12,P2_unread_cc,MSG0003475,message_exists,1,
12,P2_unread_cc,MSG0003475,is_cc,1,
12,P2_unread_cc,MSG0003475,no_access_event,1,accesses=0
12,P1_thank_you,MSG0003520,message_exists,1,
12,P1_thank_you,MSG0003520,patient_originated_portal_message,1,
12,P1_thank_you,MSG0003520,is_reply_to_prior_outbound,1,
12,P1_thank_you,MSG0003520,thread_ending,1,later_messages=0
12,P1_thank_you,MSG0003520,accessed_and_completed,1,
12,P4_result_misrouted,MSG0003541,message_exists,1,
12,P4_result_misrouted,MSG0003541,is_result,1,
12,P4_result_misrouted,MSG0003541,recipient_not_ordering,1,
12,P4_result_misrouted,MSG0003541,recipient_not_covering,1,cover=None
12,P2_unread_cc,MSG0003558,message_exists,1,
12,P2_unread_cc,MSG0003558,is_cc,1,
12,P2_unread_cc,MSG0003558,no_access_event,1,accesses=0
12,P1_thank_you,MSG0003598,message_exists,1,
12,P1_thank_you,MSG0003598,patient_originated_portal_message,1,
12,P1_thank_you,MSG0003598,is_reply_to_prior_outbound,1,
12,P1_thank_you,MSG0003598,thread_ending,1,later_messages=0
12,P1_thank_you,MSG0003598,accessed_and_completed,1,
12,P2_unread_cc,MSG0003641,message_exists,1,
12,P2_unread_cc,MSG0003641,is_cc,1,
12,P2_unread_cc,MSG0003641,no_access_event,1,accesses=0
12,P2_unread_cc,MSG0003643,message_exists,1,
12,P2_unread_cc,MSG0003643,is_cc,1,
12,P2_unread_cc,MSG0003643,no_access_event,1,accesses=0
12,P2_unread_cc,MSG0003644,message_exists,1,
12,P2_unread_cc,MSG0003644,is_cc,1,
12,P2_unread_cc,MSG0003644,no_access_event,1,accesses=0
12,P7_pingpong,MSG0003687,message_exists,1,
12,P7_pingpong,MSG0003687,at_least_two_staff_to_provider_forwards,1,staff_to_provider=2
12,P7_pingpong,MSG0003687,at_least_two_provider_to_staff_forwards,1,provider_to_staff=2
12,P7_pingpong,MSG0003687,two_or_more_round_trips,1,roundtrips=2
12,P2_unread_cc,MSG0003725,message_exists,1,
12,P2_unread_cc,MSG0003725,is_cc,1,
12,P2_unread_cc,MSG0003725,no_access_event,1,accesses=0
12,P2_unread_cc,MSG0003732,message_exists,1,
12,P2_unread_cc,MSG0003732,is_cc,1,
12,P2_unread_cc,MSG0003732,no_access_event,1,accesses=0
12,P4_result_misrouted,MSG0003778,message_exists,1,
12,P4_result_misrouted,MSG0003778,is_result,1,
12,P4_result_misrouted,MSG0003778,recipient_not_ordering,1,
12,P4_result_misrouted,MSG0003778,recipient_not_covering,1,cover=None
12,P2_unread_cc,MSG0003797,message_exists,1,
12,P2_unread_cc,MSG0003797,is_cc,1,
12,P2_unread_cc,MSG0003797,no_access_event,1,accesses=0
12,P2_unread_cc,MSG0003803,message_exists,1,
12,P2_unread_cc,MSG0003803,is_cc,1,
12,P2_unread_cc,MSG0003803,no_access_event,1,accesses=0
12,P2_unread_cc,MSG0003804,message_exists,1,
12,P2_unread_cc,MSG0003804,is_cc,1,
12,P2_unread_cc,MSG0003804,no_access_event,1,accesses=0
12,P2_unread_cc,MSG0003869,message_exists,1,
12,P2_unread_cc,MSG0003869,is_cc,1,
12,P2_unread_cc,MSG0003869,no_access_event,1,accesses=0
12,P1_thank_you,MSG0003898,message_exists,1,
12,P1_thank_you,MSG0003898,patient_originated_portal_message,1,
12,P1_thank_you,MSG0003898,is_reply_to_prior_outbound,1,
12,P1_thank_you,MSG0003898,thread_ending,1,later_messages=0
12,P1_thank_you,MSG0003898,accessed_and_completed,1,
12,P3_extended_thread,THR0003772,thread_exists,1,
12,P3_extended_thread,THR0003772,three_or_more_patient_incoming,1,incoming=3
12,P3_extended_thread,THR0003772,four_or_more_message_exchanges,1,in+out=6
12,P3_extended_thread,THR0003772,spans_at_least_3_days,1,span_days=6.97
12,P3_extended_thread,THR0003772,no_visit_between,1,intervening_visits=0
12,P2_unread_cc,MSG0004062,message_exists,1,
12,P2_unread_cc,MSG0004062,is_cc,1,
12,P2_unread_cc,MSG0004062,no_access_event,1,accesses=0
12,P2_unread_cc,MSG0004065,message_exists,1,
12,P2_unread_cc,MSG0004065,is_cc,1,
12,P2_unread_cc,MSG0004065,no_access_event,1,accesses=0
12,P2_unread_cc,MSG0004072,message_exists,1,
12,P2_unread_cc,MSG0004072,is_cc,1,
12,P2_unread_cc,MSG0004072,no_access_event,1,accesses=0
12,P7_pingpong,MSG0004095,message_exists,1,
12,P7_pingpong,MSG0004095,at_least_two_staff_to_provider_forwards,1,staff_to_provider=2
12,P7_pingpong,MSG0004095,at_least_two_provider_to_staff_forwards,1,provider_to_staff=2
12,P7_pingpong,MSG0004095,two_or_more_round_trips,1,roundtrips=2
12,P7_pingpong,MSG0004098,message_exists,1,
12,P7_pingpong,MSG0004098,at_least_two_staff_to_provider_forwards,1,staff_to_provider=2
12,P7_pingpong,MSG0004098,at_least_two_provider_to_staff_forwards,1,provider_to_staff=2
12,P7_pingpong,MSG0004098,two_or_more_round_trips,1,roundtrips=2
12,P2_unread_cc,MSG0004129,message_exists,1,
12,P2_unread_cc,MSG0004129,is_cc,1,
12,P2_unread_cc,MSG0004129,no_access_event,1,accesses=0
12,P2_unread_cc,MSG0004135,message_exists,1,
12,P2_unread_cc,MSG0004135,is_cc,1,
12,P2_unread_cc,MSG0004135,no_access_event,1,accesses=0
12,P2_unread_cc,MSG0004136,message_exists,1,
12,P2_unread_cc,MSG0004136,is_cc,1,
12,P2_unread_cc,MSG0004136,no_access_event,1,accesses=0
12,P2_unread_cc,MSG0004142,message_exists,1,
12,P2_unread_cc,MSG0004142,is_cc,1,
12,P2_unread_cc,MSG0004142,no_access_event,1,accesses=0
12,P2_unread_cc,MSG0004215,message_exists,1,
12,P2_unread_cc,MSG0004215,is_cc,1,
12,P2_unread_cc,MSG0004215,no_access_event,1,accesses=0
12,P2_unread_cc,MSG0004219,message_exists,1,
12,P2_unread_cc,MSG0004219,is_cc,1,
12,P2_unread_cc,MSG0004219,no_access_event,1,accesses=0
12,P2_unread_cc,MSG0004224,message_exists,1,
12,P2_unread_cc,MSG0004224,is_cc,1,
12,P2_unread_cc,MSG0004224,no_access_event,1,accesses=0
12,P4_result_misrouted,MSG0004280,message_exists,1,
12,P4_result_misrouted,MSG0004280,is_result,1,
12,P4_result_misrouted,MSG0004280,recipient_not_ordering,1,
12,P4_result_misrouted,MSG0004280,recipient_not_covering,1,cover=None
12,P2_unread_cc,MSG0004299,message_exists,1,
12,P2_unread_cc,MSG0004299,is_cc,1,
12,P2_unread_cc,MSG0004299,no_access_event,1,accesses=0
12,P2_unread_cc,MSG0004301,message_exists,1,
12,P2_unread_cc,MSG0004301,is_cc,1,
12,P2_unread_cc,MSG0004301,no_access_event,1,accesses=0
12,P2_unread_cc,MSG0004302,message_exists,1,
12,P2_unread_cc,MSG0004302,is_cc,1,
12,P2_unread_cc,MSG0004302,no_access_event,1,accesses=0
12,P2_unread_cc,MSG0004303,message_exists,1,
12,P2_unread_cc,MSG0004303,is_cc,1,
12,P2_unread_cc,MSG0004303,no_access_event,1,accesses=0
12,P4_result_misrouted,MSG0004368,message_exists,1,
12,P4_result_misrouted,MSG0004368,is_result,1,
12,P4_result_misrouted,MSG0004368,recipient_not_ordering,1,
12,P4_result_misrouted,MSG0004368,recipient_not_covering,1,cover=None
12,P2_unread_cc,MSG0004397,message_exists,1,
12,P2_unread_cc,MSG0004397,is_cc,1,
12,P2_unread_cc,MSG0004397,no_access_event,1,accesses=0
12,P2_unread_cc,MSG0004398,message_exists,1,
12,P2_unread_cc,MSG0004398,is_cc,1,
12,P2_unread_cc,MSG0004398,no_access_event,1,accesses=0
12,P2_unread_cc,MSG0004402,message_exists,1,
12,P2_unread_cc,MSG0004402,is_cc,1,
12,P2_unread_cc,MSG0004402,no_access_event,1,accesses=0
12,P2_unread_cc,MSG0004404,message_exists,1,
12,P2_unread_cc,MSG0004404,is_cc,1,
12,P2_unread_cc,MSG0004404,no_access_event,1,accesses=0
12,P2_unread_cc,MSG0004407,message_exists,1,
12,P2_unread_cc,MSG0004407,is_cc,1,
12,P2_unread_cc,MSG0004407,no_access_event,1,accesses=0
12,P8_nonclinical_misrouted,MSG0004441,message_exists,1,
12,P8_nonclinical_misrouted,MSG0004441,nonclinical_category,1,category=billing_question
12,P8_nonclinical_misrouted,MSG0004441,reaches_provider,1,provider_forwards=1
12,P8_nonclinical_misrouted,MSG0004448,message_exists,1,
12,P8_nonclinical_misrouted,MSG0004448,nonclinical_category,1,category=cancellation
12,P8_nonclinical_misrouted,MSG0004448,reaches_provider,1,provider_forwards=1
12,P2_unread_cc,MSG0004480,message_exists,1,
12,P2_unread_cc,MSG0004480,is_cc,1,
12,P2_unread_cc,MSG0004480,no_access_event,1,accesses=0
12,P2_unread_cc,MSG0004482,message_exists,1,
12,P2_unread_cc,MSG0004482,is_cc,1,
12,P2_unread_cc,MSG0004482,no_access_event,1,accesses=0
12,P2_unread_cc,MSG0004483,message_exists,1,
12,P2_unread_cc,MSG0004483,is_cc,1,
12,P2_unread_cc,MSG0004483,no_access_event,1,accesses=0
12,P7_pingpong,MSG0004509,message_exists,1,
12,P7_pingpong,MSG0004509,at_least_two_staff_to_provider_forwards,1,staff_to_provider=2
12,P7_pingpong,MSG0004509,at_least_two_provider_to_staff_forwards,1,provider_to_staff=2
12,P7_pingpong,MSG0004509,two_or_more_round_trips,1,roundtrips=2
12,P4_result_misrouted,MSG0004530,message_exists,1,
12,P4_result_misrouted,MSG0004530,is_result,1,
12,P4_result_misrouted,MSG0004530,recipient_not_ordering,1,
12,P4_result_misrouted,MSG0004530,recipient_not_covering,1,cover=None
12,P2_unread_cc,MSG0004553,message_exists,1,
12,P2_unread_cc,MSG0004553,is_cc,1,
12,P2_unread_cc,MSG0004553,no_access_event,1,accesses=0
12,P2_unread_cc,MSG0004558,message_exists,1,
12,P2_unread_cc,MSG0004558,is_cc,1,
12,P2_unread_cc,MSG0004558,no_access_event,1,accesses=0
12,P2_unread_cc,MSG0004562,message_exists,1,
12,P2_unread_cc,MSG0004562,is_cc,1,
12,P2_unread_cc,MSG0004562,no_access_event,1,accesses=0
12,P2_unread_cc,MSG0004563,message_exists,1,
12,P2_unread_cc,MSG0004563,is_cc,1,
12,P2_unread_cc,MSG0004563,no_access_event,1,accesses=0
12,P2_unread_cc,MSG0004565,message_exists,1,
12,P2_unread_cc,MSG0004565,is_cc,1,
12,P2_unread_cc,MSG0004565,no_access_event,1,accesses=0
12,P3_extended_thread,THR0004337,thread_exists,1,
12,P3_extended_thread,THR0004337,three_or_more_patient_incoming,1,incoming=3
12,P3_extended_thread,THR0004337,four_or_more_message_exchanges,1,in+out=6
12,P3_extended_thread,THR0004337,spans_at_least_3_days,1,span_days=6.41
12,P3_extended_thread,THR0004337,no_visit_between,1,intervening_visits=0
12,P4_result_misrouted,MSG0004630,message_exists,1,
12,P4_result_misrouted,MSG0004630,is_result,1,
12,P4_result_misrouted,MSG0004630,recipient_not_ordering,1,
12,P4_result_misrouted,MSG0004630,recipient_not_covering,1,cover=None
12,P2_unread_cc,MSG0004667,message_exists,1,
12,P2_unread_cc,MSG0004667,is_cc,1,
12,P2_unread_cc,MSG0004667,no_access_event,1,accesses=0
12,P2_unread_cc,MSG0004739,message_exists,1,
12,P2_unread_cc,MSG0004739,is_cc,1,
12,P2_unread_cc,MSG0004739,no_access_event,1,accesses=0
12,P2_unread_cc,MSG0004741,message_exists,1,
12,P2_unread_cc,MSG0004741,is_cc,1,
12,P2_unread_cc,MSG0004741,no_access_event,1,accesses=0
12,P4_result_misrouted,MSG0004800,message_exists,1,
12,P4_result_misrouted,MSG0004800,is_result,1,
12,P4_result_misrouted,MSG0004800,recipient_not_ordering,1,
12,P4_result_misrouted,MSG0004800,recipient_not_covering,1,cover=None
12,P2_unread_cc,MSG0004820,message_exists,1,
12,P2_unread_cc,MSG0004820,is_cc,1,
12,P2_unread_cc,MSG0004820,no_access_event,1,accesses=0
12,P2_unread_cc,MSG0004885,message_exists,1,
12,P2_unread_cc,MSG0004885,is_cc,1,
12,P2_unread_cc,MSG0004885,no_access_event,1,accesses=0
12,P2_unread_cc,MSG0004887,message_exists,1,
12,P2_unread_cc,MSG0004887,is_cc,1,
12,P2_unread_cc,MSG0004887,no_access_event,1,accesses=0
12,P2_unread_cc,MSG0004891,message_exists,1,
12,P2_unread_cc,MSG0004891,is_cc,1,
12,P2_unread_cc,MSG0004891,no_access_event,1,accesses=0
12,P7_pingpong,MSG0004933,message_exists,1,
12,P7_pingpong,MSG0004933,at_least_two_staff_to_provider_forwards,1,staff_to_provider=2
12,P7_pingpong,MSG0004933,at_least_two_provider_to_staff_forwards,1,provider_to_staff=2
12,P7_pingpong,MSG0004933,two_or_more_round_trips,1,roundtrips=2
12,P4_result_misrouted,MSG0004954,message_exists,1,
12,P4_result_misrouted,MSG0004954,is_result,1,
12,P4_result_misrouted,MSG0004954,recipient_not_ordering,1,
12,P4_result_misrouted,MSG0004954,recipient_not_covering,1,cover=None
12,P3_extended_thread,THR0004717,thread_exists,1,
12,P3_extended_thread,THR0004717,three_or_more_patient_incoming,1,incoming=3
12,P3_extended_thread,THR0004717,four_or_more_message_exchanges,1,in+out=7
12,P3_extended_thread,THR0004717,spans_at_least_3_days,1,span_days=10.00
12,P3_extended_thread,THR0004717,no_visit_between,1,intervening_visits=0
12,P1_thank_you,MSG0005015,message_exists,1,
12,P1_thank_you,MSG0005015,patient_originated_portal_message,1,
12,P1_thank_you,MSG0005015,is_reply_to_prior_outbound,1,
12,P1_thank_you,MSG0005015,thread_ending,1,later_messages=0
12,P1_thank_you,MSG0005015,accessed_and_completed,1,
12,P4_result_misrouted,MSG0005031,message_exists,1,
12,P4_result_misrouted,MSG0005031,is_result,1,
12,P4_result_misrouted,MSG0005031,recipient_not_ordering,1,
12,P4_result_misrouted,MSG0005031,recipient_not_covering,1,cover=None
12,P2_unread_cc,MSG0005056,message_exists,1,
12,P2_unread_cc,MSG0005056,is_cc,1,
12,P2_unread_cc,MSG0005056,no_access_event,1,accesses=0
12,P2_unread_cc,MSG0005058,message_exists,1,
12,P2_unread_cc,MSG0005058,is_cc,1,
12,P2_unread_cc,MSG0005058,no_access_event,1,accesses=0
12,P2_unread_cc,MSG0005129,message_exists,1,
12,P2_unread_cc,MSG0005129,is_cc,1,
12,P2_unread_cc,MSG0005129,no_access_event,1,accesses=0
12,P3_extended_thread,THR0004859,thread_exists,1,
12,P3_extended_thread,THR0004859,three_or_more_patient_incoming,1,incoming=3
12,P3_extended_thread,THR0004859,four_or_more_message_exchanges,1,in+out=7
12,P3_extended_thread,THR0004859,spans_at_least_3_days,1,span_days=9.97
12,P3_extended_thread,THR0004859,no_visit_between,1,intervening_visits=0
12,P4_result_misrouted,MSG0005197,message_exists,1,
12,P4_result_misrouted,MSG0005197,is_result,1,
12,P4_result_misrouted,MSG0005197,recipient_not_ordering,1,
12,P4_result_misrouted,MSG0005197,recipient_not_covering,1,cover=None
12,P2_unread_cc,MSG0005225,message_exists,1,
12,P2_unread_cc,MSG0005225,is_cc,1,
12,P2_unread_cc,MSG0005225,no_access_event,1,accesses=0
13,P1_thank_you,MSG0000003,message_exists,1,
13,P1_thank_you,MSG0000003,patient_originated_portal_message,1,
13,P1_thank_you,MSG0000003,is_reply_to_prior_outbound,1,
13,P1_thank_you,MSG0000003,thread_ending,1,later_messages=0
13,P1_thank_you,MSG0000003,accessed_and_completed,1,
13,P7_pingpong,MSG0000006,message_exists,1,
13,P7_pingpong,MSG0000006,at_least_two_staff_to_provider_forwards,1,staff_to_provider=2
13,P7_pingpong,MSG0000006,at_least_two_provider_to_staff_forwards,1,provider_to_staff=2
13,P7_pingpong,MSG0000006,two_or_more_round_trips,1,roundtrips=2
13,P1_thank_you,MSG0000010,message_exists,1,
13,P1_thank_you,MSG0000010,patient_originated_portal_message,1,
13,P1_thank_you,MSG0000010,is_reply_to_prior_outbound,1,
13,P1_thank_you,MSG0000010,thread_ending,1,later_messages=0
13,P1_thank_you,MSG0000010,accessed_and_completed,1,
13,P2_unread_cc,MSG0000048,message_exists,1,
13,P2_unread_cc,MSG0000048,is_cc,1,
13,P2_unread_cc,MSG0000048,no_access_event,1,accesses=0
13,P2_unread_cc,MSG0000049,message_exists,1,
13,P2_unread_cc,MSG0000049,is_cc,1,
13,P2_unread_cc,MSG0000049,no_access_event,1,accesses=0
13,P2_unread_cc,MSG0000050,message_exists,1,
13,P2_unread_cc,MSG0000050,is_cc,1,
13,P2_unread_cc,MSG0000050,no_access_event,1,accesses=0
13,P2_unread_cc,MSG0000053,message_exists,1,
13,P2_unread_cc,MSG0000053,is_cc,1,
13,P2_unread_cc,MSG0000053,no_access_event,1,accesses=0
13,P2_unread_cc,MSG0000054,message_exists,1,
13,P2_unread_cc,MSG0000054,is_cc,1,
13,P2_unread_cc,MSG0000054,no_access_event,1,accesses=0
13,P2_unread_cc,MSG0000057,message_exists,1,
13,P2_unread_cc,MSG0000057,is_cc,1,
13,P2_unread_cc,MSG0000057,no_access_event,1,accesses=0
13,P2_unread_cc,MSG0000060,message_exists,1,
13,P2_unread_cc,MSG0000060,is_cc,1,
13,P2_unread_cc,MSG0000060,no_access_event,1,accesses=0
13,P2_unread_cc,MSG0000152,message_exists,1,
13,P2_unread_cc,MSG0000152,is_cc,1,
13,P2_unread_cc,MSG0000152,no_access_event,1,accesses=0
13,P2_unread_cc,MSG0000214,message_exists,1,
13,P2_unread_cc,MSG0000214,is_cc,1,
13,P2_unread_cc,MSG0000214,no_access_event,1,accesses=0
13,P2_unread_cc,MSG0000215,message_exists,1,
13,P2_unread_cc,MSG0000215,is_cc,1,
13,P2_unread_cc,MSG0000215,no_access_event,1,accesses=0
13,P2_unread_cc,MSG0000218,message_exists,1,
13,P2_unread_cc,MSG0000218,is_cc,1,
13,P2_unread_cc,MSG0000218,no_access_event,1,accesses=0
13,P1_thank_you,MSG0000249,message_exists,1,
13,P1_thank_you,MSG0000249,patient_originated_portal_message,1,
13,P1_thank_you,MSG0000249,is_reply_to_prior_outbound,1,
13,P1_thank_you,MSG0000249,thread_ending,1,later_messages=0
13,P1_thank_you,MSG0000249,accessed_and_completed,1,
13,P3_extended_thread,THR0000237,thread_exists,1,
13,P3_extended_thread,THR0000237,three_or_more_patient_incoming,1,incoming=3
13,P3_extended_thread,THR0000237,four_or_more_message_exchanges,1,in+out=7
13,P3_extended_thread,THR0000237,spans_at_least_3_days,1,span_days=8.35
13,P3_extended_thread,THR0000237,no_visit_between,1,intervening_visits=0
13,P4_result_misrouted,MSG0000266,message_exists,1,
13,P4_result_misrouted,MSG0000266,is_result,1,
13,P4_result_misrouted,MSG0000266,recipient_not_ordering,1,
13,P4_result_misrouted,MSG0000266,recipient_not_covering,1,cover=None
13,P2_unread_cc,MSG0000299,message_exists,1,
13,P2_unread_cc,MSG0000299,is_cc,1,
13,P2_unread_cc,MSG0000299,no_access_event,1,accesses=0
13,P2_unread_cc,MSG0000301,message_exists,1,
13,P2_unread_cc,MSG0000301,is_cc,1,
13,P2_unread_cc,MSG0000301,no_access_event,1,accesses=0
13,P2_unread_cc,MSG0000302,message_exists,1,
13,P2_unread_cc,MSG0000302,is_cc,1,
13,P2_unread_cc,MSG0000302,no_access_event,1,accesses=0
13,P2_unread_cc,MSG0000305,message_exists,1,
13,P2_unread_cc,MSG0000305,is_cc,1,
13,P2_unread_cc,MSG0000305,no_access_event,1,accesses=0
13,P4_result_misrouted,MSG0000351,message_exists,1,
13,P4_result_misrouted,MSG0000351,is_result,1,
13,P4_result_misrouted,MSG0000351,recipient_not_ordering,1,
13,P4_result_misrouted,MSG0000351,recipient_not_covering,1,cover=None
13,P2_unread_cc,MSG0000368,message_exists,1,
13,P2_unread_cc,MSG0000368,is_cc,1,
13,P2_unread_cc,MSG0000368,no_access_event,1,accesses=0
13,P2_unread_cc,MSG0000369,message_exists,1,
13,P2_unread_cc,MSG0000369,is_cc,1,
13,P2_unread_cc,MSG0000369,no_access_event,1,accesses=0
13,P4_result_misrouted,MSG0000406,message_exists,1,
13,P4_result_misrouted,MSG0000406,is_result,1,
13,P4_result_misrouted,MSG0000406,recipient_not_ordering,1,
13,P4_result_misrouted,MSG0000406,recipient_not_covering,1,cover=None
13,P4_result_misrouted,MSG0000410,message_exists,1,
13,P4_result_misrouted,MSG0000410,is_result,1,
13,P4_result_misrouted,MSG0000410,recipient_not_ordering,1,
13,P4_result_misrouted,MSG0000410,recipient_not_covering,1,cover=None
13,P2_unread_cc,MSG0000437,message_exists,1,
13,P2_unread_cc,MSG0000437,is_cc,1,
13,P2_unread_cc,MSG0000437,no_access_event,1,accesses=0
13,P2_unread_cc,MSG0000438,message_exists,1,
13,P2_unread_cc,MSG0000438,is_cc,1,
13,P2_unread_cc,MSG0000438,no_access_event,1,accesses=0
13,P2_unread_cc,MSG0000439,message_exists,1,
13,P2_unread_cc,MSG0000439,is_cc,1,
13,P2_unread_cc,MSG0000439,no_access_event,1,accesses=0
13,P2_unread_cc,MSG0000497,message_exists,1,
13,P2_unread_cc,MSG0000497,is_cc,1,
13,P2_unread_cc,MSG0000497,no_access_event,1,accesses=0
13,P2_unread_cc,MSG0000498,message_exists,1,
13,P2_unread_cc,MSG0000498,is_cc,1,
13,P2_unread_cc,MSG0000498,no_access_event,1,accesses=0
13,P2_unread_cc,MSG0000500,message_exists,1,
13,P2_unread_cc,MSG0000500,is_cc,1,
13,P2_unread_cc,MSG0000500,no_access_event,1,accesses=0
13,P2_unread_cc,MSG0000504,message_exists,1,
13,P2_unread_cc,MSG0000504,is_cc,1,
13,P2_unread_cc,MSG0000504,no_access_event,1,accesses=0
13,P2_unread_cc,MSG0000583,message_exists,1,
13,P2_unread_cc,MSG0000583,is_cc,1,
13,P2_unread_cc,MSG0000583,no_access_event,1,accesses=0
13,P2_unread_cc,MSG0000588,message_exists,1,
13,P2_unread_cc,MSG0000588,is_cc,1,
13,P2_unread_cc,MSG0000588,no_access_event,1,accesses=0
13,P4_result_misrouted,MSG0000627,message_exists,1,
13,P4_result_misrouted,MSG0000627,is_result,1,
13,P4_result_misrouted,MSG0000627,recipient_not_ordering,1,
13,P4_result_misrouted,MSG0000627,recipient_not_covering,1,cover=None
13,P4_result_misrouted,MSG0000637,message_exists,1,
13,P4_result_misrouted,MSG0000637,is_result,1,
13,P4_result_misrouted,MSG0000637,recipient_not_ordering,1,
13,P4_result_misrouted,MSG0000637,recipient_not_covering,1,cover=None
13,P2_unread_cc,MSG0000670,message_exists,1,
13,P2_unread_cc,MSG0000670,is_cc,1,
13,P2_unread_cc,MSG0000670,no_access_event,1,accesses=0
13,P2_unread_cc,MSG0000736,message_exists,1,
13,P2_unread_cc,MSG0000736,is_cc,1,
13,P2_unread_cc,MSG0000736,no_access_event,1,accesses=0
13,P2_unread_cc,MSG0000740,message_exists,1,
13,P2_unread_cc,MSG0000740,is_cc,1,
13,P2_unread_cc,MSG0000740,no_access_event,1,accesses=0
13,P7_pingpong,MSG0000771,message_exists,1,
13,P7_pingpong,MSG0000771,at_least_two_staff_to_provider_forwards,1,staff_to_provider=2
13,P7_pingpong,MSG0000771,at_least_two_provider_to_staff_forwards,1,provider_to_staff=2
13,P7_pingpong,MSG0000771,two_or_more_round_trips,1,roundtrips=2
13,P4_result_misrouted,MSG0000777,message_exists,1,
13,P4_result_misrouted,MSG0000777,is_result,1,
13,P4_result_misrouted,MSG0000777,recipient_not_ordering,1,
13,P4_result_misrouted,MSG0000777,recipient_not_covering,1,cover=None
13,P2_unread_cc,MSG0000814,message_exists,1,
13,P2_unread_cc,MSG0000814,is_cc,1,
13,P2_unread_cc,MSG0000814,no_access_event,1,accesses=0
13,P8_nonclinical_misrouted,MSG0000849,message_exists,1,
13,P8_nonclinical_misrouted,MSG0000849,nonclinical_category,1,category=appointment_request
13,P8_nonclinical_misrouted,MSG0000849,reaches_provider,1,provider_forwards=1
13,P8_nonclinical_misrouted,MSG0000853,message_exists,1,
13,P8_nonclinical_misrouted,MSG0000853,nonclinical_category,1,category=billing_question
13,P8_nonclinical_misrouted,MSG0000853,reaches_provider,1,provider_forwards=1
13,P4_result_misrouted,MSG0000873,message_exists,1,
13,P4_result_misrouted,MSG0000873,is_result,1,
13,P4_result_misrouted,MSG0000873,recipient_not_ordering,1,
13,P4_result_misrouted,MSG0000873,recipient_not_covering,1,cover=None
13,P4_result_misrouted,MSG0000874,message_exists,1,
13,P4_result_misrouted,MSG0000874,is_result,1,
13,P4_result_misrouted,MSG0000874,recipient_not_ordering,1,
13,P4_result_misrouted,MSG0000874,recipient_not_covering,1,cover=None
13,P2_unread_cc,MSG0000895,message_exists,1,
13,P2_unread_cc,MSG0000895,is_cc,1,
13,P2_unread_cc,MSG0000895,no_access_event,1,accesses=0
13,P2_unread_cc,MSG0000896,message_exists,1,
13,P2_unread_cc,MSG0000896,is_cc,1,
13,P2_unread_cc,MSG0000896,no_access_event,1,accesses=0
13,P2_unread_cc,MSG0000901,message_exists,1,
13,P2_unread_cc,MSG0000901,is_cc,1,
13,P2_unread_cc,MSG0000901,no_access_event,1,accesses=0
13,P8_nonclinical_misrouted,MSG0000922,message_exists,1,
13,P8_nonclinical_misrouted,MSG0000922,nonclinical_category,1,category=billing_question
13,P8_nonclinical_misrouted,MSG0000922,reaches_provider,1,provider_forwards=1
13,P4_result_misrouted,MSG0000939,message_exists,1,
13,P4_result_misrouted,MSG0000939,is_result,1,
13,P4_result_misrouted,MSG0000939,recipient_not_ordering,1,
13,P4_result_misrouted,MSG0000939,recipient_not_covering,1,cover=None
13,P2_unread_cc,MSG0000959,message_exists,1,
13,P2_unread_cc,MSG0000959,is_cc,1,
13,P2_unread_cc,MSG0000959,no_access_event,1,accesses=0
13,P2_unread_cc,MSG0000960,message_exists,1,
13,P2_unread_cc,MSG0000960,is_cc,1,
13,P2_unread_cc,MSG0000960,no_access_event,1,accesses=0
13,P2_unread_cc,MSG0000964,message_exists,1,
13,P2_unread_cc,MSG0000964,is_cc,1,
13,P2_unread_cc,MSG0000964,no_access_event,1,accesses=0
13,P2_unread_cc,MSG0001035,message_exists,1,
13,P2_unread_cc,MSG0001035,is_cc,1,
13,P2_unread_cc,MSG0001035,no_access_event,1,accesses=0
13,P1_thank_you,MSG0001061,message_exists,1,
13,P1_thank_you,MSG0001061,patient_originated_portal_message,1,
13,P1_thank_you,MSG0001061,is_reply_to_prior_outbound,1,
13,P1_thank_you,MSG0001061,thread_ending,1,later_messages=0
13,P1_thank_you,MSG0001061,accessed_and_completed,1,
13,P2_unread_cc,MSG0001107,message_exists,1,
13,P2_unread_cc,MSG0001107,is_cc,1,
13,P2_unread_cc,MSG0001107,no_access_event,1,accesses=0
13,P2_unread_cc,MSG0001111,message_exists,1,
13,P2_unread_cc,MSG0001111,is_cc,1,
13,P2_unread_cc,MSG0001111,no_access_event,1,accesses=0
13,P2_unread_cc,MSG0001115,message_exists,1,
13,P2_unread_cc,MSG0001115,is_cc,1,
13,P2_unread_cc,MSG0001115,no_access_event,1,accesses=0
13,P4_result_misrouted,MSG0001172,message_exists,1,
13,P4_result_misrouted,MSG0001172,is_result,1,
13,P4_result_misrouted,MSG0001172,recipient_not_ordering,1,
13,P4_result_misrouted,MSG0001172,recipient_not_covering,1,cover=None
13,P3_extended_thread,THR0001127,thread_exists,1,
13,P3_extended_thread,THR0001127,three_or_more_patient_incoming,1,incoming=3
13,P3_extended_thread,THR0001127,four_or_more_message_exchanges,1,in+out=7
13,P3_extended_thread,THR0001127,spans_at_least_3_days,1,span_days=5.08
13,P3_extended_thread,THR0001127,no_visit_between,1,intervening_visits=0
13,P4_result_misrouted,MSG0001205,message_exists,1,
13,P4_result_misrouted,MSG0001205,is_result,1,
13,P4_result_misrouted,MSG0001205,recipient_not_ordering,1,
13,P4_result_misrouted,MSG0001205,recipient_not_covering,1,cover=None
13,P4_result_misrouted,MSG0001419,message_exists,1,
13,P4_result_misrouted,MSG0001419,is_result,1,
13,P4_result_misrouted,MSG0001419,recipient_not_ordering,1,
13,P4_result_misrouted,MSG0001419,recipient_not_covering,1,cover=None
13,P2_unread_cc,MSG0001443,message_exists,1,
13,P2_unread_cc,MSG0001443,is_cc,1,
13,P2_unread_cc,MSG0001443,no_access_event,1,accesses=0
13,P2_unread_cc,MSG0001445,message_exists,1,
13,P2_unread_cc,MSG0001445,is_cc,1,
13,P2_unread_cc,MSG0001445,no_access_event,1,accesses=0
13,P7_pingpong,MSG0001479,message_exists,1,
13,P7_pingpong,MSG0001479,at_least_two_staff_to_provider_forwards,1,staff_to_provider=2
13,P7_pingpong,MSG0001479,at_least_two_provider_to_staff_forwards,1,provider_to_staff=2
13,P7_pingpong,MSG0001479,two_or_more_round_trips,1,roundtrips=2
13,P3_extended_thread,THR0001392,thread_exists,1,
13,P3_extended_thread,THR0001392,three_or_more_patient_incoming,1,incoming=4
13,P3_extended_thread,THR0001392,four_or_more_message_exchanges,1,in+out=8
13,P3_extended_thread,THR0001392,spans_at_least_3_days,1,span_days=7.49
13,P3_extended_thread,THR0001392,no_visit_between,0,intervening_visits=1
13,P1_thank_you,MSG0001486,message_exists,1,
13,P1_thank_you,MSG0001486,patient_originated_portal_message,1,
13,P1_thank_you,MSG0001486,is_reply_to_prior_outbound,1,
13,P1_thank_you,MSG0001486,thread_ending,1,later_messages=0
13,P1_thank_you,MSG0001486,accessed_and_completed,1,
13,P2_unread_cc,MSG0001535,message_exists,1,
13,P2_unread_cc,MSG0001535,is_cc,1,
13,P2_unread_cc,MSG0001535,no_access_event,1,accesses=0
13,P2_unread_cc,MSG0001537,message_exists,1,
13,P2_unread_cc,MSG0001537,is_cc,1,
13,P2_unread_cc,MSG0001537,no_access_event,1,accesses=0
13,P2_unread_cc,MSG0001540,message_exists,1,
13,P2_unread_cc,MSG0001540,is_cc,1,
13,P2_unread_cc,MSG0001540,no_access_event,1,accesses=0
13,P3_extended_thread,THR0001468,thread_exists,1,
13,P3_extended_thread,THR0001468,three_or_more_patient_incoming,1,incoming=3
13,P3_extended_thread,THR0001468,four_or_more_message_exchanges,1,in+out=6
13,P3_extended_thread,THR0001468,spans_at_least_3_days,1,span_days=6.76
13,P3_extended_thread,THR0001468,no_visit_between,1,intervening_visits=0
13,P4_result_misrouted,MSG0001578,message_exists,1,
13,P4_result_misrouted,MSG0001578,is_result,1,
13,P4_result_misrouted,MSG0001578,recipient_not_ordering,1,
13,P4_result_misrouted,MSG0001578,recipient_not_covering,1,cover=None
13,P2_unread_cc,MSG0001612,message_exists,1,
13,P2_unread_cc,MSG0001612,is_cc,1,
13,P2_unread_cc,MSG0001612,no_access_event,1,accesses=0
13,P2_unread_cc,MSG0001613,message_exists,1,
13,P2_unread_cc,MSG0001613,is_cc,1,
13,P2_unread_cc,MSG0001613,no_access_event,1,accesses=0
13,P2_unread_cc,MSG0001614,message_exists,1,
13,P2_unread_cc,MSG0001614,is_cc,1,
13,P2_unread_cc,MSG0001614,no_access_event,1,accesses=0
13,P2_unread_cc,MSG0001616,message_exists,1,
13,P2_unread_cc,MSG0001616,is_cc,1,
13,P2_unread_cc,MSG0001616,no_access_event,1,accesses=0
13,P2_unread_cc,MSG0001618,message_exists,1,
13,P2_unread_cc,MSG0001618,is_cc,1,
13,P2_unread_cc,MSG0001618,no_access_event,1,accesses=0
13,P2_unread_cc,MSG0001697,message_exists,1,
13,P2_unread_cc,MSG0001697,is_cc,1,
13,P2_unread_cc,MSG0001697,no_access_event,1,accesses=0
13,P8_nonclinical_misrouted,MSG0001740,message_exists,1,
13,P8_nonclinical_misrouted,MSG0001740,nonclinical_category,1,category=appointment_request
13,P8_nonclinical_misrouted,MSG0001740,reaches_provider,1,provider_forwards=1
13,P2_unread_cc,MSG0001780,message_exists,1,
13,P2_unread_cc,MSG0001780,is_cc,1,
13,P2_unread_cc,MSG0001780,no_access_event,1,accesses=0
13,P2_unread_cc,MSG0001783,message_exists,1,
13,P2_unread_cc,MSG0001783,is_cc,1,
13,P2_unread_cc,MSG0001783,no_access_event,1,accesses=0
13,P2_unread_cc,MSG0001784,message_exists,1,
13,P2_unread_cc,MSG0001784,is_cc,1,
13,P2_unread_cc,MSG0001784,no_access_event,1,accesses=0
13,P2_unread_cc,MSG0001785,message_exists,1,
13,P2_unread_cc,MSG0001785,is_cc,1,
13,P2_unread_cc,MSG0001785,no_access_event,1,accesses=0
13,P4_result_misrouted,MSG0001835,message_exists,1,
13,P4_result_misrouted,MSG0001835,is_result,1,
13,P4_result_misrouted,MSG0001835,recipient_not_ordering,1,
13,P4_result_misrouted,MSG0001835,recipient_not_covering,1,cover=None
13,P2_unread_cc,MSG0001874,message_exists,1,
13,P2_unread_cc,MSG0001874,is_cc,1,
13,P2_unread_cc,MSG0001874,no_access_event,1,accesses=0
13,P2_unread_cc,MSG0001877,message_exists,1,
13,P2_unread_cc,MSG0001877,is_cc,1,
13,P2_unread_cc,MSG0001877,no_access_event,1,accesses=0
13,P3_extended_thread,THR0001807,thread_exists,1,
13,P3_extended_thread,THR0001807,three_or_more_patient_incoming,1,incoming=3
13,P3_extended_thread,THR0001807,four_or_more_message_exchanges,1,in+out=6
13,P3_extended_thread,THR0001807,spans_at_least_3_days,1,span_days=7.03
13,P3_extended_thread,THR0001807,no_visit_between,1,intervening_visits=0
13,P3_extended_thread,THR0001808,thread_exists,1,
13,P3_extended_thread,THR0001808,three_or_more_patient_incoming,1,incoming=3
13,P3_extended_thread,THR0001808,four_or_more_message_exchanges,1,in+out=7
13,P3_extended_thread,THR0001808,spans_at_least_3_days,1,span_days=7.82
13,P3_extended_thread,THR0001808,no_visit_between,0,intervening_visits=1
13,P7_pingpong,MSG0001933,message_exists,1,
13,P7_pingpong,MSG0001933,at_least_two_staff_to_provider_forwards,1,staff_to_provider=2
13,P7_pingpong,MSG0001933,at_least_two_provider_to_staff_forwards,1,provider_to_staff=2
13,P7_pingpong,MSG0001933,two_or_more_round_trips,1,roundtrips=2
13,P4_result_misrouted,MSG0001948,message_exists,1,
13,P4_result_misrouted,MSG0001948,is_result,1,
13,P4_result_misrouted,MSG0001948,recipient_not_ordering,1,
13,P4_result_misrouted,MSG0001948,recipient_not_covering,1,cover=None
13,P2_unread_cc,MSG0002048,message_exists,1,
13,P2_unread_cc,MSG0002048,is_cc,1,
13,P2_unread_cc,MSG0002048,no_access_event,1,accesses=0
13,P2_unread_cc,MSG0002052,message_exists,1,
13,P2_unread_cc,MSG0002052,is_cc,1,
13,P2_unread_cc,MSG0002052,no_access_event,1,accesses=0
13,P2_unread_cc,MSG0002054,message_exists,1,
13,P2_unread_cc,MSG0002054,is_cc,1,
13,P2_unread_cc,MSG0002054,no_access_event,1,accesses=0
13,P3_extended_thread,THR0001958,thread_exists,1,
13,P3_extended_thread,THR0001958,three_or_more_patient_incoming,1,incoming=3
13,P3_extended_thread,THR0001958,four_or_more_message_exchanges,1,in+out=6
13,P3_extended_thread,THR0001958,spans_at_least_3_days,1,span_days=7.82
13,P3_extended_thread,THR0001958,no_visit_between,1,intervening_visits=0
13,P2_unread_cc,MSG0002129,message_exists,1,
13,P2_unread_cc,MSG0002129,is_cc,1,
13,P2_unread_cc,MSG0002129,no_access_event,1,accesses=0
13,P2_unread_cc,MSG0002133,message_exists,1,
13,P2_unread_cc,MSG0002133,is_cc,1,
13,P2_unread_cc,MSG0002133,no_access_event,1,accesses=0
13,P2_unread_cc,MSG0002135,message_exists,1,
13,P2_unread_cc,MSG0002135,is_cc,1,
13,P2_unread_cc,MSG0002135,no_access_event,1,accesses=0
13,P2_unread_cc,MSG0002137,message_exists,1,
13,P2_unread_cc,MSG0002137,is_cc,1,
13,P2_unread_cc,MSG0002137,no_access_event,1,accesses=0
13,P7_pingpong,MSG0002171,message_exists,1,
13,P7_pingpong,MSG0002171,at_least_two_staff_to_provider_forwards,1,staff_to_provider=2
13,P7_pingpong,MSG0002171,at_least_two_provider_to_staff_forwards,1,provider_to_staff=2
13,P7_pingpong,MSG0002171,two_or_more_round_trips,1,roundtrips=2
13,P4_result_misrouted,MSG0002190,message_exists,1,
13,P4_result_misrouted,MSG0002190,is_result,1,
13,P4_result_misrouted,MSG0002190,recipient_not_ordering,1,
13,P4_result_misrouted,MSG0002190,recipient_not_covering,1,cover=None
13,P4_result_misrouted,MSG0002191,message_exists,1,
13,P4_result_misrouted,MSG0002191,is_result,1,
13,P4_result_misrouted,MSG0002191,recipient_not_ordering,1,
13,P4_result_misrouted,MSG0002191,recipient_not_covering,1,cover=None
13,P4_result_misrouted,MSG0002195,message_exists,1,
13,P4_result_misrouted,MSG0002195,is_result,1,
13,P4_result_misrouted,MSG0002195,recipient_not_ordering,1,
13,P4_result_misrouted,MSG0002195,recipient_not_covering,1,cover=None
13,P4_result_misrouted,MSG0002199,message_exists,1,
13,P4_result_misrouted,MSG0002199,is_result,1,
13,P4_result_misrouted,MSG0002199,recipient_not_ordering,1,
13,P4_result_misrouted,MSG0002199,recipient_not_covering,1,cover=None
13,P2_unread_cc,MSG0002218,message_exists,1,
13,P2_unread_cc,MSG0002218,is_cc,1,
13,P2_unread_cc,MSG0002218,no_access_event,1,accesses=0
13,P2_unread_cc,MSG0002220,message_exists,1,
13,P2_unread_cc,MSG0002220,is_cc,1,
13,P2_unread_cc,MSG0002220,no_access_event,1,accesses=0
13,P2_unread_cc,MSG0002226,message_exists,1,
13,P2_unread_cc,MSG0002226,is_cc,1,
13,P2_unread_cc,MSG0002226,no_access_event,1,accesses=0
13,P7_pingpong,MSG0002246,message_exists,1,
13,P7_pingpong,MSG0002246,at_least_two_staff_to_provider_forwards,1,staff_to_provider=2
13,P7_pingpong,MSG0002246,at_least_two_provider_to_staff_forwards,1,provider_to_staff=2
13,P7_pingpong,MSG0002246,two_or_more_round_trips,1,roundtrips=2
13,P7_pingpong,MSG0002252,message_exists,1,
13,P7_pingpong,MSG0002252,at_least_two_staff_to_provider_forwards,1,staff_to_provider=2
13,P7_pingpong,MSG0002252,at_least_two_provider_to_staff_forwards,1,provider_to_staff=2
13,P7_pingpong,MSG0002252,two_or_more_round_trips,1,roundtrips=2
13,P2_unread_cc,MSG0002295,message_exists,1,
13,P2_unread_cc,MSG0002295,is_cc,1,
13,P2_unread_cc,MSG0002295,no_access_event,1,accesses=0
13,P2_unread_cc,MSG0002298,message_exists,1,
13,P2_unread_cc,MSG0002298,is_cc,1,
13,P2_unread_cc,MSG0002298,no_access_event,1,accesses=0
13,P2_unread_cc,MSG0002301,message_exists,1,
13,P2_unread_cc,MSG0002301,is_cc,1,
13,P2_unread_cc,MSG0002301,no_access_event,1,accesses=0
13,P8_nonclinical_misrouted,MSG0002341,message_exists,1,
13,P8_nonclinical_misrouted,MSG0002341,nonclinical_category,1,category=billing_question
13,P8_nonclinical_misrouted,MSG0002341,reaches_provider,1,provider_forwards=1
13,P4_result_misrouted,MSG0002357,message_exists,1,
13,P4_result_misrouted,MSG0002357,is_result,1,
13,P4_result_misrouted,MSG0002357,recipient_not_ordering,1,
13,P4_result_misrouted,MSG0002357,recipient_not_covering,1,cover=None
13,P2_unread_cc,MSG0002375,message_exists,1,
13,P2_unread_cc,MSG0002375,is_cc,1,
13,P2_unread_cc,MSG0002375,no_access_event,1,accesses=0
13,P2_unread_cc,MSG0002377,message_exists,1,
13,P2_unread_cc,MSG0002377,is_cc,1,
13,P2_unread_cc,MSG0002377,no_access_event,1,accesses=0
13,P2_unread_cc,MSG0002379,message_exists,1,
13,P2_unread_cc,MSG0002379,is_cc,1,
13,P2_unread_cc,MSG0002379,no_access_event,1,accesses=0
13,P2_unread_cc,MSG0002391,message_exists,1,
13,P2_unread_cc,MSG0002391,is_cc,1,
13,P2_unread_cc,MSG0002391,no_access_event,1,accesses=0
13,P4_result_misrouted,MSG0002440,message_exists,1,
13,P4_result_misrouted,MSG0002440,is_result,1,
13,P4_result_misrouted,MSG0002440,recipient_not_ordering,1,
13,P4_result_misrouted,MSG0002440,recipient_not_covering,1,cover=None
13,P2_unread_cc,MSG0002463,message_exists,1,
13,P2_unread_cc,MSG0002463,is_cc,1,
13,P2_unread_cc,MSG0002463,no_access_event,1,accesses=0
13,P2_unread_cc,MSG0002465,message_exists,1,
13,P2_unread_cc,MSG0002465,is_cc,1,
13,P2_unread_cc,MSG0002465,no_access_event,1,accesses=0
13,P2_unread_cc,MSG0002467,message_exists,1,
13,P2_unread_cc,MSG0002467,is_cc,1,
13,P2_unread_cc,MSG0002467,no_access_event,1,accesses=0
13,P1_thank_you,MSG0002531,message_exists,1,
13,P1_thank_you,MSG0002531,patient_originated_portal_message,1,
13,P1_thank_you,MSG0002531,is_reply_to_prior_outbound,1,
13,P1_thank_you,MSG0002531,thread_ending,1,later_messages=0
13,P1_thank_you,MSG0002531,accessed_and_completed,1,
13,P7_pingpong,MSG0002583,message_exists,1,
13,P7_pingpong,MSG0002583,at_least_two_staff_to_provider_forwards,1,staff_to_provider=2
13,P7_pingpong,MSG0002583,at_least_two_provider_to_staff_forwards,1,provider_to_staff=2
13,P7_pingpong,MSG0002583,two_or_more_round_trips,1,roundtrips=2
13,P4_result_misrouted,MSG0002637,message_exists,1,
13,P4_result_misrouted,MSG0002637,is_result,1,
13,P4_result_misrouted,MSG0002637,recipient_not_ordering,1,
13,P4_result_misrouted,MSG0002637,recipient_not_covering,1,cover=None
13,P7_pingpong,MSG0002698,message_exists,1,
13,P7_pingpong,MSG0002698,at_least_two_staff_to_provider_forwards,1,staff_to_provider=2
13,P7_pingpong,MSG0002698,at_least_two_provider_to_staff_forwards,1,provider_to_staff=2
13,P7_pingpong,MSG0002698,two_or_more_round_trips,1,roundtrips=2
13,P2_unread_cc,MSG0002754,message_exists,1,
13,P2_unread_cc,MSG0002754,is_cc,1,
13,P2_unread_cc,MSG0002754,no_access_event,1,accesses=0
13,P2_unread_cc,MSG0002756,message_exists,1,
13,P2_unread_cc,MSG0002756,is_cc,1,
13,P2_unread_cc,MSG0002756,no_access_event,1,accesses=0
13,P2_unread_cc,MSG0002758,message_exists,1,
13,P2_unread_cc,MSG0002758,is_cc,1,
13,P2_unread_cc,MSG0002758,no_access_event,1,accesses=0
13,P3_extended_thread,THR0002615,thread_exists,1,
13,P3_extended_thread,THR0002615,three_or_more_patient_incoming,1,incoming=3
13,P3_extended_thread,THR0002615,four_or_more_message_exchanges,1,in+out=6
13,P3_extended_thread,THR0002615,spans_at_least_3_days,1,span_days=6.64
13,P3_extended_thread,THR0002615,no_visit_between,1,intervening_visits=0
13,P2_unread_cc,MSG0002824,message_exists,1,
13,P2_unread_cc,MSG0002824,is_cc,1,
13,P2_unread_cc,MSG0002824,no_access_event,1,accesses=0
13,P2_unread_cc,MSG0002830,message_exists,1,
13,P2_unread_cc,MSG0002830,is_cc,1,
13,P2_unread_cc,MSG0002830,no_access_event,1,accesses=0
13,P7_pingpong,MSG0002867,message_exists,1,
13,P7_pingpong,MSG0002867,at_least_two_staff_to_provider_forwards,1,staff_to_provider=2
13,P7_pingpong,MSG0002867,at_least_two_provider_to_staff_forwards,1,provider_to_staff=2
13,P7_pingpong,MSG0002867,two_or_more_round_trips,1,roundtrips=2
13,P2_unread_cc,MSG0002907,message_exists,1,
13,P2_unread_cc,MSG0002907,is_cc,1,
13,P2_unread_cc,MSG0002907,no_access_event,1,accesses=0
13,P2_unread_cc,MSG0002910,message_exists,1,
13,P2_unread_cc,MSG0002910,is_cc,1,
13,P2_unread_cc,MSG0002910,no_access_event,1,accesses=0
13,P2_unread_cc,MSG0002980,message_exists,1,
13,P2_unread_cc,MSG0002980,is_cc,1,
13,P2_unread_cc,MSG0002980,no_access_event,1,accesses=0
13,P2_unread_cc,MSG0002982,message_exists,1,
13,P2_unread_cc,MSG0002982,is_cc,1,
13,P2_unread_cc,MSG0002982,no_access_event,1,accesses=0
13,P2_unread_cc,MSG0002983,message_exists,1,
13,P2_unread_cc,MSG0002983,is_cc,1,
13,P2_unread_cc,MSG0002983,no_access_event,1,accesses=0
13,P2_unread_cc,MSG0002987,message_exists,1,
13,P2_unread_cc,MSG0002987,is_cc,1,
13,P2_unread_cc,MSG0002987,no_access_event,1,accesses=0
13,P4_result_misrouted,MSG0003023,message_exists,1,
13,P4_result_misrouted,MSG0003023,is_result,1,
13,P4_result_misrouted,MSG0003023,recipient_not_ordering,1,
13,P4_result_misrouted,MSG0003023,recipient_not_covering,1,cover=None
13,P2_unread_cc,MSG0003051,message_exists,1,
13,P2_unread_cc,MSG0003051,is_cc,1,
13,P2_unread_cc,MSG0003051,no_access_event,1,accesses=0
13,P2_unread_cc,MSG0003053,message_exists,1,
13,P2_unread_cc,MSG0003053,is_cc,1,
13,P2_unread_cc,MSG0003053,no_access_event,1,accesses=0
13,P2_unread_cc,MSG0003057,message_exists,1,
13,P2_unread_cc,MSG0003057,is_cc,1,
13,P2_unread_cc,MSG0003057,no_access_event,1,accesses=0
13,P4_result_misrouted,MSG0003101,message_exists,1,
13,P4_result_misrouted,MSG0003101,is_result,1,
13,P4_result_misrouted,MSG0003101,recipient_not_ordering,1,
13,P4_result_misrouted,MSG0003101,recipient_not_covering,1,cover=None
13,P2_unread_cc,MSG0003123,message_exists,1,
13,P2_unread_cc,MSG0003123,is_cc,1,
13,P2_unread_cc,MSG0003123,no_access_event,1,accesses=0
13,P2_unread_cc,MSG0003124,message_exists,1,
13,P2_unread_cc,MSG0003124,is_cc,1,
13,P2_unread_cc,MSG0003124,no_access_event,1,accesses=0
13,P2_unread_cc,MSG0003130,message_exists,1,
13,P2_unread_cc,MSG0003130,is_cc,1,
13,P2_unread_cc,MSG0003130,no_access_event,1,accesses=0
13,P2_unread_cc,MSG0003135,message_exists,1,
13,P2_unread_cc,MSG0003135,is_cc,1,
13,P2_unread_cc,MSG0003135,no_access_event,1,accesses=0
13,P4_result_misrouted,MSG0003179,message_exists,1,
13,P4_result_misrouted,MSG0003179,is_result,1,
13,P4_result_misrouted,MSG0003179,recipient_not_ordering,1,
13,P4_result_misrouted,MSG0003179,recipient_not_covering,1,cover=None
13,P2_unread_cc,MSG0003214,message_exists,1,
13,P2_unread_cc,MSG0003214,is_cc,1,
13,P2_unread_cc,MSG0003214,no_access_event,1,accesses=0
13,P2_unread_cc,MSG0003219,message_exists,1,
13,P2_unread_cc,MSG0003219,is_cc,1,
13,P2_unread_cc,MSG0003219,no_access_event,1,accesses=0
13,P2_unread_cc,MSG0003293,message_exists,1,
13,P2_unread_cc,MSG0003293,is_cc,1,
13,P2_unread_cc,MSG0003293,no_access_event,1,accesses=0
13,P8_nonclinical_misrouted,MSG0003335,message_exists,1,
13,P8_nonclinical_misrouted,MSG0003335,nonclinical_category,1,category=billing_question
13,P8_nonclinical_misrouted,MSG0003335,reaches_provider,1,provider_forwards=1
13,P4_result_misrouted,MSG0003337,message_exists,1,
13,P4_result_misrouted,MSG0003337,is_result,1,
13,P4_result_misrouted,MSG0003337,recipient_not_ordering,1,
13,P4_result_misrouted,MSG0003337,recipient_not_covering,1,cover=None
13,P2_unread_cc,MSG0003364,message_exists,1,
13,P2_unread_cc,MSG0003364,is_cc,1,
13,P2_unread_cc,MSG0003364,no_access_event,1,accesses=0
13,P2_unread_cc,MSG0003368,message_exists,1,
13,P2_unread_cc,MSG0003368,is_cc,1,
13,P2_unread_cc,MSG0003368,no_access_event,1,accesses=0
13,P2_unread_cc,MSG0003369,message_exists,1,
13,P2_unread_cc,MSG0003369,is_cc,1,
13,P2_unread_cc,MSG0003369,no_access_event,1,accesses=0
13,P2_unread_cc,MSG0003447,message_exists,1,
13,P2_unread_cc,MSG0003447,is_cc,1,
13,P2_unread_cc,MSG0003447,no_access_event,1,accesses=0
13,P8_nonclinical_misrouted,MSG0003490,message_exists,1,
13,P8_nonclinical_misrouted,MSG0003490,nonclinical_category,1,category=billing_question
13,P8_nonclinical_misrouted,MSG0003490,reaches_provider,1,provider_forwards=1
13,P4_result_misrouted,MSG0003495,message_exists,1,
13,P4_result_misrouted,MSG0003495,is_result,1,
13,P4_result_misrouted,MSG0003495,recipient_not_ordering,1,
13,P4_result_misrouted,MSG0003495,recipient_not_covering,1,cover=None
13,P1_thank_you,MSG0003579,message_exists,1,
13,P1_thank_you,MSG0003579,patient_originated_portal_message,1,
13,P1_thank_you,MSG0003579,is_reply_to_prior_outbound,1,
13,P1_thank_you,MSG0003579,thread_ending,1,later_messages=0
13,P1_thank_you,MSG0003579,accessed_and_completed,1,
13,P2_unread_cc,MSG0003621,message_exists,1,
13,P2_unread_cc,MSG0003621,is_cc,1,
13,P2_unread_cc,MSG0003621,no_access_event,1,accesses=0
13,P4_result_misrouted,MSG0003675,message_exists,1,
13,P4_result_misrouted,MSG0003675,is_result,1,
13,P4_result_misrouted,MSG0003675,recipient_not_ordering,1,
13,P4_result_misrouted,MSG0003675,recipient_not_covering,1,cover=None
13,P2_unread_cc,MSG0003701,message_exists,1,
13,P2_unread_cc,MSG0003701,is_cc,1,
13,P2_unread_cc,MSG0003701,no_access_event,1,accesses=0
13,P2_unread_cc,MSG0003706,message_exists,1,
13,P2_unread_cc,MSG0003706,is_cc,1,
13,P2_unread_cc,MSG0003706,no_access_event,1,accesses=0
13,P1_thank_you,MSG0003751,message_exists,1,
13,P1_thank_you,MSG0003751,patient_originated_portal_message,1,
13,P1_thank_you,MSG0003751,is_reply_to_prior_outbound,1,
13,P1_thank_you,MSG0003751,thread_ending,1,later_messages=0
13,P1_thank_you,MSG0003751,accessed_and_completed,1,
13,P2_unread_cc,MSG0003797,message_exists,1,
13,P2_unread_cc,MSG0003797,is_cc,1,
13,P2_unread_cc,MSG0003797,no_access_event,1,accesses=0
13,P2_unread_cc,MSG0003799,message_exists,1,
13,P2_unread_cc,MSG0003799,is_cc,1,
13,P2_unread_cc,MSG0003799,no_access_event,1,accesses=0
13,P2_unread_cc,MSG0003805,message_exists,1,
13,P2_unread_cc,MSG0003805,is_cc,1,
13,P2_unread_cc,MSG0003805,no_access_event,1,accesses=0
13,P4_result_misrouted,MSG0003904,message_exists,1,
13,P4_result_misrouted,MSG0003904,is_result,1,
13,P4_result_misrouted,MSG0003904,recipient_not_ordering,1,
13,P4_result_misrouted,MSG0003904,recipient_not_covering,1,cover=None
13,P2_unread_cc,MSG0003967,message_exists,1,
13,P2_unread_cc,MSG0003967,is_cc,1,
13,P2_unread_cc,MSG0003967,no_access_event,1,accesses=0
13,P2_unread_cc,MSG0004059,message_exists,1,
13,P2_unread_cc,MSG0004059,is_cc,1,
13,P2_unread_cc,MSG0004059,no_access_event,1,accesses=0
13,P2_unread_cc,MSG0004062,message_exists,1,
13,P2_unread_cc,MSG0004062,is_cc,1,
13,P2_unread_cc,MSG0004062,no_access_event,1,accesses=0
13,P2_unread_cc,MSG0004064,message_exists,1,
13,P2_unread_cc,MSG0004064,is_cc,1,
13,P2_unread_cc,MSG0004064,no_access_event,1,accesses=0
13,P2_unread_cc,MSG0004139,message_exists,1,
13,P2_unread_cc,MSG0004139,is_cc,1,
13,P2_unread_cc,MSG0004139,no_access_event,1,accesses=0
13,P2_unread_cc,MSG0004140,message_exists,1,
13,P2_unread_cc,MSG0004140,is_cc,1,
13,P2_unread_cc,MSG0004140,no_access_event,1,accesses=0
13,P8_nonclinical_misrouted,MSG0004183,message_exists,1,
13,P8_nonclinical_misrouted,MSG0004183,nonclinical_category,1,category=appointment_request
13,P8_nonclinical_misrouted,MSG0004183,reaches_provider,1,provider_forwards=1
13,P2_unread_cc,MSG0004213,message_exists,1,
13,P2_unread_cc,MSG0004213,is_cc,1,
13,P2_unread_cc,MSG0004213,no_access_event,1,accesses=0
13,P4_result_misrouted,MSG0004268,message_exists,1,
13,P4_result_misrouted,MSG0004268,is_result,1,
13,P4_result_misrouted,MSG0004268,recipient_not_ordering,1,
13,P4_result_misrouted,MSG0004268,recipient_not_covering,1,cover=None
13,P2_unread_cc,MSG0004295,message_exists,1,
13,P2_unread_cc,MSG0004295,is_cc,1,
13,P2_unread_cc,MSG0004295,no_access_event,1,accesses=0
13,P2_unread_cc,MSG0004298,message_exists,1,
13,P2_unread_cc,MSG0004298,is_cc,1,
13,P2_unread_cc,MSG0004298,no_access_event,1,accesses=0
13,P2_unread_cc,MSG0004300,message_exists,1,
13,P2_unread_cc,MSG0004300,is_cc,1,
13,P2_unread_cc,MSG0004300,no_access_event,1,accesses=0
13,P2_unread_cc,MSG0004371,message_exists,1,
13,P2_unread_cc,MSG0004371,is_cc,1,
13,P2_unread_cc,MSG0004371,no_access_event,1,accesses=0
13,P2_unread_cc,MSG0004374,message_exists,1,
13,P2_unread_cc,MSG0004374,is_cc,1,
13,P2_unread_cc,MSG0004374,no_access_event,1,accesses=0
13,P2_unread_cc,MSG0004378,message_exists,1,
13,P2_unread_cc,MSG0004378,is_cc,1,
13,P2_unread_cc,MSG0004378,no_access_event,1,accesses=0
13,P8_nonclinical_misrouted,MSG0004415,message_exists,1,
13,P8_nonclinical_misrouted,MSG0004415,nonclinical_category,1,category=cancellation
13,P8_nonclinical_misrouted,MSG0004415,reaches_provider,1,provider_forwards=1
13,P2_unread_cc,MSG0004454,message_exists,1,
13,P2_unread_cc,MSG0004454,is_cc,1,
13,P2_unread_cc,MSG0004454,no_access_event,1,accesses=0
13,P2_unread_cc,MSG0004461,message_exists,1,
13,P2_unread_cc,MSG0004461,is_cc,1,
13,P2_unread_cc,MSG0004461,no_access_event,1,accesses=0
13,P4_result_misrouted,MSG0004503,message_exists,1,
13,P4_result_misrouted,MSG0004503,is_result,1,
13,P4_result_misrouted,MSG0004503,recipient_not_ordering,1,
13,P4_result_misrouted,MSG0004503,recipient_not_covering,1,cover=None
13,P4_result_misrouted,MSG0004512,message_exists,1,
13,P4_result_misrouted,MSG0004512,is_result,1,
13,P4_result_misrouted,MSG0004512,recipient_not_ordering,1,
13,P4_result_misrouted,MSG0004512,recipient_not_covering,1,cover=None
13,P2_unread_cc,MSG0004541,message_exists,1,
13,P2_unread_cc,MSG0004541,is_cc,1,
13,P2_unread_cc,MSG0004541,no_access_event,1,accesses=0
13,P2_unread_cc,MSG0004544,message_exists,1,
13,P2_unread_cc,MSG0004544,is_cc,1,
13,P2_unread_cc,MSG0004544,no_access_event,1,accesses=0
13,P2_unread_cc,MSG0004545,message_exists,1,
13,P2_unread_cc,MSG0004545,is_cc,1,
13,P2_unread_cc,MSG0004545,no_access_event,1,accesses=0
13,P2_unread_cc,MSG0004637,message_exists,1,
13,P2_unread_cc,MSG0004637,is_cc,1,
13,P2_unread_cc,MSG0004637,no_access_event,1,accesses=0
13,P2_unread_cc,MSG0004638,message_exists,1,
13,P2_unread_cc,MSG0004638,is_cc,1,
13,P2_unread_cc,MSG0004638,no_access_event,1,accesses=0
13,P2_unread_cc,MSG0004640,message_exists,1,
13,P2_unread_cc,MSG0004640,is_cc,1,
13,P2_unread_cc,MSG0004640,no_access_event,1,accesses=0
13,P2_unread_cc,MSG0004642,message_exists,1,
13,P2_unread_cc,MSG0004642,is_cc,1,
13,P2_unread_cc,MSG0004642,no_access_event,1,accesses=0
13,P2_unread_cc,MSG0004645,message_exists,1,
13,P2_unread_cc,MSG0004645,is_cc,1,
13,P2_unread_cc,MSG0004645,no_access_event,1,accesses=0
13,P2_unread_cc,MSG0004648,message_exists,1,
13,P2_unread_cc,MSG0004648,is_cc,1,
13,P2_unread_cc,MSG0004648,no_access_event,1,accesses=0
13,P2_unread_cc,MSG0004650,message_exists,1,
13,P2_unread_cc,MSG0004650,is_cc,1,
13,P2_unread_cc,MSG0004650,no_access_event,1,accesses=0
13,P2_unread_cc,MSG0004722,message_exists,1,
13,P2_unread_cc,MSG0004722,is_cc,1,
13,P2_unread_cc,MSG0004722,no_access_event,1,accesses=0
13,P2_unread_cc,MSG0004725,message_exists,1,
13,P2_unread_cc,MSG0004725,is_cc,1,
13,P2_unread_cc,MSG0004725,no_access_event,1,accesses=0
13,P2_unread_cc,MSG0004812,message_exists,1,
13,P2_unread_cc,MSG0004812,is_cc,1,
13,P2_unread_cc,MSG0004812,no_access_event,1,accesses=0
13,P2_unread_cc,MSG0004893,message_exists,1,
13,P2_unread_cc,MSG0004893,is_cc,1,
13,P2_unread_cc,MSG0004893,no_access_event,1,accesses=0
13,P2_unread_cc,MSG0004986,message_exists,1,
13,P2_unread_cc,MSG0004986,is_cc,1,
13,P2_unread_cc,MSG0004986,no_access_event,1,accesses=0
13,P2_unread_cc,MSG0004988,message_exists,1,
13,P2_unread_cc,MSG0004988,is_cc,1,
13,P2_unread_cc,MSG0004988,no_access_event,1,accesses=0
13,P7_pingpong,MSG0005025,message_exists,1,
13,P7_pingpong,MSG0005025,at_least_two_staff_to_provider_forwards,1,staff_to_provider=2
13,P7_pingpong,MSG0005025,at_least_two_provider_to_staff_forwards,1,provider_to_staff=2
13,P7_pingpong,MSG0005025,two_or_more_round_trips,1,roundtrips=2
13,P2_unread_cc,MSG0005067,message_exists,1,
13,P2_unread_cc,MSG0005067,is_cc,1,
13,P2_unread_cc,MSG0005067,no_access_event,1,accesses=0
13,P2_unread_cc,MSG0005068,message_exists,1,
13,P2_unread_cc,MSG0005068,is_cc,1,
13,P2_unread_cc,MSG0005068,no_access_event,1,accesses=0
13,P2_unread_cc,MSG0005069,message_exists,1,
13,P2_unread_cc,MSG0005069,is_cc,1,
13,P2_unread_cc,MSG0005069,no_access_event,1,accesses=0
13,P2_unread_cc,MSG0005073,message_exists,1,
13,P2_unread_cc,MSG0005073,is_cc,1,
13,P2_unread_cc,MSG0005073,no_access_event,1,accesses=0
13,P2_unread_cc,MSG0005076,message_exists,1,
13,P2_unread_cc,MSG0005076,is_cc,1,
13,P2_unread_cc,MSG0005076,no_access_event,1,accesses=0
13,P2_unread_cc,MSG0005077,message_exists,1,
13,P2_unread_cc,MSG0005077,is_cc,1,
13,P2_unread_cc,MSG0005077,no_access_event,1,accesses=0
13,P2_unread_cc,MSG0005078,message_exists,1,
13,P2_unread_cc,MSG0005078,is_cc,1,
13,P2_unread_cc,MSG0005078,no_access_event,1,accesses=0
13,P2_unread_cc,MSG0005079,message_exists,1,
13,P2_unread_cc,MSG0005079,is_cc,1,
13,P2_unread_cc,MSG0005079,no_access_event,1,accesses=0
13,P8_nonclinical_misrouted,MSG0005121,message_exists,1,
13,P8_nonclinical_misrouted,MSG0005121,nonclinical_category,1,category=billing_question
13,P8_nonclinical_misrouted,MSG0005121,reaches_provider,1,provider_forwards=1
13,P1_thank_you,MSG0005232,message_exists,1,
13,P1_thank_you,MSG0005232,patient_originated_portal_message,1,
13,P1_thank_you,MSG0005232,is_reply_to_prior_outbound,1,
13,P1_thank_you,MSG0005232,thread_ending,1,later_messages=0
13,P1_thank_you,MSG0005232,accessed_and_completed,1,
14,P4_result_misrouted,MSG0000015,message_exists,1,
14,P4_result_misrouted,MSG0000015,is_result,1,
14,P4_result_misrouted,MSG0000015,recipient_not_ordering,1,
14,P4_result_misrouted,MSG0000015,recipient_not_covering,1,cover=None
14,P2_unread_cc,MSG0000038,message_exists,1,
14,P2_unread_cc,MSG0000038,is_cc,1,
14,P2_unread_cc,MSG0000038,no_access_event,1,accesses=0
14,P2_unread_cc,MSG0000043,message_exists,1,
14,P2_unread_cc,MSG0000043,is_cc,1,
14,P2_unread_cc,MSG0000043,no_access_event,1,accesses=0
14,P2_unread_cc,MSG0000099,message_exists,1,
14,P2_unread_cc,MSG0000099,is_cc,1,
14,P2_unread_cc,MSG0000099,no_access_event,1,accesses=0
14,P2_unread_cc,MSG0000103,message_exists,1,
14,P2_unread_cc,MSG0000103,is_cc,1,
14,P2_unread_cc,MSG0000103,no_access_event,1,accesses=0
14,P4_result_misrouted,MSG0000132,message_exists,1,
14,P4_result_misrouted,MSG0000132,is_result,1,
14,P4_result_misrouted,MSG0000132,recipient_not_ordering,1,
14,P4_result_misrouted,MSG0000132,recipient_not_covering,1,cover=None
14,P2_unread_cc,MSG0000160,message_exists,1,
14,P2_unread_cc,MSG0000160,is_cc,1,
14,P2_unread_cc,MSG0000160,no_access_event,1,accesses=0
14,P2_unread_cc,MSG0000163,message_exists,1,
14,P2_unread_cc,MSG0000163,is_cc,1,
14,P2_unread_cc,MSG0000163,no_access_event,1,accesses=0
14,P2_unread_cc,MSG0000241,message_exists,1,
14,P2_unread_cc,MSG0000241,is_cc,1,
14,P2_unread_cc,MSG0000241,no_access_event,1,accesses=0
14,P2_unread_cc,MSG0000243,message_exists,1,
14,P2_unread_cc,MSG0000243,is_cc,1,
14,P2_unread_cc,MSG0000243,no_access_event,1,accesses=0
14,P4_result_misrouted,MSG0000282,message_exists,1,
14,P4_result_misrouted,MSG0000282,is_result,1,
14,P4_result_misrouted,MSG0000282,recipient_not_ordering,1,
14,P4_result_misrouted,MSG0000282,recipient_not_covering,1,cover=None
14,P2_unread_cc,MSG0000302,message_exists,1,
14,P2_unread_cc,MSG0000302,is_cc,1,
14,P2_unread_cc,MSG0000302,no_access_event,1,accesses=0
14,P2_unread_cc,MSG0000305,message_exists,1,
14,P2_unread_cc,MSG0000305,is_cc,1,
14,P2_unread_cc,MSG0000305,no_access_event,1,accesses=0
14,P2_unread_cc,MSG0000306,message_exists,1,
14,P2_unread_cc,MSG0000306,is_cc,1,
14,P2_unread_cc,MSG0000306,no_access_event,1,accesses=0
14,P2_unread_cc,MSG0000308,message_exists,1,
14,P2_unread_cc,MSG0000308,is_cc,1,
14,P2_unread_cc,MSG0000308,no_access_event,1,accesses=0
14,P4_result_misrouted,MSG0000352,message_exists,1,
14,P4_result_misrouted,MSG0000352,is_result,1,
14,P4_result_misrouted,MSG0000352,recipient_not_ordering,1,
14,P4_result_misrouted,MSG0000352,recipient_not_covering,1,cover=None
14,P2_unread_cc,MSG0000371,message_exists,1,
14,P2_unread_cc,MSG0000371,is_cc,1,
14,P2_unread_cc,MSG0000371,no_access_event,1,accesses=0
14,P2_unread_cc,MSG0000373,message_exists,1,
14,P2_unread_cc,MSG0000373,is_cc,1,
14,P2_unread_cc,MSG0000373,no_access_event,1,accesses=0
14,P2_unread_cc,MSG0000375,message_exists,1,
14,P2_unread_cc,MSG0000375,is_cc,1,
14,P2_unread_cc,MSG0000375,no_access_event,1,accesses=0
14,P2_unread_cc,MSG0000377,message_exists,1,
14,P2_unread_cc,MSG0000377,is_cc,1,
14,P2_unread_cc,MSG0000377,no_access_event,1,accesses=0
14,P4_result_misrouted,MSG0000438,message_exists,1,
14,P4_result_misrouted,MSG0000438,is_result,1,
14,P4_result_misrouted,MSG0000438,recipient_not_ordering,1,
14,P4_result_misrouted,MSG0000438,recipient_not_covering,1,cover=None
14,P2_unread_cc,MSG0000458,message_exists,1,
14,P2_unread_cc,MSG0000458,is_cc,1,
14,P2_unread_cc,MSG0000458,no_access_event,1,accesses=0
14,P2_unread_cc,MSG0000463,message_exists,1,
14,P2_unread_cc,MSG0000463,is_cc,1,
14,P2_unread_cc,MSG0000463,no_access_event,1,accesses=0
14,P2_unread_cc,MSG0000464,message_exists,1,
14,P2_unread_cc,MSG0000464,is_cc,1,
14,P2_unread_cc,MSG0000464,no_access_event,1,accesses=0
14,P2_unread_cc,MSG0000544,message_exists,1,
14,P2_unread_cc,MSG0000544,is_cc,1,
14,P2_unread_cc,MSG0000544,no_access_event,1,accesses=0
14,P2_unread_cc,MSG0000545,message_exists,1,
14,P2_unread_cc,MSG0000545,is_cc,1,
14,P2_unread_cc,MSG0000545,no_access_event,1,accesses=0
14,P2_unread_cc,MSG0000549,message_exists,1,
14,P2_unread_cc,MSG0000549,is_cc,1,
14,P2_unread_cc,MSG0000549,no_access_event,1,accesses=0
14,P2_unread_cc,MSG0000551,message_exists,1,
14,P2_unread_cc,MSG0000551,is_cc,1,
14,P2_unread_cc,MSG0000551,no_access_event,1,accesses=0
14,P2_unread_cc,MSG0000552,message_exists,1,
14,P2_unread_cc,MSG0000552,is_cc,1,
14,P2_unread_cc,MSG0000552,no_access_event,1,accesses=0
14,P2_unread_cc,MSG0000619,message_exists,1,
14,P2_unread_cc,MSG0000619,is_cc,1,
14,P2_unread_cc,MSG0000619,no_access_event,1,accesses=0
14,P4_result_misrouted,MSG0000662,message_exists,1,
14,P4_result_misrouted,MSG0000662,is_result,1,
14,P4_result_misrouted,MSG0000662,recipient_not_ordering,1,
14,P4_result_misrouted,MSG0000662,recipient_not_covering,1,cover=None
14,P4_result_misrouted,MSG0000670,message_exists,1,
14,P4_result_misrouted,MSG0000670,is_result,1,
14,P4_result_misrouted,MSG0000670,recipient_not_ordering,1,
14,P4_result_misrouted,MSG0000670,recipient_not_covering,1,cover=None
14,P2_unread_cc,MSG0000685,message_exists,1,
14,P2_unread_cc,MSG0000685,is_cc,1,
14,P2_unread_cc,MSG0000685,no_access_event,1,accesses=0
14,P2_unread_cc,MSG0000687,message_exists,1,
14,P2_unread_cc,MSG0000687,is_cc,1,
14,P2_unread_cc,MSG0000687,no_access_event,1,accesses=0
14,P2_unread_cc,MSG0000690,message_exists,1,
14,P2_unread_cc,MSG0000690,is_cc,1,
14,P2_unread_cc,MSG0000690,no_access_event,1,accesses=0
14,P2_unread_cc,MSG0000694,message_exists,1,
14,P2_unread_cc,MSG0000694,is_cc,1,
14,P2_unread_cc,MSG0000694,no_access_event,1,accesses=0
14,P8_nonclinical_misrouted,MSG0000729,message_exists,1,
14,P8_nonclinical_misrouted,MSG0000729,nonclinical_category,1,category=billing_question
14,P8_nonclinical_misrouted,MSG0000729,reaches_provider,1,provider_forwards=1
14,P2_unread_cc,MSG0000770,message_exists,1,
14,P2_unread_cc,MSG0000770,is_cc,1,
14,P2_unread_cc,MSG0000770,no_access_event,1,accesses=0
14,P2_unread_cc,MSG0000773,message_exists,1,
14,P2_unread_cc,MSG0000773,is_cc,1,
14,P2_unread_cc,MSG0000773,no_access_event,1,accesses=0
14,P2_unread_cc,MSG0000774,message_exists,1,
14,P2_unread_cc,MSG0000774,is_cc,1,
14,P2_unread_cc,MSG0000774,no_access_event,1,accesses=0
14,P2_unread_cc,MSG0000776,message_exists,1,
14,P2_unread_cc,MSG0000776,is_cc,1,
14,P2_unread_cc,MSG0000776,no_access_event,1,accesses=0
14,P2_unread_cc,MSG0000778,message_exists,1,
14,P2_unread_cc,MSG0000778,is_cc,1,
14,P2_unread_cc,MSG0000778,no_access_event,1,accesses=0
14,P2_unread_cc,MSG0000841,message_exists,1,
14,P2_unread_cc,MSG0000841,is_cc,1,
14,P2_unread_cc,MSG0000841,no_access_event,1,accesses=0
14,P4_result_misrouted,MSG0000878,message_exists,1,
14,P4_result_misrouted,MSG0000878,is_result,1,
14,P4_result_misrouted,MSG0000878,recipient_not_ordering,1,
14,P4_result_misrouted,MSG0000878,recipient_not_covering,1,cover=None
14,P4_result_misrouted,MSG0000884,message_exists,1,
14,P4_result_misrouted,MSG0000884,is_result,1,
14,P4_result_misrouted,MSG0000884,recipient_not_ordering,1,
14,P4_result_misrouted,MSG0000884,recipient_not_covering,1,cover=None
14,P4_result_misrouted,MSG0000885,message_exists,1,
14,P4_result_misrouted,MSG0000885,is_result,1,
14,P4_result_misrouted,MSG0000885,recipient_not_ordering,1,
14,P4_result_misrouted,MSG0000885,recipient_not_covering,1,cover=None
14,P2_unread_cc,MSG0000914,message_exists,1,
14,P2_unread_cc,MSG0000914,is_cc,1,
14,P2_unread_cc,MSG0000914,no_access_event,1,accesses=0
14,P2_unread_cc,MSG0000917,message_exists,1,
14,P2_unread_cc,MSG0000917,is_cc,1,
14,P2_unread_cc,MSG0000917,no_access_event,1,accesses=0
14,P7_pingpong,MSG0000954,message_exists,1,
14,P7_pingpong,MSG0000954,at_least_two_staff_to_provider_forwards,1,staff_to_provider=2
14,P7_pingpong,MSG0000954,at_least_two_provider_to_staff_forwards,1,provider_to_staff=2
14,P7_pingpong,MSG0000954,two_or_more_round_trips,1,roundtrips=2
14,P2_unread_cc,MSG0000981,message_exists,1,
14,P2_unread_cc,MSG0000981,is_cc,1,
14,P2_unread_cc,MSG0000981,no_access_event,1,accesses=0
14,P2_unread_cc,MSG0001049,message_exists,1,
14,P2_unread_cc,MSG0001049,is_cc,1,
14,P2_unread_cc,MSG0001049,no_access_event,1,accesses=0
14,P2_unread_cc,MSG0001057,message_exists,1,
14,P2_unread_cc,MSG0001057,is_cc,1,
14,P2_unread_cc,MSG0001057,no_access_event,1,accesses=0
14,P2_unread_cc,MSG0001058,message_exists,1,
14,P2_unread_cc,MSG0001058,is_cc,1,
14,P2_unread_cc,MSG0001058,no_access_event,1,accesses=0
14,P4_result_misrouted,MSG0001121,message_exists,1,
14,P4_result_misrouted,MSG0001121,is_result,1,
14,P4_result_misrouted,MSG0001121,recipient_not_ordering,1,
14,P4_result_misrouted,MSG0001121,recipient_not_covering,1,cover=None
14,P1_thank_you,MSG0001134,message_exists,1,
14,P1_thank_you,MSG0001134,patient_originated_portal_message,1,
14,P1_thank_you,MSG0001134,is_reply_to_prior_outbound,1,
14,P1_thank_you,MSG0001134,thread_ending,1,later_messages=0
14,P1_thank_you,MSG0001134,accessed_and_completed,1,
14,P2_unread_cc,MSG0001251,message_exists,1,
14,P2_unread_cc,MSG0001251,is_cc,1,
14,P2_unread_cc,MSG0001251,no_access_event,1,accesses=0
14,P2_unread_cc,MSG0001254,message_exists,1,
14,P2_unread_cc,MSG0001254,is_cc,1,
14,P2_unread_cc,MSG0001254,no_access_event,1,accesses=0
14,P2_unread_cc,MSG0001334,message_exists,1,
14,P2_unread_cc,MSG0001334,is_cc,1,
14,P2_unread_cc,MSG0001334,no_access_event,1,accesses=0
14,P2_unread_cc,MSG0001335,message_exists,1,
14,P2_unread_cc,MSG0001335,is_cc,1,
14,P2_unread_cc,MSG0001335,no_access_event,1,accesses=0
14,P2_unread_cc,MSG0001336,message_exists,1,
14,P2_unread_cc,MSG0001336,is_cc,1,
14,P2_unread_cc,MSG0001336,no_access_event,1,accesses=0
14,P2_unread_cc,MSG0001339,message_exists,1,
14,P2_unread_cc,MSG0001339,is_cc,1,
14,P2_unread_cc,MSG0001339,no_access_event,1,accesses=0
14,P3_extended_thread,THR0001300,thread_exists,1,
14,P3_extended_thread,THR0001300,three_or_more_patient_incoming,1,incoming=3
14,P3_extended_thread,THR0001300,four_or_more_message_exchanges,1,in+out=8
14,P3_extended_thread,THR0001300,spans_at_least_3_days,1,span_days=12.48
14,P3_extended_thread,THR0001300,no_visit_between,1,intervening_visits=0
14,P2_unread_cc,MSG0001409,message_exists,1,
14,P2_unread_cc,MSG0001409,is_cc,1,
14,P2_unread_cc,MSG0001409,no_access_event,1,accesses=0
14,P2_unread_cc,MSG0001416,message_exists,1,
14,P2_unread_cc,MSG0001416,is_cc,1,
14,P2_unread_cc,MSG0001416,no_access_event,1,accesses=0
14,P2_unread_cc,MSG0001421,message_exists,1,
14,P2_unread_cc,MSG0001421,is_cc,1,
14,P2_unread_cc,MSG0001421,no_access_event,1,accesses=0
14,P1_thank_you,MSG0001452,message_exists,1,
14,P1_thank_you,MSG0001452,patient_originated_portal_message,1,
14,P1_thank_you,MSG0001452,is_reply_to_prior_outbound,1,
14,P1_thank_you,MSG0001452,thread_ending,1,later_messages=0
14,P1_thank_you,MSG0001452,accessed_and_completed,1,
14,P8_nonclinical_misrouted,MSG0001453,message_exists,1,
14,P8_nonclinical_misrouted,MSG0001453,nonclinical_category,1,category=billing_question
14,P8_nonclinical_misrouted,MSG0001453,reaches_provider,1,provider_forwards=1
14,P4_result_misrouted,MSG0001470,message_exists,1,
14,P4_result_misrouted,MSG0001470,is_result,1,
14,P4_result_misrouted,MSG0001470,recipient_not_ordering,1,
14,P4_result_misrouted,MSG0001470,recipient_not_covering,1,cover=None
14,P2_unread_cc,MSG0001487,message_exists,1,
14,P2_unread_cc,MSG0001487,is_cc,1,
14,P2_unread_cc,MSG0001487,no_access_event,1,accesses=0
14,P2_unread_cc,MSG0001493,message_exists,1,
14,P2_unread_cc,MSG0001493,is_cc,1,
14,P2_unread_cc,MSG0001493,no_access_event,1,accesses=0
14,P4_result_misrouted,MSG0001531,message_exists,1,
14,P4_result_misrouted,MSG0001531,is_result,1,
14,P4_result_misrouted,MSG0001531,recipient_not_ordering,1,
14,P4_result_misrouted,MSG0001531,recipient_not_covering,1,cover=None
14,P4_result_misrouted,MSG0001542,message_exists,1,
14,P4_result_misrouted,MSG0001542,is_result,1,
14,P4_result_misrouted,MSG0001542,recipient_not_ordering,1,
14,P4_result_misrouted,MSG0001542,recipient_not_covering,1,cover=None
14,P1_thank_you,MSG0001610,message_exists,1,
14,P1_thank_you,MSG0001610,patient_originated_portal_message,1,
14,P1_thank_you,MSG0001610,is_reply_to_prior_outbound,1,
14,P1_thank_you,MSG0001610,thread_ending,1,later_messages=0
14,P1_thank_you,MSG0001610,accessed_and_completed,1,
14,P2_unread_cc,MSG0001664,message_exists,1,
14,P2_unread_cc,MSG0001664,is_cc,1,
14,P2_unread_cc,MSG0001664,no_access_event,1,accesses=0
14,P4_result_misrouted,MSG0001717,message_exists,1,
14,P4_result_misrouted,MSG0001717,is_result,1,
14,P4_result_misrouted,MSG0001717,recipient_not_ordering,1,
14,P4_result_misrouted,MSG0001717,recipient_not_covering,1,cover=None
14,P4_result_misrouted,MSG0001726,message_exists,1,
14,P4_result_misrouted,MSG0001726,is_result,1,
14,P4_result_misrouted,MSG0001726,recipient_not_ordering,1,
14,P4_result_misrouted,MSG0001726,recipient_not_covering,1,cover=None
14,P2_unread_cc,MSG0001743,message_exists,1,
14,P2_unread_cc,MSG0001743,is_cc,1,
14,P2_unread_cc,MSG0001743,no_access_event,1,accesses=0
14,P2_unread_cc,MSG0001746,message_exists,1,
14,P2_unread_cc,MSG0001746,is_cc,1,
14,P2_unread_cc,MSG0001746,no_access_event,1,accesses=0
14,P2_unread_cc,MSG0001747,message_exists,1,
14,P2_unread_cc,MSG0001747,is_cc,1,
14,P2_unread_cc,MSG0001747,no_access_event,1,accesses=0
14,P2_unread_cc,MSG0001751,message_exists,1,
14,P2_unread_cc,MSG0001751,is_cc,1,
14,P2_unread_cc,MSG0001751,no_access_event,1,accesses=0
14,P8_nonclinical_misrouted,MSG0001784,message_exists,1,
14,P8_nonclinical_misrouted,MSG0001784,nonclinical_category,1,category=cancellation
14,P8_nonclinical_misrouted,MSG0001784,reaches_provider,1,provider_forwards=1
14,P8_nonclinical_misrouted,MSG0001786,message_exists,1,
14,P8_nonclinical_misrouted,MSG0001786,nonclinical_category,1,category=appointment_request
14,P8_nonclinical_misrouted,MSG0001786,reaches_provider,1,provider_forwards=1
14,P4_result_misrouted,MSG0001791,message_exists,1,
14,P4_result_misrouted,MSG0001791,is_result,1,
14,P4_result_misrouted,MSG0001791,recipient_not_ordering,1,
14,P4_result_misrouted,MSG0001791,recipient_not_covering,1,cover=None
14,P4_result_misrouted,MSG0001797,message_exists,1,
14,P4_result_misrouted,MSG0001797,is_result,1,
14,P4_result_misrouted,MSG0001797,recipient_not_ordering,1,
14,P4_result_misrouted,MSG0001797,recipient_not_covering,1,cover=None
14,P2_unread_cc,MSG0001820,message_exists,1,
14,P2_unread_cc,MSG0001820,is_cc,1,
14,P2_unread_cc,MSG0001820,no_access_event,1,accesses=0
14,P2_unread_cc,MSG0001822,message_exists,1,
14,P2_unread_cc,MSG0001822,is_cc,1,
14,P2_unread_cc,MSG0001822,no_access_event,1,accesses=0
14,P2_unread_cc,MSG0001823,message_exists,1,
14,P2_unread_cc,MSG0001823,is_cc,1,
14,P2_unread_cc,MSG0001823,no_access_event,1,accesses=0
14,P2_unread_cc,MSG0001824,message_exists,1,
14,P2_unread_cc,MSG0001824,is_cc,1,
14,P2_unread_cc,MSG0001824,no_access_event,1,accesses=0
14,P2_unread_cc,MSG0001825,message_exists,1,
14,P2_unread_cc,MSG0001825,is_cc,1,
14,P2_unread_cc,MSG0001825,no_access_event,1,accesses=0
14,P4_result_misrouted,MSG0001876,message_exists,1,
14,P4_result_misrouted,MSG0001876,is_result,1,
14,P4_result_misrouted,MSG0001876,recipient_not_ordering,1,
14,P4_result_misrouted,MSG0001876,recipient_not_covering,1,cover=None
14,P2_unread_cc,MSG0001910,message_exists,1,
14,P2_unread_cc,MSG0001910,is_cc,1,
14,P2_unread_cc,MSG0001910,no_access_event,1,accesses=0
14,P7_pingpong,MSG0001950,message_exists,1,
14,P7_pingpong,MSG0001950,at_least_two_staff_to_provider_forwards,1,staff_to_provider=2
14,P7_pingpong,MSG0001950,at_least_two_provider_to_staff_forwards,1,provider_to_staff=2
14,P7_pingpong,MSG0001950,two_or_more_round_trips,1,roundtrips=2
14,P4_result_misrouted,MSG0001960,message_exists,1,
14,P4_result_misrouted,MSG0001960,is_result,1,
14,P4_result_misrouted,MSG0001960,recipient_not_ordering,1,
14,P4_result_misrouted,MSG0001960,recipient_not_covering,1,cover=None
14,P4_result_misrouted,MSG0001966,message_exists,1,
14,P4_result_misrouted,MSG0001966,is_result,1,
14,P4_result_misrouted,MSG0001966,recipient_not_ordering,1,
14,P4_result_misrouted,MSG0001966,recipient_not_covering,1,cover=None
14,P2_unread_cc,MSG0001993,message_exists,1,
14,P2_unread_cc,MSG0001993,is_cc,1,
14,P2_unread_cc,MSG0001993,no_access_event,1,accesses=0
14,P2_unread_cc,MSG0001995,message_exists,1,
14,P2_unread_cc,MSG0001995,is_cc,1,
14,P2_unread_cc,MSG0001995,no_access_event,1,accesses=0
14,P2_unread_cc,MSG0002068,message_exists,1,
14,P2_unread_cc,MSG0002068,is_cc,1,
14,P2_unread_cc,MSG0002068,no_access_event,1,accesses=0
14,P2_unread_cc,MSG0002070,message_exists,1,
14,P2_unread_cc,MSG0002070,is_cc,1,
14,P2_unread_cc,MSG0002070,no_access_event,1,accesses=0
14,P2_unread_cc,MSG0002071,message_exists,1,
14,P2_unread_cc,MSG0002071,is_cc,1,
14,P2_unread_cc,MSG0002071,no_access_event,1,accesses=0
14,P2_unread_cc,MSG0002077,message_exists,1,
14,P2_unread_cc,MSG0002077,is_cc,1,
14,P2_unread_cc,MSG0002077,no_access_event,1,accesses=0
14,P2_unread_cc,MSG0002082,message_exists,1,
14,P2_unread_cc,MSG0002082,is_cc,1,
14,P2_unread_cc,MSG0002082,no_access_event,1,accesses=0
14,P2_unread_cc,MSG0002157,message_exists,1,
14,P2_unread_cc,MSG0002157,is_cc,1,
14,P2_unread_cc,MSG0002157,no_access_event,1,accesses=0
14,P2_unread_cc,MSG0002158,message_exists,1,
14,P2_unread_cc,MSG0002158,is_cc,1,
14,P2_unread_cc,MSG0002158,no_access_event,1,accesses=0
14,P2_unread_cc,MSG0002161,message_exists,1,
14,P2_unread_cc,MSG0002161,is_cc,1,
14,P2_unread_cc,MSG0002161,no_access_event,1,accesses=0
14,P2_unread_cc,MSG0002164,message_exists,1,
14,P2_unread_cc,MSG0002164,is_cc,1,
14,P2_unread_cc,MSG0002164,no_access_event,1,accesses=0
14,P7_pingpong,MSG0002194,message_exists,1,
14,P7_pingpong,MSG0002194,at_least_two_staff_to_provider_forwards,1,staff_to_provider=2
14,P7_pingpong,MSG0002194,at_least_two_provider_to_staff_forwards,1,provider_to_staff=2
14,P7_pingpong,MSG0002194,two_or_more_round_trips,1,roundtrips=2
14,P8_nonclinical_misrouted,MSG0002200,message_exists,1,
14,P8_nonclinical_misrouted,MSG0002200,nonclinical_category,1,category=cancellation
14,P8_nonclinical_misrouted,MSG0002200,reaches_provider,1,provider_forwards=1
14,P4_result_misrouted,MSG0002203,message_exists,1,
14,P4_result_misrouted,MSG0002203,is_result,1,
14,P4_result_misrouted,MSG0002203,recipient_not_ordering,1,
14,P4_result_misrouted,MSG0002203,recipient_not_covering,1,cover=None
14,P2_unread_cc,MSG0002229,message_exists,1,
14,P2_unread_cc,MSG0002229,is_cc,1,
14,P2_unread_cc,MSG0002229,no_access_event,1,accesses=0
14,P2_unread_cc,MSG0002230,message_exists,1,
14,P2_unread_cc,MSG0002230,is_cc,1,
14,P2_unread_cc,MSG0002230,no_access_event,1,accesses=0
14,P2_unread_cc,MSG0002231,message_exists,1,
14,P2_unread_cc,MSG0002231,is_cc,1,
14,P2_unread_cc,MSG0002231,no_access_event,1,accesses=0
14,P7_pingpong,MSG0002266,message_exists,1,
14,P7_pingpong,MSG0002266,at_least_two_staff_to_provider_forwards,1,staff_to_provider=2
14,P7_pingpong,MSG0002266,at_least_two_provider_to_staff_forwards,1,provider_to_staff=2
14,P7_pingpong,MSG0002266,two_or_more_round_trips,1,roundtrips=2
14,P2_unread_cc,MSG0002310,message_exists,1,
14,P2_unread_cc,MSG0002310,is_cc,1,
14,P2_unread_cc,MSG0002310,no_access_event,1,accesses=0
14,P2_unread_cc,MSG0002311,message_exists,1,
14,P2_unread_cc,MSG0002311,is_cc,1,
14,P2_unread_cc,MSG0002311,no_access_event,1,accesses=0
14,P2_unread_cc,MSG0002313,message_exists,1,
14,P2_unread_cc,MSG0002313,is_cc,1,
14,P2_unread_cc,MSG0002313,no_access_event,1,accesses=0
14,P3_extended_thread,THR0002234,thread_exists,1,
14,P3_extended_thread,THR0002234,three_or_more_patient_incoming,1,incoming=3
14,P3_extended_thread,THR0002234,four_or_more_message_exchanges,1,in+out=6
14,P3_extended_thread,THR0002234,spans_at_least_3_days,1,span_days=6.89
14,P3_extended_thread,THR0002234,no_visit_between,1,intervening_visits=0
14,P2_unread_cc,MSG0002400,message_exists,1,
14,P2_unread_cc,MSG0002400,is_cc,1,
14,P2_unread_cc,MSG0002400,no_access_event,1,accesses=0
14,P2_unread_cc,MSG0002407,message_exists,1,
14,P2_unread_cc,MSG0002407,is_cc,1,
14,P2_unread_cc,MSG0002407,no_access_event,1,accesses=0
14,P4_result_misrouted,MSG0002466,message_exists,1,
14,P4_result_misrouted,MSG0002466,is_result,1,
14,P4_result_misrouted,MSG0002466,recipient_not_ordering,1,
14,P4_result_misrouted,MSG0002466,recipient_not_covering,1,cover=None
14,P3_extended_thread,THR0002382,thread_exists,1,
14,P3_extended_thread,THR0002382,three_or_more_patient_incoming,1,incoming=3
14,P3_extended_thread,THR0002382,four_or_more_message_exchanges,1,in+out=6
14,P3_extended_thread,THR0002382,spans_at_least_3_days,1,span_days=7.15
14,P3_extended_thread,THR0002382,no_visit_between,1,intervening_visits=0
14,P2_unread_cc,MSG0002589,message_exists,1,
14,P2_unread_cc,MSG0002589,is_cc,1,
14,P2_unread_cc,MSG0002589,no_access_event,1,accesses=0
14,P2_unread_cc,MSG0002590,message_exists,1,
14,P2_unread_cc,MSG0002590,is_cc,1,
14,P2_unread_cc,MSG0002590,no_access_event,1,accesses=0
14,P2_unread_cc,MSG0002591,message_exists,1,
14,P2_unread_cc,MSG0002591,is_cc,1,
14,P2_unread_cc,MSG0002591,no_access_event,1,accesses=0
14,P2_unread_cc,MSG0002592,message_exists,1,
14,P2_unread_cc,MSG0002592,is_cc,1,
14,P2_unread_cc,MSG0002592,no_access_event,1,accesses=0
14,P2_unread_cc,MSG0002594,message_exists,1,
14,P2_unread_cc,MSG0002594,is_cc,1,
14,P2_unread_cc,MSG0002594,no_access_event,1,accesses=0
14,P7_pingpong,MSG0002632,message_exists,1,
14,P7_pingpong,MSG0002632,at_least_two_staff_to_provider_forwards,1,staff_to_provider=2
14,P7_pingpong,MSG0002632,at_least_two_provider_to_staff_forwards,1,provider_to_staff=2
14,P7_pingpong,MSG0002632,two_or_more_round_trips,1,roundtrips=2
14,P2_unread_cc,MSG0002666,message_exists,1,
14,P2_unread_cc,MSG0002666,is_cc,1,
14,P2_unread_cc,MSG0002666,no_access_event,1,accesses=0
14,P2_unread_cc,MSG0002667,message_exists,1,
14,P2_unread_cc,MSG0002667,is_cc,1,
14,P2_unread_cc,MSG0002667,no_access_event,1,accesses=0
14,P2_unread_cc,MSG0002668,message_exists,1,
14,P2_unread_cc,MSG0002668,is_cc,1,
14,P2_unread_cc,MSG0002668,no_access_event,1,accesses=0
14,P4_result_misrouted,MSG0002723,message_exists,1,
14,P4_result_misrouted,MSG0002723,is_result,1,
14,P4_result_misrouted,MSG0002723,recipient_not_ordering,1,
14,P4_result_misrouted,MSG0002723,recipient_not_covering,1,cover=None
14,P2_unread_cc,MSG0002745,message_exists,1,
14,P2_unread_cc,MSG0002745,is_cc,1,
14,P2_unread_cc,MSG0002745,no_access_event,1,accesses=0
14,P4_result_misrouted,MSG0002794,message_exists,1,
14,P4_result_misrouted,MSG0002794,is_result,1,
14,P4_result_misrouted,MSG0002794,recipient_not_ordering,1,
14,P4_result_misrouted,MSG0002794,recipient_not_covering,1,cover=None
14,P2_unread_cc,MSG0002807,message_exists,1,
14,P2_unread_cc,MSG0002807,is_cc,1,
14,P2_unread_cc,MSG0002807,no_access_event,1,accesses=0
14,P8_nonclinical_misrouted,MSG0002852,message_exists,1,
14,P8_nonclinical_misrouted,MSG0002852,nonclinical_category,1,category=appointment_request
14,P8_nonclinical_misrouted,MSG0002852,reaches_provider,1,provider_forwards=1
14,P2_unread_cc,MSG0002890,message_exists,1,
14,P2_unread_cc,MSG0002890,is_cc,1,
14,P2_unread_cc,MSG0002890,no_access_event,1,accesses=0
14,P2_unread_cc,MSG0002951,message_exists,1,
14,P2_unread_cc,MSG0002951,is_cc,1,
14,P2_unread_cc,MSG0002951,no_access_event,1,accesses=0
14,P8_nonclinical_misrouted,MSG0002994,message_exists,1,
14,P8_nonclinical_misrouted,MSG0002994,nonclinical_category,1,category=billing_question
14,P8_nonclinical_misrouted,MSG0002994,reaches_provider,1,provider_forwards=1
14,P2_unread_cc,MSG0003032,message_exists,1,
14,P2_unread_cc,MSG0003032,is_cc,1,
14,P2_unread_cc,MSG0003032,no_access_event,1,accesses=0
14,P2_unread_cc,MSG0003036,message_exists,1,
14,P2_unread_cc,MSG0003036,is_cc,1,
14,P2_unread_cc,MSG0003036,no_access_event,1,accesses=0
14,P2_unread_cc,MSG0003037,message_exists,1,
14,P2_unread_cc,MSG0003037,is_cc,1,
14,P2_unread_cc,MSG0003037,no_access_event,1,accesses=0
14,P2_unread_cc,MSG0003038,message_exists,1,
14,P2_unread_cc,MSG0003038,is_cc,1,
14,P2_unread_cc,MSG0003038,no_access_event,1,accesses=0
14,P2_unread_cc,MSG0003039,message_exists,1,
14,P2_unread_cc,MSG0003039,is_cc,1,
14,P2_unread_cc,MSG0003039,no_access_event,1,accesses=0
14,P2_unread_cc,MSG0003043,message_exists,1,
14,P2_unread_cc,MSG0003043,is_cc,1,
14,P2_unread_cc,MSG0003043,no_access_event,1,accesses=0
14,P7_pingpong,MSG0003076,message_exists,1,
14,P7_pingpong,MSG0003076,at_least_two_staff_to_provider_forwards,1,staff_to_provider=2
14,P7_pingpong,MSG0003076,at_least_two_provider_to_staff_forwards,1,provider_to_staff=2
14,P7_pingpong,MSG0003076,two_or_more_round_trips,1,roundtrips=2
14,P4_result_misrouted,MSG0003096,message_exists,1,
14,P4_result_misrouted,MSG0003096,is_result,1,
14,P4_result_misrouted,MSG0003096,recipient_not_ordering,1,
14,P4_result_misrouted,MSG0003096,recipient_not_covering,1,cover=None
14,P2_unread_cc,MSG0003135,message_exists,1,
14,P2_unread_cc,MSG0003135,is_cc,1,
14,P2_unread_cc,MSG0003135,no_access_event,1,accesses=0
14,P8_nonclinical_misrouted,MSG0003170,message_exists,1,
14,P8_nonclinical_misrouted,MSG0003170,nonclinical_category,1,category=billing_question
14,P8_nonclinical_misrouted,MSG0003170,reaches_provider,1,provider_forwards=1
14,P2_unread_cc,MSG0003222,message_exists,1,
14,P2_unread_cc,MSG0003222,is_cc,1,
14,P2_unread_cc,MSG0003222,no_access_event,1,accesses=0
14,P2_unread_cc,MSG0003297,message_exists,1,
14,P2_unread_cc,MSG0003297,is_cc,1,
14,P2_unread_cc,MSG0003297,no_access_event,1,accesses=0
14,P2_unread_cc,MSG0003299,message_exists,1,
14,P2_unread_cc,MSG0003299,is_cc,1,
14,P2_unread_cc,MSG0003299,no_access_event,1,accesses=0
14,P2_unread_cc,MSG0003301,message_exists,1,
14,P2_unread_cc,MSG0003301,is_cc,1,
14,P2_unread_cc,MSG0003301,no_access_event,1,accesses=0
14,P2_unread_cc,MSG0003302,message_exists,1,
14,P2_unread_cc,MSG0003302,is_cc,1,
14,P2_unread_cc,MSG0003302,no_access_event,1,accesses=0
14,P2_unread_cc,MSG0003305,message_exists,1,
14,P2_unread_cc,MSG0003305,is_cc,1,
14,P2_unread_cc,MSG0003305,no_access_event,1,accesses=0
14,P2_unread_cc,MSG0003309,message_exists,1,
14,P2_unread_cc,MSG0003309,is_cc,1,
14,P2_unread_cc,MSG0003309,no_access_event,1,accesses=0
14,P4_result_misrouted,MSG0003414,message_exists,1,
14,P4_result_misrouted,MSG0003414,is_result,1,
14,P4_result_misrouted,MSG0003414,recipient_not_ordering,1,
14,P4_result_misrouted,MSG0003414,recipient_not_covering,1,cover=None
14,P4_result_misrouted,MSG0003417,message_exists,1,
14,P4_result_misrouted,MSG0003417,is_result,1,
14,P4_result_misrouted,MSG0003417,recipient_not_ordering,1,
14,P4_result_misrouted,MSG0003417,recipient_not_covering,1,cover=None
14,P4_result_misrouted,MSG0003506,message_exists,1,
14,P4_result_misrouted,MSG0003506,is_result,1,
14,P4_result_misrouted,MSG0003506,recipient_not_ordering,1,
14,P4_result_misrouted,MSG0003506,recipient_not_covering,1,cover=None
14,P4_result_misrouted,MSG0003509,message_exists,1,
14,P4_result_misrouted,MSG0003509,is_result,1,
14,P4_result_misrouted,MSG0003509,recipient_not_ordering,1,
14,P4_result_misrouted,MSG0003509,recipient_not_covering,1,cover=None
14,P2_unread_cc,MSG0003527,message_exists,1,
14,P2_unread_cc,MSG0003527,is_cc,1,
14,P2_unread_cc,MSG0003527,no_access_event,1,accesses=0
14,P2_unread_cc,MSG0003530,message_exists,1,
14,P2_unread_cc,MSG0003530,is_cc,1,
14,P2_unread_cc,MSG0003530,no_access_event,1,accesses=0
14,P4_result_misrouted,MSG0003569,message_exists,1,
14,P4_result_misrouted,MSG0003569,is_result,1,
14,P4_result_misrouted,MSG0003569,recipient_not_ordering,1,
14,P4_result_misrouted,MSG0003569,recipient_not_covering,1,cover=None
14,P2_unread_cc,MSG0003604,message_exists,1,
14,P2_unread_cc,MSG0003604,is_cc,1,
14,P2_unread_cc,MSG0003604,no_access_event,1,accesses=0
14,P2_unread_cc,MSG0003606,message_exists,1,
14,P2_unread_cc,MSG0003606,is_cc,1,
14,P2_unread_cc,MSG0003606,no_access_event,1,accesses=0
14,P2_unread_cc,MSG0003608,message_exists,1,
14,P2_unread_cc,MSG0003608,is_cc,1,
14,P2_unread_cc,MSG0003608,no_access_event,1,accesses=0
14,P2_unread_cc,MSG0003609,message_exists,1,
14,P2_unread_cc,MSG0003609,is_cc,1,
14,P2_unread_cc,MSG0003609,no_access_event,1,accesses=0
14,P7_pingpong,MSG0003655,message_exists,1,
14,P7_pingpong,MSG0003655,at_least_two_staff_to_provider_forwards,1,staff_to_provider=2
14,P7_pingpong,MSG0003655,at_least_two_provider_to_staff_forwards,1,provider_to_staff=2
14,P7_pingpong,MSG0003655,two_or_more_round_trips,1,roundtrips=2
14,P2_unread_cc,MSG0003697,message_exists,1,
14,P2_unread_cc,MSG0003697,is_cc,1,
14,P2_unread_cc,MSG0003697,no_access_event,1,accesses=0
14,P2_unread_cc,MSG0003698,message_exists,1,
14,P2_unread_cc,MSG0003698,is_cc,1,
14,P2_unread_cc,MSG0003698,no_access_event,1,accesses=0
14,P2_unread_cc,MSG0003701,message_exists,1,
14,P2_unread_cc,MSG0003701,is_cc,1,
14,P2_unread_cc,MSG0003701,no_access_event,1,accesses=0
14,P1_thank_you,MSG0003761,message_exists,1,
14,P1_thank_you,MSG0003761,patient_originated_portal_message,1,
14,P1_thank_you,MSG0003761,is_reply_to_prior_outbound,1,
14,P1_thank_you,MSG0003761,thread_ending,1,later_messages=0
14,P1_thank_you,MSG0003761,accessed_and_completed,1,
14,P1_thank_you,MSG0003783,message_exists,1,
14,P1_thank_you,MSG0003783,patient_originated_portal_message,1,
14,P1_thank_you,MSG0003783,is_reply_to_prior_outbound,1,
14,P1_thank_you,MSG0003783,thread_ending,1,later_messages=0
14,P1_thank_you,MSG0003783,accessed_and_completed,1,
14,P2_unread_cc,MSG0003873,message_exists,1,
14,P2_unread_cc,MSG0003873,is_cc,1,
14,P2_unread_cc,MSG0003873,no_access_event,1,accesses=0
14,P2_unread_cc,MSG0003878,message_exists,1,
14,P2_unread_cc,MSG0003878,is_cc,1,
14,P2_unread_cc,MSG0003878,no_access_event,1,accesses=0
14,P7_pingpong,MSG0003922,message_exists,1,
14,P7_pingpong,MSG0003922,at_least_two_staff_to_provider_forwards,1,staff_to_provider=2
14,P7_pingpong,MSG0003922,at_least_two_provider_to_staff_forwards,1,provider_to_staff=2
14,P7_pingpong,MSG0003922,two_or_more_round_trips,1,roundtrips=2
14,P4_result_misrouted,MSG0003931,message_exists,1,
14,P4_result_misrouted,MSG0003931,is_result,1,
14,P4_result_misrouted,MSG0003931,recipient_not_ordering,1,
14,P4_result_misrouted,MSG0003931,recipient_not_covering,1,cover=None
14,P2_unread_cc,MSG0003957,message_exists,1,
14,P2_unread_cc,MSG0003957,is_cc,1,
14,P2_unread_cc,MSG0003957,no_access_event,1,accesses=0
14,P2_unread_cc,MSG0003963,message_exists,1,
14,P2_unread_cc,MSG0003963,is_cc,1,
14,P2_unread_cc,MSG0003963,no_access_event,1,accesses=0
14,P1_thank_you,MSG0004012,message_exists,1,
14,P1_thank_you,MSG0004012,patient_originated_portal_message,1,
14,P1_thank_you,MSG0004012,is_reply_to_prior_outbound,1,
14,P1_thank_you,MSG0004012,thread_ending,1,later_messages=0
14,P1_thank_you,MSG0004012,accessed_and_completed,1,
14,P7_pingpong,MSG0004013,message_exists,1,
14,P7_pingpong,MSG0004013,at_least_two_staff_to_provider_forwards,1,staff_to_provider=2
14,P7_pingpong,MSG0004013,at_least_two_provider_to_staff_forwards,1,provider_to_staff=2
14,P7_pingpong,MSG0004013,two_or_more_round_trips,1,roundtrips=2
14,P2_unread_cc,MSG0004048,message_exists,1,
14,P2_unread_cc,MSG0004048,is_cc,1,
14,P2_unread_cc,MSG0004048,no_access_event,1,accesses=0
14,P2_unread_cc,MSG0004055,message_exists,1,
14,P2_unread_cc,MSG0004055,is_cc,1,
14,P2_unread_cc,MSG0004055,no_access_event,1,accesses=0
14,P2_unread_cc,MSG0004058,message_exists,1,
14,P2_unread_cc,MSG0004058,is_cc,1,
14,P2_unread_cc,MSG0004058,no_access_event,1,accesses=0
14,P7_pingpong,MSG0004108,message_exists,1,
14,P7_pingpong,MSG0004108,at_least_two_staff_to_provider_forwards,1,staff_to_provider=2
14,P7_pingpong,MSG0004108,at_least_two_provider_to_staff_forwards,1,provider_to_staff=2
14,P7_pingpong,MSG0004108,two_or_more_round_trips,1,roundtrips=2
14,P4_result_misrouted,MSG0004111,message_exists,1,
14,P4_result_misrouted,MSG0004111,is_result,1,
14,P4_result_misrouted,MSG0004111,recipient_not_ordering,1,
14,P4_result_misrouted,MSG0004111,recipient_not_covering,1,cover=None
14,P2_unread_cc,MSG0004140,message_exists,1,
14,P2_unread_cc,MSG0004140,is_cc,1,
14,P2_unread_cc,MSG0004140,no_access_event,1,accesses=0
14,P2_unread_cc,MSG0004146,message_exists,1,
14,P2_unread_cc,MSG0004146,is_cc,1,
14,P2_unread_cc,MSG0004146,no_access_event,1,accesses=0
14,P2_unread_cc,MSG0004148,message_exists,1,
14,P2_unread_cc,MSG0004148,is_cc,1,
14,P2_unread_cc,MSG0004148,no_access_event,1,accesses=0
14,P2_unread_cc,MSG0004149,message_exists,1,
14,P2_unread_cc,MSG0004149,is_cc,1,
14,P2_unread_cc,MSG0004149,no_access_event,1,accesses=0
14,P2_unread_cc,MSG0004210,message_exists,1,
14,P2_unread_cc,MSG0004210,is_cc,1,
14,P2_unread_cc,MSG0004210,no_access_event,1,accesses=0
14,P2_unread_cc,MSG0004214,message_exists,1,
14,P2_unread_cc,MSG0004214,is_cc,1,
14,P2_unread_cc,MSG0004214,no_access_event,1,accesses=0
14,P3_extended_thread,THR0003996,thread_exists,1,
14,P3_extended_thread,THR0003996,three_or_more_patient_incoming,1,incoming=3
14,P3_extended_thread,THR0003996,four_or_more_message_exchanges,1,in+out=6
14,P3_extended_thread,THR0003996,spans_at_least_3_days,1,span_days=5.94
14,P3_extended_thread,THR0003996,no_visit_between,1,intervening_visits=0
14,P8_nonclinical_misrouted,MSG0004255,message_exists,1,
14,P8_nonclinical_misrouted,MSG0004255,nonclinical_category,1,category=appointment_request
14,P8_nonclinical_misrouted,MSG0004255,reaches_provider,1,provider_forwards=1
14,P8_nonclinical_misrouted,MSG0004261,message_exists,1,
14,P8_nonclinical_misrouted,MSG0004261,nonclinical_category,1,category=billing_question
14,P8_nonclinical_misrouted,MSG0004261,reaches_provider,1,provider_forwards=1
14,P2_unread_cc,MSG0004303,message_exists,1,
14,P2_unread_cc,MSG0004303,is_cc,1,
14,P2_unread_cc,MSG0004303,no_access_event,1,accesses=0
14,P2_unread_cc,MSG0004305,message_exists,1,
14,P2_unread_cc,MSG0004305,is_cc,1,
14,P2_unread_cc,MSG0004305,no_access_event,1,accesses=0
14,P2_unread_cc,MSG0004307,message_exists,1,
14,P2_unread_cc,MSG0004307,is_cc,1,
14,P2_unread_cc,MSG0004307,no_access_event,1,accesses=0
14,P2_unread_cc,MSG0004377,message_exists,1,
14,P2_unread_cc,MSG0004377,is_cc,1,
14,P2_unread_cc,MSG0004377,no_access_event,1,accesses=0
14,P2_unread_cc,MSG0004465,message_exists,1,
14,P2_unread_cc,MSG0004465,is_cc,1,
14,P2_unread_cc,MSG0004465,no_access_event,1,accesses=0
14,P2_unread_cc,MSG0004470,message_exists,1,
14,P2_unread_cc,MSG0004470,is_cc,1,
14,P2_unread_cc,MSG0004470,no_access_event,1,accesses=0
14,P2_unread_cc,MSG0004473,message_exists,1,
14,P2_unread_cc,MSG0004473,is_cc,1,
14,P2_unread_cc,MSG0004473,no_access_event,1,accesses=0
14,P2_unread_cc,MSG0004474,message_exists,1,
14,P2_unread_cc,MSG0004474,is_cc,1,
14,P2_unread_cc,MSG0004474,no_access_event,1,accesses=0
14,P2_unread_cc,MSG0004478,message_exists,1,
14,P2_unread_cc,MSG0004478,is_cc,1,
14,P2_unread_cc,MSG0004478,no_access_event,1,accesses=0
14,P2_unread_cc,MSG0004480,message_exists,1,
14,P2_unread_cc,MSG0004480,is_cc,1,
14,P2_unread_cc,MSG0004480,no_access_event,1,accesses=0
14,P7_pingpong,MSG0004516,message_exists,1,
14,P7_pingpong,MSG0004516,at_least_two_staff_to_provider_forwards,1,staff_to_provider=2
14,P7_pingpong,MSG0004516,at_least_two_provider_to_staff_forwards,1,provider_to_staff=2
14,P7_pingpong,MSG0004516,two_or_more_round_trips,1,roundtrips=2
14,P2_unread_cc,MSG0004541,message_exists,1,
14,P2_unread_cc,MSG0004541,is_cc,1,
14,P2_unread_cc,MSG0004541,no_access_event,1,accesses=0
14,P2_unread_cc,MSG0004542,message_exists,1,
14,P2_unread_cc,MSG0004542,is_cc,1,
14,P2_unread_cc,MSG0004542,no_access_event,1,accesses=0
14,P2_unread_cc,MSG0004546,message_exists,1,
14,P2_unread_cc,MSG0004546,is_cc,1,
14,P2_unread_cc,MSG0004546,no_access_event,1,accesses=0
14,P2_unread_cc,MSG0004550,message_exists,1,
14,P2_unread_cc,MSG0004550,is_cc,1,
14,P2_unread_cc,MSG0004550,no_access_event,1,accesses=0
14,P8_nonclinical_misrouted,MSG0004573,message_exists,1,
14,P8_nonclinical_misrouted,MSG0004573,nonclinical_category,1,category=appointment_request
14,P8_nonclinical_misrouted,MSG0004573,reaches_provider,1,provider_forwards=1
14,P8_nonclinical_misrouted,MSG0004581,message_exists,1,
14,P8_nonclinical_misrouted,MSG0004581,nonclinical_category,1,category=cancellation
14,P8_nonclinical_misrouted,MSG0004581,reaches_provider,1,provider_forwards=1
14,P2_unread_cc,MSG0004620,message_exists,1,
14,P2_unread_cc,MSG0004620,is_cc,1,
14,P2_unread_cc,MSG0004620,no_access_event,1,accesses=0
14,P4_result_misrouted,MSG0004665,message_exists,1,
14,P4_result_misrouted,MSG0004665,is_result,1,
14,P4_result_misrouted,MSG0004665,recipient_not_ordering,1,
14,P4_result_misrouted,MSG0004665,recipient_not_covering,1,cover=None
14,P4_result_misrouted,MSG0004761,message_exists,1,
14,P4_result_misrouted,MSG0004761,is_result,1,
14,P4_result_misrouted,MSG0004761,recipient_not_ordering,1,
14,P4_result_misrouted,MSG0004761,recipient_not_covering,1,cover=None
14,P2_unread_cc,MSG0004779,message_exists,1,
14,P2_unread_cc,MSG0004779,is_cc,1,
14,P2_unread_cc,MSG0004779,no_access_event,1,accesses=0
14,P2_unread_cc,MSG0004780,message_exists,1,
14,P2_unread_cc,MSG0004780,is_cc,1,
14,P2_unread_cc,MSG0004780,no_access_event,1,accesses=0
14,P1_thank_you,MSG0004819,message_exists,1,
14,P1_thank_you,MSG0004819,patient_originated_portal_message,1,
14,P1_thank_you,MSG0004819,is_reply_to_prior_outbound,1,
14,P1_thank_you,MSG0004819,thread_ending,1,later_messages=0
14,P1_thank_you,MSG0004819,accessed_and_completed,1,
14,P8_nonclinical_misrouted,MSG0004825,message_exists,1,
14,P8_nonclinical_misrouted,MSG0004825,nonclinical_category,1,category=billing_question
14,P8_nonclinical_misrouted,MSG0004825,reaches_provider,1,provider_forwards=1
14,P2_unread_cc,MSG0004870,message_exists,1,
14,P2_unread_cc,MSG0004870,is_cc,1,
14,P2_unread_cc,MSG0004870,no_access_event,1,accesses=0
14,P1_thank_you,MSG0004909,message_exists,1,
14,P1_thank_you,MSG0004909,patient_originated_portal_message,1,
14,P1_thank_you,MSG0004909,is_reply_to_prior_outbound,1,
14,P1_thank_you,MSG0004909,thread_ending,1,later_messages=0
14,P1_thank_you,MSG0004909,accessed_and_completed,1,
14,P2_unread_cc,MSG0004944,message_exists,1,
14,P2_unread_cc,MSG0004944,is_cc,1,
14,P2_unread_cc,MSG0004944,no_access_event,1,accesses=0
14,P2_unread_cc,MSG0004948,message_exists,1,
14,P2_unread_cc,MSG0004948,is_cc,1,
14,P2_unread_cc,MSG0004948,no_access_event,1,accesses=0
14,P2_unread_cc,MSG0004951,message_exists,1,
14,P2_unread_cc,MSG0004951,is_cc,1,
14,P2_unread_cc,MSG0004951,no_access_event,1,accesses=0
14,P4_result_misrouted,MSG0005005,message_exists,1,
14,P4_result_misrouted,MSG0005005,is_result,1,
14,P4_result_misrouted,MSG0005005,recipient_not_ordering,1,
14,P4_result_misrouted,MSG0005005,recipient_not_covering,1,cover=None
14,P2_unread_cc,MSG0005017,message_exists,1,
14,P2_unread_cc,MSG0005017,is_cc,1,
14,P2_unread_cc,MSG0005017,no_access_event,1,accesses=0
14,P2_unread_cc,MSG0005019,message_exists,1,
14,P2_unread_cc,MSG0005019,is_cc,1,
14,P2_unread_cc,MSG0005019,no_access_event,1,accesses=0
14,P2_unread_cc,MSG0005021,message_exists,1,
14,P2_unread_cc,MSG0005021,is_cc,1,
14,P2_unread_cc,MSG0005021,no_access_event,1,accesses=0
15,P7_pingpong,MSG0000067,message_exists,1,
15,P7_pingpong,MSG0000067,at_least_two_staff_to_provider_forwards,1,staff_to_provider=2
15,P7_pingpong,MSG0000067,at_least_two_provider_to_staff_forwards,1,provider_to_staff=2
15,P7_pingpong,MSG0000067,two_or_more_round_trips,1,roundtrips=2
15,P8_nonclinical_misrouted,MSG0000073,message_exists,1,
15,P8_nonclinical_misrouted,MSG0000073,nonclinical_category,1,category=billing_question
15,P8_nonclinical_misrouted,MSG0000073,reaches_provider,1,provider_forwards=1
15,P2_unread_cc,MSG0000121,message_exists,1,
15,P2_unread_cc,MSG0000121,is_cc,1,
15,P2_unread_cc,MSG0000121,no_access_event,1,accesses=0
15,P3_extended_thread,THR0000146,thread_exists,1,
15,P3_extended_thread,THR0000146,three_or_more_patient_incoming,1,incoming=3
15,P3_extended_thread,THR0000146,four_or_more_message_exchanges,1,in+out=6
15,P3_extended_thread,THR0000146,spans_at_least_3_days,1,span_days=6.97
15,P3_extended_thread,THR0000146,no_visit_between,0,intervening_visits=1
15,P2_unread_cc,MSG0000197,message_exists,1,
15,P2_unread_cc,MSG0000197,is_cc,1,
15,P2_unread_cc,MSG0000197,no_access_event,1,accesses=0
15,P2_unread_cc,MSG0000201,message_exists,1,
15,P2_unread_cc,MSG0000201,is_cc,1,
15,P2_unread_cc,MSG0000201,no_access_event,1,accesses=0
15,P2_unread_cc,MSG0000206,message_exists,1,
15,P2_unread_cc,MSG0000206,is_cc,1,
15,P2_unread_cc,MSG0000206,no_access_event,1,accesses=0
15,P2_unread_cc,MSG0000287,message_exists,1,
15,P2_unread_cc,MSG0000287,is_cc,1,
15,P2_unread_cc,MSG0000287,no_access_event,1,accesses=0
15,P2_unread_cc,MSG0000289,message_exists,1,
15,P2_unread_cc,MSG0000289,is_cc,1,
15,P2_unread_cc,MSG0000289,no_access_event,1,accesses=0
15,P8_nonclinical_misrouted,MSG0000325,message_exists,1,
15,P8_nonclinical_misrouted,MSG0000325,nonclinical_category,1,category=cancellation
15,P8_nonclinical_misrouted,MSG0000325,reaches_provider,1,provider_forwards=1
15,P4_result_misrouted,MSG0000342,message_exists,1,
15,P4_result_misrouted,MSG0000342,is_result,1,
15,P4_result_misrouted,MSG0000342,recipient_not_ordering,1,
15,P4_result_misrouted,MSG0000342,recipient_not_covering,1,cover=None
15,P2_unread_cc,MSG0000369,message_exists,1,
15,P2_unread_cc,MSG0000369,is_cc,1,
15,P2_unread_cc,MSG0000369,no_access_event,1,accesses=0
15,P2_unread_cc,MSG0000373,message_exists,1,
15,P2_unread_cc,MSG0000373,is_cc,1,
15,P2_unread_cc,MSG0000373,no_access_event,1,accesses=0
15,P2_unread_cc,MSG0000378,message_exists,1,
15,P2_unread_cc,MSG0000378,is_cc,1,
15,P2_unread_cc,MSG0000378,no_access_event,1,accesses=0
15,P4_result_misrouted,MSG0000423,message_exists,1,
15,P4_result_misrouted,MSG0000423,is_result,1,
15,P4_result_misrouted,MSG0000423,recipient_not_ordering,1,
15,P4_result_misrouted,MSG0000423,recipient_not_covering,1,cover=None
15,P2_unread_cc,MSG0000462,message_exists,1,
15,P2_unread_cc,MSG0000462,is_cc,1,
15,P2_unread_cc,MSG0000462,no_access_event,1,accesses=0
15,P2_unread_cc,MSG0000535,message_exists,1,
15,P2_unread_cc,MSG0000535,is_cc,1,
15,P2_unread_cc,MSG0000535,no_access_event,1,accesses=0
15,P2_unread_cc,MSG0000536,message_exists,1,
15,P2_unread_cc,MSG0000536,is_cc,1,
15,P2_unread_cc,MSG0000536,no_access_event,1,accesses=0
15,P4_result_misrouted,MSG0000582,message_exists,1,
15,P4_result_misrouted,MSG0000582,is_result,1,
15,P4_result_misrouted,MSG0000582,recipient_not_ordering,1,
15,P4_result_misrouted,MSG0000582,recipient_not_covering,1,cover=None
15,P3_extended_thread,THR0000604,thread_exists,1,
15,P3_extended_thread,THR0000604,three_or_more_patient_incoming,1,incoming=3
15,P3_extended_thread,THR0000604,four_or_more_message_exchanges,1,in+out=6
15,P3_extended_thread,THR0000604,spans_at_least_3_days,1,span_days=7.08
15,P3_extended_thread,THR0000604,no_visit_between,1,intervening_visits=0
15,P2_unread_cc,MSG0000680,message_exists,1,
15,P2_unread_cc,MSG0000680,is_cc,1,
15,P2_unread_cc,MSG0000680,no_access_event,1,accesses=0
15,P2_unread_cc,MSG0000681,message_exists,1,
15,P2_unread_cc,MSG0000681,is_cc,1,
15,P2_unread_cc,MSG0000681,no_access_event,1,accesses=0
15,P2_unread_cc,MSG0000683,message_exists,1,
15,P2_unread_cc,MSG0000683,is_cc,1,
15,P2_unread_cc,MSG0000683,no_access_event,1,accesses=0
15,P2_unread_cc,MSG0000691,message_exists,1,
15,P2_unread_cc,MSG0000691,is_cc,1,
15,P2_unread_cc,MSG0000691,no_access_event,1,accesses=0
15,P2_unread_cc,MSG0000767,message_exists,1,
15,P2_unread_cc,MSG0000767,is_cc,1,
15,P2_unread_cc,MSG0000767,no_access_event,1,accesses=0
15,P2_unread_cc,MSG0000898,message_exists,1,
15,P2_unread_cc,MSG0000898,is_cc,1,
15,P2_unread_cc,MSG0000898,no_access_event,1,accesses=0
15,P2_unread_cc,MSG0000899,message_exists,1,
15,P2_unread_cc,MSG0000899,is_cc,1,
15,P2_unread_cc,MSG0000899,no_access_event,1,accesses=0
15,P2_unread_cc,MSG0000903,message_exists,1,
15,P2_unread_cc,MSG0000903,is_cc,1,
15,P2_unread_cc,MSG0000903,no_access_event,1,accesses=0
15,P2_unread_cc,MSG0000908,message_exists,1,
15,P2_unread_cc,MSG0000908,is_cc,1,
15,P2_unread_cc,MSG0000908,no_access_event,1,accesses=0
15,P4_result_misrouted,MSG0000967,message_exists,1,
15,P4_result_misrouted,MSG0000967,is_result,1,
15,P4_result_misrouted,MSG0000967,recipient_not_ordering,1,
15,P4_result_misrouted,MSG0000967,recipient_not_covering,1,cover=None
15,P2_unread_cc,MSG0000999,message_exists,1,
15,P2_unread_cc,MSG0000999,is_cc,1,
15,P2_unread_cc,MSG0000999,no_access_event,1,accesses=0
15,P2_unread_cc,MSG0001003,message_exists,1,
15,P2_unread_cc,MSG0001003,is_cc,1,
15,P2_unread_cc,MSG0001003,no_access_event,1,accesses=0
15,P1_thank_you,MSG0001036,message_exists,1,
15,P1_thank_you,MSG0001036,patient_originated_portal_message,1,
15,P1_thank_you,MSG0001036,is_reply_to_prior_outbound,1,
15,P1_thank_you,MSG0001036,thread_ending,1,later_messages=0
15,P1_thank_you,MSG0001036,accessed_and_completed,1,
15,P2_unread_cc,MSG0001082,message_exists,1,
15,P2_unread_cc,MSG0001082,is_cc,1,
15,P2_unread_cc,MSG0001082,no_access_event,1,accesses=0
15,P2_unread_cc,MSG0001084,message_exists,1,
15,P2_unread_cc,MSG0001084,is_cc,1,
15,P2_unread_cc,MSG0001084,no_access_event,1,accesses=0
15,P2_unread_cc,MSG0001085,message_exists,1,
15,P2_unread_cc,MSG0001085,is_cc,1,
15,P2_unread_cc,MSG0001085,no_access_event,1,accesses=0
15,P2_unread_cc,MSG0001089,message_exists,1,
15,P2_unread_cc,MSG0001089,is_cc,1,
15,P2_unread_cc,MSG0001089,no_access_event,1,accesses=0
15,P2_unread_cc,MSG0001091,message_exists,1,
15,P2_unread_cc,MSG0001091,is_cc,1,
15,P2_unread_cc,MSG0001091,no_access_event,1,accesses=0
15,P3_extended_thread,THR0001063,thread_exists,1,
15,P3_extended_thread,THR0001063,three_or_more_patient_incoming,1,incoming=3
15,P3_extended_thread,THR0001063,four_or_more_message_exchanges,1,in+out=6
15,P3_extended_thread,THR0001063,spans_at_least_3_days,1,span_days=5.02
15,P3_extended_thread,THR0001063,no_visit_between,0,intervening_visits=2
15,P2_unread_cc,MSG0001176,message_exists,1,
15,P2_unread_cc,MSG0001176,is_cc,1,
15,P2_unread_cc,MSG0001176,no_access_event,1,accesses=0
15,P2_unread_cc,MSG0001177,message_exists,1,
15,P2_unread_cc,MSG0001177,is_cc,1,
15,P2_unread_cc,MSG0001177,no_access_event,1,accesses=0
15,P2_unread_cc,MSG0001178,message_exists,1,
15,P2_unread_cc,MSG0001178,is_cc,1,
15,P2_unread_cc,MSG0001178,no_access_event,1,accesses=0
15,P4_result_misrouted,MSG0001265,message_exists,1,
15,P4_result_misrouted,MSG0001265,is_result,1,
15,P4_result_misrouted,MSG0001265,recipient_not_ordering,1,
15,P4_result_misrouted,MSG0001265,recipient_not_covering,1,cover=None
15,P1_thank_you,MSG0001278,message_exists,1,
15,P1_thank_you,MSG0001278,patient_originated_portal_message,1,
15,P1_thank_you,MSG0001278,is_reply_to_prior_outbound,1,
15,P1_thank_you,MSG0001278,thread_ending,1,later_messages=0
15,P1_thank_you,MSG0001278,accessed_and_completed,1,
15,P4_result_misrouted,MSG0001282,message_exists,1,
15,P4_result_misrouted,MSG0001282,is_result,1,
15,P4_result_misrouted,MSG0001282,recipient_not_ordering,1,
15,P4_result_misrouted,MSG0001282,recipient_not_covering,1,cover=None
15,P8_nonclinical_misrouted,MSG0001311,message_exists,1,
15,P8_nonclinical_misrouted,MSG0001311,nonclinical_category,1,category=cancellation
15,P8_nonclinical_misrouted,MSG0001311,reaches_provider,1,provider_forwards=1
15,P2_unread_cc,MSG0001363,message_exists,1,
15,P2_unread_cc,MSG0001363,is_cc,1,
15,P2_unread_cc,MSG0001363,no_access_event,1,accesses=0
15,P2_unread_cc,MSG0001368,message_exists,1,
15,P2_unread_cc,MSG0001368,is_cc,1,
15,P2_unread_cc,MSG0001368,no_access_event,1,accesses=0
15,P2_unread_cc,MSG0001369,message_exists,1,
15,P2_unread_cc,MSG0001369,is_cc,1,
15,P2_unread_cc,MSG0001369,no_access_event,1,accesses=0
15,P3_extended_thread,THR0001321,thread_exists,1,
15,P3_extended_thread,THR0001321,three_or_more_patient_incoming,1,incoming=3
15,P3_extended_thread,THR0001321,four_or_more_message_exchanges,1,in+out=6
15,P3_extended_thread,THR0001321,spans_at_least_3_days,1,span_days=6.88
15,P3_extended_thread,THR0001321,no_visit_between,1,intervening_visits=0
15,P2_unread_cc,MSG0001456,message_exists,1,
15,P2_unread_cc,MSG0001456,is_cc,1,
15,P2_unread_cc,MSG0001456,no_access_event,1,accesses=0
15,P2_unread_cc,MSG0001463,message_exists,1,
15,P2_unread_cc,MSG0001463,is_cc,1,
15,P2_unread_cc,MSG0001463,no_access_event,1,accesses=0
15,P2_unread_cc,MSG0001464,message_exists,1,
15,P2_unread_cc,MSG0001464,is_cc,1,
15,P2_unread_cc,MSG0001464,no_access_event,1,accesses=0
15,P3_extended_thread,THR0001412,thread_exists,1,
15,P3_extended_thread,THR0001412,three_or_more_patient_incoming,1,incoming=3
15,P3_extended_thread,THR0001412,four_or_more_message_exchanges,1,in+out=7
15,P3_extended_thread,THR0001412,spans_at_least_3_days,1,span_days=9.24
15,P3_extended_thread,THR0001412,no_visit_between,1,intervening_visits=0
15,P7_pingpong,MSG0001515,message_exists,1,
15,P7_pingpong,MSG0001515,at_least_two_staff_to_provider_forwards,1,staff_to_provider=2
15,P7_pingpong,MSG0001515,at_least_two_provider_to_staff_forwards,1,provider_to_staff=2
15,P7_pingpong,MSG0001515,two_or_more_round_trips,1,roundtrips=2
15,P7_pingpong,MSG0001521,message_exists,1,
15,P7_pingpong,MSG0001521,at_least_two_staff_to_provider_forwards,1,staff_to_provider=2
15,P7_pingpong,MSG0001521,at_least_two_provider_to_staff_forwards,1,provider_to_staff=2
15,P7_pingpong,MSG0001521,two_or_more_round_trips,1,roundtrips=2
15,P4_result_misrouted,MSG0001527,message_exists,1,
15,P4_result_misrouted,MSG0001527,is_result,1,
15,P4_result_misrouted,MSG0001527,recipient_not_ordering,1,
15,P4_result_misrouted,MSG0001527,recipient_not_covering,1,cover=None
15,P2_unread_cc,MSG0001558,message_exists,1,
15,P2_unread_cc,MSG0001558,is_cc,1,
15,P2_unread_cc,MSG0001558,no_access_event,1,accesses=0
15,P2_unread_cc,MSG0001559,message_exists,1,
15,P2_unread_cc,MSG0001559,is_cc,1,
15,P2_unread_cc,MSG0001559,no_access_event,1,accesses=0
15,P2_unread_cc,MSG0001561,message_exists,1,
15,P2_unread_cc,MSG0001561,is_cc,1,
15,P2_unread_cc,MSG0001561,no_access_event,1,accesses=0
15,P2_unread_cc,MSG0001567,message_exists,1,
15,P2_unread_cc,MSG0001567,is_cc,1,
15,P2_unread_cc,MSG0001567,no_access_event,1,accesses=0
15,P8_nonclinical_misrouted,MSG0001613,message_exists,1,
15,P8_nonclinical_misrouted,MSG0001613,nonclinical_category,1,category=cancellation
15,P8_nonclinical_misrouted,MSG0001613,reaches_provider,1,provider_forwards=1
15,P2_unread_cc,MSG0001711,message_exists,1,
15,P2_unread_cc,MSG0001711,is_cc,1,
15,P2_unread_cc,MSG0001711,no_access_event,1,accesses=0
15,P8_nonclinical_misrouted,MSG0001751,message_exists,1,
15,P8_nonclinical_misrouted,MSG0001751,nonclinical_category,1,category=billing_question
15,P8_nonclinical_misrouted,MSG0001751,reaches_provider,1,provider_forwards=1
15,P4_result_misrouted,MSG0001772,message_exists,1,
15,P4_result_misrouted,MSG0001772,is_result,1,
15,P4_result_misrouted,MSG0001772,recipient_not_ordering,1,
15,P4_result_misrouted,MSG0001772,recipient_not_covering,1,cover=None
15,P2_unread_cc,MSG0001800,message_exists,1,
15,P2_unread_cc,MSG0001800,is_cc,1,
15,P2_unread_cc,MSG0001800,no_access_event,1,accesses=0
15,P2_unread_cc,MSG0001803,message_exists,1,
15,P2_unread_cc,MSG0001803,is_cc,1,
15,P2_unread_cc,MSG0001803,no_access_event,1,accesses=0
15,P2_unread_cc,MSG0001805,message_exists,1,
15,P2_unread_cc,MSG0001805,is_cc,1,
15,P2_unread_cc,MSG0001805,no_access_event,1,accesses=0
15,P2_unread_cc,MSG0001806,message_exists,1,
15,P2_unread_cc,MSG0001806,is_cc,1,
15,P2_unread_cc,MSG0001806,no_access_event,1,accesses=0
15,P8_nonclinical_misrouted,MSG0001838,message_exists,1,
15,P8_nonclinical_misrouted,MSG0001838,nonclinical_category,1,category=cancellation
15,P8_nonclinical_misrouted,MSG0001838,reaches_provider,1,provider_forwards=1
15,P2_unread_cc,MSG0001865,message_exists,1,
15,P2_unread_cc,MSG0001865,is_cc,1,
15,P2_unread_cc,MSG0001865,no_access_event,1,accesses=0
15,P2_unread_cc,MSG0001868,message_exists,1,
15,P2_unread_cc,MSG0001868,is_cc,1,
15,P2_unread_cc,MSG0001868,no_access_event,1,accesses=0
15,P2_unread_cc,MSG0001872,message_exists,1,
15,P2_unread_cc,MSG0001872,is_cc,1,
15,P2_unread_cc,MSG0001872,no_access_event,1,accesses=0
15,P2_unread_cc,MSG0001948,message_exists,1,
15,P2_unread_cc,MSG0001948,is_cc,1,
15,P2_unread_cc,MSG0001948,no_access_event,1,accesses=0
15,P4_result_misrouted,MSG0001984,message_exists,1,
15,P4_result_misrouted,MSG0001984,is_result,1,
15,P4_result_misrouted,MSG0001984,recipient_not_ordering,1,
15,P4_result_misrouted,MSG0001984,recipient_not_covering,1,cover=None
15,P2_unread_cc,MSG0002019,message_exists,1,
15,P2_unread_cc,MSG0002019,is_cc,1,
15,P2_unread_cc,MSG0002019,no_access_event,1,accesses=0
15,P2_unread_cc,MSG0002021,message_exists,1,
15,P2_unread_cc,MSG0002021,is_cc,1,
15,P2_unread_cc,MSG0002021,no_access_event,1,accesses=0
15,P2_unread_cc,MSG0002022,message_exists,1,
15,P2_unread_cc,MSG0002022,is_cc,1,
15,P2_unread_cc,MSG0002022,no_access_event,1,accesses=0
15,P3_extended_thread,THR0001925,thread_exists,1,
15,P3_extended_thread,THR0001925,three_or_more_patient_incoming,1,incoming=3
15,P3_extended_thread,THR0001925,four_or_more_message_exchanges,1,in+out=6
15,P3_extended_thread,THR0001925,spans_at_least_3_days,1,span_days=7.08
15,P3_extended_thread,THR0001925,no_visit_between,1,intervening_visits=0
15,P2_unread_cc,MSG0002094,message_exists,1,
15,P2_unread_cc,MSG0002094,is_cc,1,
15,P2_unread_cc,MSG0002094,no_access_event,1,accesses=0
15,P2_unread_cc,MSG0002095,message_exists,1,
15,P2_unread_cc,MSG0002095,is_cc,1,
15,P2_unread_cc,MSG0002095,no_access_event,1,accesses=0
15,P4_result_misrouted,MSG0002165,message_exists,1,
15,P4_result_misrouted,MSG0002165,is_result,1,
15,P4_result_misrouted,MSG0002165,recipient_not_ordering,1,
15,P4_result_misrouted,MSG0002165,recipient_not_covering,1,cover=None
15,P2_unread_cc,MSG0002190,message_exists,1,
15,P2_unread_cc,MSG0002190,is_cc,1,
15,P2_unread_cc,MSG0002190,no_access_event,1,accesses=0
15,P2_unread_cc,MSG0002195,message_exists,1,
15,P2_unread_cc,MSG0002195,is_cc,1,
15,P2_unread_cc,MSG0002195,no_access_event,1,accesses=0
15,P2_unread_cc,MSG0002200,message_exists,1,
15,P2_unread_cc,MSG0002200,is_cc,1,
15,P2_unread_cc,MSG0002200,no_access_event,1,accesses=0
15,P2_unread_cc,MSG0002203,message_exists,1,
15,P2_unread_cc,MSG0002203,is_cc,1,
15,P2_unread_cc,MSG0002203,no_access_event,1,accesses=0
15,P7_pingpong,MSG0002227,message_exists,1,
15,P7_pingpong,MSG0002227,at_least_two_staff_to_provider_forwards,1,staff_to_provider=2
15,P7_pingpong,MSG0002227,at_least_two_provider_to_staff_forwards,1,provider_to_staff=2
15,P7_pingpong,MSG0002227,two_or_more_round_trips,1,roundtrips=2
15,P2_unread_cc,MSG0002268,message_exists,1,
15,P2_unread_cc,MSG0002268,is_cc,1,
15,P2_unread_cc,MSG0002268,no_access_event,1,accesses=0
15,P2_unread_cc,MSG0002271,message_exists,1,
15,P2_unread_cc,MSG0002271,is_cc,1,
15,P2_unread_cc,MSG0002271,no_access_event,1,accesses=0
15,P2_unread_cc,MSG0002272,message_exists,1,
15,P2_unread_cc,MSG0002272,is_cc,1,
15,P2_unread_cc,MSG0002272,no_access_event,1,accesses=0
15,P2_unread_cc,MSG0002275,message_exists,1,
15,P2_unread_cc,MSG0002275,is_cc,1,
15,P2_unread_cc,MSG0002275,no_access_event,1,accesses=0
15,P2_unread_cc,MSG0002276,message_exists,1,
15,P2_unread_cc,MSG0002276,is_cc,1,
15,P2_unread_cc,MSG0002276,no_access_event,1,accesses=0
15,P7_pingpong,MSG0002303,message_exists,1,
15,P7_pingpong,MSG0002303,at_least_two_staff_to_provider_forwards,1,staff_to_provider=2
15,P7_pingpong,MSG0002303,at_least_two_provider_to_staff_forwards,1,provider_to_staff=2
15,P7_pingpong,MSG0002303,two_or_more_round_trips,1,roundtrips=2
15,P3_extended_thread,THR0002168,thread_exists,1,
15,P3_extended_thread,THR0002168,three_or_more_patient_incoming,1,incoming=3
15,P3_extended_thread,THR0002168,four_or_more_message_exchanges,1,in+out=6
15,P3_extended_thread,THR0002168,spans_at_least_3_days,1,span_days=7.04
15,P3_extended_thread,THR0002168,no_visit_between,1,intervening_visits=0
15,P4_result_misrouted,MSG0002319,message_exists,1,
15,P4_result_misrouted,MSG0002319,is_result,1,
15,P4_result_misrouted,MSG0002319,recipient_not_ordering,1,
15,P4_result_misrouted,MSG0002319,recipient_not_covering,1,cover=None
15,P4_result_misrouted,MSG0002328,message_exists,1,
15,P4_result_misrouted,MSG0002328,is_result,1,
15,P4_result_misrouted,MSG0002328,recipient_not_ordering,1,
15,P4_result_misrouted,MSG0002328,recipient_not_covering,1,cover=None
15,P2_unread_cc,MSG0002351,message_exists,1,
15,P2_unread_cc,MSG0002351,is_cc,1,
15,P2_unread_cc,MSG0002351,no_access_event,1,accesses=0
15,P2_unread_cc,MSG0002352,message_exists,1,
15,P2_unread_cc,MSG0002352,is_cc,1,
15,P2_unread_cc,MSG0002352,no_access_event,1,accesses=0
15,P2_unread_cc,MSG0002355,message_exists,1,
15,P2_unread_cc,MSG0002355,is_cc,1,
15,P2_unread_cc,MSG0002355,no_access_event,1,accesses=0
15,P2_unread_cc,MSG0002356,message_exists,1,
15,P2_unread_cc,MSG0002356,is_cc,1,
15,P2_unread_cc,MSG0002356,no_access_event,1,accesses=0
15,P2_unread_cc,MSG0002359,message_exists,1,
15,P2_unread_cc,MSG0002359,is_cc,1,
15,P2_unread_cc,MSG0002359,no_access_event,1,accesses=0
15,P2_unread_cc,MSG0002360,message_exists,1,
15,P2_unread_cc,MSG0002360,is_cc,1,
15,P2_unread_cc,MSG0002360,no_access_event,1,accesses=0
15,P8_nonclinical_misrouted,MSG0002396,message_exists,1,
15,P8_nonclinical_misrouted,MSG0002396,nonclinical_category,1,category=cancellation
15,P8_nonclinical_misrouted,MSG0002396,reaches_provider,1,provider_forwards=1
15,P2_unread_cc,MSG0002434,message_exists,1,
15,P2_unread_cc,MSG0002434,is_cc,1,
15,P2_unread_cc,MSG0002434,no_access_event,1,accesses=0
15,P2_unread_cc,MSG0002435,message_exists,1,
15,P2_unread_cc,MSG0002435,is_cc,1,
15,P2_unread_cc,MSG0002435,no_access_event,1,accesses=0
15,P2_unread_cc,MSG0002439,message_exists,1,
15,P2_unread_cc,MSG0002439,is_cc,1,
15,P2_unread_cc,MSG0002439,no_access_event,1,accesses=0
15,P7_pingpong,MSG0002465,message_exists,1,
15,P7_pingpong,MSG0002465,at_least_two_staff_to_provider_forwards,1,staff_to_provider=2
15,P7_pingpong,MSG0002465,at_least_two_provider_to_staff_forwards,1,provider_to_staff=2
15,P7_pingpong,MSG0002465,two_or_more_round_trips,1,roundtrips=2
15,P7_pingpong,MSG0002467,message_exists,1,
15,P7_pingpong,MSG0002467,at_least_two_staff_to_provider_forwards,1,staff_to_provider=2
15,P7_pingpong,MSG0002467,at_least_two_provider_to_staff_forwards,1,provider_to_staff=2
15,P7_pingpong,MSG0002467,two_or_more_round_trips,1,roundtrips=2
15,P4_result_misrouted,MSG0002488,message_exists,1,
15,P4_result_misrouted,MSG0002488,is_result,1,
15,P4_result_misrouted,MSG0002488,recipient_not_ordering,1,
15,P4_result_misrouted,MSG0002488,recipient_not_covering,1,cover=None
15,P4_result_misrouted,MSG0002493,message_exists,1,
15,P4_result_misrouted,MSG0002493,is_result,1,
15,P4_result_misrouted,MSG0002493,recipient_not_ordering,1,
15,P4_result_misrouted,MSG0002493,recipient_not_covering,1,cover=None
15,P2_unread_cc,MSG0002518,message_exists,1,
15,P2_unread_cc,MSG0002518,is_cc,1,
15,P2_unread_cc,MSG0002518,no_access_event,1,accesses=0
15,P2_unread_cc,MSG0002521,message_exists,1,
15,P2_unread_cc,MSG0002521,is_cc,1,
15,P2_unread_cc,MSG0002521,no_access_event,1,accesses=0
15,P2_unread_cc,MSG0002526,message_exists,1,
15,P2_unread_cc,MSG0002526,is_cc,1,
15,P2_unread_cc,MSG0002526,no_access_event,1,accesses=0
15,P8_nonclinical_misrouted,MSG0002564,message_exists,1,
15,P8_nonclinical_misrouted,MSG0002564,nonclinical_category,1,category=cancellation
15,P8_nonclinical_misrouted,MSG0002564,reaches_provider,1,provider_forwards=1
15,P7_pingpong,MSG0002603,message_exists,1,
15,P7_pingpong,MSG0002603,at_least_two_staff_to_provider_forwards,1,staff_to_provider=2
15,P7_pingpong,MSG0002603,at_least_two_provider_to_staff_forwards,1,provider_to_staff=2
15,P7_pingpong,MSG0002603,two_or_more_round_trips,1,roundtrips=2
15,P4_result_misrouted,MSG0002608,message_exists,1,
15,P4_result_misrouted,MSG0002608,is_result,1,
15,P4_result_misrouted,MSG0002608,recipient_not_ordering,1,
15,P4_result_misrouted,MSG0002608,recipient_not_covering,1,cover=None
15,P7_pingpong,MSG0002666,message_exists,1,
15,P7_pingpong,MSG0002666,at_least_two_staff_to_provider_forwards,1,staff_to_provider=2
15,P7_pingpong,MSG0002666,at_least_two_provider_to_staff_forwards,1,provider_to_staff=2
15,P7_pingpong,MSG0002666,two_or_more_round_trips,1,roundtrips=2
15,P4_result_misrouted,MSG0002678,message_exists,1,
15,P4_result_misrouted,MSG0002678,is_result,1,
15,P4_result_misrouted,MSG0002678,recipient_not_ordering,1,
15,P4_result_misrouted,MSG0002678,recipient_not_covering,1,cover=None
15,P4_result_misrouted,MSG0002682,message_exists,1,
15,P4_result_misrouted,MSG0002682,is_result,1,
15,P4_result_misrouted,MSG0002682,recipient_not_ordering,1,
15,P4_result_misrouted,MSG0002682,recipient_not_covering,1,cover=None
15,P2_unread_cc,MSG0002697,message_exists,1,
15,P2_unread_cc,MSG0002697,is_cc,1,
15,P2_unread_cc,MSG0002697,no_access_event,1,accesses=0
15,P2_unread_cc,MSG0002700,message_exists,1,
15,P2_unread_cc,MSG0002700,is_cc,1,
15,P2_unread_cc,MSG0002700,no_access_event,1,accesses=0
15,P7_pingpong,MSG0002734,message_exists,1,
15,P7_pingpong,MSG0002734,at_least_two_staff_to_provider_forwards,1,staff_to_provider=2
15,P7_pingpong,MSG0002734,at_least_two_provider_to_staff_forwards,1,provider_to_staff=2
15,P7_pingpong,MSG0002734,two_or_more_round_trips,1,roundtrips=2
15,P4_result_misrouted,MSG0002750,message_exists,1,
15,P4_result_misrouted,MSG0002750,is_result,1,
15,P4_result_misrouted,MSG0002750,recipient_not_ordering,1,
15,P4_result_misrouted,MSG0002750,recipient_not_covering,1,cover=None
15,P2_unread_cc,MSG0002775,message_exists,1,
15,P2_unread_cc,MSG0002775,is_cc,1,
15,P2_unread_cc,MSG0002775,no_access_event,1,accesses=0
15,P2_unread_cc,MSG0002777,message_exists,1,
15,P2_unread_cc,MSG0002777,is_cc,1,
15,P2_unread_cc,MSG0002777,no_access_event,1,accesses=0
15,P2_unread_cc,MSG0002778,message_exists,1,
15,P2_unread_cc,MSG0002778,is_cc,1,
15,P2_unread_cc,MSG0002778,no_access_event,1,accesses=0
15,P3_extended_thread,THR0002705,thread_exists,1,
15,P3_extended_thread,THR0002705,three_or_more_patient_incoming,1,incoming=3
15,P3_extended_thread,THR0002705,four_or_more_message_exchanges,1,in+out=6
15,P3_extended_thread,THR0002705,spans_at_least_3_days,1,span_days=6.85
15,P3_extended_thread,THR0002705,no_visit_between,1,intervening_visits=0
15,P8_nonclinical_misrouted,MSG0002899,message_exists,1,
15,P8_nonclinical_misrouted,MSG0002899,nonclinical_category,1,category=cancellation
15,P8_nonclinical_misrouted,MSG0002899,reaches_provider,1,provider_forwards=1
15,P1_thank_you,MSG0002901,message_exists,1,
15,P1_thank_you,MSG0002901,patient_originated_portal_message,1,
15,P1_thank_you,MSG0002901,is_reply_to_prior_outbound,1,
15,P1_thank_you,MSG0002901,thread_ending,1,later_messages=0
15,P1_thank_you,MSG0002901,accessed_and_completed,1,
15,P4_result_misrouted,MSG0002924,message_exists,1,
15,P4_result_misrouted,MSG0002924,is_result,1,
15,P4_result_misrouted,MSG0002924,recipient_not_ordering,1,
15,P4_result_misrouted,MSG0002924,recipient_not_covering,1,cover=None
15,P2_unread_cc,MSG0002944,message_exists,1,
15,P2_unread_cc,MSG0002944,is_cc,1,
15,P2_unread_cc,MSG0002944,no_access_event,1,accesses=0
15,P2_unread_cc,MSG0002947,message_exists,1,
15,P2_unread_cc,MSG0002947,is_cc,1,
15,P2_unread_cc,MSG0002947,no_access_event,1,accesses=0
15,P2_unread_cc,MSG0003017,message_exists,1,
15,P2_unread_cc,MSG0003017,is_cc,1,
15,P2_unread_cc,MSG0003017,no_access_event,1,accesses=0
15,P3_extended_thread,THR0002852,thread_exists,1,
15,P3_extended_thread,THR0002852,three_or_more_patient_incoming,1,incoming=3
15,P3_extended_thread,THR0002852,four_or_more_message_exchanges,1,in+out=6
15,P3_extended_thread,THR0002852,spans_at_least_3_days,1,span_days=6.23
15,P3_extended_thread,THR0002852,no_visit_between,1,intervening_visits=0
15,P2_unread_cc,MSG0003096,message_exists,1,
15,P2_unread_cc,MSG0003096,is_cc,1,
15,P2_unread_cc,MSG0003096,no_access_event,1,accesses=0
15,P2_unread_cc,MSG0003097,message_exists,1,
15,P2_unread_cc,MSG0003097,is_cc,1,
15,P2_unread_cc,MSG0003097,no_access_event,1,accesses=0
15,P2_unread_cc,MSG0003100,message_exists,1,
15,P2_unread_cc,MSG0003100,is_cc,1,
15,P2_unread_cc,MSG0003100,no_access_event,1,accesses=0
15,P2_unread_cc,MSG0003272,message_exists,1,
15,P2_unread_cc,MSG0003272,is_cc,1,
15,P2_unread_cc,MSG0003272,no_access_event,1,accesses=0
15,P1_thank_you,MSG0003298,message_exists,1,
15,P1_thank_you,MSG0003298,patient_originated_portal_message,1,
15,P1_thank_you,MSG0003298,is_reply_to_prior_outbound,1,
15,P1_thank_you,MSG0003298,thread_ending,1,later_messages=0
15,P1_thank_you,MSG0003298,accessed_and_completed,1,
15,P2_unread_cc,MSG0003341,message_exists,1,
15,P2_unread_cc,MSG0003341,is_cc,1,
15,P2_unread_cc,MSG0003341,no_access_event,1,accesses=0
15,P2_unread_cc,MSG0003342,message_exists,1,
15,P2_unread_cc,MSG0003342,is_cc,1,
15,P2_unread_cc,MSG0003342,no_access_event,1,accesses=0
15,P2_unread_cc,MSG0003350,message_exists,1,
15,P2_unread_cc,MSG0003350,is_cc,1,
15,P2_unread_cc,MSG0003350,no_access_event,1,accesses=0
15,P4_result_misrouted,MSG0003384,message_exists,1,
15,P4_result_misrouted,MSG0003384,is_result,1,
15,P4_result_misrouted,MSG0003384,recipient_not_ordering,1,
15,P4_result_misrouted,MSG0003384,recipient_not_covering,1,cover=None
15,P4_result_misrouted,MSG0003385,message_exists,1,
15,P4_result_misrouted,MSG0003385,is_result,1,
15,P4_result_misrouted,MSG0003385,recipient_not_ordering,1,
15,P4_result_misrouted,MSG0003385,recipient_not_covering,1,cover=None
15,P1_thank_you,MSG0003455,message_exists,1,
15,P1_thank_you,MSG0003455,patient_originated_portal_message,1,
15,P1_thank_you,MSG0003455,is_reply_to_prior_outbound,1,
15,P1_thank_you,MSG0003455,thread_ending,1,later_messages=0
15,P1_thank_you,MSG0003455,accessed_and_completed,1,
15,P4_result_misrouted,MSG0003480,message_exists,1,
15,P4_result_misrouted,MSG0003480,is_result,1,
15,P4_result_misrouted,MSG0003480,recipient_not_ordering,1,
15,P4_result_misrouted,MSG0003480,recipient_not_covering,1,cover=None
15,P2_unread_cc,MSG0003492,message_exists,1,
15,P2_unread_cc,MSG0003492,is_cc,1,
15,P2_unread_cc,MSG0003492,no_access_event,1,accesses=0
15,P2_unread_cc,MSG0003494,message_exists,1,
15,P2_unread_cc,MSG0003494,is_cc,1,
15,P2_unread_cc,MSG0003494,no_access_event,1,accesses=0
15,P2_unread_cc,MSG0003499,message_exists,1,
15,P2_unread_cc,MSG0003499,is_cc,1,
15,P2_unread_cc,MSG0003499,no_access_event,1,accesses=0
15,P2_unread_cc,MSG0003502,message_exists,1,
15,P2_unread_cc,MSG0003502,is_cc,1,
15,P2_unread_cc,MSG0003502,no_access_event,1,accesses=0
15,P2_unread_cc,MSG0003505,message_exists,1,
15,P2_unread_cc,MSG0003505,is_cc,1,
15,P2_unread_cc,MSG0003505,no_access_event,1,accesses=0
15,P2_unread_cc,MSG0003506,message_exists,1,
15,P2_unread_cc,MSG0003506,is_cc,1,
15,P2_unread_cc,MSG0003506,no_access_event,1,accesses=0
15,P2_unread_cc,MSG0003573,message_exists,1,
15,P2_unread_cc,MSG0003573,is_cc,1,
15,P2_unread_cc,MSG0003573,no_access_event,1,accesses=0
15,P2_unread_cc,MSG0003577,message_exists,1,
15,P2_unread_cc,MSG0003577,is_cc,1,
15,P2_unread_cc,MSG0003577,no_access_event,1,accesses=0
15,P2_unread_cc,MSG0003578,message_exists,1,
15,P2_unread_cc,MSG0003578,is_cc,1,
15,P2_unread_cc,MSG0003578,no_access_event,1,accesses=0
15,P2_unread_cc,MSG0003646,message_exists,1,
15,P2_unread_cc,MSG0003646,is_cc,1,
15,P2_unread_cc,MSG0003646,no_access_event,1,accesses=0
15,P2_unread_cc,MSG0003648,message_exists,1,
15,P2_unread_cc,MSG0003648,is_cc,1,
15,P2_unread_cc,MSG0003648,no_access_event,1,accesses=0
15,P3_extended_thread,THR0003546,thread_exists,1,
15,P3_extended_thread,THR0003546,three_or_more_patient_incoming,1,incoming=3
15,P3_extended_thread,THR0003546,four_or_more_message_exchanges,1,in+out=6
15,P3_extended_thread,THR0003546,spans_at_least_3_days,1,span_days=5.93
15,P3_extended_thread,THR0003546,no_visit_between,1,intervening_visits=0
15,P8_nonclinical_misrouted,MSG0003774,message_exists,1,
15,P8_nonclinical_misrouted,MSG0003774,nonclinical_category,1,category=billing_question
15,P8_nonclinical_misrouted,MSG0003774,reaches_provider,1,provider_forwards=1
15,P1_thank_you,MSG0003776,message_exists,1,
15,P1_thank_you,MSG0003776,patient_originated_portal_message,1,
15,P1_thank_you,MSG0003776,is_reply_to_prior_outbound,1,
15,P1_thank_you,MSG0003776,thread_ending,1,later_messages=0
15,P1_thank_you,MSG0003776,accessed_and_completed,1,
15,P8_nonclinical_misrouted,MSG0003780,message_exists,1,
15,P8_nonclinical_misrouted,MSG0003780,nonclinical_category,1,category=appointment_request
15,P8_nonclinical_misrouted,MSG0003780,reaches_provider,1,provider_forwards=1
15,P7_pingpong,MSG0003783,message_exists,1,
15,P7_pingpong,MSG0003783,at_least_two_staff_to_provider_forwards,1,staff_to_provider=2
15,P7_pingpong,MSG0003783,at_least_two_provider_to_staff_forwards,1,provider_to_staff=2
15,P7_pingpong,MSG0003783,two_or_more_round_trips,1,roundtrips=2
15,P2_unread_cc,MSG0003821,message_exists,1,
15,P2_unread_cc,MSG0003821,is_cc,1,
15,P2_unread_cc,MSG0003821,no_access_event,1,accesses=0
15,P2_unread_cc,MSG0003822,message_exists,1,
15,P2_unread_cc,MSG0003822,is_cc,1,
15,P2_unread_cc,MSG0003822,no_access_event,1,accesses=0
15,P7_pingpong,MSG0003880,message_exists,1,
15,P7_pingpong,MSG0003880,at_least_two_staff_to_provider_forwards,1,staff_to_provider=2
15,P7_pingpong,MSG0003880,at_least_two_provider_to_staff_forwards,1,provider_to_staff=2
15,P7_pingpong,MSG0003880,two_or_more_round_trips,1,roundtrips=2
15,P1_thank_you,MSG0003882,message_exists,1,
15,P1_thank_you,MSG0003882,patient_originated_portal_message,1,
15,P1_thank_you,MSG0003882,is_reply_to_prior_outbound,1,
15,P1_thank_you,MSG0003882,thread_ending,1,later_messages=0
15,P1_thank_you,MSG0003882,accessed_and_completed,1,
15,P2_unread_cc,MSG0003988,message_exists,1,
15,P2_unread_cc,MSG0003988,is_cc,1,
15,P2_unread_cc,MSG0003988,no_access_event,1,accesses=0
15,P2_unread_cc,MSG0003993,message_exists,1,
15,P2_unread_cc,MSG0003993,is_cc,1,
15,P2_unread_cc,MSG0003993,no_access_event,1,accesses=0
15,P7_pingpong,MSG0004023,message_exists,1,
15,P7_pingpong,MSG0004023,at_least_two_staff_to_provider_forwards,1,staff_to_provider=2
15,P7_pingpong,MSG0004023,at_least_two_provider_to_staff_forwards,1,provider_to_staff=2
15,P7_pingpong,MSG0004023,two_or_more_round_trips,1,roundtrips=2
15,P2_unread_cc,MSG0004062,message_exists,1,
15,P2_unread_cc,MSG0004062,is_cc,1,
15,P2_unread_cc,MSG0004062,no_access_event,1,accesses=0
15,P2_unread_cc,MSG0004064,message_exists,1,
15,P2_unread_cc,MSG0004064,is_cc,1,
15,P2_unread_cc,MSG0004064,no_access_event,1,accesses=0
15,P2_unread_cc,MSG0004066,message_exists,1,
15,P2_unread_cc,MSG0004066,is_cc,1,
15,P2_unread_cc,MSG0004066,no_access_event,1,accesses=0
15,P2_unread_cc,MSG0004067,message_exists,1,
15,P2_unread_cc,MSG0004067,is_cc,1,
15,P2_unread_cc,MSG0004067,no_access_event,1,accesses=0
15,P2_unread_cc,MSG0004135,message_exists,1,
15,P2_unread_cc,MSG0004135,is_cc,1,
15,P2_unread_cc,MSG0004135,no_access_event,1,accesses=0
15,P2_unread_cc,MSG0004137,message_exists,1,
15,P2_unread_cc,MSG0004137,is_cc,1,
15,P2_unread_cc,MSG0004137,no_access_event,1,accesses=0
15,P2_unread_cc,MSG0004138,message_exists,1,
15,P2_unread_cc,MSG0004138,is_cc,1,
15,P2_unread_cc,MSG0004138,no_access_event,1,accesses=0
15,P2_unread_cc,MSG0004139,message_exists,1,
15,P2_unread_cc,MSG0004139,is_cc,1,
15,P2_unread_cc,MSG0004139,no_access_event,1,accesses=0
15,P2_unread_cc,MSG0004144,message_exists,1,
15,P2_unread_cc,MSG0004144,is_cc,1,
15,P2_unread_cc,MSG0004144,no_access_event,1,accesses=0
15,P1_thank_you,MSG0004173,message_exists,1,
15,P1_thank_you,MSG0004173,patient_originated_portal_message,1,
15,P1_thank_you,MSG0004173,is_reply_to_prior_outbound,1,
15,P1_thank_you,MSG0004173,thread_ending,1,later_messages=0
15,P1_thank_you,MSG0004173,accessed_and_completed,1,
15,P2_unread_cc,MSG0004209,message_exists,1,
15,P2_unread_cc,MSG0004209,is_cc,1,
15,P2_unread_cc,MSG0004209,no_access_event,1,accesses=0
15,P2_unread_cc,MSG0004298,message_exists,1,
15,P2_unread_cc,MSG0004298,is_cc,1,
15,P2_unread_cc,MSG0004298,no_access_event,1,accesses=0
15,P2_unread_cc,MSG0004302,message_exists,1,
15,P2_unread_cc,MSG0004302,is_cc,1,
15,P2_unread_cc,MSG0004302,no_access_event,1,accesses=0
15,P1_thank_you,MSG0004337,message_exists,1,
15,P1_thank_you,MSG0004337,patient_originated_portal_message,1,
15,P1_thank_you,MSG0004337,is_reply_to_prior_outbound,1,
15,P1_thank_you,MSG0004337,thread_ending,1,later_messages=0
15,P1_thank_you,MSG0004337,accessed_and_completed,1,
15,P4_result_misrouted,MSG0004352,message_exists,1,
15,P4_result_misrouted,MSG0004352,is_result,1,
15,P4_result_misrouted,MSG0004352,recipient_not_ordering,1,
15,P4_result_misrouted,MSG0004352,recipient_not_covering,1,cover=None
15,P2_unread_cc,MSG0004393,message_exists,1,
15,P2_unread_cc,MSG0004393,is_cc,1,
15,P2_unread_cc,MSG0004393,no_access_event,1,accesses=0
15,P7_pingpong,MSG0004432,message_exists,1,
15,P7_pingpong,MSG0004432,at_least_two_staff_to_provider_forwards,1,staff_to_provider=2
15,P7_pingpong,MSG0004432,at_least_two_provider_to_staff_forwards,1,provider_to_staff=2
15,P7_pingpong,MSG0004432,two_or_more_round_trips,1,roundtrips=2
15,P2_unread_cc,MSG0004461,message_exists,1,
15,P2_unread_cc,MSG0004461,is_cc,1,
15,P2_unread_cc,MSG0004461,no_access_event,1,accesses=0
15,P2_unread_cc,MSG0004466,message_exists,1,
15,P2_unread_cc,MSG0004466,is_cc,1,
15,P2_unread_cc,MSG0004466,no_access_event,1,accesses=0
15,P4_result_misrouted,MSG0004519,message_exists,1,
15,P4_result_misrouted,MSG0004519,is_result,1,
15,P4_result_misrouted,MSG0004519,recipient_not_ordering,1,
15,P4_result_misrouted,MSG0004519,recipient_not_covering,1,cover=None
15,P2_unread_cc,MSG0004609,message_exists,1,
15,P2_unread_cc,MSG0004609,is_cc,1,
15,P2_unread_cc,MSG0004609,no_access_event,1,accesses=0
15,P2_unread_cc,MSG0004612,message_exists,1,
15,P2_unread_cc,MSG0004612,is_cc,1,
15,P2_unread_cc,MSG0004612,no_access_event,1,accesses=0
15,P4_result_misrouted,MSG0004672,message_exists,1,
15,P4_result_misrouted,MSG0004672,is_result,1,
15,P4_result_misrouted,MSG0004672,recipient_not_ordering,1,
15,P4_result_misrouted,MSG0004672,recipient_not_covering,1,cover=None
15,P2_unread_cc,MSG0004692,message_exists,1,
15,P2_unread_cc,MSG0004692,is_cc,1,
15,P2_unread_cc,MSG0004692,no_access_event,1,accesses=0
15,P2_unread_cc,MSG0004696,message_exists,1,
15,P2_unread_cc,MSG0004696,is_cc,1,
15,P2_unread_cc,MSG0004696,no_access_event,1,accesses=0
15,P2_unread_cc,MSG0004699,message_exists,1,
15,P2_unread_cc,MSG0004699,is_cc,1,
15,P2_unread_cc,MSG0004699,no_access_event,1,accesses=0
15,P2_unread_cc,MSG0004700,message_exists,1,
15,P2_unread_cc,MSG0004700,is_cc,1,
15,P2_unread_cc,MSG0004700,no_access_event,1,accesses=0
15,P2_unread_cc,MSG0004703,message_exists,1,
15,P2_unread_cc,MSG0004703,is_cc,1,
15,P2_unread_cc,MSG0004703,no_access_event,1,accesses=0
15,P2_unread_cc,MSG0004704,message_exists,1,
15,P2_unread_cc,MSG0004704,is_cc,1,
15,P2_unread_cc,MSG0004704,no_access_event,1,accesses=0
15,P2_unread_cc,MSG0004774,message_exists,1,
15,P2_unread_cc,MSG0004774,is_cc,1,
15,P2_unread_cc,MSG0004774,no_access_event,1,accesses=0
15,P2_unread_cc,MSG0004856,message_exists,1,
15,P2_unread_cc,MSG0004856,is_cc,1,
15,P2_unread_cc,MSG0004856,no_access_event,1,accesses=0
15,P2_unread_cc,MSG0004944,message_exists,1,
15,P2_unread_cc,MSG0004944,is_cc,1,
15,P2_unread_cc,MSG0004944,no_access_event,1,accesses=0
15,P2_unread_cc,MSG0004945,message_exists,1,
15,P2_unread_cc,MSG0004945,is_cc,1,
15,P2_unread_cc,MSG0004945,no_access_event,1,accesses=0
15,P2_unread_cc,MSG0004953,message_exists,1,
15,P2_unread_cc,MSG0004953,is_cc,1,
15,P2_unread_cc,MSG0004953,no_access_event,1,accesses=0
15,P2_unread_cc,MSG0004955,message_exists,1,
15,P2_unread_cc,MSG0004955,is_cc,1,
15,P2_unread_cc,MSG0004955,no_access_event,1,accesses=0
15,P2_unread_cc,MSG0004960,message_exists,1,
15,P2_unread_cc,MSG0004960,is_cc,1,
15,P2_unread_cc,MSG0004960,no_access_event,1,accesses=0
15,P4_result_misrouted,MSG0005020,message_exists,1,
15,P4_result_misrouted,MSG0005020,is_result,1,
15,P4_result_misrouted,MSG0005020,recipient_not_ordering,1,
15,P4_result_misrouted,MSG0005020,recipient_not_covering,1,cover=None
15,P2_unread_cc,MSG0005041,message_exists,1,
15,P2_unread_cc,MSG0005041,is_cc,1,
15,P2_unread_cc,MSG0005041,no_access_event,1,accesses=0
15,P2_unread_cc,MSG0005042,message_exists,1,
15,P2_unread_cc,MSG0005042,is_cc,1,
15,P2_unread_cc,MSG0005042,no_access_event,1,accesses=0
15,P2_unread_cc,MSG0005122,message_exists,1,
15,P2_unread_cc,MSG0005122,is_cc,1,
15,P2_unread_cc,MSG0005122,no_access_event,1,accesses=0
16,P7_pingpong,MSG0000013,message_exists,1,
16,P7_pingpong,MSG0000013,at_least_two_staff_to_provider_forwards,1,staff_to_provider=2
16,P7_pingpong,MSG0000013,at_least_two_provider_to_staff_forwards,1,provider_to_staff=2
16,P7_pingpong,MSG0000013,two_or_more_round_trips,1,roundtrips=2
16,P2_unread_cc,MSG0000060,message_exists,1,
16,P2_unread_cc,MSG0000060,is_cc,1,
16,P2_unread_cc,MSG0000060,no_access_event,1,accesses=0
16,P2_unread_cc,MSG0000061,message_exists,1,
16,P2_unread_cc,MSG0000061,is_cc,1,
16,P2_unread_cc,MSG0000061,no_access_event,1,accesses=0
16,P2_unread_cc,MSG0000122,message_exists,1,
16,P2_unread_cc,MSG0000122,is_cc,1,
16,P2_unread_cc,MSG0000122,no_access_event,1,accesses=0
16,P2_unread_cc,MSG0000125,message_exists,1,
16,P2_unread_cc,MSG0000125,is_cc,1,
16,P2_unread_cc,MSG0000125,no_access_event,1,accesses=0
16,P2_unread_cc,MSG0000127,message_exists,1,
16,P2_unread_cc,MSG0000127,is_cc,1,
16,P2_unread_cc,MSG0000127,no_access_event,1,accesses=0
16,P2_unread_cc,MSG0000129,message_exists,1,
16,P2_unread_cc,MSG0000129,is_cc,1,
16,P2_unread_cc,MSG0000129,no_access_event,1,accesses=0
16,P2_unread_cc,MSG0000133,message_exists,1,
16,P2_unread_cc,MSG0000133,is_cc,1,
16,P2_unread_cc,MSG0000133,no_access_event,1,accesses=0
16,P1_thank_you,MSG0000165,message_exists,1,
16,P1_thank_you,MSG0000165,patient_originated_portal_message,1,
16,P1_thank_you,MSG0000165,is_reply_to_prior_outbound,1,
16,P1_thank_you,MSG0000165,thread_ending,1,later_messages=0
16,P1_thank_you,MSG0000165,accessed_and_completed,1,
16,P8_nonclinical_misrouted,MSG0000240,message_exists,1,
16,P8_nonclinical_misrouted,MSG0000240,nonclinical_category,1,category=cancellation
16,P8_nonclinical_misrouted,MSG0000240,reaches_provider,1,provider_forwards=1
16,P7_pingpong,MSG0000327,message_exists,1,
16,P7_pingpong,MSG0000327,at_least_two_staff_to_provider_forwards,1,staff_to_provider=2
16,P7_pingpong,MSG0000327,at_least_two_provider_to_staff_forwards,1,provider_to_staff=2
16,P7_pingpong,MSG0000327,two_or_more_round_trips,1,roundtrips=2
16,P7_pingpong,MSG0000328,message_exists,1,
16,P7_pingpong,MSG0000328,at_least_two_staff_to_provider_forwards,1,staff_to_provider=2
16,P7_pingpong,MSG0000328,at_least_two_provider_to_staff_forwards,1,provider_to_staff=2
16,P7_pingpong,MSG0000328,two_or_more_round_trips,1,roundtrips=2
16,P2_unread_cc,MSG0000359,message_exists,1,
16,P2_unread_cc,MSG0000359,is_cc,1,
16,P2_unread_cc,MSG0000359,no_access_event,1,accesses=0
16,P2_unread_cc,MSG0000360,message_exists,1,
16,P2_unread_cc,MSG0000360,is_cc,1,
16,P2_unread_cc,MSG0000360,no_access_event,1,accesses=0
16,P2_unread_cc,MSG0000363,message_exists,1,
16,P2_unread_cc,MSG0000363,is_cc,1,
16,P2_unread_cc,MSG0000363,no_access_event,1,accesses=0
16,P7_pingpong,MSG0000404,message_exists,1,
16,P7_pingpong,MSG0000404,at_least_two_staff_to_provider_forwards,1,staff_to_provider=2
16,P7_pingpong,MSG0000404,at_least_two_provider_to_staff_forwards,1,provider_to_staff=2
16,P7_pingpong,MSG0000404,two_or_more_round_trips,1,roundtrips=2
16,P8_nonclinical_misrouted,MSG0000405,message_exists,1,
16,P8_nonclinical_misrouted,MSG0000405,nonclinical_category,1,category=appointment_request
16,P8_nonclinical_misrouted,MSG0000405,reaches_provider,1,provider_forwards=1
16,P2_unread_cc,MSG0000447,message_exists,1,
16,P2_unread_cc,MSG0000447,is_cc,1,
16,P2_unread_cc,MSG0000447,no_access_event,1,accesses=0
16,P2_unread_cc,MSG0000457,message_exists,1,
16,P2_unread_cc,MSG0000457,is_cc,1,
16,P2_unread_cc,MSG0000457,no_access_event,1,accesses=0
16,P2_unread_cc,MSG0000537,message_exists,1,
16,P2_unread_cc,MSG0000537,is_cc,1,
16,P2_unread_cc,MSG0000537,no_access_event,1,accesses=0
16,P2_unread_cc,MSG0000538,message_exists,1,
16,P2_unread_cc,MSG0000538,is_cc,1,
16,P2_unread_cc,MSG0000538,no_access_event,1,accesses=0
16,P2_unread_cc,MSG0000540,message_exists,1,
16,P2_unread_cc,MSG0000540,is_cc,1,
16,P2_unread_cc,MSG0000540,no_access_event,1,accesses=0
16,P3_extended_thread,THR0000537,thread_exists,1,
16,P3_extended_thread,THR0000537,three_or_more_patient_incoming,1,incoming=3
16,P3_extended_thread,THR0000537,four_or_more_message_exchanges,1,in+out=6
16,P3_extended_thread,THR0000537,spans_at_least_3_days,1,span_days=5.04
16,P3_extended_thread,THR0000537,no_visit_between,0,intervening_visits=1
16,P2_unread_cc,MSG0000611,message_exists,1,
16,P2_unread_cc,MSG0000611,is_cc,1,
16,P2_unread_cc,MSG0000611,no_access_event,1,accesses=0
16,P2_unread_cc,MSG0000620,message_exists,1,
16,P2_unread_cc,MSG0000620,is_cc,1,
16,P2_unread_cc,MSG0000620,no_access_event,1,accesses=0
16,P4_result_misrouted,MSG0000675,message_exists,1,
16,P4_result_misrouted,MSG0000675,is_result,1,
16,P4_result_misrouted,MSG0000675,recipient_not_ordering,1,
16,P4_result_misrouted,MSG0000675,recipient_not_covering,1,cover=None
16,P2_unread_cc,MSG0000700,message_exists,1,
16,P2_unread_cc,MSG0000700,is_cc,1,
16,P2_unread_cc,MSG0000700,no_access_event,1,accesses=0
16,P2_unread_cc,MSG0000702,message_exists,1,
16,P2_unread_cc,MSG0000702,is_cc,1,
16,P2_unread_cc,MSG0000702,no_access_event,1,accesses=0
16,P1_thank_you,MSG0000737,message_exists,1,
16,P1_thank_you,MSG0000737,patient_originated_portal_message,1,
16,P1_thank_you,MSG0000737,is_reply_to_prior_outbound,1,
16,P1_thank_you,MSG0000737,thread_ending,1,later_messages=0
16,P1_thank_you,MSG0000737,accessed_and_completed,1,
16,P1_thank_you,MSG0000740,message_exists,1,
16,P1_thank_you,MSG0000740,patient_originated_portal_message,1,
16,P1_thank_you,MSG0000740,is_reply_to_prior_outbound,1,
16,P1_thank_you,MSG0000740,thread_ending,1,later_messages=0
16,P1_thank_you,MSG0000740,accessed_and_completed,1,
16,P2_unread_cc,MSG0000780,message_exists,1,
16,P2_unread_cc,MSG0000780,is_cc,1,
16,P2_unread_cc,MSG0000780,no_access_event,1,accesses=0
16,P2_unread_cc,MSG0000781,message_exists,1,
16,P2_unread_cc,MSG0000781,is_cc,1,
16,P2_unread_cc,MSG0000781,no_access_event,1,accesses=0
16,P8_nonclinical_misrouted,MSG0000833,message_exists,1,
16,P8_nonclinical_misrouted,MSG0000833,nonclinical_category,1,category=cancellation
16,P8_nonclinical_misrouted,MSG0000833,reaches_provider,1,provider_forwards=1
16,P2_unread_cc,MSG0000861,message_exists,1,
16,P2_unread_cc,MSG0000861,is_cc,1,
16,P2_unread_cc,MSG0000861,no_access_event,1,accesses=0
16,P3_extended_thread,THR0000837,thread_exists,1,
16,P3_extended_thread,THR0000837,three_or_more_patient_incoming,1,incoming=3
16,P3_extended_thread,THR0000837,four_or_more_message_exchanges,1,in+out=6
16,P3_extended_thread,THR0000837,spans_at_least_3_days,1,span_days=7.24
16,P3_extended_thread,THR0000837,no_visit_between,1,intervening_visits=0
16,P2_unread_cc,MSG0000954,message_exists,1,
16,P2_unread_cc,MSG0000954,is_cc,1,
16,P2_unread_cc,MSG0000954,no_access_event,1,accesses=0
16,P2_unread_cc,MSG0000957,message_exists,1,
16,P2_unread_cc,MSG0000957,is_cc,1,
16,P2_unread_cc,MSG0000957,no_access_event,1,accesses=0
16,P2_unread_cc,MSG0000961,message_exists,1,
16,P2_unread_cc,MSG0000961,is_cc,1,
16,P2_unread_cc,MSG0000961,no_access_event,1,accesses=0
16,P2_unread_cc,MSG0000966,message_exists,1,
16,P2_unread_cc,MSG0000966,is_cc,1,
16,P2_unread_cc,MSG0000966,no_access_event,1,accesses=0
16,P3_extended_thread,THR0000924,thread_exists,1,
16,P3_extended_thread,THR0000924,three_or_more_patient_incoming,1,incoming=3
16,P3_extended_thread,THR0000924,four_or_more_message_exchanges,1,in+out=6
16,P3_extended_thread,THR0000924,spans_at_least_3_days,1,span_days=5.95
16,P3_extended_thread,THR0000924,no_visit_between,1,intervening_visits=0
16,P2_unread_cc,MSG0001039,message_exists,1,
16,P2_unread_cc,MSG0001039,is_cc,1,
16,P2_unread_cc,MSG0001039,no_access_event,1,accesses=0
16,P2_unread_cc,MSG0001040,message_exists,1,
16,P2_unread_cc,MSG0001040,is_cc,1,
16,P2_unread_cc,MSG0001040,no_access_event,1,accesses=0
16,P2_unread_cc,MSG0001043,message_exists,1,
16,P2_unread_cc,MSG0001043,is_cc,1,
16,P2_unread_cc,MSG0001043,no_access_event,1,accesses=0
16,P2_unread_cc,MSG0001044,message_exists,1,
16,P2_unread_cc,MSG0001044,is_cc,1,
16,P2_unread_cc,MSG0001044,no_access_event,1,accesses=0
16,P2_unread_cc,MSG0001047,message_exists,1,
16,P2_unread_cc,MSG0001047,is_cc,1,
16,P2_unread_cc,MSG0001047,no_access_event,1,accesses=0
16,P4_result_misrouted,MSG0001104,message_exists,1,
16,P4_result_misrouted,MSG0001104,is_result,1,
16,P4_result_misrouted,MSG0001104,recipient_not_ordering,1,
16,P4_result_misrouted,MSG0001104,recipient_not_covering,1,cover=None
16,P2_unread_cc,MSG0001140,message_exists,1,
16,P2_unread_cc,MSG0001140,is_cc,1,
16,P2_unread_cc,MSG0001140,no_access_event,1,accesses=0
16,P2_unread_cc,MSG0001142,message_exists,1,
16,P2_unread_cc,MSG0001142,is_cc,1,
16,P2_unread_cc,MSG0001142,no_access_event,1,accesses=0
16,P2_unread_cc,MSG0001143,message_exists,1,
16,P2_unread_cc,MSG0001143,is_cc,1,
16,P2_unread_cc,MSG0001143,no_access_event,1,accesses=0
16,P2_unread_cc,MSG0001144,message_exists,1,
16,P2_unread_cc,MSG0001144,is_cc,1,
16,P2_unread_cc,MSG0001144,no_access_event,1,accesses=0
16,P2_unread_cc,MSG0001147,message_exists,1,
16,P2_unread_cc,MSG0001147,is_cc,1,
16,P2_unread_cc,MSG0001147,no_access_event,1,accesses=0
16,P2_unread_cc,MSG0001207,message_exists,1,
16,P2_unread_cc,MSG0001207,is_cc,1,
16,P2_unread_cc,MSG0001207,no_access_event,1,accesses=0
16,P2_unread_cc,MSG0001212,message_exists,1,
16,P2_unread_cc,MSG0001212,is_cc,1,
16,P2_unread_cc,MSG0001212,no_access_event,1,accesses=0
16,P4_result_misrouted,MSG0001323,message_exists,1,
16,P4_result_misrouted,MSG0001323,is_result,1,
16,P4_result_misrouted,MSG0001323,recipient_not_ordering,1,
16,P4_result_misrouted,MSG0001323,recipient_not_covering,1,cover=None
16,P4_result_misrouted,MSG0001415,message_exists,1,
16,P4_result_misrouted,MSG0001415,is_result,1,
16,P4_result_misrouted,MSG0001415,recipient_not_ordering,1,
16,P4_result_misrouted,MSG0001415,recipient_not_covering,1,cover=None
16,P4_result_misrouted,MSG0001433,message_exists,1,
16,P4_result_misrouted,MSG0001433,is_result,1,
16,P4_result_misrouted,MSG0001433,recipient_not_ordering,1,
16,P4_result_misrouted,MSG0001433,recipient_not_covering,1,cover=None
16,P2_unread_cc,MSG0001518,message_exists,1,
16,P2_unread_cc,MSG0001518,is_cc,1,
16,P2_unread_cc,MSG0001518,no_access_event,1,accesses=0
16,P2_unread_cc,MSG0001519,message_exists,1,
16,P2_unread_cc,MSG0001519,is_cc,1,
16,P2_unread_cc,MSG0001519,no_access_event,1,accesses=0
16,P2_unread_cc,MSG0001523,message_exists,1,
16,P2_unread_cc,MSG0001523,is_cc,1,
16,P2_unread_cc,MSG0001523,no_access_event,1,accesses=0
16,P1_thank_you,MSG0001555,message_exists,1,
16,P1_thank_you,MSG0001555,patient_originated_portal_message,1,
16,P1_thank_you,MSG0001555,is_reply_to_prior_outbound,1,
16,P1_thank_you,MSG0001555,thread_ending,1,later_messages=0
16,P1_thank_you,MSG0001555,accessed_and_completed,1,
16,P2_unread_cc,MSG0001595,message_exists,1,
16,P2_unread_cc,MSG0001595,is_cc,1,
16,P2_unread_cc,MSG0001595,no_access_event,1,accesses=0
16,P2_unread_cc,MSG0001597,message_exists,1,
16,P2_unread_cc,MSG0001597,is_cc,1,
16,P2_unread_cc,MSG0001597,no_access_event,1,accesses=0
16,P2_unread_cc,MSG0001684,message_exists,1,
16,P2_unread_cc,MSG0001684,is_cc,1,
16,P2_unread_cc,MSG0001684,no_access_event,1,accesses=0
16,P2_unread_cc,MSG0001685,message_exists,1,
16,P2_unread_cc,MSG0001685,is_cc,1,
16,P2_unread_cc,MSG0001685,no_access_event,1,accesses=0
16,P2_unread_cc,MSG0001691,message_exists,1,
16,P2_unread_cc,MSG0001691,is_cc,1,
16,P2_unread_cc,MSG0001691,no_access_event,1,accesses=0
16,P7_pingpong,MSG0001723,message_exists,1,
16,P7_pingpong,MSG0001723,at_least_two_staff_to_provider_forwards,1,staff_to_provider=2
16,P7_pingpong,MSG0001723,at_least_two_provider_to_staff_forwards,1,provider_to_staff=2
16,P7_pingpong,MSG0001723,two_or_more_round_trips,1,roundtrips=2
16,P2_unread_cc,MSG0001758,message_exists,1,
16,P2_unread_cc,MSG0001758,is_cc,1,
16,P2_unread_cc,MSG0001758,no_access_event,1,accesses=0
16,P2_unread_cc,MSG0001759,message_exists,1,
16,P2_unread_cc,MSG0001759,is_cc,1,
16,P2_unread_cc,MSG0001759,no_access_event,1,accesses=0
16,P2_unread_cc,MSG0001762,message_exists,1,
16,P2_unread_cc,MSG0001762,is_cc,1,
16,P2_unread_cc,MSG0001762,no_access_event,1,accesses=0
16,P2_unread_cc,MSG0001850,message_exists,1,
16,P2_unread_cc,MSG0001850,is_cc,1,
16,P2_unread_cc,MSG0001850,no_access_event,1,accesses=0
16,P2_unread_cc,MSG0001854,message_exists,1,
16,P2_unread_cc,MSG0001854,is_cc,1,
16,P2_unread_cc,MSG0001854,no_access_event,1,accesses=0
16,P2_unread_cc,MSG0001856,message_exists,1,
16,P2_unread_cc,MSG0001856,is_cc,1,
16,P2_unread_cc,MSG0001856,no_access_event,1,accesses=0
16,P2_unread_cc,MSG0001859,message_exists,1,
16,P2_unread_cc,MSG0001859,is_cc,1,
16,P2_unread_cc,MSG0001859,no_access_event,1,accesses=0
16,P2_unread_cc,MSG0001938,message_exists,1,
16,P2_unread_cc,MSG0001938,is_cc,1,
16,P2_unread_cc,MSG0001938,no_access_event,1,accesses=0
16,P2_unread_cc,MSG0001947,message_exists,1,
16,P2_unread_cc,MSG0001947,is_cc,1,
16,P2_unread_cc,MSG0001947,no_access_event,1,accesses=0
16,P2_unread_cc,MSG0002018,message_exists,1,
16,P2_unread_cc,MSG0002018,is_cc,1,
16,P2_unread_cc,MSG0002018,no_access_event,1,accesses=0
16,P2_unread_cc,MSG0002022,message_exists,1,
16,P2_unread_cc,MSG0002022,is_cc,1,
16,P2_unread_cc,MSG0002022,no_access_event,1,accesses=0
16,P2_unread_cc,MSG0002025,message_exists,1,
16,P2_unread_cc,MSG0002025,is_cc,1,
16,P2_unread_cc,MSG0002025,no_access_event,1,accesses=0
16,P2_unread_cc,MSG0002026,message_exists,1,
16,P2_unread_cc,MSG0002026,is_cc,1,
16,P2_unread_cc,MSG0002026,no_access_event,1,accesses=0
16,P2_unread_cc,MSG0002027,message_exists,1,
16,P2_unread_cc,MSG0002027,is_cc,1,
16,P2_unread_cc,MSG0002027,no_access_event,1,accesses=0
16,P3_extended_thread,THR0001924,thread_exists,1,
16,P3_extended_thread,THR0001924,three_or_more_patient_incoming,1,incoming=3
16,P3_extended_thread,THR0001924,four_or_more_message_exchanges,1,in+out=6
16,P3_extended_thread,THR0001924,spans_at_least_3_days,1,span_days=5.97
16,P3_extended_thread,THR0001924,no_visit_between,1,intervening_visits=0
16,P3_extended_thread,THR0001925,thread_exists,1,
16,P3_extended_thread,THR0001925,three_or_more_patient_incoming,1,incoming=3
16,P3_extended_thread,THR0001925,four_or_more_message_exchanges,1,in+out=6
16,P3_extended_thread,THR0001925,spans_at_least_3_days,1,span_days=8.05
16,P3_extended_thread,THR0001925,no_visit_between,1,intervening_visits=0
16,P2_unread_cc,MSG0002122,message_exists,1,
16,P2_unread_cc,MSG0002122,is_cc,1,
16,P2_unread_cc,MSG0002122,no_access_event,1,accesses=0
16,P2_unread_cc,MSG0002179,message_exists,1,
16,P2_unread_cc,MSG0002179,is_cc,1,
16,P2_unread_cc,MSG0002179,no_access_event,1,accesses=0
16,P2_unread_cc,MSG0002182,message_exists,1,
16,P2_unread_cc,MSG0002182,is_cc,1,
16,P2_unread_cc,MSG0002182,no_access_event,1,accesses=0
16,P2_unread_cc,MSG0002183,message_exists,1,
16,P2_unread_cc,MSG0002183,is_cc,1,
16,P2_unread_cc,MSG0002183,no_access_event,1,accesses=0
16,P2_unread_cc,MSG0002184,message_exists,1,
16,P2_unread_cc,MSG0002184,is_cc,1,
16,P2_unread_cc,MSG0002184,no_access_event,1,accesses=0
16,P2_unread_cc,MSG0002188,message_exists,1,
16,P2_unread_cc,MSG0002188,is_cc,1,
16,P2_unread_cc,MSG0002188,no_access_event,1,accesses=0
16,P2_unread_cc,MSG0002190,message_exists,1,
16,P2_unread_cc,MSG0002190,is_cc,1,
16,P2_unread_cc,MSG0002190,no_access_event,1,accesses=0
16,P2_unread_cc,MSG0002254,message_exists,1,
16,P2_unread_cc,MSG0002254,is_cc,1,
16,P2_unread_cc,MSG0002254,no_access_event,1,accesses=0
16,P2_unread_cc,MSG0002258,message_exists,1,
16,P2_unread_cc,MSG0002258,is_cc,1,
16,P2_unread_cc,MSG0002258,no_access_event,1,accesses=0
16,P2_unread_cc,MSG0002260,message_exists,1,
16,P2_unread_cc,MSG0002260,is_cc,1,
16,P2_unread_cc,MSG0002260,no_access_event,1,accesses=0
16,P2_unread_cc,MSG0002319,message_exists,1,
16,P2_unread_cc,MSG0002319,is_cc,1,
16,P2_unread_cc,MSG0002319,no_access_event,1,accesses=0
16,P2_unread_cc,MSG0002321,message_exists,1,
16,P2_unread_cc,MSG0002321,is_cc,1,
16,P2_unread_cc,MSG0002321,no_access_event,1,accesses=0
16,P2_unread_cc,MSG0002323,message_exists,1,
16,P2_unread_cc,MSG0002323,is_cc,1,
16,P2_unread_cc,MSG0002323,no_access_event,1,accesses=0
16,P2_unread_cc,MSG0002328,message_exists,1,
16,P2_unread_cc,MSG0002328,is_cc,1,
16,P2_unread_cc,MSG0002328,no_access_event,1,accesses=0
16,P2_unread_cc,MSG0002332,message_exists,1,
16,P2_unread_cc,MSG0002332,is_cc,1,
16,P2_unread_cc,MSG0002332,no_access_event,1,accesses=0
16,P1_thank_you,MSG0002378,message_exists,1,
16,P1_thank_you,MSG0002378,patient_originated_portal_message,1,
16,P1_thank_you,MSG0002378,is_reply_to_prior_outbound,1,
16,P1_thank_you,MSG0002378,thread_ending,1,later_messages=0
16,P1_thank_you,MSG0002378,accessed_and_completed,1,
16,P2_unread_cc,MSG0002413,message_exists,1,
16,P2_unread_cc,MSG0002413,is_cc,1,
16,P2_unread_cc,MSG0002413,no_access_event,1,accesses=0
16,P2_unread_cc,MSG0002416,message_exists,1,
16,P2_unread_cc,MSG0002416,is_cc,1,
16,P2_unread_cc,MSG0002416,no_access_event,1,accesses=0
16,P7_pingpong,MSG0002444,message_exists,1,
16,P7_pingpong,MSG0002444,at_least_two_staff_to_provider_forwards,1,staff_to_provider=2
16,P7_pingpong,MSG0002444,at_least_two_provider_to_staff_forwards,1,provider_to_staff=2
16,P7_pingpong,MSG0002444,two_or_more_round_trips,1,roundtrips=2
16,P1_thank_you,MSG0002446,message_exists,1,
16,P1_thank_you,MSG0002446,patient_originated_portal_message,1,
16,P1_thank_you,MSG0002446,is_reply_to_prior_outbound,1,
16,P1_thank_you,MSG0002446,thread_ending,1,later_messages=0
16,P1_thank_you,MSG0002446,accessed_and_completed,1,
16,P4_result_misrouted,MSG0002454,message_exists,1,
16,P4_result_misrouted,MSG0002454,is_result,1,
16,P4_result_misrouted,MSG0002454,recipient_not_ordering,1,
16,P4_result_misrouted,MSG0002454,recipient_not_covering,1,cover=None
16,P4_result_misrouted,MSG0002457,message_exists,1,
16,P4_result_misrouted,MSG0002457,is_result,1,
16,P4_result_misrouted,MSG0002457,recipient_not_ordering,1,
16,P4_result_misrouted,MSG0002457,recipient_not_covering,1,cover=None
16,P2_unread_cc,MSG0002484,message_exists,1,
16,P2_unread_cc,MSG0002484,is_cc,1,
16,P2_unread_cc,MSG0002484,no_access_event,1,accesses=0
16,P3_extended_thread,THR0002347,thread_exists,1,
16,P3_extended_thread,THR0002347,three_or_more_patient_incoming,1,incoming=3
16,P3_extended_thread,THR0002347,four_or_more_message_exchanges,1,in+out=6
16,P3_extended_thread,THR0002347,spans_at_least_3_days,1,span_days=9.06
16,P3_extended_thread,THR0002347,no_visit_between,1,intervening_visits=0
16,P8_nonclinical_misrouted,MSG0002607,message_exists,1,
16,P8_nonclinical_misrouted,MSG0002607,nonclinical_category,1,category=billing_question
16,P8_nonclinical_misrouted,MSG0002607,reaches_provider,1,provider_forwards=1
16,P2_unread_cc,MSG0002634,message_exists,1,
16,P2_unread_cc,MSG0002634,is_cc,1,
16,P2_unread_cc,MSG0002634,no_access_event,1,accesses=0
16,P2_unread_cc,MSG0002642,message_exists,1,
16,P2_unread_cc,MSG0002642,is_cc,1,
16,P2_unread_cc,MSG0002642,no_access_event,1,accesses=0
16,P2_unread_cc,MSG0002717,message_exists,1,
16,P2_unread_cc,MSG0002717,is_cc,1,
16,P2_unread_cc,MSG0002717,no_access_event,1,accesses=0
16,P2_unread_cc,MSG0002800,message_exists,1,
16,P2_unread_cc,MSG0002800,is_cc,1,
16,P2_unread_cc,MSG0002800,no_access_event,1,accesses=0
16,P2_unread_cc,MSG0002804,message_exists,1,
16,P2_unread_cc,MSG0002804,is_cc,1,
16,P2_unread_cc,MSG0002804,no_access_event,1,accesses=0
16,P2_unread_cc,MSG0002808,message_exists,1,
16,P2_unread_cc,MSG0002808,is_cc,1,
16,P2_unread_cc,MSG0002808,no_access_event,1,accesses=0
16,P1_thank_you,MSG0002846,message_exists,1,
16,P1_thank_you,MSG0002846,patient_originated_portal_message,1,
16,P1_thank_you,MSG0002846,is_reply_to_prior_outbound,1,
16,P1_thank_you,MSG0002846,thread_ending,1,later_messages=0
16,P1_thank_you,MSG0002846,accessed_and_completed,1,
16,P2_unread_cc,MSG0002876,message_exists,1,
16,P2_unread_cc,MSG0002876,is_cc,1,
16,P2_unread_cc,MSG0002876,no_access_event,1,accesses=0
16,P2_unread_cc,MSG0002877,message_exists,1,
16,P2_unread_cc,MSG0002877,is_cc,1,
16,P2_unread_cc,MSG0002877,no_access_event,1,accesses=0
16,P2_unread_cc,MSG0002878,message_exists,1,
16,P2_unread_cc,MSG0002878,is_cc,1,
16,P2_unread_cc,MSG0002878,no_access_event,1,accesses=0
16,P2_unread_cc,MSG0002882,message_exists,1,
16,P2_unread_cc,MSG0002882,is_cc,1,
16,P2_unread_cc,MSG0002882,no_access_event,1,accesses=0
16,P2_unread_cc,MSG0002887,message_exists,1,
16,P2_unread_cc,MSG0002887,is_cc,1,
16,P2_unread_cc,MSG0002887,no_access_event,1,accesses=0
16,P2_unread_cc,MSG0002889,message_exists,1,
16,P2_unread_cc,MSG0002889,is_cc,1,
16,P2_unread_cc,MSG0002889,no_access_event,1,accesses=0
16,P1_thank_you,MSG0002925,message_exists,1,
16,P1_thank_you,MSG0002925,patient_originated_portal_message,1,
16,P1_thank_you,MSG0002925,is_reply_to_prior_outbound,1,
16,P1_thank_you,MSG0002925,thread_ending,1,later_messages=0
16,P1_thank_you,MSG0002925,accessed_and_completed,1,
16,P2_unread_cc,MSG0002972,message_exists,1,
16,P2_unread_cc,MSG0002972,is_cc,1,
16,P2_unread_cc,MSG0002972,no_access_event,1,accesses=0
16,P2_unread_cc,MSG0002976,message_exists,1,
16,P2_unread_cc,MSG0002976,is_cc,1,
16,P2_unread_cc,MSG0002976,no_access_event,1,accesses=0
16,P2_unread_cc,MSG0002980,message_exists,1,
16,P2_unread_cc,MSG0002980,is_cc,1,
16,P2_unread_cc,MSG0002980,no_access_event,1,accesses=0
16,P2_unread_cc,MSG0002981,message_exists,1,
16,P2_unread_cc,MSG0002981,is_cc,1,
16,P2_unread_cc,MSG0002981,no_access_event,1,accesses=0
16,P1_thank_you,MSG0003003,message_exists,1,
16,P1_thank_you,MSG0003003,patient_originated_portal_message,1,
16,P1_thank_you,MSG0003003,is_reply_to_prior_outbound,1,
16,P1_thank_you,MSG0003003,thread_ending,1,later_messages=0
16,P1_thank_you,MSG0003003,accessed_and_completed,1,
16,P2_unread_cc,MSG0003061,message_exists,1,
16,P2_unread_cc,MSG0003061,is_cc,1,
16,P2_unread_cc,MSG0003061,no_access_event,1,accesses=0
16,P2_unread_cc,MSG0003062,message_exists,1,
16,P2_unread_cc,MSG0003062,is_cc,1,
16,P2_unread_cc,MSG0003062,no_access_event,1,accesses=0
16,P2_unread_cc,MSG0003064,message_exists,1,
16,P2_unread_cc,MSG0003064,is_cc,1,
16,P2_unread_cc,MSG0003064,no_access_event,1,accesses=0
16,P2_unread_cc,MSG0003145,message_exists,1,
16,P2_unread_cc,MSG0003145,is_cc,1,
16,P2_unread_cc,MSG0003145,no_access_event,1,accesses=0
16,P2_unread_cc,MSG0003146,message_exists,1,
16,P2_unread_cc,MSG0003146,is_cc,1,
16,P2_unread_cc,MSG0003146,no_access_event,1,accesses=0
16,P2_unread_cc,MSG0003149,message_exists,1,
16,P2_unread_cc,MSG0003149,is_cc,1,
16,P2_unread_cc,MSG0003149,no_access_event,1,accesses=0
16,P2_unread_cc,MSG0003153,message_exists,1,
16,P2_unread_cc,MSG0003153,is_cc,1,
16,P2_unread_cc,MSG0003153,no_access_event,1,accesses=0
16,P2_unread_cc,MSG0003155,message_exists,1,
16,P2_unread_cc,MSG0003155,is_cc,1,
16,P2_unread_cc,MSG0003155,no_access_event,1,accesses=0
16,P2_unread_cc,MSG0003226,message_exists,1,
16,P2_unread_cc,MSG0003226,is_cc,1,
16,P2_unread_cc,MSG0003226,no_access_event,1,accesses=0
16,P2_unread_cc,MSG0003228,message_exists,1,
16,P2_unread_cc,MSG0003228,is_cc,1,
16,P2_unread_cc,MSG0003228,no_access_event,1,accesses=0
16,P2_unread_cc,MSG0003231,message_exists,1,
16,P2_unread_cc,MSG0003231,is_cc,1,
16,P2_unread_cc,MSG0003231,no_access_event,1,accesses=0
16,P4_result_misrouted,MSG0003288,message_exists,1,
16,P4_result_misrouted,MSG0003288,is_result,1,
16,P4_result_misrouted,MSG0003288,recipient_not_ordering,1,
16,P4_result_misrouted,MSG0003288,recipient_not_covering,1,cover=None
16,P4_result_misrouted,MSG0003289,message_exists,1,
16,P4_result_misrouted,MSG0003289,is_result,1,
16,P4_result_misrouted,MSG0003289,recipient_not_ordering,1,
16,P4_result_misrouted,MSG0003289,recipient_not_covering,1,cover=None
16,P2_unread_cc,MSG0003314,message_exists,1,
16,P2_unread_cc,MSG0003314,is_cc,1,
16,P2_unread_cc,MSG0003314,no_access_event,1,accesses=0
16,P2_unread_cc,MSG0003316,message_exists,1,
16,P2_unread_cc,MSG0003316,is_cc,1,
16,P2_unread_cc,MSG0003316,no_access_event,1,accesses=0
16,P2_unread_cc,MSG0003318,message_exists,1,
16,P2_unread_cc,MSG0003318,is_cc,1,
16,P2_unread_cc,MSG0003318,no_access_event,1,accesses=0
16,P2_unread_cc,MSG0003319,message_exists,1,
16,P2_unread_cc,MSG0003319,is_cc,1,
16,P2_unread_cc,MSG0003319,no_access_event,1,accesses=0
16,P2_unread_cc,MSG0003322,message_exists,1,
16,P2_unread_cc,MSG0003322,is_cc,1,
16,P2_unread_cc,MSG0003322,no_access_event,1,accesses=0
16,P2_unread_cc,MSG0003323,message_exists,1,
16,P2_unread_cc,MSG0003323,is_cc,1,
16,P2_unread_cc,MSG0003323,no_access_event,1,accesses=0
16,P2_unread_cc,MSG0003387,message_exists,1,
16,P2_unread_cc,MSG0003387,is_cc,1,
16,P2_unread_cc,MSG0003387,no_access_event,1,accesses=0
16,P1_thank_you,MSG0003422,message_exists,1,
16,P1_thank_you,MSG0003422,patient_originated_portal_message,1,
16,P1_thank_you,MSG0003422,is_reply_to_prior_outbound,1,
16,P1_thank_you,MSG0003422,thread_ending,1,later_messages=0
16,P1_thank_you,MSG0003422,accessed_and_completed,1,
16,P7_pingpong,MSG0003432,message_exists,1,
16,P7_pingpong,MSG0003432,at_least_two_staff_to_provider_forwards,1,staff_to_provider=2
16,P7_pingpong,MSG0003432,at_least_two_provider_to_staff_forwards,1,provider_to_staff=2
16,P7_pingpong,MSG0003432,two_or_more_round_trips,1,roundtrips=2
16,P2_unread_cc,MSG0003468,message_exists,1,
16,P2_unread_cc,MSG0003468,is_cc,1,
16,P2_unread_cc,MSG0003468,no_access_event,1,accesses=0
16,P2_unread_cc,MSG0003469,message_exists,1,
16,P2_unread_cc,MSG0003469,is_cc,1,
16,P2_unread_cc,MSG0003469,no_access_event,1,accesses=0
16,P2_unread_cc,MSG0003545,message_exists,1,
16,P2_unread_cc,MSG0003545,is_cc,1,
16,P2_unread_cc,MSG0003545,no_access_event,1,accesses=0
16,P1_thank_you,MSG0003587,message_exists,1,
16,P1_thank_you,MSG0003587,patient_originated_portal_message,1,
16,P1_thank_you,MSG0003587,is_reply_to_prior_outbound,1,
16,P1_thank_you,MSG0003587,thread_ending,1,later_messages=0
16,P1_thank_you,MSG0003587,accessed_and_completed,1,
16,P4_result_misrouted,MSG0003598,message_exists,1,
16,P4_result_misrouted,MSG0003598,is_result,1,
16,P4_result_misrouted,MSG0003598,recipient_not_ordering,1,
16,P4_result_misrouted,MSG0003598,recipient_not_covering,1,cover=None
16,P2_unread_cc,MSG0003616,message_exists,1,
16,P2_unread_cc,MSG0003616,is_cc,1,
16,P2_unread_cc,MSG0003616,no_access_event,1,accesses=0
16,P7_pingpong,MSG0003663,message_exists,1,
16,P7_pingpong,MSG0003663,at_least_two_staff_to_provider_forwards,1,staff_to_provider=2
16,P7_pingpong,MSG0003663,at_least_two_provider_to_staff_forwards,1,provider_to_staff=2
16,P7_pingpong,MSG0003663,two_or_more_round_trips,1,roundtrips=2
16,P2_unread_cc,MSG0003696,message_exists,1,
16,P2_unread_cc,MSG0003696,is_cc,1,
16,P2_unread_cc,MSG0003696,no_access_event,1,accesses=0
16,P2_unread_cc,MSG0003698,message_exists,1,
16,P2_unread_cc,MSG0003698,is_cc,1,
16,P2_unread_cc,MSG0003698,no_access_event,1,accesses=0
16,P2_unread_cc,MSG0003699,message_exists,1,
16,P2_unread_cc,MSG0003699,is_cc,1,
16,P2_unread_cc,MSG0003699,no_access_event,1,accesses=0
16,P2_unread_cc,MSG0003706,message_exists,1,
16,P2_unread_cc,MSG0003706,is_cc,1,
16,P2_unread_cc,MSG0003706,no_access_event,1,accesses=0
16,P7_pingpong,MSG0003737,message_exists,1,
16,P7_pingpong,MSG0003737,at_least_two_staff_to_provider_forwards,1,staff_to_provider=2
16,P7_pingpong,MSG0003737,at_least_two_provider_to_staff_forwards,1,provider_to_staff=2
16,P7_pingpong,MSG0003737,two_or_more_round_trips,1,roundtrips=2
16,P4_result_misrouted,MSG0003756,message_exists,1,
16,P4_result_misrouted,MSG0003756,is_result,1,
16,P4_result_misrouted,MSG0003756,recipient_not_ordering,1,
16,P4_result_misrouted,MSG0003756,recipient_not_covering,1,cover=None
16,P2_unread_cc,MSG0003771,message_exists,1,
16,P2_unread_cc,MSG0003771,is_cc,1,
16,P2_unread_cc,MSG0003771,no_access_event,1,accesses=0
16,P2_unread_cc,MSG0003772,message_exists,1,
16,P2_unread_cc,MSG0003772,is_cc,1,
16,P2_unread_cc,MSG0003772,no_access_event,1,accesses=0
16,P2_unread_cc,MSG0003778,message_exists,1,
16,P2_unread_cc,MSG0003778,is_cc,1,
16,P2_unread_cc,MSG0003778,no_access_event,1,accesses=0
16,P2_unread_cc,MSG0003779,message_exists,1,
16,P2_unread_cc,MSG0003779,is_cc,1,
16,P2_unread_cc,MSG0003779,no_access_event,1,accesses=0
16,P2_unread_cc,MSG0003780,message_exists,1,
16,P2_unread_cc,MSG0003780,is_cc,1,
16,P2_unread_cc,MSG0003780,no_access_event,1,accesses=0
16,P8_nonclinical_misrouted,MSG0003908,message_exists,1,
16,P8_nonclinical_misrouted,MSG0003908,nonclinical_category,1,category=appointment_request
16,P8_nonclinical_misrouted,MSG0003908,reaches_provider,1,provider_forwards=1
16,P2_unread_cc,MSG0003932,message_exists,1,
16,P2_unread_cc,MSG0003932,is_cc,1,
16,P2_unread_cc,MSG0003932,no_access_event,1,accesses=0
16,P2_unread_cc,MSG0003934,message_exists,1,
16,P2_unread_cc,MSG0003934,is_cc,1,
16,P2_unread_cc,MSG0003934,no_access_event,1,accesses=0
16,P4_result_misrouted,MSG0003986,message_exists,1,
16,P4_result_misrouted,MSG0003986,is_result,1,
16,P4_result_misrouted,MSG0003986,recipient_not_ordering,1,
16,P4_result_misrouted,MSG0003986,recipient_not_covering,1,cover=None
16,P4_result_misrouted,MSG0003995,message_exists,1,
16,P4_result_misrouted,MSG0003995,is_result,1,
16,P4_result_misrouted,MSG0003995,recipient_not_ordering,1,
16,P4_result_misrouted,MSG0003995,recipient_not_covering,1,cover=None
16,P4_result_misrouted,MSG0003998,message_exists,1,
16,P4_result_misrouted,MSG0003998,is_result,1,
16,P4_result_misrouted,MSG0003998,recipient_not_ordering,1,
16,P4_result_misrouted,MSG0003998,recipient_not_covering,1,cover=None
16,P2_unread_cc,MSG0004015,message_exists,1,
16,P2_unread_cc,MSG0004015,is_cc,1,
16,P2_unread_cc,MSG0004015,no_access_event,1,accesses=0
16,P2_unread_cc,MSG0004017,message_exists,1,
16,P2_unread_cc,MSG0004017,is_cc,1,
16,P2_unread_cc,MSG0004017,no_access_event,1,accesses=0
16,P2_unread_cc,MSG0004024,message_exists,1,
16,P2_unread_cc,MSG0004024,is_cc,1,
16,P2_unread_cc,MSG0004024,no_access_event,1,accesses=0
16,P2_unread_cc,MSG0004085,message_exists,1,
16,P2_unread_cc,MSG0004085,is_cc,1,
16,P2_unread_cc,MSG0004085,no_access_event,1,accesses=0
16,P2_unread_cc,MSG0004086,message_exists,1,
16,P2_unread_cc,MSG0004086,is_cc,1,
16,P2_unread_cc,MSG0004086,no_access_event,1,accesses=0
16,P2_unread_cc,MSG0004088,message_exists,1,
16,P2_unread_cc,MSG0004088,is_cc,1,
16,P2_unread_cc,MSG0004088,no_access_event,1,accesses=0
16,P2_unread_cc,MSG0004089,message_exists,1,
16,P2_unread_cc,MSG0004089,is_cc,1,
16,P2_unread_cc,MSG0004089,no_access_event,1,accesses=0
16,P2_unread_cc,MSG0004095,message_exists,1,
16,P2_unread_cc,MSG0004095,is_cc,1,
16,P2_unread_cc,MSG0004095,no_access_event,1,accesses=0
16,P2_unread_cc,MSG0004173,message_exists,1,
16,P2_unread_cc,MSG0004173,is_cc,1,
16,P2_unread_cc,MSG0004173,no_access_event,1,accesses=0
16,P2_unread_cc,MSG0004179,message_exists,1,
16,P2_unread_cc,MSG0004179,is_cc,1,
16,P2_unread_cc,MSG0004179,no_access_event,1,accesses=0
16,P2_unread_cc,MSG0004186,message_exists,1,
16,P2_unread_cc,MSG0004186,is_cc,1,
16,P2_unread_cc,MSG0004186,no_access_event,1,accesses=0
16,P1_thank_you,MSG0004213,message_exists,1,
16,P1_thank_you,MSG0004213,patient_originated_portal_message,1,
16,P1_thank_you,MSG0004213,is_reply_to_prior_outbound,1,
16,P1_thank_you,MSG0004213,thread_ending,1,later_messages=0
16,P1_thank_you,MSG0004213,accessed_and_completed,1,
16,P2_unread_cc,MSG0004253,message_exists,1,
16,P2_unread_cc,MSG0004253,is_cc,1,
16,P2_unread_cc,MSG0004253,no_access_event,1,accesses=0
16,P2_unread_cc,MSG0004256,message_exists,1,
16,P2_unread_cc,MSG0004256,is_cc,1,
16,P2_unread_cc,MSG0004256,no_access_event,1,accesses=0
16,P2_unread_cc,MSG0004263,message_exists,1,
16,P2_unread_cc,MSG0004263,is_cc,1,
16,P2_unread_cc,MSG0004263,no_access_event,1,accesses=0
16,P2_unread_cc,MSG0004264,message_exists,1,
16,P2_unread_cc,MSG0004264,is_cc,1,
16,P2_unread_cc,MSG0004264,no_access_event,1,accesses=0
16,P8_nonclinical_misrouted,MSG0004300,message_exists,1,
16,P8_nonclinical_misrouted,MSG0004300,nonclinical_category,1,category=billing_question
16,P8_nonclinical_misrouted,MSG0004300,reaches_provider,1,provider_forwards=1
16,P4_result_misrouted,MSG0004313,message_exists,1,
16,P4_result_misrouted,MSG0004313,is_result,1,
16,P4_result_misrouted,MSG0004313,recipient_not_ordering,1,
16,P4_result_misrouted,MSG0004313,recipient_not_covering,1,cover=None
16,P2_unread_cc,MSG0004340,message_exists,1,
16,P2_unread_cc,MSG0004340,is_cc,1,
16,P2_unread_cc,MSG0004340,no_access_event,1,accesses=0
16,P2_unread_cc,MSG0004341,message_exists,1,
16,P2_unread_cc,MSG0004341,is_cc,1,
16,P2_unread_cc,MSG0004341,no_access_event,1,accesses=0
16,P2_unread_cc,MSG0004343,message_exists,1,
16,P2_unread_cc,MSG0004343,is_cc,1,
16,P2_unread_cc,MSG0004343,no_access_event,1,accesses=0
16,P4_result_misrouted,MSG0004382,message_exists,1,
16,P4_result_misrouted,MSG0004382,is_result,1,
16,P4_result_misrouted,MSG0004382,recipient_not_ordering,1,
16,P4_result_misrouted,MSG0004382,recipient_not_covering,1,cover=None
16,P2_unread_cc,MSG0004423,message_exists,1,
16,P2_unread_cc,MSG0004423,is_cc,1,
16,P2_unread_cc,MSG0004423,no_access_event,1,accesses=0
16,P2_unread_cc,MSG0004426,message_exists,1,
16,P2_unread_cc,MSG0004426,is_cc,1,
16,P2_unread_cc,MSG0004426,no_access_event,1,accesses=0
16,P2_unread_cc,MSG0004428,message_exists,1,
16,P2_unread_cc,MSG0004428,is_cc,1,
16,P2_unread_cc,MSG0004428,no_access_event,1,accesses=0
16,P2_unread_cc,MSG0004436,message_exists,1,
16,P2_unread_cc,MSG0004436,is_cc,1,
16,P2_unread_cc,MSG0004436,no_access_event,1,accesses=0
16,P2_unread_cc,MSG0004501,message_exists,1,
16,P2_unread_cc,MSG0004501,is_cc,1,
16,P2_unread_cc,MSG0004501,no_access_event,1,accesses=0
16,P2_unread_cc,MSG0004502,message_exists,1,
16,P2_unread_cc,MSG0004502,is_cc,1,
16,P2_unread_cc,MSG0004502,no_access_event,1,accesses=0
16,P2_unread_cc,MSG0004504,message_exists,1,
16,P2_unread_cc,MSG0004504,is_cc,1,
16,P2_unread_cc,MSG0004504,no_access_event,1,accesses=0
16,P2_unread_cc,MSG0004506,message_exists,1,
16,P2_unread_cc,MSG0004506,is_cc,1,
16,P2_unread_cc,MSG0004506,no_access_event,1,accesses=0
16,P2_unread_cc,MSG0004635,message_exists,1,
16,P2_unread_cc,MSG0004635,is_cc,1,
16,P2_unread_cc,MSG0004635,no_access_event,1,accesses=0
16,P2_unread_cc,MSG0004641,message_exists,1,
16,P2_unread_cc,MSG0004641,is_cc,1,
16,P2_unread_cc,MSG0004641,no_access_event,1,accesses=0
16,P2_unread_cc,MSG0004709,message_exists,1,
16,P2_unread_cc,MSG0004709,is_cc,1,
16,P2_unread_cc,MSG0004709,no_access_event,1,accesses=0
16,P2_unread_cc,MSG0004712,message_exists,1,
16,P2_unread_cc,MSG0004712,is_cc,1,
16,P2_unread_cc,MSG0004712,no_access_event,1,accesses=0
16,P2_unread_cc,MSG0004713,message_exists,1,
16,P2_unread_cc,MSG0004713,is_cc,1,
16,P2_unread_cc,MSG0004713,no_access_event,1,accesses=0
16,P2_unread_cc,MSG0004714,message_exists,1,
16,P2_unread_cc,MSG0004714,is_cc,1,
16,P2_unread_cc,MSG0004714,no_access_event,1,accesses=0
16,P1_thank_you,MSG0004754,message_exists,1,
16,P1_thank_you,MSG0004754,patient_originated_portal_message,1,
16,P1_thank_you,MSG0004754,is_reply_to_prior_outbound,1,
16,P1_thank_you,MSG0004754,thread_ending,1,later_messages=0
16,P1_thank_you,MSG0004754,accessed_and_completed,1,
16,P8_nonclinical_misrouted,MSG0004763,message_exists,1,
16,P8_nonclinical_misrouted,MSG0004763,nonclinical_category,1,category=appointment_request
16,P8_nonclinical_misrouted,MSG0004763,reaches_provider,1,provider_forwards=1
16,P4_result_misrouted,MSG0004772,message_exists,1,
16,P4_result_misrouted,MSG0004772,is_result,1,
16,P4_result_misrouted,MSG0004772,recipient_not_ordering,1,
16,P4_result_misrouted,MSG0004772,recipient_not_covering,1,cover=None
16,P4_result_misrouted,MSG0004784,message_exists,1,
16,P4_result_misrouted,MSG0004784,is_result,1,
16,P4_result_misrouted,MSG0004784,recipient_not_ordering,1,
16,P4_result_misrouted,MSG0004784,recipient_not_covering,1,cover=None
16,P4_result_misrouted,MSG0004785,message_exists,1,
16,P4_result_misrouted,MSG0004785,is_result,1,
16,P4_result_misrouted,MSG0004785,recipient_not_ordering,1,
16,P4_result_misrouted,MSG0004785,recipient_not_covering,1,cover=None
16,P2_unread_cc,MSG0004799,message_exists,1,
16,P2_unread_cc,MSG0004799,is_cc,1,
16,P2_unread_cc,MSG0004799,no_access_event,1,accesses=0
16,P2_unread_cc,MSG0004800,message_exists,1,
16,P2_unread_cc,MSG0004800,is_cc,1,
16,P2_unread_cc,MSG0004800,no_access_event,1,accesses=0
16,P2_unread_cc,MSG0004803,message_exists,1,
16,P2_unread_cc,MSG0004803,is_cc,1,
16,P2_unread_cc,MSG0004803,no_access_event,1,accesses=0
16,P3_extended_thread,THR0004540,thread_exists,1,
16,P3_extended_thread,THR0004540,three_or_more_patient_incoming,1,incoming=3
16,P3_extended_thread,THR0004540,four_or_more_message_exchanges,1,in+out=6
16,P3_extended_thread,THR0004540,spans_at_least_3_days,1,span_days=6.27
16,P3_extended_thread,THR0004540,no_visit_between,1,intervening_visits=0
16,P3_extended_thread,THR0004541,thread_exists,1,
16,P3_extended_thread,THR0004541,three_or_more_patient_incoming,1,incoming=3
16,P3_extended_thread,THR0004541,four_or_more_message_exchanges,1,in+out=6
16,P3_extended_thread,THR0004541,spans_at_least_3_days,1,span_days=5.91
16,P3_extended_thread,THR0004541,no_visit_between,1,intervening_visits=0
16,P2_unread_cc,MSG0004887,message_exists,1,
16,P2_unread_cc,MSG0004887,is_cc,1,
16,P2_unread_cc,MSG0004887,no_access_event,1,accesses=0
16,P2_unread_cc,MSG0004888,message_exists,1,
16,P2_unread_cc,MSG0004888,is_cc,1,
16,P2_unread_cc,MSG0004888,no_access_event,1,accesses=0
16,P2_unread_cc,MSG0004889,message_exists,1,
16,P2_unread_cc,MSG0004889,is_cc,1,
16,P2_unread_cc,MSG0004889,no_access_event,1,accesses=0
16,P2_unread_cc,MSG0004890,message_exists,1,
16,P2_unread_cc,MSG0004890,is_cc,1,
16,P2_unread_cc,MSG0004890,no_access_event,1,accesses=0
16,P2_unread_cc,MSG0004893,message_exists,1,
16,P2_unread_cc,MSG0004893,is_cc,1,
16,P2_unread_cc,MSG0004893,no_access_event,1,accesses=0
16,P3_extended_thread,THR0004610,thread_exists,1,
16,P3_extended_thread,THR0004610,three_or_more_patient_incoming,1,incoming=3
16,P3_extended_thread,THR0004610,four_or_more_message_exchanges,1,in+out=6
16,P3_extended_thread,THR0004610,spans_at_least_3_days,1,span_days=9.77
16,P3_extended_thread,THR0004610,no_visit_between,1,intervening_visits=0
16,P4_result_misrouted,MSG0004945,message_exists,1,
16,P4_result_misrouted,MSG0004945,is_result,1,
16,P4_result_misrouted,MSG0004945,recipient_not_ordering,1,
16,P4_result_misrouted,MSG0004945,recipient_not_covering,1,cover=None
16,P2_unread_cc,MSG0004959,message_exists,1,
16,P2_unread_cc,MSG0004959,is_cc,1,
16,P2_unread_cc,MSG0004959,no_access_event,1,accesses=0
16,P2_unread_cc,MSG0004966,message_exists,1,
16,P2_unread_cc,MSG0004966,is_cc,1,
16,P2_unread_cc,MSG0004966,no_access_event,1,accesses=0
16,P3_extended_thread,THR0004690,thread_exists,1,
16,P3_extended_thread,THR0004690,three_or_more_patient_incoming,1,incoming=3
16,P3_extended_thread,THR0004690,four_or_more_message_exchanges,1,in+out=6
16,P3_extended_thread,THR0004690,spans_at_least_3_days,1,span_days=7.81
16,P3_extended_thread,THR0004690,no_visit_between,1,intervening_visits=0
16,P2_unread_cc,MSG0005043,message_exists,1,
16,P2_unread_cc,MSG0005043,is_cc,1,
16,P2_unread_cc,MSG0005043,no_access_event,1,accesses=0
16,P2_unread_cc,MSG0005052,message_exists,1,
16,P2_unread_cc,MSG0005052,is_cc,1,
16,P2_unread_cc,MSG0005052,no_access_event,1,accesses=0
16,P1_thank_you,MSG0005094,message_exists,1,
16,P1_thank_you,MSG0005094,patient_originated_portal_message,1,
16,P1_thank_you,MSG0005094,is_reply_to_prior_outbound,1,
16,P1_thank_you,MSG0005094,thread_ending,1,later_messages=0
16,P1_thank_you,MSG0005094,accessed_and_completed,1,
16,P1_thank_you,MSG0005130,message_exists,1,
16,P1_thank_you,MSG0005130,patient_originated_portal_message,1,
16,P1_thank_you,MSG0005130,is_reply_to_prior_outbound,1,
16,P1_thank_you,MSG0005130,thread_ending,1,later_messages=0
16,P1_thank_you,MSG0005130,accessed_and_completed,1,
16,P7_pingpong,MSG0005178,message_exists,1,
16,P7_pingpong,MSG0005178,at_least_two_staff_to_provider_forwards,1,staff_to_provider=2
16,P7_pingpong,MSG0005178,at_least_two_provider_to_staff_forwards,1,provider_to_staff=2
16,P7_pingpong,MSG0005178,two_or_more_round_trips,1,roundtrips=2
16,P4_result_misrouted,MSG0005180,message_exists,1,
16,P4_result_misrouted,MSG0005180,is_result,1,
16,P4_result_misrouted,MSG0005180,recipient_not_ordering,1,
16,P4_result_misrouted,MSG0005180,recipient_not_covering,1,cover=None
17,P7_pingpong,MSG0000015,message_exists,1,
17,P7_pingpong,MSG0000015,at_least_two_staff_to_provider_forwards,1,staff_to_provider=2
17,P7_pingpong,MSG0000015,at_least_two_provider_to_staff_forwards,1,provider_to_staff=2
17,P7_pingpong,MSG0000015,two_or_more_round_trips,1,roundtrips=2
17,P2_unread_cc,MSG0000047,message_exists,1,
17,P2_unread_cc,MSG0000047,is_cc,1,
17,P2_unread_cc,MSG0000047,no_access_event,1,accesses=0
17,P2_unread_cc,MSG0000055,message_exists,1,
17,P2_unread_cc,MSG0000055,is_cc,1,
17,P2_unread_cc,MSG0000055,no_access_event,1,accesses=0
17,P2_unread_cc,MSG0000056,message_exists,1,
17,P2_unread_cc,MSG0000056,is_cc,1,
17,P2_unread_cc,MSG0000056,no_access_event,1,accesses=0
17,P2_unread_cc,MSG0000059,message_exists,1,
17,P2_unread_cc,MSG0000059,is_cc,1,
17,P2_unread_cc,MSG0000059,no_access_event,1,accesses=0
17,P3_extended_thread,THR0000083,thread_exists,1,
17,P3_extended_thread,THR0000083,three_or_more_patient_incoming,1,incoming=3
17,P3_extended_thread,THR0000083,four_or_more_message_exchanges,1,in+out=6
17,P3_extended_thread,THR0000083,spans_at_least_3_days,1,span_days=7.53
17,P3_extended_thread,THR0000083,no_visit_between,1,intervening_visits=0
17,P8_nonclinical_misrouted,MSG0000098,message_exists,1,
17,P8_nonclinical_misrouted,MSG0000098,nonclinical_category,1,category=billing_question
17,P8_nonclinical_misrouted,MSG0000098,reaches_provider,1,provider_forwards=1
17,P7_pingpong,MSG0000182,message_exists,1,
17,P7_pingpong,MSG0000182,at_least_two_staff_to_provider_forwards,1,staff_to_provider=2
17,P7_pingpong,MSG0000182,at_least_two_provider_to_staff_forwards,1,provider_to_staff=2
17,P7_pingpong,MSG0000182,two_or_more_round_trips,1,roundtrips=2
17,P2_unread_cc,MSG0000227,message_exists,1,
17,P2_unread_cc,MSG0000227,is_cc,1,
17,P2_unread_cc,MSG0000227,no_access_event,1,accesses=0
17,P2_unread_cc,MSG0000233,message_exists,1,
17,P2_unread_cc,MSG0000233,is_cc,1,
17,P2_unread_cc,MSG0000233,no_access_event,1,accesses=0
17,P2_unread_cc,MSG0000234,message_exists,1,
17,P2_unread_cc,MSG0000234,is_cc,1,
17,P2_unread_cc,MSG0000234,no_access_event,1,accesses=0
17,P4_result_misrouted,MSG0000273,message_exists,1,
17,P4_result_misrouted,MSG0000273,is_result,1,
17,P4_result_misrouted,MSG0000273,recipient_not_ordering,1,
17,P4_result_misrouted,MSG0000273,recipient_not_covering,1,cover=None
17,P2_unread_cc,MSG0000301,message_exists,1,
17,P2_unread_cc,MSG0000301,is_cc,1,
17,P2_unread_cc,MSG0000301,no_access_event,1,accesses=0
17,P2_unread_cc,MSG0000302,message_exists,1,
17,P2_unread_cc,MSG0000302,is_cc,1,
17,P2_unread_cc,MSG0000302,no_access_event,1,accesses=0
17,P2_unread_cc,MSG0000304,message_exists,1,
17,P2_unread_cc,MSG0000304,is_cc,1,
17,P2_unread_cc,MSG0000304,no_access_event,1,accesses=0
17,P2_unread_cc,MSG0000309,message_exists,1,
17,P2_unread_cc,MSG0000309,is_cc,1,
17,P2_unread_cc,MSG0000309,no_access_event,1,accesses=0
17,P2_unread_cc,MSG0000363,message_exists,1,
17,P2_unread_cc,MSG0000363,is_cc,1,
17,P2_unread_cc,MSG0000363,no_access_event,1,accesses=0
17,P2_unread_cc,MSG0000365,message_exists,1,
17,P2_unread_cc,MSG0000365,is_cc,1,
17,P2_unread_cc,MSG0000365,no_access_event,1,accesses=0
17,P2_unread_cc,MSG0000367,message_exists,1,
17,P2_unread_cc,MSG0000367,is_cc,1,
17,P2_unread_cc,MSG0000367,no_access_event,1,accesses=0
17,P2_unread_cc,MSG0000371,message_exists,1,
17,P2_unread_cc,MSG0000371,is_cc,1,
17,P2_unread_cc,MSG0000371,no_access_event,1,accesses=0
17,P2_unread_cc,MSG0000437,message_exists,1,
17,P2_unread_cc,MSG0000437,is_cc,1,
17,P2_unread_cc,MSG0000437,no_access_event,1,accesses=0
17,P1_thank_you,MSG0000486,message_exists,1,
17,P1_thank_you,MSG0000486,patient_originated_portal_message,1,
17,P1_thank_you,MSG0000486,is_reply_to_prior_outbound,1,
17,P1_thank_you,MSG0000486,thread_ending,1,later_messages=0
17,P1_thank_you,MSG0000486,accessed_and_completed,1,
17,P7_pingpong,MSG0000489,message_exists,1,
17,P7_pingpong,MSG0000489,at_least_two_staff_to_provider_forwards,1,staff_to_provider=2
17,P7_pingpong,MSG0000489,at_least_two_provider_to_staff_forwards,1,provider_to_staff=2
17,P7_pingpong,MSG0000489,two_or_more_round_trips,1,roundtrips=2
17,P4_result_misrouted,MSG0000512,message_exists,1,
17,P4_result_misrouted,MSG0000512,is_result,1,
17,P4_result_misrouted,MSG0000512,recipient_not_ordering,1,
17,P4_result_misrouted,MSG0000512,recipient_not_covering,1,cover=None
17,P8_nonclinical_misrouted,MSG0000577,message_exists,1,
17,P8_nonclinical_misrouted,MSG0000577,nonclinical_category,1,category=billing_question
17,P8_nonclinical_misrouted,MSG0000577,reaches_provider,1,provider_forwards=1
17,P4_result_misrouted,MSG0000596,message_exists,1,
17,P4_result_misrouted,MSG0000596,is_result,1,
17,P4_result_misrouted,MSG0000596,recipient_not_ordering,1,
17,P4_result_misrouted,MSG0000596,recipient_not_covering,1,cover=None
17,P2_unread_cc,MSG0000628,message_exists,1,
17,P2_unread_cc,MSG0000628,is_cc,1,
17,P2_unread_cc,MSG0000628,no_access_event,1,accesses=0
17,P2_unread_cc,MSG0000633,message_exists,1,
17,P2_unread_cc,MSG0000633,is_cc,1,
17,P2_unread_cc,MSG0000633,no_access_event,1,accesses=0
17,P8_nonclinical_misrouted,MSG0000674,message_exists,1,
17,P8_nonclinical_misrouted,MSG0000674,nonclinical_category,1,category=cancellation
17,P8_nonclinical_misrouted,MSG0000674,reaches_provider,1,provider_forwards=1
17,P4_result_misrouted,MSG0000679,message_exists,1,
17,P4_result_misrouted,MSG0000679,is_result,1,
17,P4_result_misrouted,MSG0000679,recipient_not_ordering,1,
17,P4_result_misrouted,MSG0000679,recipient_not_covering,1,cover=None
17,P4_result_misrouted,MSG0000682,message_exists,1,
17,P4_result_misrouted,MSG0000682,is_result,1,
17,P4_result_misrouted,MSG0000682,recipient_not_ordering,1,
17,P4_result_misrouted,MSG0000682,recipient_not_covering,1,cover=None
17,P4_result_misrouted,MSG0000688,message_exists,1,
17,P4_result_misrouted,MSG0000688,is_result,1,
17,P4_result_misrouted,MSG0000688,recipient_not_ordering,1,
17,P4_result_misrouted,MSG0000688,recipient_not_covering,1,cover=None
17,P4_result_misrouted,MSG0000690,message_exists,1,
17,P4_result_misrouted,MSG0000690,is_result,1,
17,P4_result_misrouted,MSG0000690,recipient_not_ordering,1,
17,P4_result_misrouted,MSG0000690,recipient_not_covering,1,cover=None
17,P2_unread_cc,MSG0000718,message_exists,1,
17,P2_unread_cc,MSG0000718,is_cc,1,
17,P2_unread_cc,MSG0000718,no_access_event,1,accesses=0
17,P2_unread_cc,MSG0000721,message_exists,1,
17,P2_unread_cc,MSG0000721,is_cc,1,
17,P2_unread_cc,MSG0000721,no_access_event,1,accesses=0
17,P2_unread_cc,MSG0000722,message_exists,1,
17,P2_unread_cc,MSG0000722,is_cc,1,
17,P2_unread_cc,MSG0000722,no_access_event,1,accesses=0
17,P4_result_misrouted,MSG0000762,message_exists,1,
17,P4_result_misrouted,MSG0000762,is_result,1,
17,P4_result_misrouted,MSG0000762,recipient_not_ordering,1,
17,P4_result_misrouted,MSG0000762,recipient_not_covering,1,cover=None
17,P2_unread_cc,MSG0000791,message_exists,1,
17,P2_unread_cc,MSG0000791,is_cc,1,
17,P2_unread_cc,MSG0000791,no_access_event,1,accesses=0
17,P2_unread_cc,MSG0000795,message_exists,1,
17,P2_unread_cc,MSG0000795,is_cc,1,
17,P2_unread_cc,MSG0000795,no_access_event,1,accesses=0
17,P2_unread_cc,MSG0000796,message_exists,1,
17,P2_unread_cc,MSG0000796,is_cc,1,
17,P2_unread_cc,MSG0000796,no_access_event,1,accesses=0
17,P2_unread_cc,MSG0000799,message_exists,1,
17,P2_unread_cc,MSG0000799,is_cc,1,
17,P2_unread_cc,MSG0000799,no_access_event,1,accesses=0
17,P2_unread_cc,MSG0000884,message_exists,1,
17,P2_unread_cc,MSG0000884,is_cc,1,
17,P2_unread_cc,MSG0000884,no_access_event,1,accesses=0
17,P2_unread_cc,MSG0000888,message_exists,1,
17,P2_unread_cc,MSG0000888,is_cc,1,
17,P2_unread_cc,MSG0000888,no_access_event,1,accesses=0
17,P2_unread_cc,MSG0000894,message_exists,1,
17,P2_unread_cc,MSG0000894,is_cc,1,
17,P2_unread_cc,MSG0000894,no_access_event,1,accesses=0
17,P4_result_misrouted,MSG0000932,message_exists,1,
17,P4_result_misrouted,MSG0000932,is_result,1,
17,P4_result_misrouted,MSG0000932,recipient_not_ordering,1,
17,P4_result_misrouted,MSG0000932,recipient_not_covering,1,cover=None
17,P4_result_misrouted,MSG0000942,message_exists,1,
17,P4_result_misrouted,MSG0000942,is_result,1,
17,P4_result_misrouted,MSG0000942,recipient_not_ordering,1,
17,P4_result_misrouted,MSG0000942,recipient_not_covering,1,cover=None
17,P4_result_misrouted,MSG0000944,message_exists,1,
17,P4_result_misrouted,MSG0000944,is_result,1,
17,P4_result_misrouted,MSG0000944,recipient_not_ordering,1,
17,P4_result_misrouted,MSG0000944,recipient_not_covering,1,cover=None
17,P2_unread_cc,MSG0000963,message_exists,1,
17,P2_unread_cc,MSG0000963,is_cc,1,
17,P2_unread_cc,MSG0000963,no_access_event,1,accesses=0
17,P2_unread_cc,MSG0000967,message_exists,1,
17,P2_unread_cc,MSG0000967,is_cc,1,
17,P2_unread_cc,MSG0000967,no_access_event,1,accesses=0
17,P2_unread_cc,MSG0000968,message_exists,1,
17,P2_unread_cc,MSG0000968,is_cc,1,
17,P2_unread_cc,MSG0000968,no_access_event,1,accesses=0
17,P2_unread_cc,MSG0000972,message_exists,1,
17,P2_unread_cc,MSG0000972,is_cc,1,
17,P2_unread_cc,MSG0000972,no_access_event,1,accesses=0
17,P8_nonclinical_misrouted,MSG0001013,message_exists,1,
17,P8_nonclinical_misrouted,MSG0001013,nonclinical_category,1,category=billing_question
17,P8_nonclinical_misrouted,MSG0001013,reaches_provider,1,provider_forwards=1
17,P4_result_misrouted,MSG0001016,message_exists,1,
17,P4_result_misrouted,MSG0001016,is_result,1,
17,P4_result_misrouted,MSG0001016,recipient_not_ordering,1,
17,P4_result_misrouted,MSG0001016,recipient_not_covering,1,cover=None
17,P2_unread_cc,MSG0001053,message_exists,1,
17,P2_unread_cc,MSG0001053,is_cc,1,
17,P2_unread_cc,MSG0001053,no_access_event,1,accesses=0
17,P3_extended_thread,THR0001038,thread_exists,1,
17,P3_extended_thread,THR0001038,three_or_more_patient_incoming,1,incoming=3
17,P3_extended_thread,THR0001038,four_or_more_message_exchanges,1,in+out=6
17,P3_extended_thread,THR0001038,spans_at_least_3_days,1,span_days=6.91
17,P3_extended_thread,THR0001038,no_visit_between,1,intervening_visits=0
17,P8_nonclinical_misrouted,MSG0001098,message_exists,1,
17,P8_nonclinical_misrouted,MSG0001098,nonclinical_category,1,category=billing_question
17,P8_nonclinical_misrouted,MSG0001098,reaches_provider,1,provider_forwards=1
17,P2_unread_cc,MSG0001136,message_exists,1,
17,P2_unread_cc,MSG0001136,is_cc,1,
17,P2_unread_cc,MSG0001136,no_access_event,1,accesses=0
17,P2_unread_cc,MSG0001141,message_exists,1,
17,P2_unread_cc,MSG0001141,is_cc,1,
17,P2_unread_cc,MSG0001141,no_access_event,1,accesses=0
17,P2_unread_cc,MSG0001144,message_exists,1,
17,P2_unread_cc,MSG0001144,is_cc,1,
17,P2_unread_cc,MSG0001144,no_access_event,1,accesses=0
17,P4_result_misrouted,MSG0001209,message_exists,1,
17,P4_result_misrouted,MSG0001209,is_result,1,
17,P4_result_misrouted,MSG0001209,recipient_not_ordering,1,
17,P4_result_misrouted,MSG0001209,recipient_not_covering,1,cover=None
17,P2_unread_cc,MSG0001229,message_exists,1,
17,P2_unread_cc,MSG0001229,is_cc,1,
17,P2_unread_cc,MSG0001229,no_access_event,1,accesses=0
17,P2_unread_cc,MSG0001230,message_exists,1,
17,P2_unread_cc,MSG0001230,is_cc,1,
17,P2_unread_cc,MSG0001230,no_access_event,1,accesses=0
17,P2_unread_cc,MSG0001236,message_exists,1,
17,P2_unread_cc,MSG0001236,is_cc,1,
17,P2_unread_cc,MSG0001236,no_access_event,1,accesses=0
17,P3_extended_thread,THR0001254,thread_exists,1,
17,P3_extended_thread,THR0001254,three_or_more_patient_incoming,1,incoming=3
17,P3_extended_thread,THR0001254,four_or_more_message_exchanges,1,in+out=6
17,P3_extended_thread,THR0001254,spans_at_least_3_days,1,span_days=8.07
17,P3_extended_thread,THR0001254,no_visit_between,0,intervening_visits=1
17,P8_nonclinical_misrouted,MSG0001365,message_exists,1,
17,P8_nonclinical_misrouted,MSG0001365,nonclinical_category,1,category=billing_question
17,P8_nonclinical_misrouted,MSG0001365,reaches_provider,1,provider_forwards=1
17,P2_unread_cc,MSG0001400,message_exists,1,
17,P2_unread_cc,MSG0001400,is_cc,1,
17,P2_unread_cc,MSG0001400,no_access_event,1,accesses=0
17,P2_unread_cc,MSG0001402,message_exists,1,
17,P2_unread_cc,MSG0001402,is_cc,1,
17,P2_unread_cc,MSG0001402,no_access_event,1,accesses=0
17,P2_unread_cc,MSG0001404,message_exists,1,
17,P2_unread_cc,MSG0001404,is_cc,1,
17,P2_unread_cc,MSG0001404,no_access_event,1,accesses=0
17,P2_unread_cc,MSG0001406,message_exists,1,
17,P2_unread_cc,MSG0001406,is_cc,1,
17,P2_unread_cc,MSG0001406,no_access_event,1,accesses=0
17,P7_pingpong,MSG0001446,message_exists,1,
17,P7_pingpong,MSG0001446,at_least_two_staff_to_provider_forwards,1,staff_to_provider=2
17,P7_pingpong,MSG0001446,at_least_two_provider_to_staff_forwards,1,provider_to_staff=2
17,P7_pingpong,MSG0001446,two_or_more_round_trips,1,roundtrips=2
17,P8_nonclinical_misrouted,MSG0001454,message_exists,1,
17,P8_nonclinical_misrouted,MSG0001454,nonclinical_category,1,category=cancellation
17,P8_nonclinical_misrouted,MSG0001454,reaches_provider,1,provider_forwards=1
17,P2_unread_cc,MSG0001570,message_exists,1,
17,P2_unread_cc,MSG0001570,is_cc,1,
17,P2_unread_cc,MSG0001570,no_access_event,1,accesses=0
17,P2_unread_cc,MSG0001574,message_exists,1,
17,P2_unread_cc,MSG0001574,is_cc,1,
17,P2_unread_cc,MSG0001574,no_access_event,1,accesses=0
17,P2_unread_cc,MSG0001632,message_exists,1,
17,P2_unread_cc,MSG0001632,is_cc,1,
17,P2_unread_cc,MSG0001632,no_access_event,1,accesses=0
17,P2_unread_cc,MSG0001638,message_exists,1,
17,P2_unread_cc,MSG0001638,is_cc,1,
17,P2_unread_cc,MSG0001638,no_access_event,1,accesses=0
17,P2_unread_cc,MSG0001708,message_exists,1,
17,P2_unread_cc,MSG0001708,is_cc,1,
17,P2_unread_cc,MSG0001708,no_access_event,1,accesses=0
17,P4_result_misrouted,MSG0001771,message_exists,1,
17,P4_result_misrouted,MSG0001771,is_result,1,
17,P4_result_misrouted,MSG0001771,recipient_not_ordering,1,
17,P4_result_misrouted,MSG0001771,recipient_not_covering,1,cover=None
17,P4_result_misrouted,MSG0001773,message_exists,1,
17,P4_result_misrouted,MSG0001773,is_result,1,
17,P4_result_misrouted,MSG0001773,recipient_not_ordering,1,
17,P4_result_misrouted,MSG0001773,recipient_not_covering,1,cover=None
17,P2_unread_cc,MSG0001799,message_exists,1,
17,P2_unread_cc,MSG0001799,is_cc,1,
17,P2_unread_cc,MSG0001799,no_access_event,1,accesses=0
17,P2_unread_cc,MSG0001801,message_exists,1,
17,P2_unread_cc,MSG0001801,is_cc,1,
17,P2_unread_cc,MSG0001801,no_access_event,1,accesses=0
17,P7_pingpong,MSG0001834,message_exists,1,
17,P7_pingpong,MSG0001834,at_least_two_staff_to_provider_forwards,1,staff_to_provider=2
17,P7_pingpong,MSG0001834,at_least_two_provider_to_staff_forwards,1,provider_to_staff=2
17,P7_pingpong,MSG0001834,two_or_more_round_trips,1,roundtrips=2
17,P7_pingpong,MSG0001850,message_exists,1,
17,P7_pingpong,MSG0001850,at_least_two_staff_to_provider_forwards,1,staff_to_provider=2
17,P7_pingpong,MSG0001850,at_least_two_provider_to_staff_forwards,1,provider_to_staff=2
17,P7_pingpong,MSG0001850,two_or_more_round_trips,1,roundtrips=2
17,P2_unread_cc,MSG0001876,message_exists,1,
17,P2_unread_cc,MSG0001876,is_cc,1,
17,P2_unread_cc,MSG0001876,no_access_event,1,accesses=0
17,P2_unread_cc,MSG0001877,message_exists,1,
17,P2_unread_cc,MSG0001877,is_cc,1,
17,P2_unread_cc,MSG0001877,no_access_event,1,accesses=0
17,P2_unread_cc,MSG0001881,message_exists,1,
17,P2_unread_cc,MSG0001881,is_cc,1,
17,P2_unread_cc,MSG0001881,no_access_event,1,accesses=0
17,P2_unread_cc,MSG0001954,message_exists,1,
17,P2_unread_cc,MSG0001954,is_cc,1,
17,P2_unread_cc,MSG0001954,no_access_event,1,accesses=0
17,P2_unread_cc,MSG0001956,message_exists,1,
17,P2_unread_cc,MSG0001956,is_cc,1,
17,P2_unread_cc,MSG0001956,no_access_event,1,accesses=0
17,P2_unread_cc,MSG0001957,message_exists,1,
17,P2_unread_cc,MSG0001957,is_cc,1,
17,P2_unread_cc,MSG0001957,no_access_event,1,accesses=0
17,P2_unread_cc,MSG0002028,message_exists,1,
17,P2_unread_cc,MSG0002028,is_cc,1,
17,P2_unread_cc,MSG0002028,no_access_event,1,accesses=0
17,P2_unread_cc,MSG0002029,message_exists,1,
17,P2_unread_cc,MSG0002029,is_cc,1,
17,P2_unread_cc,MSG0002029,no_access_event,1,accesses=0
17,P2_unread_cc,MSG0002030,message_exists,1,
17,P2_unread_cc,MSG0002030,is_cc,1,
17,P2_unread_cc,MSG0002030,no_access_event,1,accesses=0
17,P2_unread_cc,MSG0002033,message_exists,1,
17,P2_unread_cc,MSG0002033,is_cc,1,
17,P2_unread_cc,MSG0002033,no_access_event,1,accesses=0
17,P2_unread_cc,MSG0002034,message_exists,1,
17,P2_unread_cc,MSG0002034,is_cc,1,
17,P2_unread_cc,MSG0002034,no_access_event,1,accesses=0
17,P7_pingpong,MSG0002078,message_exists,1,
17,P7_pingpong,MSG0002078,at_least_two_staff_to_provider_forwards,1,staff_to_provider=2
17,P7_pingpong,MSG0002078,at_least_two_provider_to_staff_forwards,1,provider_to_staff=2
17,P7_pingpong,MSG0002078,two_or_more_round_trips,1,roundtrips=2
17,P2_unread_cc,MSG0002113,message_exists,1,
17,P2_unread_cc,MSG0002113,is_cc,1,
17,P2_unread_cc,MSG0002113,no_access_event,1,accesses=0
17,P2_unread_cc,MSG0002114,message_exists,1,
17,P2_unread_cc,MSG0002114,is_cc,1,
17,P2_unread_cc,MSG0002114,no_access_event,1,accesses=0
17,P2_unread_cc,MSG0002116,message_exists,1,
17,P2_unread_cc,MSG0002116,is_cc,1,
17,P2_unread_cc,MSG0002116,no_access_event,1,accesses=0
17,P1_thank_you,MSG0002144,message_exists,1,
17,P1_thank_you,MSG0002144,patient_originated_portal_message,1,
17,P1_thank_you,MSG0002144,is_reply_to_prior_outbound,1,
17,P1_thank_you,MSG0002144,thread_ending,1,later_messages=0
17,P1_thank_you,MSG0002144,accessed_and_completed,1,
17,P2_unread_cc,MSG0002193,message_exists,1,
17,P2_unread_cc,MSG0002193,is_cc,1,
17,P2_unread_cc,MSG0002193,no_access_event,1,accesses=0
17,P2_unread_cc,MSG0002195,message_exists,1,
17,P2_unread_cc,MSG0002195,is_cc,1,
17,P2_unread_cc,MSG0002195,no_access_event,1,accesses=0
17,P2_unread_cc,MSG0002196,message_exists,1,
17,P2_unread_cc,MSG0002196,is_cc,1,
17,P2_unread_cc,MSG0002196,no_access_event,1,accesses=0
17,P2_unread_cc,MSG0002197,message_exists,1,
17,P2_unread_cc,MSG0002197,is_cc,1,
17,P2_unread_cc,MSG0002197,no_access_event,1,accesses=0
17,P2_unread_cc,MSG0002271,message_exists,1,
17,P2_unread_cc,MSG0002271,is_cc,1,
17,P2_unread_cc,MSG0002271,no_access_event,1,accesses=0
17,P2_unread_cc,MSG0002277,message_exists,1,
17,P2_unread_cc,MSG0002277,is_cc,1,
17,P2_unread_cc,MSG0002277,no_access_event,1,accesses=0
17,P2_unread_cc,MSG0002362,message_exists,1,
17,P2_unread_cc,MSG0002362,is_cc,1,
17,P2_unread_cc,MSG0002362,no_access_event,1,accesses=0
17,P2_unread_cc,MSG0002366,message_exists,1,
17,P2_unread_cc,MSG0002366,is_cc,1,
17,P2_unread_cc,MSG0002366,no_access_event,1,accesses=0
17,P2_unread_cc,MSG0002429,message_exists,1,
17,P2_unread_cc,MSG0002429,is_cc,1,
17,P2_unread_cc,MSG0002429,no_access_event,1,accesses=0
17,P2_unread_cc,MSG0002430,message_exists,1,
17,P2_unread_cc,MSG0002430,is_cc,1,
17,P2_unread_cc,MSG0002430,no_access_event,1,accesses=0
17,P2_unread_cc,MSG0002522,message_exists,1,
17,P2_unread_cc,MSG0002522,is_cc,1,
17,P2_unread_cc,MSG0002522,no_access_event,1,accesses=0
17,P2_unread_cc,MSG0002526,message_exists,1,
17,P2_unread_cc,MSG0002526,is_cc,1,
17,P2_unread_cc,MSG0002526,no_access_event,1,accesses=0
17,P2_unread_cc,MSG0002527,message_exists,1,
17,P2_unread_cc,MSG0002527,is_cc,1,
17,P2_unread_cc,MSG0002527,no_access_event,1,accesses=0
17,P7_pingpong,MSG0002645,message_exists,1,
17,P7_pingpong,MSG0002645,at_least_two_staff_to_provider_forwards,1,staff_to_provider=2
17,P7_pingpong,MSG0002645,at_least_two_provider_to_staff_forwards,1,provider_to_staff=2
17,P7_pingpong,MSG0002645,two_or_more_round_trips,1,roundtrips=2
17,P2_unread_cc,MSG0002672,message_exists,1,
17,P2_unread_cc,MSG0002672,is_cc,1,
17,P2_unread_cc,MSG0002672,no_access_event,1,accesses=0
17,P2_unread_cc,MSG0002674,message_exists,1,
17,P2_unread_cc,MSG0002674,is_cc,1,
17,P2_unread_cc,MSG0002674,no_access_event,1,accesses=0
17,P2_unread_cc,MSG0002680,message_exists,1,
17,P2_unread_cc,MSG0002680,is_cc,1,
17,P2_unread_cc,MSG0002680,no_access_event,1,accesses=0
17,P2_unread_cc,MSG0002682,message_exists,1,
17,P2_unread_cc,MSG0002682,is_cc,1,
17,P2_unread_cc,MSG0002682,no_access_event,1,accesses=0
17,P2_unread_cc,MSG0002763,message_exists,1,
17,P2_unread_cc,MSG0002763,is_cc,1,
17,P2_unread_cc,MSG0002763,no_access_event,1,accesses=0
17,P2_unread_cc,MSG0002764,message_exists,1,
17,P2_unread_cc,MSG0002764,is_cc,1,
17,P2_unread_cc,MSG0002764,no_access_event,1,accesses=0
17,P2_unread_cc,MSG0002770,message_exists,1,
17,P2_unread_cc,MSG0002770,is_cc,1,
17,P2_unread_cc,MSG0002770,no_access_event,1,accesses=0
17,P2_unread_cc,MSG0002771,message_exists,1,
17,P2_unread_cc,MSG0002771,is_cc,1,
17,P2_unread_cc,MSG0002771,no_access_event,1,accesses=0
17,P2_unread_cc,MSG0002775,message_exists,1,
17,P2_unread_cc,MSG0002775,is_cc,1,
17,P2_unread_cc,MSG0002775,no_access_event,1,accesses=0
17,P2_unread_cc,MSG0002778,message_exists,1,
17,P2_unread_cc,MSG0002778,is_cc,1,
17,P2_unread_cc,MSG0002778,no_access_event,1,accesses=0
17,P7_pingpong,MSG0002806,message_exists,1,
17,P7_pingpong,MSG0002806,at_least_two_staff_to_provider_forwards,1,staff_to_provider=2
17,P7_pingpong,MSG0002806,at_least_two_provider_to_staff_forwards,1,provider_to_staff=2
17,P7_pingpong,MSG0002806,two_or_more_round_trips,1,roundtrips=2
17,P2_unread_cc,MSG0002844,message_exists,1,
17,P2_unread_cc,MSG0002844,is_cc,1,
17,P2_unread_cc,MSG0002844,no_access_event,1,accesses=0
17,P2_unread_cc,MSG0002845,message_exists,1,
17,P2_unread_cc,MSG0002845,is_cc,1,
17,P2_unread_cc,MSG0002845,no_access_event,1,accesses=0
17,P3_extended_thread,THR0002718,thread_exists,1,
17,P3_extended_thread,THR0002718,three_or_more_patient_incoming,1,incoming=3
17,P3_extended_thread,THR0002718,four_or_more_message_exchanges,1,in+out=6
17,P3_extended_thread,THR0002718,spans_at_least_3_days,1,span_days=5.92
17,P3_extended_thread,THR0002718,no_visit_between,1,intervening_visits=0
17,P4_result_misrouted,MSG0002901,message_exists,1,
17,P4_result_misrouted,MSG0002901,is_result,1,
17,P4_result_misrouted,MSG0002901,recipient_not_ordering,1,
17,P4_result_misrouted,MSG0002901,recipient_not_covering,1,cover=None
17,P4_result_misrouted,MSG0002904,message_exists,1,
17,P4_result_misrouted,MSG0002904,is_result,1,
17,P4_result_misrouted,MSG0002904,recipient_not_ordering,1,
17,P4_result_misrouted,MSG0002904,recipient_not_covering,1,cover=None
17,P2_unread_cc,MSG0002923,message_exists,1,
17,P2_unread_cc,MSG0002923,is_cc,1,
17,P2_unread_cc,MSG0002923,no_access_event,1,accesses=0
17,P2_unread_cc,MSG0002926,message_exists,1,
17,P2_unread_cc,MSG0002926,is_cc,1,
17,P2_unread_cc,MSG0002926,no_access_event,1,accesses=0
17,P4_result_misrouted,MSG0002979,message_exists,1,
17,P4_result_misrouted,MSG0002979,is_result,1,
17,P4_result_misrouted,MSG0002979,recipient_not_ordering,1,
17,P4_result_misrouted,MSG0002979,recipient_not_covering,1,cover=None
17,P2_unread_cc,MSG0003016,message_exists,1,
17,P2_unread_cc,MSG0003016,is_cc,1,
17,P2_unread_cc,MSG0003016,no_access_event,1,accesses=0
17,P7_pingpong,MSG0003054,message_exists,1,
17,P7_pingpong,MSG0003054,at_least_two_staff_to_provider_forwards,1,staff_to_provider=2
17,P7_pingpong,MSG0003054,at_least_two_provider_to_staff_forwards,1,provider_to_staff=2
17,P7_pingpong,MSG0003054,two_or_more_round_trips,1,roundtrips=2
17,P2_unread_cc,MSG0003096,message_exists,1,
17,P2_unread_cc,MSG0003096,is_cc,1,
17,P2_unread_cc,MSG0003096,no_access_event,1,accesses=0
17,P2_unread_cc,MSG0003177,message_exists,1,
17,P2_unread_cc,MSG0003177,is_cc,1,
17,P2_unread_cc,MSG0003177,no_access_event,1,accesses=0
17,P2_unread_cc,MSG0003178,message_exists,1,
17,P2_unread_cc,MSG0003178,is_cc,1,
17,P2_unread_cc,MSG0003178,no_access_event,1,accesses=0
17,P2_unread_cc,MSG0003182,message_exists,1,
17,P2_unread_cc,MSG0003182,is_cc,1,
17,P2_unread_cc,MSG0003182,no_access_event,1,accesses=0
17,P2_unread_cc,MSG0003258,message_exists,1,
17,P2_unread_cc,MSG0003258,is_cc,1,
17,P2_unread_cc,MSG0003258,no_access_event,1,accesses=0
17,P2_unread_cc,MSG0003259,message_exists,1,
17,P2_unread_cc,MSG0003259,is_cc,1,
17,P2_unread_cc,MSG0003259,no_access_event,1,accesses=0
17,P2_unread_cc,MSG0003260,message_exists,1,
17,P2_unread_cc,MSG0003260,is_cc,1,
17,P2_unread_cc,MSG0003260,no_access_event,1,accesses=0
17,P2_unread_cc,MSG0003261,message_exists,1,
17,P2_unread_cc,MSG0003261,is_cc,1,
17,P2_unread_cc,MSG0003261,no_access_event,1,accesses=0
17,P2_unread_cc,MSG0003262,message_exists,1,
17,P2_unread_cc,MSG0003262,is_cc,1,
17,P2_unread_cc,MSG0003262,no_access_event,1,accesses=0
17,P8_nonclinical_misrouted,MSG0003302,message_exists,1,
17,P8_nonclinical_misrouted,MSG0003302,nonclinical_category,1,category=cancellation
17,P8_nonclinical_misrouted,MSG0003302,reaches_provider,1,provider_forwards=1
17,P1_thank_you,MSG0003383,message_exists,1,
17,P1_thank_you,MSG0003383,patient_originated_portal_message,1,
17,P1_thank_you,MSG0003383,is_reply_to_prior_outbound,1,
17,P1_thank_you,MSG0003383,thread_ending,1,later_messages=0
17,P1_thank_you,MSG0003383,accessed_and_completed,1,
17,P2_unread_cc,MSG0003418,message_exists,1,
17,P2_unread_cc,MSG0003418,is_cc,1,
17,P2_unread_cc,MSG0003418,no_access_event,1,accesses=0
17,P2_unread_cc,MSG0003423,message_exists,1,
17,P2_unread_cc,MSG0003423,is_cc,1,
17,P2_unread_cc,MSG0003423,no_access_event,1,accesses=0
17,P2_unread_cc,MSG0003500,message_exists,1,
17,P2_unread_cc,MSG0003500,is_cc,1,
17,P2_unread_cc,MSG0003500,no_access_event,1,accesses=0
17,P2_unread_cc,MSG0003502,message_exists,1,
17,P2_unread_cc,MSG0003502,is_cc,1,
17,P2_unread_cc,MSG0003502,no_access_event,1,accesses=0
17,P2_unread_cc,MSG0003566,message_exists,1,
17,P2_unread_cc,MSG0003566,is_cc,1,
17,P2_unread_cc,MSG0003566,no_access_event,1,accesses=0
17,P2_unread_cc,MSG0003567,message_exists,1,
17,P2_unread_cc,MSG0003567,is_cc,1,
17,P2_unread_cc,MSG0003567,no_access_event,1,accesses=0
17,P2_unread_cc,MSG0003570,message_exists,1,
17,P2_unread_cc,MSG0003570,is_cc,1,
17,P2_unread_cc,MSG0003570,no_access_event,1,accesses=0
17,P2_unread_cc,MSG0003574,message_exists,1,
17,P2_unread_cc,MSG0003574,is_cc,1,
17,P2_unread_cc,MSG0003574,no_access_event,1,accesses=0
17,P2_unread_cc,MSG0003658,message_exists,1,
17,P2_unread_cc,MSG0003658,is_cc,1,
17,P2_unread_cc,MSG0003658,no_access_event,1,accesses=0
17,P2_unread_cc,MSG0003661,message_exists,1,
17,P2_unread_cc,MSG0003661,is_cc,1,
17,P2_unread_cc,MSG0003661,no_access_event,1,accesses=0
17,P2_unread_cc,MSG0003662,message_exists,1,
17,P2_unread_cc,MSG0003662,is_cc,1,
17,P2_unread_cc,MSG0003662,no_access_event,1,accesses=0
17,P2_unread_cc,MSG0003737,message_exists,1,
17,P2_unread_cc,MSG0003737,is_cc,1,
17,P2_unread_cc,MSG0003737,no_access_event,1,accesses=0
17,P2_unread_cc,MSG0003746,message_exists,1,
17,P2_unread_cc,MSG0003746,is_cc,1,
17,P2_unread_cc,MSG0003746,no_access_event,1,accesses=0
17,P8_nonclinical_misrouted,MSG0003782,message_exists,1,
17,P8_nonclinical_misrouted,MSG0003782,nonclinical_category,1,category=billing_question
17,P8_nonclinical_misrouted,MSG0003782,reaches_provider,1,provider_forwards=1
17,P8_nonclinical_misrouted,MSG0003790,message_exists,1,
17,P8_nonclinical_misrouted,MSG0003790,nonclinical_category,1,category=cancellation
17,P8_nonclinical_misrouted,MSG0003790,reaches_provider,1,provider_forwards=1
17,P2_unread_cc,MSG0003816,message_exists,1,
17,P2_unread_cc,MSG0003816,is_cc,1,
17,P2_unread_cc,MSG0003816,no_access_event,1,accesses=0
17,P2_unread_cc,MSG0003817,message_exists,1,
17,P2_unread_cc,MSG0003817,is_cc,1,
17,P2_unread_cc,MSG0003817,no_access_event,1,accesses=0
17,P3_extended_thread,THR0003678,thread_exists,1,
17,P3_extended_thread,THR0003678,three_or_more_patient_incoming,1,incoming=3
17,P3_extended_thread,THR0003678,four_or_more_message_exchanges,1,in+out=7
17,P3_extended_thread,THR0003678,spans_at_least_3_days,1,span_days=9.41
17,P3_extended_thread,THR0003678,no_visit_between,1,intervening_visits=0
17,P4_result_misrouted,MSG0003947,message_exists,1,
17,P4_result_misrouted,MSG0003947,is_result,1,
17,P4_result_misrouted,MSG0003947,recipient_not_ordering,1,
17,P4_result_misrouted,MSG0003947,recipient_not_covering,1,cover=None
17,P2_unread_cc,MSG0004006,message_exists,1,
17,P2_unread_cc,MSG0004006,is_cc,1,
17,P2_unread_cc,MSG0004006,no_access_event,1,accesses=0
17,P2_unread_cc,MSG0004008,message_exists,1,
17,P2_unread_cc,MSG0004008,is_cc,1,
17,P2_unread_cc,MSG0004008,no_access_event,1,accesses=0
17,P2_unread_cc,MSG0004012,message_exists,1,
17,P2_unread_cc,MSG0004012,is_cc,1,
17,P2_unread_cc,MSG0004012,no_access_event,1,accesses=0
17,P2_unread_cc,MSG0004098,message_exists,1,
17,P2_unread_cc,MSG0004098,is_cc,1,
17,P2_unread_cc,MSG0004098,no_access_event,1,accesses=0
17,P2_unread_cc,MSG0004099,message_exists,1,
17,P2_unread_cc,MSG0004099,is_cc,1,
17,P2_unread_cc,MSG0004099,no_access_event,1,accesses=0
17,P2_unread_cc,MSG0004101,message_exists,1,
17,P2_unread_cc,MSG0004101,is_cc,1,
17,P2_unread_cc,MSG0004101,no_access_event,1,accesses=0
17,P2_unread_cc,MSG0004104,message_exists,1,
17,P2_unread_cc,MSG0004104,is_cc,1,
17,P2_unread_cc,MSG0004104,no_access_event,1,accesses=0
17,P8_nonclinical_misrouted,MSG0004135,message_exists,1,
17,P8_nonclinical_misrouted,MSG0004135,nonclinical_category,1,category=appointment_request
17,P8_nonclinical_misrouted,MSG0004135,reaches_provider,1,provider_forwards=1
17,P4_result_misrouted,MSG0004153,message_exists,1,
17,P4_result_misrouted,MSG0004153,is_result,1,
17,P4_result_misrouted,MSG0004153,recipient_not_ordering,1,
17,P4_result_misrouted,MSG0004153,recipient_not_covering,1,cover=None
17,P2_unread_cc,MSG0004170,message_exists,1,
17,P2_unread_cc,MSG0004170,is_cc,1,
17,P2_unread_cc,MSG0004170,no_access_event,1,accesses=0
17,P2_unread_cc,MSG0004172,message_exists,1,
17,P2_unread_cc,MSG0004172,is_cc,1,
17,P2_unread_cc,MSG0004172,no_access_event,1,accesses=0
17,P2_unread_cc,MSG0004173,message_exists,1,
17,P2_unread_cc,MSG0004173,is_cc,1,
17,P2_unread_cc,MSG0004173,no_access_event,1,accesses=0
17,P2_unread_cc,MSG0004175,message_exists,1,
17,P2_unread_cc,MSG0004175,is_cc,1,
17,P2_unread_cc,MSG0004175,no_access_event,1,accesses=0
17,P2_unread_cc,MSG0004176,message_exists,1,
17,P2_unread_cc,MSG0004176,is_cc,1,
17,P2_unread_cc,MSG0004176,no_access_event,1,accesses=0
17,P7_pingpong,MSG0004219,message_exists,1,
17,P7_pingpong,MSG0004219,at_least_two_staff_to_provider_forwards,1,staff_to_provider=2
17,P7_pingpong,MSG0004219,at_least_two_provider_to_staff_forwards,1,provider_to_staff=2
17,P7_pingpong,MSG0004219,two_or_more_round_trips,1,roundtrips=2
17,P4_result_misrouted,MSG0004226,message_exists,1,
17,P4_result_misrouted,MSG0004226,is_result,1,
17,P4_result_misrouted,MSG0004226,recipient_not_ordering,1,
17,P4_result_misrouted,MSG0004226,recipient_not_covering,1,cover=None
17,P2_unread_cc,MSG0004265,message_exists,1,
17,P2_unread_cc,MSG0004265,is_cc,1,
17,P2_unread_cc,MSG0004265,no_access_event,1,accesses=0
17,P2_unread_cc,MSG0004268,message_exists,1,
17,P2_unread_cc,MSG0004268,is_cc,1,
17,P2_unread_cc,MSG0004268,no_access_event,1,accesses=0
17,P2_unread_cc,MSG0004269,message_exists,1,
17,P2_unread_cc,MSG0004269,is_cc,1,
17,P2_unread_cc,MSG0004269,no_access_event,1,accesses=0
17,P2_unread_cc,MSG0004275,message_exists,1,
17,P2_unread_cc,MSG0004275,is_cc,1,
17,P2_unread_cc,MSG0004275,no_access_event,1,accesses=0
17,P2_unread_cc,MSG0004350,message_exists,1,
17,P2_unread_cc,MSG0004350,is_cc,1,
17,P2_unread_cc,MSG0004350,no_access_event,1,accesses=0
17,P2_unread_cc,MSG0004358,message_exists,1,
17,P2_unread_cc,MSG0004358,is_cc,1,
17,P2_unread_cc,MSG0004358,no_access_event,1,accesses=0
17,P3_extended_thread,THR0004143,thread_exists,1,
17,P3_extended_thread,THR0004143,three_or_more_patient_incoming,1,incoming=3
17,P3_extended_thread,THR0004143,four_or_more_message_exchanges,1,in+out=6
17,P3_extended_thread,THR0004143,spans_at_least_3_days,1,span_days=3.87
17,P3_extended_thread,THR0004143,no_visit_between,1,intervening_visits=0
17,P7_pingpong,MSG0004391,message_exists,1,
17,P7_pingpong,MSG0004391,at_least_two_staff_to_provider_forwards,1,staff_to_provider=2
17,P7_pingpong,MSG0004391,at_least_two_provider_to_staff_forwards,1,provider_to_staff=2
17,P7_pingpong,MSG0004391,two_or_more_round_trips,1,roundtrips=2
17,P4_result_misrouted,MSG0004399,message_exists,1,
17,P4_result_misrouted,MSG0004399,is_result,1,
17,P4_result_misrouted,MSG0004399,recipient_not_ordering,1,
17,P4_result_misrouted,MSG0004399,recipient_not_covering,1,cover=None
17,P2_unread_cc,MSG0004503,message_exists,1,
17,P2_unread_cc,MSG0004503,is_cc,1,
17,P2_unread_cc,MSG0004503,no_access_event,1,accesses=0
17,P2_unread_cc,MSG0004505,message_exists,1,
17,P2_unread_cc,MSG0004505,is_cc,1,
17,P2_unread_cc,MSG0004505,no_access_event,1,accesses=0
17,P4_result_misrouted,MSG0004552,message_exists,1,
17,P4_result_misrouted,MSG0004552,is_result,1,
17,P4_result_misrouted,MSG0004552,recipient_not_ordering,1,
17,P4_result_misrouted,MSG0004552,recipient_not_covering,1,cover=None
17,P2_unread_cc,MSG0004570,message_exists,1,
17,P2_unread_cc,MSG0004570,is_cc,1,
17,P2_unread_cc,MSG0004570,no_access_event,1,accesses=0
17,P2_unread_cc,MSG0004571,message_exists,1,
17,P2_unread_cc,MSG0004571,is_cc,1,
17,P2_unread_cc,MSG0004571,no_access_event,1,accesses=0
17,P2_unread_cc,MSG0004574,message_exists,1,
17,P2_unread_cc,MSG0004574,is_cc,1,
17,P2_unread_cc,MSG0004574,no_access_event,1,accesses=0
17,P2_unread_cc,MSG0004577,message_exists,1,
17,P2_unread_cc,MSG0004577,is_cc,1,
17,P2_unread_cc,MSG0004577,no_access_event,1,accesses=0
17,P2_unread_cc,MSG0004579,message_exists,1,
17,P2_unread_cc,MSG0004579,is_cc,1,
17,P2_unread_cc,MSG0004579,no_access_event,1,accesses=0
17,P8_nonclinical_misrouted,MSG0004617,message_exists,1,
17,P8_nonclinical_misrouted,MSG0004617,nonclinical_category,1,category=billing_question
17,P8_nonclinical_misrouted,MSG0004617,reaches_provider,1,provider_forwards=1
17,P2_unread_cc,MSG0004647,message_exists,1,
17,P2_unread_cc,MSG0004647,is_cc,1,
17,P2_unread_cc,MSG0004647,no_access_event,1,accesses=0
17,P2_unread_cc,MSG0004652,message_exists,1,
17,P2_unread_cc,MSG0004652,is_cc,1,
17,P2_unread_cc,MSG0004652,no_access_event,1,accesses=0
17,P2_unread_cc,MSG0004653,message_exists,1,
17,P2_unread_cc,MSG0004653,is_cc,1,
17,P2_unread_cc,MSG0004653,no_access_event,1,accesses=0
17,P1_thank_you,MSG0004688,message_exists,1,
17,P1_thank_you,MSG0004688,patient_originated_portal_message,1,
17,P1_thank_you,MSG0004688,is_reply_to_prior_outbound,1,
17,P1_thank_you,MSG0004688,thread_ending,1,later_messages=0
17,P1_thank_you,MSG0004688,accessed_and_completed,1,
17,P4_result_misrouted,MSG0004694,message_exists,1,
17,P4_result_misrouted,MSG0004694,is_result,1,
17,P4_result_misrouted,MSG0004694,recipient_not_ordering,1,
17,P4_result_misrouted,MSG0004694,recipient_not_covering,1,cover=None
17,P2_unread_cc,MSG0004723,message_exists,1,
17,P2_unread_cc,MSG0004723,is_cc,1,
17,P2_unread_cc,MSG0004723,no_access_event,1,accesses=0
17,P2_unread_cc,MSG0004798,message_exists,1,
17,P2_unread_cc,MSG0004798,is_cc,1,
17,P2_unread_cc,MSG0004798,no_access_event,1,accesses=0
17,P2_unread_cc,MSG0004801,message_exists,1,
17,P2_unread_cc,MSG0004801,is_cc,1,
17,P2_unread_cc,MSG0004801,no_access_event,1,accesses=0
17,P2_unread_cc,MSG0004802,message_exists,1,
17,P2_unread_cc,MSG0004802,is_cc,1,
17,P2_unread_cc,MSG0004802,no_access_event,1,accesses=0
17,P2_unread_cc,MSG0004803,message_exists,1,
17,P2_unread_cc,MSG0004803,is_cc,1,
17,P2_unread_cc,MSG0004803,no_access_event,1,accesses=0
17,P2_unread_cc,MSG0004804,message_exists,1,
17,P2_unread_cc,MSG0004804,is_cc,1,
17,P2_unread_cc,MSG0004804,no_access_event,1,accesses=0
17,P2_unread_cc,MSG0004809,message_exists,1,
17,P2_unread_cc,MSG0004809,is_cc,1,
17,P2_unread_cc,MSG0004809,no_access_event,1,accesses=0
17,P3_extended_thread,THR0004600,thread_exists,1,
17,P3_extended_thread,THR0004600,three_or_more_patient_incoming,1,incoming=3
17,P3_extended_thread,THR0004600,four_or_more_message_exchanges,1,in+out=7
17,P3_extended_thread,THR0004600,spans_at_least_3_days,1,span_days=7.06
17,P3_extended_thread,THR0004600,no_visit_between,1,intervening_visits=0
17,P7_pingpong,MSG0004864,message_exists,1,
17,P7_pingpong,MSG0004864,at_least_two_staff_to_provider_forwards,1,staff_to_provider=2
17,P7_pingpong,MSG0004864,at_least_two_provider_to_staff_forwards,1,provider_to_staff=2
17,P7_pingpong,MSG0004864,two_or_more_round_trips,1,roundtrips=2
17,P3_extended_thread,THR0004601,thread_exists,1,
17,P3_extended_thread,THR0004601,three_or_more_patient_incoming,1,incoming=3
17,P3_extended_thread,THR0004601,four_or_more_message_exchanges,1,in+out=6
17,P3_extended_thread,THR0004601,spans_at_least_3_days,1,span_days=5.32
17,P3_extended_thread,THR0004601,no_visit_between,1,intervening_visits=0
17,P7_pingpong,MSG0004933,message_exists,1,
17,P7_pingpong,MSG0004933,at_least_two_staff_to_provider_forwards,1,staff_to_provider=2
17,P7_pingpong,MSG0004933,at_least_two_provider_to_staff_forwards,1,provider_to_staff=2
17,P7_pingpong,MSG0004933,two_or_more_round_trips,1,roundtrips=2
17,P2_unread_cc,MSG0004965,message_exists,1,
17,P2_unread_cc,MSG0004965,is_cc,1,
17,P2_unread_cc,MSG0004965,no_access_event,1,accesses=0
17,P2_unread_cc,MSG0004970,message_exists,1,
17,P2_unread_cc,MSG0004970,is_cc,1,
17,P2_unread_cc,MSG0004970,no_access_event,1,accesses=0
17,P1_thank_you,MSG0005007,message_exists,1,
17,P1_thank_you,MSG0005007,patient_originated_portal_message,1,
17,P1_thank_you,MSG0005007,is_reply_to_prior_outbound,1,
17,P1_thank_you,MSG0005007,thread_ending,1,later_messages=0
17,P1_thank_you,MSG0005007,accessed_and_completed,1,
17,P7_pingpong,MSG0005020,message_exists,1,
17,P7_pingpong,MSG0005020,at_least_two_staff_to_provider_forwards,1,staff_to_provider=2
17,P7_pingpong,MSG0005020,at_least_two_provider_to_staff_forwards,1,provider_to_staff=2
17,P7_pingpong,MSG0005020,two_or_more_round_trips,1,roundtrips=2
17,P4_result_misrouted,MSG0005038,message_exists,1,
17,P4_result_misrouted,MSG0005038,is_result,1,
17,P4_result_misrouted,MSG0005038,recipient_not_ordering,1,
17,P4_result_misrouted,MSG0005038,recipient_not_covering,1,cover=None
17,P2_unread_cc,MSG0005055,message_exists,1,
17,P2_unread_cc,MSG0005055,is_cc,1,
17,P2_unread_cc,MSG0005055,no_access_event,1,accesses=0
17,P2_unread_cc,MSG0005056,message_exists,1,
17,P2_unread_cc,MSG0005056,is_cc,1,
17,P2_unread_cc,MSG0005056,no_access_event,1,accesses=0
17,P2_unread_cc,MSG0005061,message_exists,1,
17,P2_unread_cc,MSG0005061,is_cc,1,
17,P2_unread_cc,MSG0005061,no_access_event,1,accesses=0
17,P2_unread_cc,MSG0005131,message_exists,1,
17,P2_unread_cc,MSG0005131,is_cc,1,
17,P2_unread_cc,MSG0005131,no_access_event,1,accesses=0
17,P2_unread_cc,MSG0005135,message_exists,1,
17,P2_unread_cc,MSG0005135,is_cc,1,
17,P2_unread_cc,MSG0005135,no_access_event,1,accesses=0
17,P2_unread_cc,MSG0005142,message_exists,1,
17,P2_unread_cc,MSG0005142,is_cc,1,
17,P2_unread_cc,MSG0005142,no_access_event,1,accesses=0
17,P2_unread_cc,MSG0005143,message_exists,1,
17,P2_unread_cc,MSG0005143,is_cc,1,
17,P2_unread_cc,MSG0005143,no_access_event,1,accesses=0
17,P2_unread_cc,MSG0005148,message_exists,1,
17,P2_unread_cc,MSG0005148,is_cc,1,
17,P2_unread_cc,MSG0005148,no_access_event,1,accesses=0
17,P3_extended_thread,THR0004945,thread_exists,1,
17,P3_extended_thread,THR0004945,three_or_more_patient_incoming,1,incoming=3
17,P3_extended_thread,THR0004945,four_or_more_message_exchanges,1,in+out=6
17,P3_extended_thread,THR0004945,spans_at_least_3_days,1,span_days=4.84
17,P3_extended_thread,THR0004945,no_visit_between,1,intervening_visits=0
17,P8_nonclinical_misrouted,MSG0005251,message_exists,1,
17,P8_nonclinical_misrouted,MSG0005251,nonclinical_category,1,category=cancellation
17,P8_nonclinical_misrouted,MSG0005251,reaches_provider,1,provider_forwards=1
18,P7_pingpong,MSG0000011,message_exists,1,
18,P7_pingpong,MSG0000011,at_least_two_staff_to_provider_forwards,1,staff_to_provider=2
18,P7_pingpong,MSG0000011,at_least_two_provider_to_staff_forwards,1,provider_to_staff=2
18,P7_pingpong,MSG0000011,two_or_more_round_trips,1,roundtrips=2
18,P2_unread_cc,MSG0000041,message_exists,1,
18,P2_unread_cc,MSG0000041,is_cc,1,
18,P2_unread_cc,MSG0000041,no_access_event,1,accesses=0
18,P2_unread_cc,MSG0000108,message_exists,1,
18,P2_unread_cc,MSG0000108,is_cc,1,
18,P2_unread_cc,MSG0000108,no_access_event,1,accesses=0
18,P2_unread_cc,MSG0000110,message_exists,1,
18,P2_unread_cc,MSG0000110,is_cc,1,
18,P2_unread_cc,MSG0000110,no_access_event,1,accesses=0
18,P2_unread_cc,MSG0000111,message_exists,1,
18,P2_unread_cc,MSG0000111,is_cc,1,
18,P2_unread_cc,MSG0000111,no_access_event,1,accesses=0
18,P2_unread_cc,MSG0000112,message_exists,1,
18,P2_unread_cc,MSG0000112,is_cc,1,
18,P2_unread_cc,MSG0000112,no_access_event,1,accesses=0
18,P2_unread_cc,MSG0000114,message_exists,1,
18,P2_unread_cc,MSG0000114,is_cc,1,
18,P2_unread_cc,MSG0000114,no_access_event,1,accesses=0
18,P2_unread_cc,MSG0000116,message_exists,1,
18,P2_unread_cc,MSG0000116,is_cc,1,
18,P2_unread_cc,MSG0000116,no_access_event,1,accesses=0
18,P2_unread_cc,MSG0000118,message_exists,1,
18,P2_unread_cc,MSG0000118,is_cc,1,
18,P2_unread_cc,MSG0000118,no_access_event,1,accesses=0
18,P2_unread_cc,MSG0000208,message_exists,1,
18,P2_unread_cc,MSG0000208,is_cc,1,
18,P2_unread_cc,MSG0000208,no_access_event,1,accesses=0
18,P2_unread_cc,MSG0000211,message_exists,1,
18,P2_unread_cc,MSG0000211,is_cc,1,
18,P2_unread_cc,MSG0000211,no_access_event,1,accesses=0
18,P2_unread_cc,MSG0000285,message_exists,1,
18,P2_unread_cc,MSG0000285,is_cc,1,
18,P2_unread_cc,MSG0000285,no_access_event,1,accesses=0
18,P2_unread_cc,MSG0000288,message_exists,1,
18,P2_unread_cc,MSG0000288,is_cc,1,
18,P2_unread_cc,MSG0000288,no_access_event,1,accesses=0
18,P2_unread_cc,MSG0000364,message_exists,1,
18,P2_unread_cc,MSG0000364,is_cc,1,
18,P2_unread_cc,MSG0000364,no_access_event,1,accesses=0
18,P2_unread_cc,MSG0000368,message_exists,1,
18,P2_unread_cc,MSG0000368,is_cc,1,
18,P2_unread_cc,MSG0000368,no_access_event,1,accesses=0
18,P3_extended_thread,THR0000386,thread_exists,1,
18,P3_extended_thread,THR0000386,three_or_more_patient_incoming,1,incoming=3
18,P3_extended_thread,THR0000386,four_or_more_message_exchanges,1,in+out=6
18,P3_extended_thread,THR0000386,spans_at_least_3_days,1,span_days=8.69
18,P3_extended_thread,THR0000386,no_visit_between,1,intervening_visits=0
18,P2_unread_cc,MSG0000445,message_exists,1,
18,P2_unread_cc,MSG0000445,is_cc,1,
18,P2_unread_cc,MSG0000445,no_access_event,1,accesses=0
18,P2_unread_cc,MSG0000447,message_exists,1,
18,P2_unread_cc,MSG0000447,is_cc,1,
18,P2_unread_cc,MSG0000447,no_access_event,1,accesses=0
18,P2_unread_cc,MSG0000449,message_exists,1,
18,P2_unread_cc,MSG0000449,is_cc,1,
18,P2_unread_cc,MSG0000449,no_access_event,1,accesses=0
18,P1_thank_you,MSG0000490,message_exists,1,
18,P1_thank_you,MSG0000490,patient_originated_portal_message,1,
18,P1_thank_you,MSG0000490,is_reply_to_prior_outbound,1,
18,P1_thank_you,MSG0000490,thread_ending,1,later_messages=0
18,P1_thank_you,MSG0000490,accessed_and_completed,1,
18,P2_unread_cc,MSG0000533,message_exists,1,
18,P2_unread_cc,MSG0000533,is_cc,1,
18,P2_unread_cc,MSG0000533,no_access_event,1,accesses=0
18,P2_unread_cc,MSG0000535,message_exists,1,
18,P2_unread_cc,MSG0000535,is_cc,1,
18,P2_unread_cc,MSG0000535,no_access_event,1,accesses=0
18,P2_unread_cc,MSG0000599,message_exists,1,
18,P2_unread_cc,MSG0000599,is_cc,1,
18,P2_unread_cc,MSG0000599,no_access_event,1,accesses=0
18,P2_unread_cc,MSG0000600,message_exists,1,
18,P2_unread_cc,MSG0000600,is_cc,1,
18,P2_unread_cc,MSG0000600,no_access_event,1,accesses=0
18,P2_unread_cc,MSG0000603,message_exists,1,
18,P2_unread_cc,MSG0000603,is_cc,1,
18,P2_unread_cc,MSG0000603,no_access_event,1,accesses=0
18,P2_unread_cc,MSG0000605,message_exists,1,
18,P2_unread_cc,MSG0000605,is_cc,1,
18,P2_unread_cc,MSG0000605,no_access_event,1,accesses=0
18,P8_nonclinical_misrouted,MSG0000654,message_exists,1,
18,P8_nonclinical_misrouted,MSG0000654,nonclinical_category,1,category=billing_question
18,P8_nonclinical_misrouted,MSG0000654,reaches_provider,1,provider_forwards=1
18,P2_unread_cc,MSG0000694,message_exists,1,
18,P2_unread_cc,MSG0000694,is_cc,1,
18,P2_unread_cc,MSG0000694,no_access_event,1,accesses=0
18,P2_unread_cc,MSG0000697,message_exists,1,
18,P2_unread_cc,MSG0000697,is_cc,1,
18,P2_unread_cc,MSG0000697,no_access_event,1,accesses=0
18,P2_unread_cc,MSG0000702,message_exists,1,
18,P2_unread_cc,MSG0000702,is_cc,1,
18,P2_unread_cc,MSG0000702,no_access_event,1,accesses=0
18,P2_unread_cc,MSG0000704,message_exists,1,
18,P2_unread_cc,MSG0000704,is_cc,1,
18,P2_unread_cc,MSG0000704,no_access_event,1,accesses=0
18,P4_result_misrouted,MSG0000771,message_exists,1,
18,P4_result_misrouted,MSG0000771,is_result,1,
18,P4_result_misrouted,MSG0000771,recipient_not_ordering,1,
18,P4_result_misrouted,MSG0000771,recipient_not_covering,1,cover=None
18,P2_unread_cc,MSG0000796,message_exists,1,
18,P2_unread_cc,MSG0000796,is_cc,1,
18,P2_unread_cc,MSG0000796,no_access_event,1,accesses=0
18,P2_unread_cc,MSG0000797,message_exists,1,
18,P2_unread_cc,MSG0000797,is_cc,1,
18,P2_unread_cc,MSG0000797,no_access_event,1,accesses=0
18,P2_unread_cc,MSG0000804,message_exists,1,
18,P2_unread_cc,MSG0000804,is_cc,1,
18,P2_unread_cc,MSG0000804,no_access_event,1,accesses=0
18,P4_result_misrouted,MSG0000841,message_exists,1,
18,P4_result_misrouted,MSG0000841,is_result,1,
18,P4_result_misrouted,MSG0000841,recipient_not_ordering,1,
18,P4_result_misrouted,MSG0000841,recipient_not_covering,1,cover=None
18,P2_unread_cc,MSG0000866,message_exists,1,
18,P2_unread_cc,MSG0000866,is_cc,1,
18,P2_unread_cc,MSG0000866,no_access_event,1,accesses=0
18,P2_unread_cc,MSG0000876,message_exists,1,
18,P2_unread_cc,MSG0000876,is_cc,1,
18,P2_unread_cc,MSG0000876,no_access_event,1,accesses=0
18,P2_unread_cc,MSG0000878,message_exists,1,
18,P2_unread_cc,MSG0000878,is_cc,1,
18,P2_unread_cc,MSG0000878,no_access_event,1,accesses=0
18,P4_result_misrouted,MSG0000943,message_exists,1,
18,P4_result_misrouted,MSG0000943,is_result,1,
18,P4_result_misrouted,MSG0000943,recipient_not_ordering,1,
18,P4_result_misrouted,MSG0000943,recipient_not_covering,1,cover=None
18,P2_unread_cc,MSG0000966,message_exists,1,
18,P2_unread_cc,MSG0000966,is_cc,1,
18,P2_unread_cc,MSG0000966,no_access_event,1,accesses=0
18,P2_unread_cc,MSG0000971,message_exists,1,
18,P2_unread_cc,MSG0000971,is_cc,1,
18,P2_unread_cc,MSG0000971,no_access_event,1,accesses=0
18,P2_unread_cc,MSG0001049,message_exists,1,
18,P2_unread_cc,MSG0001049,is_cc,1,
18,P2_unread_cc,MSG0001049,no_access_event,1,accesses=0
18,P7_pingpong,MSG0001081,message_exists,1,
18,P7_pingpong,MSG0001081,at_least_two_staff_to_provider_forwards,1,staff_to_provider=2
18,P7_pingpong,MSG0001081,at_least_two_provider_to_staff_forwards,1,provider_to_staff=2
18,P7_pingpong,MSG0001081,two_or_more_round_trips,1,roundtrips=2
18,P3_extended_thread,THR0001026,thread_exists,1,
18,P3_extended_thread,THR0001026,three_or_more_patient_incoming,1,incoming=3
18,P3_extended_thread,THR0001026,four_or_more_message_exchanges,1,in+out=6
18,P3_extended_thread,THR0001026,spans_at_least_3_days,1,span_days=4.29
18,P3_extended_thread,THR0001026,no_visit_between,1,intervening_visits=0
18,P2_unread_cc,MSG0001129,message_exists,1,
18,P2_unread_cc,MSG0001129,is_cc,1,
18,P2_unread_cc,MSG0001129,no_access_event,1,accesses=0
18,P2_unread_cc,MSG0001136,message_exists,1,
18,P2_unread_cc,MSG0001136,is_cc,1,
18,P2_unread_cc,MSG0001136,no_access_event,1,accesses=0
18,P7_pingpong,MSG0001171,message_exists,1,
18,P7_pingpong,MSG0001171,at_least_two_staff_to_provider_forwards,1,staff_to_provider=2
18,P7_pingpong,MSG0001171,at_least_two_provider_to_staff_forwards,1,provider_to_staff=2
18,P7_pingpong,MSG0001171,two_or_more_round_trips,1,roundtrips=2
18,P4_result_misrouted,MSG0001183,message_exists,1,
18,P4_result_misrouted,MSG0001183,is_result,1,
18,P4_result_misrouted,MSG0001183,recipient_not_ordering,1,
18,P4_result_misrouted,MSG0001183,recipient_not_covering,1,cover=None
18,P2_unread_cc,MSG0001212,message_exists,1,
18,P2_unread_cc,MSG0001212,is_cc,1,
18,P2_unread_cc,MSG0001212,no_access_event,1,accesses=0
18,P2_unread_cc,MSG0001213,message_exists,1,
18,P2_unread_cc,MSG0001213,is_cc,1,
18,P2_unread_cc,MSG0001213,no_access_event,1,accesses=0
18,P3_extended_thread,THR0001185,thread_exists,1,
18,P3_extended_thread,THR0001185,three_or_more_patient_incoming,1,incoming=3
18,P3_extended_thread,THR0001185,four_or_more_message_exchanges,1,in+out=6
18,P3_extended_thread,THR0001185,spans_at_least_3_days,1,span_days=9.05
18,P3_extended_thread,THR0001185,no_visit_between,1,intervening_visits=0
18,P3_extended_thread,THR0001220,thread_exists,1,
18,P3_extended_thread,THR0001220,three_or_more_patient_incoming,1,incoming=3
18,P3_extended_thread,THR0001220,four_or_more_message_exchanges,1,in+out=6
18,P3_extended_thread,THR0001220,spans_at_least_3_days,1,span_days=4.81
18,P3_extended_thread,THR0001220,no_visit_between,1,intervening_visits=0
18,P7_pingpong,MSG0001352,message_exists,1,
18,P7_pingpong,MSG0001352,at_least_two_staff_to_provider_forwards,1,staff_to_provider=2
18,P7_pingpong,MSG0001352,at_least_two_provider_to_staff_forwards,1,provider_to_staff=2
18,P7_pingpong,MSG0001352,two_or_more_round_trips,1,roundtrips=2
18,P3_extended_thread,THR0001259,thread_exists,1,
18,P3_extended_thread,THR0001259,three_or_more_patient_incoming,1,incoming=3
18,P3_extended_thread,THR0001259,four_or_more_message_exchanges,1,in+out=7
18,P3_extended_thread,THR0001259,spans_at_least_3_days,1,span_days=8.95
18,P3_extended_thread,THR0001259,no_visit_between,1,intervening_visits=0
18,P2_unread_cc,MSG0001393,message_exists,1,
18,P2_unread_cc,MSG0001393,is_cc,1,
18,P2_unread_cc,MSG0001393,no_access_event,1,accesses=0
18,P2_unread_cc,MSG0001394,message_exists,1,
18,P2_unread_cc,MSG0001394,is_cc,1,
18,P2_unread_cc,MSG0001394,no_access_event,1,accesses=0
18,P2_unread_cc,MSG0001397,message_exists,1,
18,P2_unread_cc,MSG0001397,is_cc,1,
18,P2_unread_cc,MSG0001397,no_access_event,1,accesses=0
18,P2_unread_cc,MSG0001398,message_exists,1,
18,P2_unread_cc,MSG0001398,is_cc,1,
18,P2_unread_cc,MSG0001398,no_access_event,1,accesses=0
18,P2_unread_cc,MSG0001400,message_exists,1,
18,P2_unread_cc,MSG0001400,is_cc,1,
18,P2_unread_cc,MSG0001400,no_access_event,1,accesses=0
18,P7_pingpong,MSG0001439,message_exists,1,
18,P7_pingpong,MSG0001439,at_least_two_staff_to_provider_forwards,1,staff_to_provider=2
18,P7_pingpong,MSG0001439,at_least_two_provider_to_staff_forwards,1,provider_to_staff=2
18,P7_pingpong,MSG0001439,two_or_more_round_trips,1,roundtrips=2
18,P4_result_misrouted,MSG0001446,message_exists,1,
18,P4_result_misrouted,MSG0001446,is_result,1,
18,P4_result_misrouted,MSG0001446,recipient_not_ordering,1,
18,P4_result_misrouted,MSG0001446,recipient_not_covering,1,cover=None
18,P2_unread_cc,MSG0001475,message_exists,1,
18,P2_unread_cc,MSG0001475,is_cc,1,
18,P2_unread_cc,MSG0001475,no_access_event,1,accesses=0
18,P2_unread_cc,MSG0001477,message_exists,1,
18,P2_unread_cc,MSG0001477,is_cc,1,
18,P2_unread_cc,MSG0001477,no_access_event,1,accesses=0
18,P2_unread_cc,MSG0001478,message_exists,1,
18,P2_unread_cc,MSG0001478,is_cc,1,
18,P2_unread_cc,MSG0001478,no_access_event,1,accesses=0
18,P2_unread_cc,MSG0001479,message_exists,1,
18,P2_unread_cc,MSG0001479,is_cc,1,
18,P2_unread_cc,MSG0001479,no_access_event,1,accesses=0
18,P2_unread_cc,MSG0001481,message_exists,1,
18,P2_unread_cc,MSG0001481,is_cc,1,
18,P2_unread_cc,MSG0001481,no_access_event,1,accesses=0
18,P2_unread_cc,MSG0001483,message_exists,1,
18,P2_unread_cc,MSG0001483,is_cc,1,
18,P2_unread_cc,MSG0001483,no_access_event,1,accesses=0
18,P2_unread_cc,MSG0001485,message_exists,1,
18,P2_unread_cc,MSG0001485,is_cc,1,
18,P2_unread_cc,MSG0001485,no_access_event,1,accesses=0
18,P7_pingpong,MSG0001527,message_exists,1,
18,P7_pingpong,MSG0001527,at_least_two_staff_to_provider_forwards,1,staff_to_provider=2
18,P7_pingpong,MSG0001527,at_least_two_provider_to_staff_forwards,1,provider_to_staff=2
18,P7_pingpong,MSG0001527,two_or_more_round_trips,1,roundtrips=2
18,P3_extended_thread,THR0001422,thread_exists,1,
18,P3_extended_thread,THR0001422,three_or_more_patient_incoming,1,incoming=3
18,P3_extended_thread,THR0001422,four_or_more_message_exchanges,1,in+out=6
18,P3_extended_thread,THR0001422,spans_at_least_3_days,1,span_days=7.58
18,P3_extended_thread,THR0001422,no_visit_between,0,intervening_visits=1
18,P2_unread_cc,MSG0001576,message_exists,1,
18,P2_unread_cc,MSG0001576,is_cc,1,
18,P2_unread_cc,MSG0001576,no_access_event,1,accesses=0
18,P2_unread_cc,MSG0001587,message_exists,1,
18,P2_unread_cc,MSG0001587,is_cc,1,
18,P2_unread_cc,MSG0001587,no_access_event,1,accesses=0
18,P3_extended_thread,THR0001509,thread_exists,1,
18,P3_extended_thread,THR0001509,three_or_more_patient_incoming,1,incoming=3
18,P3_extended_thread,THR0001509,four_or_more_message_exchanges,1,in+out=6
18,P3_extended_thread,THR0001509,spans_at_least_3_days,1,span_days=6.49
18,P3_extended_thread,THR0001509,no_visit_between,1,intervening_visits=0
18,P7_pingpong,MSG0001630,message_exists,1,
18,P7_pingpong,MSG0001630,at_least_two_staff_to_provider_forwards,1,staff_to_provider=2
18,P7_pingpong,MSG0001630,at_least_two_provider_to_staff_forwards,1,provider_to_staff=2
18,P7_pingpong,MSG0001630,two_or_more_round_trips,1,roundtrips=2
18,P2_unread_cc,MSG0001667,message_exists,1,
18,P2_unread_cc,MSG0001667,is_cc,1,
18,P2_unread_cc,MSG0001667,no_access_event,1,accesses=0
18,P2_unread_cc,MSG0001669,message_exists,1,
18,P2_unread_cc,MSG0001669,is_cc,1,
18,P2_unread_cc,MSG0001669,no_access_event,1,accesses=0
18,P2_unread_cc,MSG0001671,message_exists,1,
18,P2_unread_cc,MSG0001671,is_cc,1,
18,P2_unread_cc,MSG0001671,no_access_event,1,accesses=0
18,P2_unread_cc,MSG0001674,message_exists,1,
18,P2_unread_cc,MSG0001674,is_cc,1,
18,P2_unread_cc,MSG0001674,no_access_event,1,accesses=0
18,P2_unread_cc,MSG0001735,message_exists,1,
18,P2_unread_cc,MSG0001735,is_cc,1,
18,P2_unread_cc,MSG0001735,no_access_event,1,accesses=0
18,P2_unread_cc,MSG0001738,message_exists,1,
18,P2_unread_cc,MSG0001738,is_cc,1,
18,P2_unread_cc,MSG0001738,no_access_event,1,accesses=0
18,P2_unread_cc,MSG0001795,message_exists,1,
18,P2_unread_cc,MSG0001795,is_cc,1,
18,P2_unread_cc,MSG0001795,no_access_event,1,accesses=0
18,P2_unread_cc,MSG0001798,message_exists,1,
18,P2_unread_cc,MSG0001798,is_cc,1,
18,P2_unread_cc,MSG0001798,no_access_event,1,accesses=0
18,P2_unread_cc,MSG0001800,message_exists,1,
18,P2_unread_cc,MSG0001800,is_cc,1,
18,P2_unread_cc,MSG0001800,no_access_event,1,accesses=0
18,P2_unread_cc,MSG0001801,message_exists,1,
18,P2_unread_cc,MSG0001801,is_cc,1,
18,P2_unread_cc,MSG0001801,no_access_event,1,accesses=0
18,P2_unread_cc,MSG0001802,message_exists,1,
18,P2_unread_cc,MSG0001802,is_cc,1,
18,P2_unread_cc,MSG0001802,no_access_event,1,accesses=0
18,P1_thank_you,MSG0001847,message_exists,1,
18,P1_thank_you,MSG0001847,patient_originated_portal_message,1,
18,P1_thank_you,MSG0001847,is_reply_to_prior_outbound,1,
18,P1_thank_you,MSG0001847,thread_ending,1,later_messages=0
18,P1_thank_you,MSG0001847,accessed_and_completed,1,
18,P4_result_misrouted,MSG0001851,message_exists,1,
18,P4_result_misrouted,MSG0001851,is_result,1,
18,P4_result_misrouted,MSG0001851,recipient_not_ordering,1,
18,P4_result_misrouted,MSG0001851,recipient_not_covering,1,cover=None
18,P2_unread_cc,MSG0001881,message_exists,1,
18,P2_unread_cc,MSG0001881,is_cc,1,
18,P2_unread_cc,MSG0001881,no_access_event,1,accesses=0
18,P2_unread_cc,MSG0001886,message_exists,1,
18,P2_unread_cc,MSG0001886,is_cc,1,
18,P2_unread_cc,MSG0001886,no_access_event,1,accesses=0
18,P8_nonclinical_misrouted,MSG0001924,message_exists,1,
18,P8_nonclinical_misrouted,MSG0001924,nonclinical_category,1,category=cancellation
18,P8_nonclinical_misrouted,MSG0001924,reaches_provider,1,provider_forwards=1
18,P2_unread_cc,MSG0001953,message_exists,1,
18,P2_unread_cc,MSG0001953,is_cc,1,
18,P2_unread_cc,MSG0001953,no_access_event,1,accesses=0
18,P2_unread_cc,MSG0001954,message_exists,1,
18,P2_unread_cc,MSG0001954,is_cc,1,
18,P2_unread_cc,MSG0001954,no_access_event,1,accesses=0
18,P2_unread_cc,MSG0002036,message_exists,1,
18,P2_unread_cc,MSG0002036,is_cc,1,
18,P2_unread_cc,MSG0002036,no_access_event,1,accesses=0
18,P2_unread_cc,MSG0002040,message_exists,1,
18,P2_unread_cc,MSG0002040,is_cc,1,
18,P2_unread_cc,MSG0002040,no_access_event,1,accesses=0
18,P7_pingpong,MSG0002068,message_exists,1,
18,P7_pingpong,MSG0002068,at_least_two_staff_to_provider_forwards,1,staff_to_provider=2
18,P7_pingpong,MSG0002068,at_least_two_provider_to_staff_forwards,1,provider_to_staff=2
18,P7_pingpong,MSG0002068,two_or_more_round_trips,1,roundtrips=2
18,P2_unread_cc,MSG0002108,message_exists,1,
18,P2_unread_cc,MSG0002108,is_cc,1,
18,P2_unread_cc,MSG0002108,no_access_event,1,accesses=0
18,P2_unread_cc,MSG0002109,message_exists,1,
18,P2_unread_cc,MSG0002109,is_cc,1,
18,P2_unread_cc,MSG0002109,no_access_event,1,accesses=0
18,P2_unread_cc,MSG0002115,message_exists,1,
18,P2_unread_cc,MSG0002115,is_cc,1,
18,P2_unread_cc,MSG0002115,no_access_event,1,accesses=0
18,P2_unread_cc,MSG0002117,message_exists,1,
18,P2_unread_cc,MSG0002117,is_cc,1,
18,P2_unread_cc,MSG0002117,no_access_event,1,accesses=0
18,P2_unread_cc,MSG0002200,message_exists,1,
18,P2_unread_cc,MSG0002200,is_cc,1,
18,P2_unread_cc,MSG0002200,no_access_event,1,accesses=0
18,P7_pingpong,MSG0002231,message_exists,1,
18,P7_pingpong,MSG0002231,at_least_two_staff_to_provider_forwards,1,staff_to_provider=2
18,P7_pingpong,MSG0002231,at_least_two_provider_to_staff_forwards,1,provider_to_staff=2
18,P7_pingpong,MSG0002231,two_or_more_round_trips,1,roundtrips=2
18,P1_thank_you,MSG0002235,message_exists,1,
18,P1_thank_you,MSG0002235,patient_originated_portal_message,1,
18,P1_thank_you,MSG0002235,is_reply_to_prior_outbound,1,
18,P1_thank_you,MSG0002235,thread_ending,1,later_messages=0
18,P1_thank_you,MSG0002235,accessed_and_completed,1,
18,P4_result_misrouted,MSG0002258,message_exists,1,
18,P4_result_misrouted,MSG0002258,is_result,1,
18,P4_result_misrouted,MSG0002258,recipient_not_ordering,1,
18,P4_result_misrouted,MSG0002258,recipient_not_covering,1,cover=None
18,P2_unread_cc,MSG0002281,message_exists,1,
18,P2_unread_cc,MSG0002281,is_cc,1,
18,P2_unread_cc,MSG0002281,no_access_event,1,accesses=0
18,P2_unread_cc,MSG0002282,message_exists,1,
18,P2_unread_cc,MSG0002282,is_cc,1,
18,P2_unread_cc,MSG0002282,no_access_event,1,accesses=0
18,P2_unread_cc,MSG0002283,message_exists,1,
18,P2_unread_cc,MSG0002283,is_cc,1,
18,P2_unread_cc,MSG0002283,no_access_event,1,accesses=0
18,P2_unread_cc,MSG0002284,message_exists,1,
18,P2_unread_cc,MSG0002284,is_cc,1,
18,P2_unread_cc,MSG0002284,no_access_event,1,accesses=0
18,P2_unread_cc,MSG0002285,message_exists,1,
18,P2_unread_cc,MSG0002285,is_cc,1,
18,P2_unread_cc,MSG0002285,no_access_event,1,accesses=0
18,P2_unread_cc,MSG0002286,message_exists,1,
18,P2_unread_cc,MSG0002286,is_cc,1,
18,P2_unread_cc,MSG0002286,no_access_event,1,accesses=0
18,P2_unread_cc,MSG0002354,message_exists,1,
18,P2_unread_cc,MSG0002354,is_cc,1,
18,P2_unread_cc,MSG0002354,no_access_event,1,accesses=0
18,P2_unread_cc,MSG0002356,message_exists,1,
18,P2_unread_cc,MSG0002356,is_cc,1,
18,P2_unread_cc,MSG0002356,no_access_event,1,accesses=0
18,P7_pingpong,MSG0002388,message_exists,1,
18,P7_pingpong,MSG0002388,at_least_two_staff_to_provider_forwards,1,staff_to_provider=2
18,P7_pingpong,MSG0002388,at_least_two_provider_to_staff_forwards,1,provider_to_staff=2
18,P7_pingpong,MSG0002388,two_or_more_round_trips,1,roundtrips=2
18,P7_pingpong,MSG0002390,message_exists,1,
18,P7_pingpong,MSG0002390,at_least_two_staff_to_provider_forwards,1,staff_to_provider=2
18,P7_pingpong,MSG0002390,at_least_two_provider_to_staff_forwards,1,provider_to_staff=2
18,P7_pingpong,MSG0002390,two_or_more_round_trips,1,roundtrips=2
18,P2_unread_cc,MSG0002433,message_exists,1,
18,P2_unread_cc,MSG0002433,is_cc,1,
18,P2_unread_cc,MSG0002433,no_access_event,1,accesses=0
18,P2_unread_cc,MSG0002436,message_exists,1,
18,P2_unread_cc,MSG0002436,is_cc,1,
18,P2_unread_cc,MSG0002436,no_access_event,1,accesses=0
18,P2_unread_cc,MSG0002439,message_exists,1,
18,P2_unread_cc,MSG0002439,is_cc,1,
18,P2_unread_cc,MSG0002439,no_access_event,1,accesses=0
18,P4_result_misrouted,MSG0002482,message_exists,1,
18,P4_result_misrouted,MSG0002482,is_result,1,
18,P4_result_misrouted,MSG0002482,recipient_not_ordering,1,
18,P4_result_misrouted,MSG0002482,recipient_not_covering,1,cover=None
18,P2_unread_cc,MSG0002514,message_exists,1,
18,P2_unread_cc,MSG0002514,is_cc,1,
18,P2_unread_cc,MSG0002514,no_access_event,1,accesses=0
18,P2_unread_cc,MSG0002520,message_exists,1,
18,P2_unread_cc,MSG0002520,is_cc,1,
18,P2_unread_cc,MSG0002520,no_access_event,1,accesses=0
18,P2_unread_cc,MSG0002521,message_exists,1,
18,P2_unread_cc,MSG0002521,is_cc,1,
18,P2_unread_cc,MSG0002521,no_access_event,1,accesses=0
18,P8_nonclinical_misrouted,MSG0002639,message_exists,1,
18,P8_nonclinical_misrouted,MSG0002639,nonclinical_category,1,category=billing_question
18,P8_nonclinical_misrouted,MSG0002639,reaches_provider,1,provider_forwards=1
18,P4_result_misrouted,MSG0002653,message_exists,1,
18,P4_result_misrouted,MSG0002653,is_result,1,
18,P4_result_misrouted,MSG0002653,recipient_not_ordering,1,
18,P4_result_misrouted,MSG0002653,recipient_not_covering,1,cover=None
18,P4_result_misrouted,MSG0002686,message_exists,1,
18,P4_result_misrouted,MSG0002686,is_result,1,
18,P4_result_misrouted,MSG0002686,recipient_not_ordering,1,
18,P4_result_misrouted,MSG0002686,recipient_not_covering,1,cover=None
18,P2_unread_cc,MSG0002715,message_exists,1,
18,P2_unread_cc,MSG0002715,is_cc,1,
18,P2_unread_cc,MSG0002715,no_access_event,1,accesses=0
18,P2_unread_cc,MSG0002716,message_exists,1,
18,P2_unread_cc,MSG0002716,is_cc,1,
18,P2_unread_cc,MSG0002716,no_access_event,1,accesses=0
18,P4_result_misrouted,MSG0002760,message_exists,1,
18,P4_result_misrouted,MSG0002760,is_result,1,
18,P4_result_misrouted,MSG0002760,recipient_not_ordering,1,
18,P4_result_misrouted,MSG0002760,recipient_not_covering,1,cover=None
18,P2_unread_cc,MSG0002784,message_exists,1,
18,P2_unread_cc,MSG0002784,is_cc,1,
18,P2_unread_cc,MSG0002784,no_access_event,1,accesses=0
18,P2_unread_cc,MSG0002785,message_exists,1,
18,P2_unread_cc,MSG0002785,is_cc,1,
18,P2_unread_cc,MSG0002785,no_access_event,1,accesses=0
18,P2_unread_cc,MSG0002786,message_exists,1,
18,P2_unread_cc,MSG0002786,is_cc,1,
18,P2_unread_cc,MSG0002786,no_access_event,1,accesses=0
18,P2_unread_cc,MSG0002855,message_exists,1,
18,P2_unread_cc,MSG0002855,is_cc,1,
18,P2_unread_cc,MSG0002855,no_access_event,1,accesses=0
18,P2_unread_cc,MSG0002857,message_exists,1,
18,P2_unread_cc,MSG0002857,is_cc,1,
18,P2_unread_cc,MSG0002857,no_access_event,1,accesses=0
18,P4_result_misrouted,MSG0002905,message_exists,1,
18,P4_result_misrouted,MSG0002905,is_result,1,
18,P4_result_misrouted,MSG0002905,recipient_not_ordering,1,
18,P4_result_misrouted,MSG0002905,recipient_not_covering,1,cover=None
18,P2_unread_cc,MSG0002932,message_exists,1,
18,P2_unread_cc,MSG0002932,is_cc,1,
18,P2_unread_cc,MSG0002932,no_access_event,1,accesses=0
18,P2_unread_cc,MSG0002934,message_exists,1,
18,P2_unread_cc,MSG0002934,is_cc,1,
18,P2_unread_cc,MSG0002934,no_access_event,1,accesses=0
18,P2_unread_cc,MSG0002937,message_exists,1,
18,P2_unread_cc,MSG0002937,is_cc,1,
18,P2_unread_cc,MSG0002937,no_access_event,1,accesses=0
18,P2_unread_cc,MSG0002938,message_exists,1,
18,P2_unread_cc,MSG0002938,is_cc,1,
18,P2_unread_cc,MSG0002938,no_access_event,1,accesses=0
18,P7_pingpong,MSG0002980,message_exists,1,
18,P7_pingpong,MSG0002980,at_least_two_staff_to_provider_forwards,1,staff_to_provider=2
18,P7_pingpong,MSG0002980,at_least_two_provider_to_staff_forwards,1,provider_to_staff=2
18,P7_pingpong,MSG0002980,two_or_more_round_trips,1,roundtrips=2
18,P7_pingpong,MSG0002981,message_exists,1,
18,P7_pingpong,MSG0002981,at_least_two_staff_to_provider_forwards,1,staff_to_provider=2
18,P7_pingpong,MSG0002981,at_least_two_provider_to_staff_forwards,1,provider_to_staff=2
18,P7_pingpong,MSG0002981,two_or_more_round_trips,1,roundtrips=2
18,P4_result_misrouted,MSG0002997,message_exists,1,
18,P4_result_misrouted,MSG0002997,is_result,1,
18,P4_result_misrouted,MSG0002997,recipient_not_ordering,1,
18,P4_result_misrouted,MSG0002997,recipient_not_covering,1,cover=None
18,P2_unread_cc,MSG0003027,message_exists,1,
18,P2_unread_cc,MSG0003027,is_cc,1,
18,P2_unread_cc,MSG0003027,no_access_event,1,accesses=0
18,P8_nonclinical_misrouted,MSG0003055,message_exists,1,
18,P8_nonclinical_misrouted,MSG0003055,nonclinical_category,1,category=appointment_request
18,P8_nonclinical_misrouted,MSG0003055,reaches_provider,1,provider_forwards=1
18,P2_unread_cc,MSG0003088,message_exists,1,
18,P2_unread_cc,MSG0003088,is_cc,1,
18,P2_unread_cc,MSG0003088,no_access_event,1,accesses=0
18,P2_unread_cc,MSG0003091,message_exists,1,
18,P2_unread_cc,MSG0003091,is_cc,1,
18,P2_unread_cc,MSG0003091,no_access_event,1,accesses=0
18,P2_unread_cc,MSG0003175,message_exists,1,
18,P2_unread_cc,MSG0003175,is_cc,1,
18,P2_unread_cc,MSG0003175,no_access_event,1,accesses=0
18,P7_pingpong,MSG0003213,message_exists,1,
18,P7_pingpong,MSG0003213,at_least_two_staff_to_provider_forwards,1,staff_to_provider=2
18,P7_pingpong,MSG0003213,at_least_two_provider_to_staff_forwards,1,provider_to_staff=2
18,P7_pingpong,MSG0003213,two_or_more_round_trips,1,roundtrips=2
18,P2_unread_cc,MSG0003266,message_exists,1,
18,P2_unread_cc,MSG0003266,is_cc,1,
18,P2_unread_cc,MSG0003266,no_access_event,1,accesses=0
18,P4_result_misrouted,MSG0003305,message_exists,1,
18,P4_result_misrouted,MSG0003305,is_result,1,
18,P4_result_misrouted,MSG0003305,recipient_not_ordering,1,
18,P4_result_misrouted,MSG0003305,recipient_not_covering,1,cover=None
18,P2_unread_cc,MSG0003411,message_exists,1,
18,P2_unread_cc,MSG0003411,is_cc,1,
18,P2_unread_cc,MSG0003411,no_access_event,1,accesses=0
18,P2_unread_cc,MSG0003416,message_exists,1,
18,P2_unread_cc,MSG0003416,is_cc,1,
18,P2_unread_cc,MSG0003416,no_access_event,1,accesses=0
18,P2_unread_cc,MSG0003423,message_exists,1,
18,P2_unread_cc,MSG0003423,is_cc,1,
18,P2_unread_cc,MSG0003423,no_access_event,1,accesses=0
18,P4_result_misrouted,MSG0003488,message_exists,1,
18,P4_result_misrouted,MSG0003488,is_result,1,
18,P4_result_misrouted,MSG0003488,recipient_not_ordering,1,
18,P4_result_misrouted,MSG0003488,recipient_not_covering,1,cover=None
18,P2_unread_cc,MSG0003506,message_exists,1,
18,P2_unread_cc,MSG0003506,is_cc,1,
18,P2_unread_cc,MSG0003506,no_access_event,1,accesses=0
18,P2_unread_cc,MSG0003513,message_exists,1,
18,P2_unread_cc,MSG0003513,is_cc,1,
18,P2_unread_cc,MSG0003513,no_access_event,1,accesses=0
18,P4_result_misrouted,MSG0003553,message_exists,1,
18,P4_result_misrouted,MSG0003553,is_result,1,
18,P4_result_misrouted,MSG0003553,recipient_not_ordering,1,
18,P4_result_misrouted,MSG0003553,recipient_not_covering,1,cover=None
18,P2_unread_cc,MSG0003591,message_exists,1,
18,P2_unread_cc,MSG0003591,is_cc,1,
18,P2_unread_cc,MSG0003591,no_access_event,1,accesses=0
18,P2_unread_cc,MSG0003596,message_exists,1,
18,P2_unread_cc,MSG0003596,is_cc,1,
18,P2_unread_cc,MSG0003596,no_access_event,1,accesses=0
18,P2_unread_cc,MSG0003600,message_exists,1,
18,P2_unread_cc,MSG0003600,is_cc,1,
18,P2_unread_cc,MSG0003600,no_access_event,1,accesses=0
18,P1_thank_you,MSG0003632,message_exists,1,
18,P1_thank_you,MSG0003632,patient_originated_portal_message,1,
18,P1_thank_you,MSG0003632,is_reply_to_prior_outbound,1,
18,P1_thank_you,MSG0003632,thread_ending,1,later_messages=0
18,P1_thank_you,MSG0003632,accessed_and_completed,1,
18,P2_unread_cc,MSG0003676,message_exists,1,
18,P2_unread_cc,MSG0003676,is_cc,1,
18,P2_unread_cc,MSG0003676,no_access_event,1,accesses=0
18,P3_extended_thread,THR0003484,thread_exists,1,
18,P3_extended_thread,THR0003484,three_or_more_patient_incoming,1,incoming=3
18,P3_extended_thread,THR0003484,four_or_more_message_exchanges,1,in+out=7
18,P3_extended_thread,THR0003484,spans_at_least_3_days,1,span_days=9.79
18,P3_extended_thread,THR0003484,no_visit_between,1,intervening_visits=0
18,P2_unread_cc,MSG0003762,message_exists,1,
18,P2_unread_cc,MSG0003762,is_cc,1,
18,P2_unread_cc,MSG0003762,no_access_event,1,accesses=0
18,P2_unread_cc,MSG0003770,message_exists,1,
18,P2_unread_cc,MSG0003770,is_cc,1,
18,P2_unread_cc,MSG0003770,no_access_event,1,accesses=0
18,P2_unread_cc,MSG0003831,message_exists,1,
18,P2_unread_cc,MSG0003831,is_cc,1,
18,P2_unread_cc,MSG0003831,no_access_event,1,accesses=0
18,P2_unread_cc,MSG0003838,message_exists,1,
18,P2_unread_cc,MSG0003838,is_cc,1,
18,P2_unread_cc,MSG0003838,no_access_event,1,accesses=0
18,P2_unread_cc,MSG0003840,message_exists,1,
18,P2_unread_cc,MSG0003840,is_cc,1,
18,P2_unread_cc,MSG0003840,no_access_event,1,accesses=0
18,P7_pingpong,MSG0003867,message_exists,1,
18,P7_pingpong,MSG0003867,at_least_two_staff_to_provider_forwards,1,staff_to_provider=2
18,P7_pingpong,MSG0003867,at_least_two_provider_to_staff_forwards,1,provider_to_staff=2
18,P7_pingpong,MSG0003867,two_or_more_round_trips,1,roundtrips=2
18,P1_thank_you,MSG0003918,message_exists,1,
18,P1_thank_you,MSG0003918,patient_originated_portal_message,1,
18,P1_thank_you,MSG0003918,is_reply_to_prior_outbound,1,
18,P1_thank_you,MSG0003918,thread_ending,1,later_messages=0
18,P1_thank_you,MSG0003918,accessed_and_completed,1,
18,P8_nonclinical_misrouted,MSG0003933,message_exists,1,
18,P8_nonclinical_misrouted,MSG0003933,nonclinical_category,1,category=billing_question
18,P8_nonclinical_misrouted,MSG0003933,reaches_provider,1,provider_forwards=1
18,P4_result_misrouted,MSG0003972,message_exists,1,
18,P4_result_misrouted,MSG0003972,is_result,1,
18,P4_result_misrouted,MSG0003972,recipient_not_ordering,1,
18,P4_result_misrouted,MSG0003972,recipient_not_covering,1,cover=None
18,P2_unread_cc,MSG0003990,message_exists,1,
18,P2_unread_cc,MSG0003990,is_cc,1,
18,P2_unread_cc,MSG0003990,no_access_event,1,accesses=0
18,P2_unread_cc,MSG0004063,message_exists,1,
18,P2_unread_cc,MSG0004063,is_cc,1,
18,P2_unread_cc,MSG0004063,no_access_event,1,accesses=0
18,P2_unread_cc,MSG0004066,message_exists,1,
18,P2_unread_cc,MSG0004066,is_cc,1,
18,P2_unread_cc,MSG0004066,no_access_event,1,accesses=0
18,P2_unread_cc,MSG0004067,message_exists,1,
18,P2_unread_cc,MSG0004067,is_cc,1,
18,P2_unread_cc,MSG0004067,no_access_event,1,accesses=0
18,P2_unread_cc,MSG0004068,message_exists,1,
18,P2_unread_cc,MSG0004068,is_cc,1,
18,P2_unread_cc,MSG0004068,no_access_event,1,accesses=0
18,P3_extended_thread,THR0003838,thread_exists,1,
18,P3_extended_thread,THR0003838,three_or_more_patient_incoming,1,incoming=3
18,P3_extended_thread,THR0003838,four_or_more_message_exchanges,1,in+out=6
18,P3_extended_thread,THR0003838,spans_at_least_3_days,1,span_days=9.74
18,P3_extended_thread,THR0003838,no_visit_between,1,intervening_visits=0
18,P3_extended_thread,THR0003839,thread_exists,1,
18,P3_extended_thread,THR0003839,three_or_more_patient_incoming,1,incoming=3
18,P3_extended_thread,THR0003839,four_or_more_message_exchanges,1,in+out=6
18,P3_extended_thread,THR0003839,spans_at_least_3_days,1,span_days=8.41
18,P3_extended_thread,THR0003839,no_visit_between,0,intervening_visits=1
18,P4_result_misrouted,MSG0004123,message_exists,1,
18,P4_result_misrouted,MSG0004123,is_result,1,
18,P4_result_misrouted,MSG0004123,recipient_not_ordering,1,
18,P4_result_misrouted,MSG0004123,recipient_not_covering,1,cover=None
18,P2_unread_cc,MSG0004147,message_exists,1,
18,P2_unread_cc,MSG0004147,is_cc,1,
18,P2_unread_cc,MSG0004147,no_access_event,1,accesses=0
18,P2_unread_cc,MSG0004151,message_exists,1,
18,P2_unread_cc,MSG0004151,is_cc,1,
18,P2_unread_cc,MSG0004151,no_access_event,1,accesses=0
18,P2_unread_cc,MSG0004223,message_exists,1,
18,P2_unread_cc,MSG0004223,is_cc,1,
18,P2_unread_cc,MSG0004223,no_access_event,1,accesses=0
18,P2_unread_cc,MSG0004224,message_exists,1,
18,P2_unread_cc,MSG0004224,is_cc,1,
18,P2_unread_cc,MSG0004224,no_access_event,1,accesses=0
18,P2_unread_cc,MSG0004225,message_exists,1,
18,P2_unread_cc,MSG0004225,is_cc,1,
18,P2_unread_cc,MSG0004225,no_access_event,1,accesses=0
18,P2_unread_cc,MSG0004303,message_exists,1,
18,P2_unread_cc,MSG0004303,is_cc,1,
18,P2_unread_cc,MSG0004303,no_access_event,1,accesses=0
18,P2_unread_cc,MSG0004306,message_exists,1,
18,P2_unread_cc,MSG0004306,is_cc,1,
18,P2_unread_cc,MSG0004306,no_access_event,1,accesses=0
18,P2_unread_cc,MSG0004307,message_exists,1,
18,P2_unread_cc,MSG0004307,is_cc,1,
18,P2_unread_cc,MSG0004307,no_access_event,1,accesses=0
18,P2_unread_cc,MSG0004367,message_exists,1,
18,P2_unread_cc,MSG0004367,is_cc,1,
18,P2_unread_cc,MSG0004367,no_access_event,1,accesses=0
18,P2_unread_cc,MSG0004441,message_exists,1,
18,P2_unread_cc,MSG0004441,is_cc,1,
18,P2_unread_cc,MSG0004441,no_access_event,1,accesses=0
18,P2_unread_cc,MSG0004448,message_exists,1,
18,P2_unread_cc,MSG0004448,is_cc,1,
18,P2_unread_cc,MSG0004448,no_access_event,1,accesses=0
18,P2_unread_cc,MSG0004454,message_exists,1,
18,P2_unread_cc,MSG0004454,is_cc,1,
18,P2_unread_cc,MSG0004454,no_access_event,1,accesses=0
18,P2_unread_cc,MSG0004457,message_exists,1,
18,P2_unread_cc,MSG0004457,is_cc,1,
18,P2_unread_cc,MSG0004457,no_access_event,1,accesses=0
18,P4_result_misrouted,MSG0004516,message_exists,1,
18,P4_result_misrouted,MSG0004516,is_result,1,
18,P4_result_misrouted,MSG0004516,recipient_not_ordering,1,
18,P4_result_misrouted,MSG0004516,recipient_not_covering,1,cover=None
18,P2_unread_cc,MSG0004528,message_exists,1,
18,P2_unread_cc,MSG0004528,is_cc,1,
18,P2_unread_cc,MSG0004528,no_access_event,1,accesses=0
18,P2_unread_cc,MSG0004538,message_exists,1,
18,P2_unread_cc,MSG0004538,is_cc,1,
18,P2_unread_cc,MSG0004538,no_access_event,1,accesses=0
18,P1_thank_you,MSG0004561,message_exists,1,
18,P1_thank_you,MSG0004561,patient_originated_portal_message,1,
18,P1_thank_you,MSG0004561,is_reply_to_prior_outbound,1,
18,P1_thank_you,MSG0004561,thread_ending,1,later_messages=0
18,P1_thank_you,MSG0004561,accessed_and_completed,1,
18,P4_result_misrouted,MSG0004573,message_exists,1,
18,P4_result_misrouted,MSG0004573,is_result,1,
18,P4_result_misrouted,MSG0004573,recipient_not_ordering,1,
18,P4_result_misrouted,MSG0004573,recipient_not_covering,1,cover=None
18,P2_unread_cc,MSG0004595,message_exists,1,
18,P2_unread_cc,MSG0004595,is_cc,1,
18,P2_unread_cc,MSG0004595,no_access_event,1,accesses=0
18,P2_unread_cc,MSG0004598,message_exists,1,
18,P2_unread_cc,MSG0004598,is_cc,1,
18,P2_unread_cc,MSG0004598,no_access_event,1,accesses=0
18,P2_unread_cc,MSG0004600,message_exists,1,
18,P2_unread_cc,MSG0004600,is_cc,1,
18,P2_unread_cc,MSG0004600,no_access_event,1,accesses=0
18,P2_unread_cc,MSG0004603,message_exists,1,
18,P2_unread_cc,MSG0004603,is_cc,1,
18,P2_unread_cc,MSG0004603,no_access_event,1,accesses=0
18,P2_unread_cc,MSG0004605,message_exists,1,
18,P2_unread_cc,MSG0004605,is_cc,1,
18,P2_unread_cc,MSG0004605,no_access_event,1,accesses=0
18,P4_result_misrouted,MSG0004641,message_exists,1,
18,P4_result_misrouted,MSG0004641,is_result,1,
18,P4_result_misrouted,MSG0004641,recipient_not_ordering,1,
18,P4_result_misrouted,MSG0004641,recipient_not_covering,1,cover=None
18,P2_unread_cc,MSG0004670,message_exists,1,
18,P2_unread_cc,MSG0004670,is_cc,1,
18,P2_unread_cc,MSG0004670,no_access_event,1,accesses=0
18,P2_unread_cc,MSG0004671,message_exists,1,
18,P2_unread_cc,MSG0004671,is_cc,1,
18,P2_unread_cc,MSG0004671,no_access_event,1,accesses=0
18,P2_unread_cc,MSG0004673,message_exists,1,
18,P2_unread_cc,MSG0004673,is_cc,1,
18,P2_unread_cc,MSG0004673,no_access_event,1,accesses=0
18,P2_unread_cc,MSG0004757,message_exists,1,
18,P2_unread_cc,MSG0004757,is_cc,1,
18,P2_unread_cc,MSG0004757,no_access_event,1,accesses=0
18,P2_unread_cc,MSG0004760,message_exists,1,
18,P2_unread_cc,MSG0004760,is_cc,1,
18,P2_unread_cc,MSG0004760,no_access_event,1,accesses=0
18,P2_unread_cc,MSG0004762,message_exists,1,
18,P2_unread_cc,MSG0004762,is_cc,1,
18,P2_unread_cc,MSG0004762,no_access_event,1,accesses=0
18,P2_unread_cc,MSG0004763,message_exists,1,
18,P2_unread_cc,MSG0004763,is_cc,1,
18,P2_unread_cc,MSG0004763,no_access_event,1,accesses=0
18,P3_extended_thread,THR0004497,thread_exists,1,
18,P3_extended_thread,THR0004497,three_or_more_patient_incoming,1,incoming=3
18,P3_extended_thread,THR0004497,four_or_more_message_exchanges,1,in+out=6
18,P3_extended_thread,THR0004497,spans_at_least_3_days,1,span_days=13.96
18,P3_extended_thread,THR0004497,no_visit_between,1,intervening_visits=0
18,P7_pingpong,MSG0004797,message_exists,1,
18,P7_pingpong,MSG0004797,at_least_two_staff_to_provider_forwards,1,staff_to_provider=2
18,P7_pingpong,MSG0004797,at_least_two_provider_to_staff_forwards,1,provider_to_staff=2
18,P7_pingpong,MSG0004797,two_or_more_round_trips,1,roundtrips=2
18,P4_result_misrouted,MSG0004810,message_exists,1,
18,P4_result_misrouted,MSG0004810,is_result,1,
18,P4_result_misrouted,MSG0004810,recipient_not_ordering,1,
18,P4_result_misrouted,MSG0004810,recipient_not_covering,1,cover=None
18,P2_unread_cc,MSG0004843,message_exists,1,
18,P2_unread_cc,MSG0004843,is_cc,1,
18,P2_unread_cc,MSG0004843,no_access_event,1,accesses=0
18,P2_unread_cc,MSG0004844,message_exists,1,
18,P2_unread_cc,MSG0004844,is_cc,1,
18,P2_unread_cc,MSG0004844,no_access_event,1,accesses=0
18,P8_nonclinical_misrouted,MSG0004889,message_exists,1,
18,P8_nonclinical_misrouted,MSG0004889,nonclinical_category,1,category=cancellation
18,P8_nonclinical_misrouted,MSG0004889,reaches_provider,1,provider_forwards=1
18,P7_pingpong,MSG0004892,message_exists,1,
18,P7_pingpong,MSG0004892,at_least_two_staff_to_provider_forwards,1,staff_to_provider=2
18,P7_pingpong,MSG0004892,at_least_two_provider_to_staff_forwards,1,provider_to_staff=2
18,P7_pingpong,MSG0004892,two_or_more_round_trips,1,roundtrips=2
18,P4_result_misrouted,MSG0004903,message_exists,1,
18,P4_result_misrouted,MSG0004903,is_result,1,
18,P4_result_misrouted,MSG0004903,recipient_not_ordering,1,
18,P4_result_misrouted,MSG0004903,recipient_not_covering,1,cover=None
18,P2_unread_cc,MSG0004921,message_exists,1,
18,P2_unread_cc,MSG0004921,is_cc,1,
18,P2_unread_cc,MSG0004921,no_access_event,1,accesses=0
18,P2_unread_cc,MSG0004931,message_exists,1,
18,P2_unread_cc,MSG0004931,is_cc,1,
18,P2_unread_cc,MSG0004931,no_access_event,1,accesses=0
18,P2_unread_cc,MSG0004932,message_exists,1,
18,P2_unread_cc,MSG0004932,is_cc,1,
18,P2_unread_cc,MSG0004932,no_access_event,1,accesses=0
18,P2_unread_cc,MSG0004933,message_exists,1,
18,P2_unread_cc,MSG0004933,is_cc,1,
18,P2_unread_cc,MSG0004933,no_access_event,1,accesses=0
18,P2_unread_cc,MSG0004934,message_exists,1,
18,P2_unread_cc,MSG0004934,is_cc,1,
18,P2_unread_cc,MSG0004934,no_access_event,1,accesses=0
18,P2_unread_cc,MSG0004935,message_exists,1,
18,P2_unread_cc,MSG0004935,is_cc,1,
18,P2_unread_cc,MSG0004935,no_access_event,1,accesses=0
18,P2_unread_cc,MSG0004936,message_exists,1,
18,P2_unread_cc,MSG0004936,is_cc,1,
18,P2_unread_cc,MSG0004936,no_access_event,1,accesses=0
18,P2_unread_cc,MSG0005015,message_exists,1,
18,P2_unread_cc,MSG0005015,is_cc,1,
18,P2_unread_cc,MSG0005015,no_access_event,1,accesses=0
18,P1_thank_you,MSG0005056,message_exists,1,
18,P1_thank_you,MSG0005056,patient_originated_portal_message,1,
18,P1_thank_you,MSG0005056,is_reply_to_prior_outbound,1,
18,P1_thank_you,MSG0005056,thread_ending,1,later_messages=0
18,P1_thank_you,MSG0005056,accessed_and_completed,1,
18,P7_pingpong,MSG0005178,message_exists,1,
18,P7_pingpong,MSG0005178,at_least_two_staff_to_provider_forwards,1,staff_to_provider=2
18,P7_pingpong,MSG0005178,at_least_two_provider_to_staff_forwards,1,provider_to_staff=2
18,P7_pingpong,MSG0005178,two_or_more_round_trips,1,roundtrips=2
18,P1_thank_you,MSG0005205,message_exists,1,
18,P1_thank_you,MSG0005205,patient_originated_portal_message,1,
18,P1_thank_you,MSG0005205,is_reply_to_prior_outbound,1,
18,P1_thank_you,MSG0005205,thread_ending,1,later_messages=0
18,P1_thank_you,MSG0005205,accessed_and_completed,1,
19,P1_thank_you,MSG0000012,message_exists,1,
19,P1_thank_you,MSG0000012,patient_originated_portal_message,1,
19,P1_thank_you,MSG0000012,is_reply_to_prior_outbound,1,
19,P1_thank_you,MSG0000012,thread_ending,1,later_messages=0
19,P1_thank_you,MSG0000012,accessed_and_completed,1,
19,P2_unread_cc,MSG0000057,message_exists,1,
19,P2_unread_cc,MSG0000057,is_cc,1,
19,P2_unread_cc,MSG0000057,no_access_event,1,accesses=0
19,P2_unread_cc,MSG0000061,message_exists,1,
19,P2_unread_cc,MSG0000061,is_cc,1,
19,P2_unread_cc,MSG0000061,no_access_event,1,accesses=0
19,P2_unread_cc,MSG0000063,message_exists,1,
19,P2_unread_cc,MSG0000063,is_cc,1,
19,P2_unread_cc,MSG0000063,no_access_event,1,accesses=0
19,P2_unread_cc,MSG0000065,message_exists,1,
19,P2_unread_cc,MSG0000065,is_cc,1,
19,P2_unread_cc,MSG0000065,no_access_event,1,accesses=0
19,P4_result_misrouted,MSG0000114,message_exists,1,
19,P4_result_misrouted,MSG0000114,is_result,1,
19,P4_result_misrouted,MSG0000114,recipient_not_ordering,1,
19,P4_result_misrouted,MSG0000114,recipient_not_covering,1,cover=None
19,P2_unread_cc,MSG0000137,message_exists,1,
19,P2_unread_cc,MSG0000137,is_cc,1,
19,P2_unread_cc,MSG0000137,no_access_event,1,accesses=0
19,P8_nonclinical_misrouted,MSG0000181,message_exists,1,
19,P8_nonclinical_misrouted,MSG0000181,nonclinical_category,1,category=billing_question
19,P8_nonclinical_misrouted,MSG0000181,reaches_provider,1,provider_forwards=1
19,P2_unread_cc,MSG0000222,message_exists,1,
19,P2_unread_cc,MSG0000222,is_cc,1,
19,P2_unread_cc,MSG0000222,no_access_event,1,accesses=0
19,P2_unread_cc,MSG0000226,message_exists,1,
19,P2_unread_cc,MSG0000226,is_cc,1,
19,P2_unread_cc,MSG0000226,no_access_event,1,accesses=0
19,P1_thank_you,MSG0000259,message_exists,1,
19,P1_thank_you,MSG0000259,patient_originated_portal_message,1,
19,P1_thank_you,MSG0000259,is_reply_to_prior_outbound,1,
19,P1_thank_you,MSG0000259,thread_ending,1,later_messages=0
19,P1_thank_you,MSG0000259,accessed_and_completed,1,
19,P2_unread_cc,MSG0000280,message_exists,1,
19,P2_unread_cc,MSG0000280,is_cc,1,
19,P2_unread_cc,MSG0000280,no_access_event,1,accesses=0
19,P2_unread_cc,MSG0000287,message_exists,1,
19,P2_unread_cc,MSG0000287,is_cc,1,
19,P2_unread_cc,MSG0000287,no_access_event,1,accesses=0
19,P2_unread_cc,MSG0000291,message_exists,1,
19,P2_unread_cc,MSG0000291,is_cc,1,
19,P2_unread_cc,MSG0000291,no_access_event,1,accesses=0
19,P3_extended_thread,THR0000293,thread_exists,1,
19,P3_extended_thread,THR0000293,three_or_more_patient_incoming,1,incoming=3
19,P3_extended_thread,THR0000293,four_or_more_message_exchanges,1,in+out=6
19,P3_extended_thread,THR0000293,spans_at_least_3_days,1,span_days=5.69
19,P3_extended_thread,THR0000293,no_visit_between,1,intervening_visits=0
19,P8_nonclinical_misrouted,MSG0000325,message_exists,1,
19,P8_nonclinical_misrouted,MSG0000325,nonclinical_category,1,category=billing_question
19,P8_nonclinical_misrouted,MSG0000325,reaches_provider,1,provider_forwards=1
19,P3_extended_thread,THR0000296,thread_exists,1,
19,P3_extended_thread,THR0000296,three_or_more_patient_incoming,1,incoming=3
19,P3_extended_thread,THR0000296,four_or_more_message_exchanges,1,in+out=6
19,P3_extended_thread,THR0000296,spans_at_least_3_days,1,span_days=6.01
19,P3_extended_thread,THR0000296,no_visit_between,1,intervening_visits=0
19,P7_pingpong,MSG0000333,message_exists,1,
19,P7_pingpong,MSG0000333,at_least_two_staff_to_provider_forwards,1,staff_to_provider=2
19,P7_pingpong,MSG0000333,at_least_two_provider_to_staff_forwards,1,provider_to_staff=2
19,P7_pingpong,MSG0000333,two_or_more_round_trips,1,roundtrips=2
19,P2_unread_cc,MSG0000472,message_exists,1,
19,P2_unread_cc,MSG0000472,is_cc,1,
19,P2_unread_cc,MSG0000472,no_access_event,1,accesses=0
19,P2_unread_cc,MSG0000478,message_exists,1,
19,P2_unread_cc,MSG0000478,is_cc,1,
19,P2_unread_cc,MSG0000478,no_access_event,1,accesses=0
19,P2_unread_cc,MSG0000479,message_exists,1,
19,P2_unread_cc,MSG0000479,is_cc,1,
19,P2_unread_cc,MSG0000479,no_access_event,1,accesses=0
19,P7_pingpong,MSG0000512,message_exists,1,
19,P7_pingpong,MSG0000512,at_least_two_staff_to_provider_forwards,1,staff_to_provider=2
19,P7_pingpong,MSG0000512,at_least_two_provider_to_staff_forwards,1,provider_to_staff=2
19,P7_pingpong,MSG0000512,two_or_more_round_trips,1,roundtrips=2
19,P2_unread_cc,MSG0000547,message_exists,1,
19,P2_unread_cc,MSG0000547,is_cc,1,
19,P2_unread_cc,MSG0000547,no_access_event,1,accesses=0
19,P2_unread_cc,MSG0000552,message_exists,1,
19,P2_unread_cc,MSG0000552,is_cc,1,
19,P2_unread_cc,MSG0000552,no_access_event,1,accesses=0
19,P1_thank_you,MSG0000592,message_exists,1,
19,P1_thank_you,MSG0000592,patient_originated_portal_message,1,
19,P1_thank_you,MSG0000592,is_reply_to_prior_outbound,1,
19,P1_thank_you,MSG0000592,thread_ending,1,later_messages=0
19,P1_thank_you,MSG0000592,accessed_and_completed,1,
19,P2_unread_cc,MSG0000630,message_exists,1,
19,P2_unread_cc,MSG0000630,is_cc,1,
19,P2_unread_cc,MSG0000630,no_access_event,1,accesses=0
19,P4_result_misrouted,MSG0000699,message_exists,1,
19,P4_result_misrouted,MSG0000699,is_result,1,
19,P4_result_misrouted,MSG0000699,recipient_not_ordering,1,
19,P4_result_misrouted,MSG0000699,recipient_not_covering,1,cover=None
19,P4_result_misrouted,MSG0000700,message_exists,1,
19,P4_result_misrouted,MSG0000700,is_result,1,
19,P4_result_misrouted,MSG0000700,recipient_not_ordering,1,
19,P4_result_misrouted,MSG0000700,recipient_not_covering,1,cover=None
19,P4_result_misrouted,MSG0000702,message_exists,1,
19,P4_result_misrouted,MSG0000702,is_result,1,
19,P4_result_misrouted,MSG0000702,recipient_not_ordering,1,
19,P4_result_misrouted,MSG0000702,recipient_not_covering,1,cover=None
19,P2_unread_cc,MSG0000715,message_exists,1,
19,P2_unread_cc,MSG0000715,is_cc,1,
19,P2_unread_cc,MSG0000715,no_access_event,1,accesses=0
19,P2_unread_cc,MSG0000721,message_exists,1,
19,P2_unread_cc,MSG0000721,is_cc,1,
19,P2_unread_cc,MSG0000721,no_access_event,1,accesses=0
19,P2_unread_cc,MSG0000724,message_exists,1,
19,P2_unread_cc,MSG0000724,is_cc,1,
19,P2_unread_cc,MSG0000724,no_access_event,1,accesses=0
19,P2_unread_cc,MSG0000725,message_exists,1,
19,P2_unread_cc,MSG0000725,is_cc,1,
19,P2_unread_cc,MSG0000725,no_access_event,1,accesses=0
19,P1_thank_you,MSG0000760,message_exists,1,
19,P1_thank_you,MSG0000760,patient_originated_portal_message,1,
19,P1_thank_you,MSG0000760,is_reply_to_prior_outbound,1,
19,P1_thank_you,MSG0000760,thread_ending,1,later_messages=0
19,P1_thank_you,MSG0000760,accessed_and_completed,1,
19,P7_pingpong,MSG0000767,message_exists,1,
19,P7_pingpong,MSG0000767,at_least_two_staff_to_provider_forwards,1,staff_to_provider=2
19,P7_pingpong,MSG0000767,at_least_two_provider_to_staff_forwards,1,provider_to_staff=2
19,P7_pingpong,MSG0000767,two_or_more_round_trips,1,roundtrips=2
19,P4_result_misrouted,MSG0000781,message_exists,1,
19,P4_result_misrouted,MSG0000781,is_result,1,
19,P4_result_misrouted,MSG0000781,recipient_not_ordering,1,
19,P4_result_misrouted,MSG0000781,recipient_not_covering,1,cover=None
19,P2_unread_cc,MSG0000812,message_exists,1,
19,P2_unread_cc,MSG0000812,is_cc,1,
19,P2_unread_cc,MSG0000812,no_access_event,1,accesses=0
19,P2_unread_cc,MSG0000813,message_exists,1,
19,P2_unread_cc,MSG0000813,is_cc,1,
19,P2_unread_cc,MSG0000813,no_access_event,1,accesses=0
19,P2_unread_cc,MSG0000902,message_exists,1,
19,P2_unread_cc,MSG0000902,is_cc,1,
19,P2_unread_cc,MSG0000902,no_access_event,1,accesses=0
19,P2_unread_cc,MSG0000906,message_exists,1,
19,P2_unread_cc,MSG0000906,is_cc,1,
19,P2_unread_cc,MSG0000906,no_access_event,1,accesses=0
19,P2_unread_cc,MSG0000909,message_exists,1,
19,P2_unread_cc,MSG0000909,is_cc,1,
19,P2_unread_cc,MSG0000909,no_access_event,1,accesses=0
19,P2_unread_cc,MSG0000973,message_exists,1,
19,P2_unread_cc,MSG0000973,is_cc,1,
19,P2_unread_cc,MSG0000973,no_access_event,1,accesses=0
19,P2_unread_cc,MSG0000975,message_exists,1,
19,P2_unread_cc,MSG0000975,is_cc,1,
19,P2_unread_cc,MSG0000975,no_access_event,1,accesses=0
19,P2_unread_cc,MSG0000986,message_exists,1,
19,P2_unread_cc,MSG0000986,is_cc,1,
19,P2_unread_cc,MSG0000986,no_access_event,1,accesses=0
19,P4_result_misrouted,MSG0001050,message_exists,1,
19,P4_result_misrouted,MSG0001050,is_result,1,
19,P4_result_misrouted,MSG0001050,recipient_not_ordering,1,
19,P4_result_misrouted,MSG0001050,recipient_not_covering,1,cover=None
19,P8_nonclinical_misrouted,MSG0001102,message_exists,1,
19,P8_nonclinical_misrouted,MSG0001102,nonclinical_category,1,category=cancellation
19,P8_nonclinical_misrouted,MSG0001102,reaches_provider,1,provider_forwards=1
19,P2_unread_cc,MSG0001127,message_exists,1,
19,P2_unread_cc,MSG0001127,is_cc,1,
19,P2_unread_cc,MSG0001127,no_access_event,1,accesses=0
19,P2_unread_cc,MSG0001132,message_exists,1,
19,P2_unread_cc,MSG0001132,is_cc,1,
19,P2_unread_cc,MSG0001132,no_access_event,1,accesses=0
19,P2_unread_cc,MSG0001230,message_exists,1,
19,P2_unread_cc,MSG0001230,is_cc,1,
19,P2_unread_cc,MSG0001230,no_access_event,1,accesses=0
19,P2_unread_cc,MSG0001232,message_exists,1,
19,P2_unread_cc,MSG0001232,is_cc,1,
19,P2_unread_cc,MSG0001232,no_access_event,1,accesses=0
19,P7_pingpong,MSG0001319,message_exists,1,
19,P7_pingpong,MSG0001319,at_least_two_staff_to_provider_forwards,1,staff_to_provider=2
19,P7_pingpong,MSG0001319,at_least_two_provider_to_staff_forwards,1,provider_to_staff=2
19,P7_pingpong,MSG0001319,two_or_more_round_trips,1,roundtrips=2
19,P1_thank_you,MSG0001353,message_exists,1,
19,P1_thank_you,MSG0001353,patient_originated_portal_message,1,
19,P1_thank_you,MSG0001353,is_reply_to_prior_outbound,1,
19,P1_thank_you,MSG0001353,thread_ending,1,later_messages=0
19,P1_thank_you,MSG0001353,accessed_and_completed,1,
19,P4_result_misrouted,MSG0001364,message_exists,1,
19,P4_result_misrouted,MSG0001364,is_result,1,
19,P4_result_misrouted,MSG0001364,recipient_not_ordering,1,
19,P4_result_misrouted,MSG0001364,recipient_not_covering,1,cover=None
19,P4_result_misrouted,MSG0001374,message_exists,1,
19,P4_result_misrouted,MSG0001374,is_result,1,
19,P4_result_misrouted,MSG0001374,recipient_not_ordering,1,
19,P4_result_misrouted,MSG0001374,recipient_not_covering,1,cover=None
19,P2_unread_cc,MSG0001404,message_exists,1,
19,P2_unread_cc,MSG0001404,is_cc,1,
19,P2_unread_cc,MSG0001404,no_access_event,1,accesses=0
19,P2_unread_cc,MSG0001486,message_exists,1,
19,P2_unread_cc,MSG0001486,is_cc,1,
19,P2_unread_cc,MSG0001486,no_access_event,1,accesses=0
19,P2_unread_cc,MSG0001487,message_exists,1,
19,P2_unread_cc,MSG0001487,is_cc,1,
19,P2_unread_cc,MSG0001487,no_access_event,1,accesses=0
19,P2_unread_cc,MSG0001490,message_exists,1,
19,P2_unread_cc,MSG0001490,is_cc,1,
19,P2_unread_cc,MSG0001490,no_access_event,1,accesses=0
19,P8_nonclinical_misrouted,MSG0001520,message_exists,1,
19,P8_nonclinical_misrouted,MSG0001520,nonclinical_category,1,category=billing_question
19,P8_nonclinical_misrouted,MSG0001520,reaches_provider,1,provider_forwards=1
19,P4_result_misrouted,MSG0001536,message_exists,1,
19,P4_result_misrouted,MSG0001536,is_result,1,
19,P4_result_misrouted,MSG0001536,recipient_not_ordering,1,
19,P4_result_misrouted,MSG0001536,recipient_not_covering,1,cover=None
19,P4_result_misrouted,MSG0001539,message_exists,1,
19,P4_result_misrouted,MSG0001539,is_result,1,
19,P4_result_misrouted,MSG0001539,recipient_not_ordering,1,
19,P4_result_misrouted,MSG0001539,recipient_not_covering,1,cover=None
19,P2_unread_cc,MSG0001558,message_exists,1,
19,P2_unread_cc,MSG0001558,is_cc,1,
19,P2_unread_cc,MSG0001558,no_access_event,1,accesses=0
19,P2_unread_cc,MSG0001560,message_exists,1,
19,P2_unread_cc,MSG0001560,is_cc,1,
19,P2_unread_cc,MSG0001560,no_access_event,1,accesses=0
19,P4_result_misrouted,MSG0001620,message_exists,1,
19,P4_result_misrouted,MSG0001620,is_result,1,
19,P4_result_misrouted,MSG0001620,recipient_not_ordering,1,
19,P4_result_misrouted,MSG0001620,recipient_not_covering,1,cover=None
19,P2_unread_cc,MSG0001641,message_exists,1,
19,P2_unread_cc,MSG0001641,is_cc,1,
19,P2_unread_cc,MSG0001641,no_access_event,1,accesses=0
19,P2_unread_cc,MSG0001642,message_exists,1,
19,P2_unread_cc,MSG0001642,is_cc,1,
19,P2_unread_cc,MSG0001642,no_access_event,1,accesses=0
19,P2_unread_cc,MSG0001646,message_exists,1,
19,P2_unread_cc,MSG0001646,is_cc,1,
19,P2_unread_cc,MSG0001646,no_access_event,1,accesses=0
19,P2_unread_cc,MSG0001648,message_exists,1,
19,P2_unread_cc,MSG0001648,is_cc,1,
19,P2_unread_cc,MSG0001648,no_access_event,1,accesses=0
19,P2_unread_cc,MSG0001649,message_exists,1,
19,P2_unread_cc,MSG0001649,is_cc,1,
19,P2_unread_cc,MSG0001649,no_access_event,1,accesses=0
19,P2_unread_cc,MSG0001715,message_exists,1,
19,P2_unread_cc,MSG0001715,is_cc,1,
19,P2_unread_cc,MSG0001715,no_access_event,1,accesses=0
19,P2_unread_cc,MSG0001717,message_exists,1,
19,P2_unread_cc,MSG0001717,is_cc,1,
19,P2_unread_cc,MSG0001717,no_access_event,1,accesses=0
19,P2_unread_cc,MSG0001721,message_exists,1,
19,P2_unread_cc,MSG0001721,is_cc,1,
19,P2_unread_cc,MSG0001721,no_access_event,1,accesses=0
19,P2_unread_cc,MSG0001723,message_exists,1,
19,P2_unread_cc,MSG0001723,is_cc,1,
19,P2_unread_cc,MSG0001723,no_access_event,1,accesses=0
19,P3_extended_thread,THR0001654,thread_exists,1,
19,P3_extended_thread,THR0001654,three_or_more_patient_incoming,1,incoming=3
19,P3_extended_thread,THR0001654,four_or_more_message_exchanges,1,in+out=6
19,P3_extended_thread,THR0001654,spans_at_least_3_days,1,span_days=5.91
19,P3_extended_thread,THR0001654,no_visit_between,1,intervening_visits=0
19,P4_result_misrouted,MSG0001778,message_exists,1,
19,P4_result_misrouted,MSG0001778,is_result,1,
19,P4_result_misrouted,MSG0001778,recipient_not_ordering,1,
19,P4_result_misrouted,MSG0001778,recipient_not_covering,1,cover=None
19,P4_result_misrouted,MSG0001783,message_exists,1,
19,P4_result_misrouted,MSG0001783,is_result,1,
19,P4_result_misrouted,MSG0001783,recipient_not_ordering,1,
19,P4_result_misrouted,MSG0001783,recipient_not_covering,1,cover=None
19,P2_unread_cc,MSG0001820,message_exists,1,
19,P2_unread_cc,MSG0001820,is_cc,1,
19,P2_unread_cc,MSG0001820,no_access_event,1,accesses=0
19,P2_unread_cc,MSG0001888,message_exists,1,
19,P2_unread_cc,MSG0001888,is_cc,1,
19,P2_unread_cc,MSG0001888,no_access_event,1,accesses=0
19,P2_unread_cc,MSG0001961,message_exists,1,
19,P2_unread_cc,MSG0001961,is_cc,1,
19,P2_unread_cc,MSG0001961,no_access_event,1,accesses=0
19,P2_unread_cc,MSG0001964,message_exists,1,
19,P2_unread_cc,MSG0001964,is_cc,1,
19,P2_unread_cc,MSG0001964,no_access_event,1,accesses=0
19,P2_unread_cc,MSG0001965,message_exists,1,
19,P2_unread_cc,MSG0001965,is_cc,1,
19,P2_unread_cc,MSG0001965,no_access_event,1,accesses=0
19,P2_unread_cc,MSG0001968,message_exists,1,
19,P2_unread_cc,MSG0001968,is_cc,1,
19,P2_unread_cc,MSG0001968,no_access_event,1,accesses=0
19,P1_thank_you,MSG0002010,message_exists,1,
19,P1_thank_you,MSG0002010,patient_originated_portal_message,1,
19,P1_thank_you,MSG0002010,is_reply_to_prior_outbound,1,
19,P1_thank_you,MSG0002010,thread_ending,1,later_messages=0
19,P1_thank_you,MSG0002010,accessed_and_completed,1,
19,P4_result_misrouted,MSG0002046,message_exists,1,
19,P4_result_misrouted,MSG0002046,is_result,1,
19,P4_result_misrouted,MSG0002046,recipient_not_ordering,1,
19,P4_result_misrouted,MSG0002046,recipient_not_covering,1,cover=None
19,P2_unread_cc,MSG0002073,message_exists,1,
19,P2_unread_cc,MSG0002073,is_cc,1,
19,P2_unread_cc,MSG0002073,no_access_event,1,accesses=0
19,P7_pingpong,MSG0002095,message_exists,1,
19,P7_pingpong,MSG0002095,at_least_two_staff_to_provider_forwards,1,staff_to_provider=2
19,P7_pingpong,MSG0002095,at_least_two_provider_to_staff_forwards,1,provider_to_staff=2
19,P7_pingpong,MSG0002095,two_or_more_round_trips,1,roundtrips=2
19,P2_unread_cc,MSG0002128,message_exists,1,
19,P2_unread_cc,MSG0002128,is_cc,1,
19,P2_unread_cc,MSG0002128,no_access_event,1,accesses=0
19,P2_unread_cc,MSG0002132,message_exists,1,
19,P2_unread_cc,MSG0002132,is_cc,1,
19,P2_unread_cc,MSG0002132,no_access_event,1,accesses=0
19,P2_unread_cc,MSG0002133,message_exists,1,
19,P2_unread_cc,MSG0002133,is_cc,1,
19,P2_unread_cc,MSG0002133,no_access_event,1,accesses=0
19,P4_result_misrouted,MSG0002178,message_exists,1,
19,P4_result_misrouted,MSG0002178,is_result,1,
19,P4_result_misrouted,MSG0002178,recipient_not_ordering,1,
19,P4_result_misrouted,MSG0002178,recipient_not_covering,1,cover=None
19,P2_unread_cc,MSG0002209,message_exists,1,
19,P2_unread_cc,MSG0002209,is_cc,1,
19,P2_unread_cc,MSG0002209,no_access_event,1,accesses=0
19,P2_unread_cc,MSG0002212,message_exists,1,
19,P2_unread_cc,MSG0002212,is_cc,1,
19,P2_unread_cc,MSG0002212,no_access_event,1,accesses=0
19,P2_unread_cc,MSG0002215,message_exists,1,
19,P2_unread_cc,MSG0002215,is_cc,1,
19,P2_unread_cc,MSG0002215,no_access_event,1,accesses=0
19,P2_unread_cc,MSG0002221,message_exists,1,
19,P2_unread_cc,MSG0002221,is_cc,1,
19,P2_unread_cc,MSG0002221,no_access_event,1,accesses=0
19,P2_unread_cc,MSG0002296,message_exists,1,
19,P2_unread_cc,MSG0002296,is_cc,1,
19,P2_unread_cc,MSG0002296,no_access_event,1,accesses=0
19,P4_result_misrouted,MSG0002355,message_exists,1,
19,P4_result_misrouted,MSG0002355,is_result,1,
19,P4_result_misrouted,MSG0002355,recipient_not_ordering,1,
19,P4_result_misrouted,MSG0002355,recipient_not_covering,1,cover=None
19,P4_result_misrouted,MSG0002433,message_exists,1,
19,P4_result_misrouted,MSG0002433,is_result,1,
19,P4_result_misrouted,MSG0002433,recipient_not_ordering,1,
19,P4_result_misrouted,MSG0002433,recipient_not_covering,1,cover=None
19,P2_unread_cc,MSG0002451,message_exists,1,
19,P2_unread_cc,MSG0002451,is_cc,1,
19,P2_unread_cc,MSG0002451,no_access_event,1,accesses=0
19,P2_unread_cc,MSG0002457,message_exists,1,
19,P2_unread_cc,MSG0002457,is_cc,1,
19,P2_unread_cc,MSG0002457,no_access_event,1,accesses=0
19,P2_unread_cc,MSG0002526,message_exists,1,
19,P2_unread_cc,MSG0002526,is_cc,1,
19,P2_unread_cc,MSG0002526,no_access_event,1,accesses=0
19,P2_unread_cc,MSG0002527,message_exists,1,
19,P2_unread_cc,MSG0002527,is_cc,1,
19,P2_unread_cc,MSG0002527,no_access_event,1,accesses=0
19,P1_thank_you,MSG0002586,message_exists,1,
19,P1_thank_you,MSG0002586,patient_originated_portal_message,1,
19,P1_thank_you,MSG0002586,is_reply_to_prior_outbound,1,
19,P1_thank_you,MSG0002586,thread_ending,1,later_messages=0
19,P1_thank_you,MSG0002586,accessed_and_completed,1,
19,P2_unread_cc,MSG0002714,message_exists,1,
19,P2_unread_cc,MSG0002714,is_cc,1,
19,P2_unread_cc,MSG0002714,no_access_event,1,accesses=0
19,P2_unread_cc,MSG0002719,message_exists,1,
19,P2_unread_cc,MSG0002719,is_cc,1,
19,P2_unread_cc,MSG0002719,no_access_event,1,accesses=0
19,P2_unread_cc,MSG0002721,message_exists,1,
19,P2_unread_cc,MSG0002721,is_cc,1,
19,P2_unread_cc,MSG0002721,no_access_event,1,accesses=0
19,P4_result_misrouted,MSG0002769,message_exists,1,
19,P4_result_misrouted,MSG0002769,is_result,1,
19,P4_result_misrouted,MSG0002769,recipient_not_ordering,1,
19,P4_result_misrouted,MSG0002769,recipient_not_covering,1,cover=None
19,P4_result_misrouted,MSG0002770,message_exists,1,
19,P4_result_misrouted,MSG0002770,is_result,1,
19,P4_result_misrouted,MSG0002770,recipient_not_ordering,1,
19,P4_result_misrouted,MSG0002770,recipient_not_covering,1,cover=None
19,P4_result_misrouted,MSG0002772,message_exists,1,
19,P4_result_misrouted,MSG0002772,is_result,1,
19,P4_result_misrouted,MSG0002772,recipient_not_ordering,1,
19,P4_result_misrouted,MSG0002772,recipient_not_covering,1,cover=None
19,P2_unread_cc,MSG0002783,message_exists,1,
19,P2_unread_cc,MSG0002783,is_cc,1,
19,P2_unread_cc,MSG0002783,no_access_event,1,accesses=0
19,P2_unread_cc,MSG0002785,message_exists,1,
19,P2_unread_cc,MSG0002785,is_cc,1,
19,P2_unread_cc,MSG0002785,no_access_event,1,accesses=0
19,P8_nonclinical_misrouted,MSG0002831,message_exists,1,
19,P8_nonclinical_misrouted,MSG0002831,nonclinical_category,1,category=appointment_request
19,P8_nonclinical_misrouted,MSG0002831,reaches_provider,1,provider_forwards=1
19,P4_result_misrouted,MSG0002840,message_exists,1,
19,P4_result_misrouted,MSG0002840,is_result,1,
19,P4_result_misrouted,MSG0002840,recipient_not_ordering,1,
19,P4_result_misrouted,MSG0002840,recipient_not_covering,1,cover=None
19,P2_unread_cc,MSG0002864,message_exists,1,
19,P2_unread_cc,MSG0002864,is_cc,1,
19,P2_unread_cc,MSG0002864,no_access_event,1,accesses=0
19,P2_unread_cc,MSG0002865,message_exists,1,
19,P2_unread_cc,MSG0002865,is_cc,1,
19,P2_unread_cc,MSG0002865,no_access_event,1,accesses=0
19,P2_unread_cc,MSG0002867,message_exists,1,
19,P2_unread_cc,MSG0002867,is_cc,1,
19,P2_unread_cc,MSG0002867,no_access_event,1,accesses=0
19,P8_nonclinical_misrouted,MSG0002901,message_exists,1,
19,P8_nonclinical_misrouted,MSG0002901,nonclinical_category,1,category=billing_question
19,P8_nonclinical_misrouted,MSG0002901,reaches_provider,1,provider_forwards=1
19,P4_result_misrouted,MSG0002908,message_exists,1,
19,P4_result_misrouted,MSG0002908,is_result,1,
19,P4_result_misrouted,MSG0002908,recipient_not_ordering,1,
19,P4_result_misrouted,MSG0002908,recipient_not_covering,1,cover=None
19,P4_result_misrouted,MSG0002909,message_exists,1,
19,P4_result_misrouted,MSG0002909,is_result,1,
19,P4_result_misrouted,MSG0002909,recipient_not_ordering,1,
19,P4_result_misrouted,MSG0002909,recipient_not_covering,1,cover=None
19,P2_unread_cc,MSG0002930,message_exists,1,
19,P2_unread_cc,MSG0002930,is_cc,1,
19,P2_unread_cc,MSG0002930,no_access_event,1,accesses=0
19,P2_unread_cc,MSG0002935,message_exists,1,
19,P2_unread_cc,MSG0002935,is_cc,1,
19,P2_unread_cc,MSG0002935,no_access_event,1,accesses=0
19,P2_unread_cc,MSG0003011,message_exists,1,
19,P2_unread_cc,MSG0003011,is_cc,1,
19,P2_unread_cc,MSG0003011,no_access_event,1,accesses=0
19,P2_unread_cc,MSG0003016,message_exists,1,
19,P2_unread_cc,MSG0003016,is_cc,1,
19,P2_unread_cc,MSG0003016,no_access_event,1,accesses=0
19,P2_unread_cc,MSG0003017,message_exists,1,
19,P2_unread_cc,MSG0003017,is_cc,1,
19,P2_unread_cc,MSG0003017,no_access_event,1,accesses=0
19,P2_unread_cc,MSG0003019,message_exists,1,
19,P2_unread_cc,MSG0003019,is_cc,1,
19,P2_unread_cc,MSG0003019,no_access_event,1,accesses=0
19,P1_thank_you,MSG0003053,message_exists,1,
19,P1_thank_you,MSG0003053,patient_originated_portal_message,1,
19,P1_thank_you,MSG0003053,is_reply_to_prior_outbound,1,
19,P1_thank_you,MSG0003053,thread_ending,1,later_messages=0
19,P1_thank_you,MSG0003053,accessed_and_completed,1,
19,P2_unread_cc,MSG0003107,message_exists,1,
19,P2_unread_cc,MSG0003107,is_cc,1,
19,P2_unread_cc,MSG0003107,no_access_event,1,accesses=0
19,P4_result_misrouted,MSG0003145,message_exists,1,
19,P4_result_misrouted,MSG0003145,is_result,1,
19,P4_result_misrouted,MSG0003145,recipient_not_ordering,1,
19,P4_result_misrouted,MSG0003145,recipient_not_covering,1,cover=None
19,P2_unread_cc,MSG0003171,message_exists,1,
19,P2_unread_cc,MSG0003171,is_cc,1,
19,P2_unread_cc,MSG0003171,no_access_event,1,accesses=0
19,P2_unread_cc,MSG0003174,message_exists,1,
19,P2_unread_cc,MSG0003174,is_cc,1,
19,P2_unread_cc,MSG0003174,no_access_event,1,accesses=0
19,P2_unread_cc,MSG0003180,message_exists,1,
19,P2_unread_cc,MSG0003180,is_cc,1,
19,P2_unread_cc,MSG0003180,no_access_event,1,accesses=0
19,P3_extended_thread,THR0003030,thread_exists,1,
19,P3_extended_thread,THR0003030,three_or_more_patient_incoming,1,incoming=3
19,P3_extended_thread,THR0003030,four_or_more_message_exchanges,1,in+out=6
19,P3_extended_thread,THR0003030,spans_at_least_3_days,1,span_days=4.76
19,P3_extended_thread,THR0003030,no_visit_between,1,intervening_visits=0
19,P2_unread_cc,MSG0003274,message_exists,1,
19,P2_unread_cc,MSG0003274,is_cc,1,
19,P2_unread_cc,MSG0003274,no_access_event,1,accesses=0
19,P2_unread_cc,MSG0003341,message_exists,1,
19,P2_unread_cc,MSG0003341,is_cc,1,
19,P2_unread_cc,MSG0003341,no_access_event,1,accesses=0
19,P2_unread_cc,MSG0003343,message_exists,1,
19,P2_unread_cc,MSG0003343,is_cc,1,
19,P2_unread_cc,MSG0003343,no_access_event,1,accesses=0
19,P1_thank_you,MSG0003377,message_exists,1,
19,P1_thank_you,MSG0003377,patient_originated_portal_message,1,
19,P1_thank_you,MSG0003377,is_reply_to_prior_outbound,1,
19,P1_thank_you,MSG0003377,thread_ending,1,later_messages=0
19,P1_thank_you,MSG0003377,accessed_and_completed,1,
19,P1_thank_you,MSG0003386,message_exists,1,
19,P1_thank_you,MSG0003386,patient_originated_portal_message,1,
19,P1_thank_you,MSG0003386,is_reply_to_prior_outbound,1,
19,P1_thank_you,MSG0003386,thread_ending,1,later_messages=0
19,P1_thank_you,MSG0003386,accessed_and_completed,1,
19,P2_unread_cc,MSG0003411,message_exists,1,
19,P2_unread_cc,MSG0003411,is_cc,1,
19,P2_unread_cc,MSG0003411,no_access_event,1,accesses=0
19,P2_unread_cc,MSG0003415,message_exists,1,
19,P2_unread_cc,MSG0003415,is_cc,1,
19,P2_unread_cc,MSG0003415,no_access_event,1,accesses=0
19,P2_unread_cc,MSG0003416,message_exists,1,
19,P2_unread_cc,MSG0003416,is_cc,1,
19,P2_unread_cc,MSG0003416,no_access_event,1,accesses=0
19,P2_unread_cc,MSG0003487,message_exists,1,
19,P2_unread_cc,MSG0003487,is_cc,1,
19,P2_unread_cc,MSG0003487,no_access_event,1,accesses=0
19,P2_unread_cc,MSG0003489,message_exists,1,
19,P2_unread_cc,MSG0003489,is_cc,1,
19,P2_unread_cc,MSG0003489,no_access_event,1,accesses=0
19,P2_unread_cc,MSG0003493,message_exists,1,
19,P2_unread_cc,MSG0003493,is_cc,1,
19,P2_unread_cc,MSG0003493,no_access_event,1,accesses=0
19,P2_unread_cc,MSG0003570,message_exists,1,
19,P2_unread_cc,MSG0003570,is_cc,1,
19,P2_unread_cc,MSG0003570,no_access_event,1,accesses=0
19,P2_unread_cc,MSG0003572,message_exists,1,
19,P2_unread_cc,MSG0003572,is_cc,1,
19,P2_unread_cc,MSG0003572,no_access_event,1,accesses=0
19,P2_unread_cc,MSG0003573,message_exists,1,
19,P2_unread_cc,MSG0003573,is_cc,1,
19,P2_unread_cc,MSG0003573,no_access_event,1,accesses=0
19,P2_unread_cc,MSG0003574,message_exists,1,
19,P2_unread_cc,MSG0003574,is_cc,1,
19,P2_unread_cc,MSG0003574,no_access_event,1,accesses=0
19,P2_unread_cc,MSG0003651,message_exists,1,
19,P2_unread_cc,MSG0003651,is_cc,1,
19,P2_unread_cc,MSG0003651,no_access_event,1,accesses=0
19,P2_unread_cc,MSG0003652,message_exists,1,
19,P2_unread_cc,MSG0003652,is_cc,1,
19,P2_unread_cc,MSG0003652,no_access_event,1,accesses=0
19,P2_unread_cc,MSG0003653,message_exists,1,
19,P2_unread_cc,MSG0003653,is_cc,1,
19,P2_unread_cc,MSG0003653,no_access_event,1,accesses=0
19,P4_result_misrouted,MSG0003703,message_exists,1,
19,P4_result_misrouted,MSG0003703,is_result,1,
19,P4_result_misrouted,MSG0003703,recipient_not_ordering,1,
19,P4_result_misrouted,MSG0003703,recipient_not_covering,1,cover=None
19,P4_result_misrouted,MSG0003710,message_exists,1,
19,P4_result_misrouted,MSG0003710,is_result,1,
19,P4_result_misrouted,MSG0003710,recipient_not_ordering,1,
19,P4_result_misrouted,MSG0003710,recipient_not_covering,1,cover=None
19,P2_unread_cc,MSG0003732,message_exists,1,
19,P2_unread_cc,MSG0003732,is_cc,1,
19,P2_unread_cc,MSG0003732,no_access_event,1,accesses=0
19,P2_unread_cc,MSG0003733,message_exists,1,
19,P2_unread_cc,MSG0003733,is_cc,1,
19,P2_unread_cc,MSG0003733,no_access_event,1,accesses=0
19,P2_unread_cc,MSG0003815,message_exists,1,
19,P2_unread_cc,MSG0003815,is_cc,1,
19,P2_unread_cc,MSG0003815,no_access_event,1,accesses=0
19,P2_unread_cc,MSG0003818,message_exists,1,
19,P2_unread_cc,MSG0003818,is_cc,1,
19,P2_unread_cc,MSG0003818,no_access_event,1,accesses=0
19,P2_unread_cc,MSG0003960,message_exists,1,
19,P2_unread_cc,MSG0003960,is_cc,1,
19,P2_unread_cc,MSG0003960,no_access_event,1,accesses=0
19,P2_unread_cc,MSG0003961,message_exists,1,
19,P2_unread_cc,MSG0003961,is_cc,1,
19,P2_unread_cc,MSG0003961,no_access_event,1,accesses=0
19,P2_unread_cc,MSG0003971,message_exists,1,
19,P2_unread_cc,MSG0003971,is_cc,1,
19,P2_unread_cc,MSG0003971,no_access_event,1,accesses=0
19,P4_result_misrouted,MSG0004035,message_exists,1,
19,P4_result_misrouted,MSG0004035,is_result,1,
19,P4_result_misrouted,MSG0004035,recipient_not_ordering,1,
19,P4_result_misrouted,MSG0004035,recipient_not_covering,1,cover=None
19,P2_unread_cc,MSG0004065,message_exists,1,
19,P2_unread_cc,MSG0004065,is_cc,1,
19,P2_unread_cc,MSG0004065,no_access_event,1,accesses=0
19,P2_unread_cc,MSG0004066,message_exists,1,
19,P2_unread_cc,MSG0004066,is_cc,1,
19,P2_unread_cc,MSG0004066,no_access_event,1,accesses=0
19,P2_unread_cc,MSG0004068,message_exists,1,
19,P2_unread_cc,MSG0004068,is_cc,1,
19,P2_unread_cc,MSG0004068,no_access_event,1,accesses=0
19,P2_unread_cc,MSG0004069,message_exists,1,
19,P2_unread_cc,MSG0004069,is_cc,1,
19,P2_unread_cc,MSG0004069,no_access_event,1,accesses=0
19,P2_unread_cc,MSG0004070,message_exists,1,
19,P2_unread_cc,MSG0004070,is_cc,1,
19,P2_unread_cc,MSG0004070,no_access_event,1,accesses=0
19,P3_extended_thread,THR0003865,thread_exists,1,
19,P3_extended_thread,THR0003865,three_or_more_patient_incoming,1,incoming=3
19,P3_extended_thread,THR0003865,four_or_more_message_exchanges,1,in+out=6
19,P3_extended_thread,THR0003865,spans_at_least_3_days,1,span_days=4.41
19,P3_extended_thread,THR0003865,no_visit_between,1,intervening_visits=0
19,P2_unread_cc,MSG0004145,message_exists,1,
19,P2_unread_cc,MSG0004145,is_cc,1,
19,P2_unread_cc,MSG0004145,no_access_event,1,accesses=0
19,P2_unread_cc,MSG0004146,message_exists,1,
19,P2_unread_cc,MSG0004146,is_cc,1,
19,P2_unread_cc,MSG0004146,no_access_event,1,accesses=0
19,P2_unread_cc,MSG0004151,message_exists,1,
19,P2_unread_cc,MSG0004151,is_cc,1,
19,P2_unread_cc,MSG0004151,no_access_event,1,accesses=0
19,P2_unread_cc,MSG0004219,message_exists,1,
19,P2_unread_cc,MSG0004219,is_cc,1,
19,P2_unread_cc,MSG0004219,no_access_event,1,accesses=0
19,P2_unread_cc,MSG0004284,message_exists,1,
19,P2_unread_cc,MSG0004284,is_cc,1,
19,P2_unread_cc,MSG0004284,no_access_event,1,accesses=0
19,P4_result_misrouted,MSG0004345,message_exists,1,
19,P4_result_misrouted,MSG0004345,is_result,1,
19,P4_result_misrouted,MSG0004345,recipient_not_ordering,1,
19,P4_result_misrouted,MSG0004345,recipient_not_covering,1,cover=None
19,P4_result_misrouted,MSG0004347,message_exists,1,
19,P4_result_misrouted,MSG0004347,is_result,1,
19,P4_result_misrouted,MSG0004347,recipient_not_ordering,1,
19,P4_result_misrouted,MSG0004347,recipient_not_covering,1,cover=None
19,P2_unread_cc,MSG0004376,message_exists,1,
19,P2_unread_cc,MSG0004376,is_cc,1,
19,P2_unread_cc,MSG0004376,no_access_event,1,accesses=0
19,P4_result_misrouted,MSG0004448,message_exists,1,
19,P4_result_misrouted,MSG0004448,is_result,1,
19,P4_result_misrouted,MSG0004448,recipient_not_ordering,1,
19,P4_result_misrouted,MSG0004448,recipient_not_covering,1,cover=None
19,P2_unread_cc,MSG0004471,message_exists,1,
19,P2_unread_cc,MSG0004471,is_cc,1,
19,P2_unread_cc,MSG0004471,no_access_event,1,accesses=0
19,P2_unread_cc,MSG0004473,message_exists,1,
19,P2_unread_cc,MSG0004473,is_cc,1,
19,P2_unread_cc,MSG0004473,no_access_event,1,accesses=0
19,P4_result_misrouted,MSG0004541,message_exists,1,
19,P4_result_misrouted,MSG0004541,is_result,1,
19,P4_result_misrouted,MSG0004541,recipient_not_ordering,1,
19,P4_result_misrouted,MSG0004541,recipient_not_covering,1,cover=None
19,P2_unread_cc,MSG0004561,message_exists,1,
19,P2_unread_cc,MSG0004561,is_cc,1,
19,P2_unread_cc,MSG0004561,no_access_event,1,accesses=0
19,P2_unread_cc,MSG0004562,message_exists,1,
19,P2_unread_cc,MSG0004562,is_cc,1,
19,P2_unread_cc,MSG0004562,no_access_event,1,accesses=0
19,P2_unread_cc,MSG0004568,message_exists,1,
19,P2_unread_cc,MSG0004568,is_cc,1,
19,P2_unread_cc,MSG0004568,no_access_event,1,accesses=0
19,P4_result_misrouted,MSG0004618,message_exists,1,
19,P4_result_misrouted,MSG0004618,is_result,1,
19,P4_result_misrouted,MSG0004618,recipient_not_ordering,1,
19,P4_result_misrouted,MSG0004618,recipient_not_covering,1,cover=None
19,P2_unread_cc,MSG0004649,message_exists,1,
19,P2_unread_cc,MSG0004649,is_cc,1,
19,P2_unread_cc,MSG0004649,no_access_event,1,accesses=0
19,P2_unread_cc,MSG0004652,message_exists,1,
19,P2_unread_cc,MSG0004652,is_cc,1,
19,P2_unread_cc,MSG0004652,no_access_event,1,accesses=0
19,P2_unread_cc,MSG0004654,message_exists,1,
19,P2_unread_cc,MSG0004654,is_cc,1,
19,P2_unread_cc,MSG0004654,no_access_event,1,accesses=0
19,P2_unread_cc,MSG0004730,message_exists,1,
19,P2_unread_cc,MSG0004730,is_cc,1,
19,P2_unread_cc,MSG0004730,no_access_event,1,accesses=0
19,P7_pingpong,MSG0004767,message_exists,1,
19,P7_pingpong,MSG0004767,at_least_two_staff_to_provider_forwards,1,staff_to_provider=2
19,P7_pingpong,MSG0004767,at_least_two_provider_to_staff_forwards,1,provider_to_staff=2
19,P7_pingpong,MSG0004767,two_or_more_round_trips,1,roundtrips=2
19,P2_unread_cc,MSG0004801,message_exists,1,
19,P2_unread_cc,MSG0004801,is_cc,1,
19,P2_unread_cc,MSG0004801,no_access_event,1,accesses=0
19,P2_unread_cc,MSG0004805,message_exists,1,
19,P2_unread_cc,MSG0004805,is_cc,1,
19,P2_unread_cc,MSG0004805,no_access_event,1,accesses=0
19,P2_unread_cc,MSG0004807,message_exists,1,
19,P2_unread_cc,MSG0004807,is_cc,1,
19,P2_unread_cc,MSG0004807,no_access_event,1,accesses=0
19,P2_unread_cc,MSG0004808,message_exists,1,
19,P2_unread_cc,MSG0004808,is_cc,1,
19,P2_unread_cc,MSG0004808,no_access_event,1,accesses=0
19,P2_unread_cc,MSG0004876,message_exists,1,
19,P2_unread_cc,MSG0004876,is_cc,1,
19,P2_unread_cc,MSG0004876,no_access_event,1,accesses=0
19,P2_unread_cc,MSG0004877,message_exists,1,
19,P2_unread_cc,MSG0004877,is_cc,1,
19,P2_unread_cc,MSG0004877,no_access_event,1,accesses=0
19,P2_unread_cc,MSG0004878,message_exists,1,
19,P2_unread_cc,MSG0004878,is_cc,1,
19,P2_unread_cc,MSG0004878,no_access_event,1,accesses=0
19,P1_thank_you,MSG0004907,message_exists,1,
19,P1_thank_you,MSG0004907,patient_originated_portal_message,1,
19,P1_thank_you,MSG0004907,is_reply_to_prior_outbound,1,
19,P1_thank_you,MSG0004907,thread_ending,1,later_messages=0
19,P1_thank_you,MSG0004907,accessed_and_completed,1,
19,P2_unread_cc,MSG0004946,message_exists,1,
19,P2_unread_cc,MSG0004946,is_cc,1,
19,P2_unread_cc,MSG0004946,no_access_event,1,accesses=0
19,P2_unread_cc,MSG0004949,message_exists,1,
19,P2_unread_cc,MSG0004949,is_cc,1,
19,P2_unread_cc,MSG0004949,no_access_event,1,accesses=0
19,P2_unread_cc,MSG0005011,message_exists,1,
19,P2_unread_cc,MSG0005011,is_cc,1,
19,P2_unread_cc,MSG0005011,no_access_event,1,accesses=0
19,P2_unread_cc,MSG0005015,message_exists,1,
19,P2_unread_cc,MSG0005015,is_cc,1,
19,P2_unread_cc,MSG0005015,no_access_event,1,accesses=0
19,P2_unread_cc,MSG0005018,message_exists,1,
19,P2_unread_cc,MSG0005018,is_cc,1,
19,P2_unread_cc,MSG0005018,no_access_event,1,accesses=0
19,P2_unread_cc,MSG0005090,message_exists,1,
19,P2_unread_cc,MSG0005090,is_cc,1,
19,P2_unread_cc,MSG0005090,no_access_event,1,accesses=0
19,P3_extended_thread,THR0004829,thread_exists,1,
19,P3_extended_thread,THR0004829,three_or_more_patient_incoming,1,incoming=3
19,P3_extended_thread,THR0004829,four_or_more_message_exchanges,1,in+out=7
19,P3_extended_thread,THR0004829,spans_at_least_3_days,1,span_days=8.66
19,P3_extended_thread,THR0004829,no_visit_between,1,intervening_visits=0
19,P3_extended_thread,THR0004856,thread_exists,1,
19,P3_extended_thread,THR0004856,three_or_more_patient_incoming,1,incoming=3
19,P3_extended_thread,THR0004856,four_or_more_message_exchanges,1,in+out=6
19,P3_extended_thread,THR0004856,spans_at_least_3_days,1,span_days=4.64
19,P3_extended_thread,THR0004856,no_visit_between,1,intervening_visits=0
20,P4_result_misrouted,MSG0000015,message_exists,1,
20,P4_result_misrouted,MSG0000015,is_result,1,
20,P4_result_misrouted,MSG0000015,recipient_not_ordering,1,
20,P4_result_misrouted,MSG0000015,recipient_not_covering,1,cover=None
20,P2_unread_cc,MSG0000047,message_exists,1,
20,P2_unread_cc,MSG0000047,is_cc,1,
20,P2_unread_cc,MSG0000047,no_access_event,1,accesses=0
20,P2_unread_cc,MSG0000049,message_exists,1,
20,P2_unread_cc,MSG0000049,is_cc,1,
20,P2_unread_cc,MSG0000049,no_access_event,1,accesses=0
20,P2_unread_cc,MSG0000050,message_exists,1,
20,P2_unread_cc,MSG0000050,is_cc,1,
20,P2_unread_cc,MSG0000050,no_access_event,1,accesses=0
20,P2_unread_cc,MSG0000055,message_exists,1,
20,P2_unread_cc,MSG0000055,is_cc,1,
20,P2_unread_cc,MSG0000055,no_access_event,1,accesses=0
20,P2_unread_cc,MSG0000056,message_exists,1,
20,P2_unread_cc,MSG0000056,is_cc,1,
20,P2_unread_cc,MSG0000056,no_access_event,1,accesses=0
20,P2_unread_cc,MSG0000143,message_exists,1,
20,P2_unread_cc,MSG0000143,is_cc,1,
20,P2_unread_cc,MSG0000143,no_access_event,1,accesses=0
20,P2_unread_cc,MSG0000146,message_exists,1,
20,P2_unread_cc,MSG0000146,is_cc,1,
20,P2_unread_cc,MSG0000146,no_access_event,1,accesses=0
20,P2_unread_cc,MSG0000304,message_exists,1,
20,P2_unread_cc,MSG0000304,is_cc,1,
20,P2_unread_cc,MSG0000304,no_access_event,1,accesses=0
20,P7_pingpong,MSG0000340,message_exists,1,
20,P7_pingpong,MSG0000340,at_least_two_staff_to_provider_forwards,1,staff_to_provider=2
20,P7_pingpong,MSG0000340,at_least_two_provider_to_staff_forwards,1,provider_to_staff=2
20,P7_pingpong,MSG0000340,two_or_more_round_trips,1,roundtrips=2
20,P2_unread_cc,MSG0000438,message_exists,1,
20,P2_unread_cc,MSG0000438,is_cc,1,
20,P2_unread_cc,MSG0000438,no_access_event,1,accesses=0
20,P2_unread_cc,MSG0000439,message_exists,1,
20,P2_unread_cc,MSG0000439,is_cc,1,
20,P2_unread_cc,MSG0000439,no_access_event,1,accesses=0
20,P2_unread_cc,MSG0000442,message_exists,1,
20,P2_unread_cc,MSG0000442,is_cc,1,
20,P2_unread_cc,MSG0000442,no_access_event,1,accesses=0
20,P3_extended_thread,THR0000458,thread_exists,1,
20,P3_extended_thread,THR0000458,three_or_more_patient_incoming,1,incoming=4
20,P3_extended_thread,THR0000458,four_or_more_message_exchanges,1,in+out=7
20,P3_extended_thread,THR0000458,spans_at_least_3_days,1,span_days=6.11
20,P3_extended_thread,THR0000458,no_visit_between,1,intervening_visits=0
20,P1_thank_you,MSG0000478,message_exists,1,
20,P1_thank_you,MSG0000478,patient_originated_portal_message,1,
20,P1_thank_you,MSG0000478,is_reply_to_prior_outbound,1,
20,P1_thank_you,MSG0000478,thread_ending,1,later_messages=0
20,P1_thank_you,MSG0000478,accessed_and_completed,1,
20,P2_unread_cc,MSG0000535,message_exists,1,
20,P2_unread_cc,MSG0000535,is_cc,1,
20,P2_unread_cc,MSG0000535,no_access_event,1,accesses=0
20,P4_result_misrouted,MSG0000589,message_exists,1,
20,P4_result_misrouted,MSG0000589,is_result,1,
20,P4_result_misrouted,MSG0000589,recipient_not_ordering,1,
20,P4_result_misrouted,MSG0000589,recipient_not_covering,1,cover=None
20,P2_unread_cc,MSG0000612,message_exists,1,
20,P2_unread_cc,MSG0000612,is_cc,1,
20,P2_unread_cc,MSG0000612,no_access_event,1,accesses=0
20,P2_unread_cc,MSG0000618,message_exists,1,
20,P2_unread_cc,MSG0000618,is_cc,1,
20,P2_unread_cc,MSG0000618,no_access_event,1,accesses=0
20,P1_thank_you,MSG0000655,message_exists,1,
20,P1_thank_you,MSG0000655,patient_originated_portal_message,1,
20,P1_thank_you,MSG0000655,is_reply_to_prior_outbound,1,
20,P1_thank_you,MSG0000655,thread_ending,1,later_messages=0
20,P1_thank_you,MSG0000655,accessed_and_completed,1,
20,P2_unread_cc,MSG0000691,message_exists,1,
20,P2_unread_cc,MSG0000691,is_cc,1,
20,P2_unread_cc,MSG0000691,no_access_event,1,accesses=0
20,P2_unread_cc,MSG0000693,message_exists,1,
20,P2_unread_cc,MSG0000693,is_cc,1,
20,P2_unread_cc,MSG0000693,no_access_event,1,accesses=0
20,P2_unread_cc,MSG0000789,message_exists,1,
20,P2_unread_cc,MSG0000789,is_cc,1,
20,P2_unread_cc,MSG0000789,no_access_event,1,accesses=0
20,P2_unread_cc,MSG0000791,message_exists,1,
20,P2_unread_cc,MSG0000791,is_cc,1,
20,P2_unread_cc,MSG0000791,no_access_event,1,accesses=0
20,P4_result_misrouted,MSG0000833,message_exists,1,
20,P4_result_misrouted,MSG0000833,is_result,1,
20,P4_result_misrouted,MSG0000833,recipient_not_ordering,1,
20,P4_result_misrouted,MSG0000833,recipient_not_covering,1,cover=None
20,P4_result_misrouted,MSG0000839,message_exists,1,
20,P4_result_misrouted,MSG0000839,is_result,1,
20,P4_result_misrouted,MSG0000839,recipient_not_ordering,1,
20,P4_result_misrouted,MSG0000839,recipient_not_covering,1,cover=None
20,P2_unread_cc,MSG0000851,message_exists,1,
20,P2_unread_cc,MSG0000851,is_cc,1,
20,P2_unread_cc,MSG0000851,no_access_event,1,accesses=0
20,P4_result_misrouted,MSG0000898,message_exists,1,
20,P4_result_misrouted,MSG0000898,is_result,1,
20,P4_result_misrouted,MSG0000898,recipient_not_ordering,1,
20,P4_result_misrouted,MSG0000898,recipient_not_covering,1,cover=None
20,P2_unread_cc,MSG0000927,message_exists,1,
20,P2_unread_cc,MSG0000927,is_cc,1,
20,P2_unread_cc,MSG0000927,no_access_event,1,accesses=0
20,P2_unread_cc,MSG0000932,message_exists,1,
20,P2_unread_cc,MSG0000932,is_cc,1,
20,P2_unread_cc,MSG0000932,no_access_event,1,accesses=0
20,P2_unread_cc,MSG0000933,message_exists,1,
20,P2_unread_cc,MSG0000933,is_cc,1,
20,P2_unread_cc,MSG0000933,no_access_event,1,accesses=0
20,P2_unread_cc,MSG0000934,message_exists,1,
20,P2_unread_cc,MSG0000934,is_cc,1,
20,P2_unread_cc,MSG0000934,no_access_event,1,accesses=0
20,P2_unread_cc,MSG0000939,message_exists,1,
20,P2_unread_cc,MSG0000939,is_cc,1,
20,P2_unread_cc,MSG0000939,no_access_event,1,accesses=0
20,P3_extended_thread,THR0000917,thread_exists,1,
20,P3_extended_thread,THR0000917,three_or_more_patient_incoming,1,incoming=3
20,P3_extended_thread,THR0000917,four_or_more_message_exchanges,1,in+out=7
20,P3_extended_thread,THR0000917,spans_at_least_3_days,1,span_days=10.13
20,P3_extended_thread,THR0000917,no_visit_between,1,intervening_visits=0
20,P4_result_misrouted,MSG0000992,message_exists,1,
20,P4_result_misrouted,MSG0000992,is_result,1,
20,P4_result_misrouted,MSG0000992,recipient_not_ordering,1,
20,P4_result_misrouted,MSG0000992,recipient_not_covering,1,cover=None
20,P4_result_misrouted,MSG0000997,message_exists,1,
20,P4_result_misrouted,MSG0000997,is_result,1,
20,P4_result_misrouted,MSG0000997,recipient_not_ordering,1,
20,P4_result_misrouted,MSG0000997,recipient_not_covering,1,cover=None
20,P2_unread_cc,MSG0001024,message_exists,1,
20,P2_unread_cc,MSG0001024,is_cc,1,
20,P2_unread_cc,MSG0001024,no_access_event,1,accesses=0
20,P1_thank_you,MSG0001056,message_exists,1,
20,P1_thank_you,MSG0001056,patient_originated_portal_message,1,
20,P1_thank_you,MSG0001056,is_reply_to_prior_outbound,1,
20,P1_thank_you,MSG0001056,thread_ending,1,later_messages=0
20,P1_thank_you,MSG0001056,accessed_and_completed,1,
20,P2_unread_cc,MSG0001092,message_exists,1,
20,P2_unread_cc,MSG0001092,is_cc,1,
20,P2_unread_cc,MSG0001092,no_access_event,1,accesses=0
20,P2_unread_cc,MSG0001325,message_exists,1,
20,P2_unread_cc,MSG0001325,is_cc,1,
20,P2_unread_cc,MSG0001325,no_access_event,1,accesses=0
20,P2_unread_cc,MSG0001330,message_exists,1,
20,P2_unread_cc,MSG0001330,is_cc,1,
20,P2_unread_cc,MSG0001330,no_access_event,1,accesses=0
20,P2_unread_cc,MSG0001401,message_exists,1,
20,P2_unread_cc,MSG0001401,is_cc,1,
20,P2_unread_cc,MSG0001401,no_access_event,1,accesses=0
20,P2_unread_cc,MSG0001405,message_exists,1,
20,P2_unread_cc,MSG0001405,is_cc,1,
20,P2_unread_cc,MSG0001405,no_access_event,1,accesses=0
20,P2_unread_cc,MSG0001519,message_exists,1,
20,P2_unread_cc,MSG0001519,is_cc,1,
20,P2_unread_cc,MSG0001519,no_access_event,1,accesses=0
20,P4_result_misrouted,MSG0001572,message_exists,1,
20,P4_result_misrouted,MSG0001572,is_result,1,
20,P4_result_misrouted,MSG0001572,recipient_not_ordering,1,
20,P4_result_misrouted,MSG0001572,recipient_not_covering,1,cover=None
20,P2_unread_cc,MSG0001607,message_exists,1,
20,P2_unread_cc,MSG0001607,is_cc,1,
20,P2_unread_cc,MSG0001607,no_access_event,1,accesses=0
20,P2_unread_cc,MSG0001661,message_exists,1,
20,P2_unread_cc,MSG0001661,is_cc,1,
20,P2_unread_cc,MSG0001661,no_access_event,1,accesses=0
20,P2_unread_cc,MSG0001665,message_exists,1,
20,P2_unread_cc,MSG0001665,is_cc,1,
20,P2_unread_cc,MSG0001665,no_access_event,1,accesses=0
20,P2_unread_cc,MSG0001667,message_exists,1,
20,P2_unread_cc,MSG0001667,is_cc,1,
20,P2_unread_cc,MSG0001667,no_access_event,1,accesses=0
20,P1_thank_you,MSG0001707,message_exists,1,
20,P1_thank_you,MSG0001707,patient_originated_portal_message,1,
20,P1_thank_you,MSG0001707,is_reply_to_prior_outbound,1,
20,P1_thank_you,MSG0001707,thread_ending,1,later_messages=0
20,P1_thank_you,MSG0001707,accessed_and_completed,1,
20,P4_result_misrouted,MSG0001722,message_exists,1,
20,P4_result_misrouted,MSG0001722,is_result,1,
20,P4_result_misrouted,MSG0001722,recipient_not_ordering,1,
20,P4_result_misrouted,MSG0001722,recipient_not_covering,1,cover=None
20,P4_result_misrouted,MSG0001724,message_exists,1,
20,P4_result_misrouted,MSG0001724,is_result,1,
20,P4_result_misrouted,MSG0001724,recipient_not_ordering,1,
20,P4_result_misrouted,MSG0001724,recipient_not_covering,1,cover=None
20,P4_result_misrouted,MSG0001726,message_exists,1,
20,P4_result_misrouted,MSG0001726,is_result,1,
20,P4_result_misrouted,MSG0001726,recipient_not_ordering,1,
20,P4_result_misrouted,MSG0001726,recipient_not_covering,1,cover=None
20,P2_unread_cc,MSG0001764,message_exists,1,
20,P2_unread_cc,MSG0001764,is_cc,1,
20,P2_unread_cc,MSG0001764,no_access_event,1,accesses=0
20,P2_unread_cc,MSG0001844,message_exists,1,
20,P2_unread_cc,MSG0001844,is_cc,1,
20,P2_unread_cc,MSG0001844,no_access_event,1,accesses=0
20,P2_unread_cc,MSG0001845,message_exists,1,
20,P2_unread_cc,MSG0001845,is_cc,1,
20,P2_unread_cc,MSG0001845,no_access_event,1,accesses=0
20,P2_unread_cc,MSG0001846,message_exists,1,
20,P2_unread_cc,MSG0001846,is_cc,1,
20,P2_unread_cc,MSG0001846,no_access_event,1,accesses=0
20,P2_unread_cc,MSG0001847,message_exists,1,
20,P2_unread_cc,MSG0001847,is_cc,1,
20,P2_unread_cc,MSG0001847,no_access_event,1,accesses=0
20,P2_unread_cc,MSG0001851,message_exists,1,
20,P2_unread_cc,MSG0001851,is_cc,1,
20,P2_unread_cc,MSG0001851,no_access_event,1,accesses=0
20,P4_result_misrouted,MSG0001908,message_exists,1,
20,P4_result_misrouted,MSG0001908,is_result,1,
20,P4_result_misrouted,MSG0001908,recipient_not_ordering,1,
20,P4_result_misrouted,MSG0001908,recipient_not_covering,1,cover=None
20,P2_unread_cc,MSG0001939,message_exists,1,
20,P2_unread_cc,MSG0001939,is_cc,1,
20,P2_unread_cc,MSG0001939,no_access_event,1,accesses=0
20,P2_unread_cc,MSG0001943,message_exists,1,
20,P2_unread_cc,MSG0001943,is_cc,1,
20,P2_unread_cc,MSG0001943,no_access_event,1,accesses=0
20,P2_unread_cc,MSG0001945,message_exists,1,
20,P2_unread_cc,MSG0001945,is_cc,1,
20,P2_unread_cc,MSG0001945,no_access_event,1,accesses=0
20,P7_pingpong,MSG0001985,message_exists,1,
20,P7_pingpong,MSG0001985,at_least_two_staff_to_provider_forwards,1,staff_to_provider=2
20,P7_pingpong,MSG0001985,at_least_two_provider_to_staff_forwards,1,provider_to_staff=2
20,P7_pingpong,MSG0001985,two_or_more_round_trips,1,roundtrips=2
20,P4_result_misrouted,MSG0002000,message_exists,1,
20,P4_result_misrouted,MSG0002000,is_result,1,
20,P4_result_misrouted,MSG0002000,recipient_not_ordering,1,
20,P4_result_misrouted,MSG0002000,recipient_not_covering,1,cover=None
20,P2_unread_cc,MSG0002028,message_exists,1,
20,P2_unread_cc,MSG0002028,is_cc,1,
20,P2_unread_cc,MSG0002028,no_access_event,1,accesses=0
20,P2_unread_cc,MSG0002029,message_exists,1,
20,P2_unread_cc,MSG0002029,is_cc,1,
20,P2_unread_cc,MSG0002029,no_access_event,1,accesses=0
20,P4_result_misrouted,MSG0002081,message_exists,1,
20,P4_result_misrouted,MSG0002081,is_result,1,
20,P4_result_misrouted,MSG0002081,recipient_not_ordering,1,
20,P4_result_misrouted,MSG0002081,recipient_not_covering,1,cover=None
20,P2_unread_cc,MSG0002107,message_exists,1,
20,P2_unread_cc,MSG0002107,is_cc,1,
20,P2_unread_cc,MSG0002107,no_access_event,1,accesses=0
20,P2_unread_cc,MSG0002108,message_exists,1,
20,P2_unread_cc,MSG0002108,is_cc,1,
20,P2_unread_cc,MSG0002108,no_access_event,1,accesses=0
20,P1_thank_you,MSG0002150,message_exists,1,
20,P1_thank_you,MSG0002150,patient_originated_portal_message,1,
20,P1_thank_you,MSG0002150,is_reply_to_prior_outbound,1,
20,P1_thank_you,MSG0002150,thread_ending,1,later_messages=0
20,P1_thank_you,MSG0002150,accessed_and_completed,1,
20,P2_unread_cc,MSG0002199,message_exists,1,
20,P2_unread_cc,MSG0002199,is_cc,1,
20,P2_unread_cc,MSG0002199,no_access_event,1,accesses=0
20,P2_unread_cc,MSG0002202,message_exists,1,
20,P2_unread_cc,MSG0002202,is_cc,1,
20,P2_unread_cc,MSG0002202,no_access_event,1,accesses=0
20,P3_extended_thread,THR0002115,thread_exists,1,
20,P3_extended_thread,THR0002115,three_or_more_patient_incoming,1,incoming=3
20,P3_extended_thread,THR0002115,four_or_more_message_exchanges,1,in+out=6
20,P3_extended_thread,THR0002115,spans_at_least_3_days,1,span_days=7.02
20,P3_extended_thread,THR0002115,no_visit_between,1,intervening_visits=0
20,P2_unread_cc,MSG0002281,message_exists,1,
20,P2_unread_cc,MSG0002281,is_cc,1,
20,P2_unread_cc,MSG0002281,no_access_event,1,accesses=0
20,P2_unread_cc,MSG0002284,message_exists,1,
20,P2_unread_cc,MSG0002284,is_cc,1,
20,P2_unread_cc,MSG0002284,no_access_event,1,accesses=0
20,P2_unread_cc,MSG0002287,message_exists,1,
20,P2_unread_cc,MSG0002287,is_cc,1,
20,P2_unread_cc,MSG0002287,no_access_event,1,accesses=0
20,P3_extended_thread,THR0002180,thread_exists,1,
20,P3_extended_thread,THR0002180,three_or_more_patient_incoming,1,incoming=3
20,P3_extended_thread,THR0002180,four_or_more_message_exchanges,1,in+out=6
20,P3_extended_thread,THR0002180,spans_at_least_3_days,1,span_days=10.28
20,P3_extended_thread,THR0002180,no_visit_between,1,intervening_visits=0
20,P2_unread_cc,MSG0002351,message_exists,1,
20,P2_unread_cc,MSG0002351,is_cc,1,
20,P2_unread_cc,MSG0002351,no_access_event,1,accesses=0
20,P2_unread_cc,MSG0002436,message_exists,1,
20,P2_unread_cc,MSG0002436,is_cc,1,
20,P2_unread_cc,MSG0002436,no_access_event,1,accesses=0
20,P2_unread_cc,MSG0002439,message_exists,1,
20,P2_unread_cc,MSG0002439,is_cc,1,
20,P2_unread_cc,MSG0002439,no_access_event,1,accesses=0
20,P2_unread_cc,MSG0002443,message_exists,1,
20,P2_unread_cc,MSG0002443,is_cc,1,
20,P2_unread_cc,MSG0002443,no_access_event,1,accesses=0
20,P2_unread_cc,MSG0002448,message_exists,1,
20,P2_unread_cc,MSG0002448,is_cc,1,
20,P2_unread_cc,MSG0002448,no_access_event,1,accesses=0
20,P7_pingpong,MSG0002484,message_exists,1,
20,P7_pingpong,MSG0002484,at_least_two_staff_to_provider_forwards,1,staff_to_provider=2
20,P7_pingpong,MSG0002484,at_least_two_provider_to_staff_forwards,1,provider_to_staff=2
20,P7_pingpong,MSG0002484,two_or_more_round_trips,1,roundtrips=2
20,P2_unread_cc,MSG0002523,message_exists,1,
20,P2_unread_cc,MSG0002523,is_cc,1,
20,P2_unread_cc,MSG0002523,no_access_event,1,accesses=0
20,P2_unread_cc,MSG0002525,message_exists,1,
20,P2_unread_cc,MSG0002525,is_cc,1,
20,P2_unread_cc,MSG0002525,no_access_event,1,accesses=0
20,P2_unread_cc,MSG0002533,message_exists,1,
20,P2_unread_cc,MSG0002533,is_cc,1,
20,P2_unread_cc,MSG0002533,no_access_event,1,accesses=0
20,P4_result_misrouted,MSG0002602,message_exists,1,
20,P4_result_misrouted,MSG0002602,is_result,1,
20,P4_result_misrouted,MSG0002602,recipient_not_ordering,1,
20,P4_result_misrouted,MSG0002602,recipient_not_covering,1,cover=None
20,P1_thank_you,MSG0002614,message_exists,1,
20,P1_thank_you,MSG0002614,patient_originated_portal_message,1,
20,P1_thank_you,MSG0002614,is_reply_to_prior_outbound,1,
20,P1_thank_you,MSG0002614,thread_ending,1,later_messages=0
20,P1_thank_you,MSG0002614,accessed_and_completed,1,
20,P4_result_misrouted,MSG0002666,message_exists,1,
20,P4_result_misrouted,MSG0002666,is_result,1,
20,P4_result_misrouted,MSG0002666,recipient_not_ordering,1,
20,P4_result_misrouted,MSG0002666,recipient_not_covering,1,cover=None
20,P2_unread_cc,MSG0002682,message_exists,1,
20,P2_unread_cc,MSG0002682,is_cc,1,
20,P2_unread_cc,MSG0002682,no_access_event,1,accesses=0
20,P2_unread_cc,MSG0002684,message_exists,1,
20,P2_unread_cc,MSG0002684,is_cc,1,
20,P2_unread_cc,MSG0002684,no_access_event,1,accesses=0
20,P2_unread_cc,MSG0002743,message_exists,1,
20,P2_unread_cc,MSG0002743,is_cc,1,
20,P2_unread_cc,MSG0002743,no_access_event,1,accesses=0
20,P2_unread_cc,MSG0002744,message_exists,1,
20,P2_unread_cc,MSG0002744,is_cc,1,
20,P2_unread_cc,MSG0002744,no_access_event,1,accesses=0
20,P2_unread_cc,MSG0002745,message_exists,1,
20,P2_unread_cc,MSG0002745,is_cc,1,
20,P2_unread_cc,MSG0002745,no_access_event,1,accesses=0
20,P2_unread_cc,MSG0002747,message_exists,1,
20,P2_unread_cc,MSG0002747,is_cc,1,
20,P2_unread_cc,MSG0002747,no_access_event,1,accesses=0
20,P2_unread_cc,MSG0002749,message_exists,1,
20,P2_unread_cc,MSG0002749,is_cc,1,
20,P2_unread_cc,MSG0002749,no_access_event,1,accesses=0
20,P2_unread_cc,MSG0002753,message_exists,1,
20,P2_unread_cc,MSG0002753,is_cc,1,
20,P2_unread_cc,MSG0002753,no_access_event,1,accesses=0
20,P4_result_misrouted,MSG0002799,message_exists,1,
20,P4_result_misrouted,MSG0002799,is_result,1,
20,P4_result_misrouted,MSG0002799,recipient_not_ordering,1,
20,P4_result_misrouted,MSG0002799,recipient_not_covering,1,cover=None
20,P4_result_misrouted,MSG0002807,message_exists,1,
20,P4_result_misrouted,MSG0002807,is_result,1,
20,P4_result_misrouted,MSG0002807,recipient_not_ordering,1,
20,P4_result_misrouted,MSG0002807,recipient_not_covering,1,cover=None
20,P2_unread_cc,MSG0002828,message_exists,1,
20,P2_unread_cc,MSG0002828,is_cc,1,
20,P2_unread_cc,MSG0002828,no_access_event,1,accesses=0
20,P2_unread_cc,MSG0002832,message_exists,1,
20,P2_unread_cc,MSG0002832,is_cc,1,
20,P2_unread_cc,MSG0002832,no_access_event,1,accesses=0
20,P2_unread_cc,MSG0002834,message_exists,1,
20,P2_unread_cc,MSG0002834,is_cc,1,
20,P2_unread_cc,MSG0002834,no_access_event,1,accesses=0
20,P2_unread_cc,MSG0002836,message_exists,1,
20,P2_unread_cc,MSG0002836,is_cc,1,
20,P2_unread_cc,MSG0002836,no_access_event,1,accesses=0
20,P7_pingpong,MSG0002874,message_exists,1,
20,P7_pingpong,MSG0002874,at_least_two_staff_to_provider_forwards,1,staff_to_provider=2
20,P7_pingpong,MSG0002874,at_least_two_provider_to_staff_forwards,1,provider_to_staff=2
20,P7_pingpong,MSG0002874,two_or_more_round_trips,1,roundtrips=2
20,P2_unread_cc,MSG0002906,message_exists,1,
20,P2_unread_cc,MSG0002906,is_cc,1,
20,P2_unread_cc,MSG0002906,no_access_event,1,accesses=0
20,P2_unread_cc,MSG0002907,message_exists,1,
20,P2_unread_cc,MSG0002907,is_cc,1,
20,P2_unread_cc,MSG0002907,no_access_event,1,accesses=0
20,P2_unread_cc,MSG0002913,message_exists,1,
20,P2_unread_cc,MSG0002913,is_cc,1,
20,P2_unread_cc,MSG0002913,no_access_event,1,accesses=0
20,P7_pingpong,MSG0002946,message_exists,1,
20,P7_pingpong,MSG0002946,at_least_two_staff_to_provider_forwards,1,staff_to_provider=2
20,P7_pingpong,MSG0002946,at_least_two_provider_to_staff_forwards,1,provider_to_staff=2
20,P7_pingpong,MSG0002946,two_or_more_round_trips,1,roundtrips=2
20,P4_result_misrouted,MSG0002952,message_exists,1,
20,P4_result_misrouted,MSG0002952,is_result,1,
20,P4_result_misrouted,MSG0002952,recipient_not_ordering,1,
20,P4_result_misrouted,MSG0002952,recipient_not_covering,1,cover=None
20,P4_result_misrouted,MSG0002957,message_exists,1,
20,P4_result_misrouted,MSG0002957,is_result,1,
20,P4_result_misrouted,MSG0002957,recipient_not_ordering,1,
20,P4_result_misrouted,MSG0002957,recipient_not_covering,1,cover=None
20,P2_unread_cc,MSG0002978,message_exists,1,
20,P2_unread_cc,MSG0002978,is_cc,1,
20,P2_unread_cc,MSG0002978,no_access_event,1,accesses=0
20,P2_unread_cc,MSG0002980,message_exists,1,
20,P2_unread_cc,MSG0002980,is_cc,1,
20,P2_unread_cc,MSG0002980,no_access_event,1,accesses=0
20,P2_unread_cc,MSG0002981,message_exists,1,
20,P2_unread_cc,MSG0002981,is_cc,1,
20,P2_unread_cc,MSG0002981,no_access_event,1,accesses=0
20,P2_unread_cc,MSG0002983,message_exists,1,
20,P2_unread_cc,MSG0002983,is_cc,1,
20,P2_unread_cc,MSG0002983,no_access_event,1,accesses=0
20,P2_unread_cc,MSG0003052,message_exists,1,
20,P2_unread_cc,MSG0003052,is_cc,1,
20,P2_unread_cc,MSG0003052,no_access_event,1,accesses=0
20,P2_unread_cc,MSG0003054,message_exists,1,
20,P2_unread_cc,MSG0003054,is_cc,1,
20,P2_unread_cc,MSG0003054,no_access_event,1,accesses=0
20,P2_unread_cc,MSG0003057,message_exists,1,
20,P2_unread_cc,MSG0003057,is_cc,1,
20,P2_unread_cc,MSG0003057,no_access_event,1,accesses=0
20,P7_pingpong,MSG0003105,message_exists,1,
20,P7_pingpong,MSG0003105,at_least_two_staff_to_provider_forwards,1,staff_to_provider=2
20,P7_pingpong,MSG0003105,at_least_two_provider_to_staff_forwards,1,provider_to_staff=2
20,P7_pingpong,MSG0003105,two_or_more_round_trips,1,roundtrips=2
20,P4_result_misrouted,MSG0003117,message_exists,1,
20,P4_result_misrouted,MSG0003117,is_result,1,
20,P4_result_misrouted,MSG0003117,recipient_not_ordering,1,
20,P4_result_misrouted,MSG0003117,recipient_not_covering,1,cover=None
20,P2_unread_cc,MSG0003143,message_exists,1,
20,P2_unread_cc,MSG0003143,is_cc,1,
20,P2_unread_cc,MSG0003143,no_access_event,1,accesses=0
20,P2_unread_cc,MSG0003148,message_exists,1,
20,P2_unread_cc,MSG0003148,is_cc,1,
20,P2_unread_cc,MSG0003148,no_access_event,1,accesses=0
20,P2_unread_cc,MSG0003151,message_exists,1,
20,P2_unread_cc,MSG0003151,is_cc,1,
20,P2_unread_cc,MSG0003151,no_access_event,1,accesses=0
20,P2_unread_cc,MSG0003154,message_exists,1,
20,P2_unread_cc,MSG0003154,is_cc,1,
20,P2_unread_cc,MSG0003154,no_access_event,1,accesses=0
20,P8_nonclinical_misrouted,MSG0003183,message_exists,1,
20,P8_nonclinical_misrouted,MSG0003183,nonclinical_category,1,category=billing_question
20,P8_nonclinical_misrouted,MSG0003183,reaches_provider,1,provider_forwards=1
20,P8_nonclinical_misrouted,MSG0003186,message_exists,1,
20,P8_nonclinical_misrouted,MSG0003186,nonclinical_category,1,category=appointment_request
20,P8_nonclinical_misrouted,MSG0003186,reaches_provider,1,provider_forwards=1
20,P2_unread_cc,MSG0003218,message_exists,1,
20,P2_unread_cc,MSG0003218,is_cc,1,
20,P2_unread_cc,MSG0003218,no_access_event,1,accesses=0
20,P2_unread_cc,MSG0003225,message_exists,1,
20,P2_unread_cc,MSG0003225,is_cc,1,
20,P2_unread_cc,MSG0003225,no_access_event,1,accesses=0
20,P7_pingpong,MSG0003271,message_exists,1,
20,P7_pingpong,MSG0003271,at_least_two_staff_to_provider_forwards,1,staff_to_provider=2
20,P7_pingpong,MSG0003271,at_least_two_provider_to_staff_forwards,1,provider_to_staff=2
20,P7_pingpong,MSG0003271,two_or_more_round_trips,1,roundtrips=2
20,P2_unread_cc,MSG0003296,message_exists,1,
20,P2_unread_cc,MSG0003296,is_cc,1,
20,P2_unread_cc,MSG0003296,no_access_event,1,accesses=0
20,P2_unread_cc,MSG0003297,message_exists,1,
20,P2_unread_cc,MSG0003297,is_cc,1,
20,P2_unread_cc,MSG0003297,no_access_event,1,accesses=0
20,P2_unread_cc,MSG0003298,message_exists,1,
20,P2_unread_cc,MSG0003298,is_cc,1,
20,P2_unread_cc,MSG0003298,no_access_event,1,accesses=0
20,P2_unread_cc,MSG0003301,message_exists,1,
20,P2_unread_cc,MSG0003301,is_cc,1,
20,P2_unread_cc,MSG0003301,no_access_event,1,accesses=0
20,P1_thank_you,MSG0003356,message_exists,1,
20,P1_thank_you,MSG0003356,patient_originated_portal_message,1,
20,P1_thank_you,MSG0003356,is_reply_to_prior_outbound,1,
20,P1_thank_you,MSG0003356,thread_ending,1,later_messages=0
20,P1_thank_you,MSG0003356,accessed_and_completed,1,
20,P2_unread_cc,MSG0003393,message_exists,1,
20,P2_unread_cc,MSG0003393,is_cc,1,
20,P2_unread_cc,MSG0003393,no_access_event,1,accesses=0
20,P3_extended_thread,THR0003228,thread_exists,1,
20,P3_extended_thread,THR0003228,three_or_more_patient_incoming,1,incoming=3
20,P3_extended_thread,THR0003228,four_or_more_message_exchanges,1,in+out=6
20,P3_extended_thread,THR0003228,spans_at_least_3_days,1,span_days=4.83
20,P3_extended_thread,THR0003228,no_visit_between,1,intervening_visits=0
20,P7_pingpong,MSG0003442,message_exists,1,
20,P7_pingpong,MSG0003442,at_least_two_staff_to_provider_forwards,1,staff_to_provider=2
20,P7_pingpong,MSG0003442,at_least_two_provider_to_staff_forwards,1,provider_to_staff=2
20,P7_pingpong,MSG0003442,two_or_more_round_trips,1,roundtrips=2
20,P4_result_misrouted,MSG0003457,message_exists,1,
20,P4_result_misrouted,MSG0003457,is_result,1,
20,P4_result_misrouted,MSG0003457,recipient_not_ordering,1,
20,P4_result_misrouted,MSG0003457,recipient_not_covering,1,cover=None
20,P2_unread_cc,MSG0003479,message_exists,1,
20,P2_unread_cc,MSG0003479,is_cc,1,
20,P2_unread_cc,MSG0003479,no_access_event,1,accesses=0
20,P7_pingpong,MSG0003521,message_exists,1,
20,P7_pingpong,MSG0003521,at_least_two_staff_to_provider_forwards,1,staff_to_provider=2
20,P7_pingpong,MSG0003521,at_least_two_provider_to_staff_forwards,1,provider_to_staff=2
20,P7_pingpong,MSG0003521,two_or_more_round_trips,1,roundtrips=2
20,P2_unread_cc,MSG0003551,message_exists,1,
20,P2_unread_cc,MSG0003551,is_cc,1,
20,P2_unread_cc,MSG0003551,no_access_event,1,accesses=0
20,P2_unread_cc,MSG0003554,message_exists,1,
20,P2_unread_cc,MSG0003554,is_cc,1,
20,P2_unread_cc,MSG0003554,no_access_event,1,accesses=0
20,P2_unread_cc,MSG0003556,message_exists,1,
20,P2_unread_cc,MSG0003556,is_cc,1,
20,P2_unread_cc,MSG0003556,no_access_event,1,accesses=0
20,P8_nonclinical_misrouted,MSG0003590,message_exists,1,
20,P8_nonclinical_misrouted,MSG0003590,nonclinical_category,1,category=cancellation
20,P8_nonclinical_misrouted,MSG0003590,reaches_provider,1,provider_forwards=1
20,P2_unread_cc,MSG0003628,message_exists,1,
20,P2_unread_cc,MSG0003628,is_cc,1,
20,P2_unread_cc,MSG0003628,no_access_event,1,accesses=0
20,P2_unread_cc,MSG0003632,message_exists,1,
20,P2_unread_cc,MSG0003632,is_cc,1,
20,P2_unread_cc,MSG0003632,no_access_event,1,accesses=0
20,P7_pingpong,MSG0003668,message_exists,1,
20,P7_pingpong,MSG0003668,at_least_two_staff_to_provider_forwards,1,staff_to_provider=2
20,P7_pingpong,MSG0003668,at_least_two_provider_to_staff_forwards,1,provider_to_staff=2
20,P7_pingpong,MSG0003668,two_or_more_round_trips,1,roundtrips=2
20,P1_thank_you,MSG0003674,message_exists,1,
20,P1_thank_you,MSG0003674,patient_originated_portal_message,1,
20,P1_thank_you,MSG0003674,is_reply_to_prior_outbound,1,
20,P1_thank_you,MSG0003674,thread_ending,1,later_messages=0
20,P1_thank_you,MSG0003674,accessed_and_completed,1,
20,P2_unread_cc,MSG0003713,message_exists,1,
20,P2_unread_cc,MSG0003713,is_cc,1,
20,P2_unread_cc,MSG0003713,no_access_event,1,accesses=0
20,P2_unread_cc,MSG0003717,message_exists,1,
20,P2_unread_cc,MSG0003717,is_cc,1,
20,P2_unread_cc,MSG0003717,no_access_event,1,accesses=0
20,P8_nonclinical_misrouted,MSG0003751,message_exists,1,
20,P8_nonclinical_misrouted,MSG0003751,nonclinical_category,1,category=cancellation
20,P8_nonclinical_misrouted,MSG0003751,reaches_provider,1,provider_forwards=1
20,P2_unread_cc,MSG0003796,message_exists,1,
20,P2_unread_cc,MSG0003796,is_cc,1,
20,P2_unread_cc,MSG0003796,no_access_event,1,accesses=0
20,P4_result_misrouted,MSG0003884,message_exists,1,
20,P4_result_misrouted,MSG0003884,is_result,1,
20,P4_result_misrouted,MSG0003884,recipient_not_ordering,1,
20,P4_result_misrouted,MSG0003884,recipient_not_covering,1,cover=None
20,P4_result_misrouted,MSG0003943,message_exists,1,
20,P4_result_misrouted,MSG0003943,is_result,1,
20,P4_result_misrouted,MSG0003943,recipient_not_ordering,1,
20,P4_result_misrouted,MSG0003943,recipient_not_covering,1,cover=None
20,P4_result_misrouted,MSG0003945,message_exists,1,
20,P4_result_misrouted,MSG0003945,is_result,1,
20,P4_result_misrouted,MSG0003945,recipient_not_ordering,1,
20,P4_result_misrouted,MSG0003945,recipient_not_covering,1,cover=None
20,P2_unread_cc,MSG0003965,message_exists,1,
20,P2_unread_cc,MSG0003965,is_cc,1,
20,P2_unread_cc,MSG0003965,no_access_event,1,accesses=0
20,P2_unread_cc,MSG0003973,message_exists,1,
20,P2_unread_cc,MSG0003973,is_cc,1,
20,P2_unread_cc,MSG0003973,no_access_event,1,accesses=0
20,P2_unread_cc,MSG0003974,message_exists,1,
20,P2_unread_cc,MSG0003974,is_cc,1,
20,P2_unread_cc,MSG0003974,no_access_event,1,accesses=0
20,P2_unread_cc,MSG0003975,message_exists,1,
20,P2_unread_cc,MSG0003975,is_cc,1,
20,P2_unread_cc,MSG0003975,no_access_event,1,accesses=0
20,P2_unread_cc,MSG0003978,message_exists,1,
20,P2_unread_cc,MSG0003978,is_cc,1,
20,P2_unread_cc,MSG0003978,no_access_event,1,accesses=0
20,P2_unread_cc,MSG0004060,message_exists,1,
20,P2_unread_cc,MSG0004060,is_cc,1,
20,P2_unread_cc,MSG0004060,no_access_event,1,accesses=0
20,P2_unread_cc,MSG0004065,message_exists,1,
20,P2_unread_cc,MSG0004065,is_cc,1,
20,P2_unread_cc,MSG0004065,no_access_event,1,accesses=0
20,P2_unread_cc,MSG0004066,message_exists,1,
20,P2_unread_cc,MSG0004066,is_cc,1,
20,P2_unread_cc,MSG0004066,no_access_event,1,accesses=0
20,P2_unread_cc,MSG0004142,message_exists,1,
20,P2_unread_cc,MSG0004142,is_cc,1,
20,P2_unread_cc,MSG0004142,no_access_event,1,accesses=0
20,P2_unread_cc,MSG0004143,message_exists,1,
20,P2_unread_cc,MSG0004143,is_cc,1,
20,P2_unread_cc,MSG0004143,no_access_event,1,accesses=0
20,P4_result_misrouted,MSG0004185,message_exists,1,
20,P4_result_misrouted,MSG0004185,is_result,1,
20,P4_result_misrouted,MSG0004185,recipient_not_ordering,1,
20,P4_result_misrouted,MSG0004185,recipient_not_covering,1,cover=None
20,P4_result_misrouted,MSG0004196,message_exists,1,
20,P4_result_misrouted,MSG0004196,is_result,1,
20,P4_result_misrouted,MSG0004196,recipient_not_ordering,1,
20,P4_result_misrouted,MSG0004196,recipient_not_covering,1,cover=None
20,P2_unread_cc,MSG0004230,message_exists,1,
20,P2_unread_cc,MSG0004230,is_cc,1,
20,P2_unread_cc,MSG0004230,no_access_event,1,accesses=0
20,P2_unread_cc,MSG0004234,message_exists,1,
20,P2_unread_cc,MSG0004234,is_cc,1,
20,P2_unread_cc,MSG0004234,no_access_event,1,accesses=0
20,P2_unread_cc,MSG0004236,message_exists,1,
20,P2_unread_cc,MSG0004236,is_cc,1,
20,P2_unread_cc,MSG0004236,no_access_event,1,accesses=0
20,P1_thank_you,MSG0004279,message_exists,1,
20,P1_thank_you,MSG0004279,patient_originated_portal_message,1,
20,P1_thank_you,MSG0004279,is_reply_to_prior_outbound,1,
20,P1_thank_you,MSG0004279,thread_ending,1,later_messages=0
20,P1_thank_you,MSG0004279,accessed_and_completed,1,
20,P8_nonclinical_misrouted,MSG0004280,message_exists,1,
20,P8_nonclinical_misrouted,MSG0004280,nonclinical_category,1,category=billing_question
20,P8_nonclinical_misrouted,MSG0004280,reaches_provider,1,provider_forwards=1
20,P2_unread_cc,MSG0004308,message_exists,1,
20,P2_unread_cc,MSG0004308,is_cc,1,
20,P2_unread_cc,MSG0004308,no_access_event,1,accesses=0
20,P2_unread_cc,MSG0004312,message_exists,1,
20,P2_unread_cc,MSG0004312,is_cc,1,
20,P2_unread_cc,MSG0004312,no_access_event,1,accesses=0
20,P2_unread_cc,MSG0004313,message_exists,1,
20,P2_unread_cc,MSG0004313,is_cc,1,
20,P2_unread_cc,MSG0004313,no_access_event,1,accesses=0
20,P2_unread_cc,MSG0004315,message_exists,1,
20,P2_unread_cc,MSG0004315,is_cc,1,
20,P2_unread_cc,MSG0004315,no_access_event,1,accesses=0
20,P2_unread_cc,MSG0004322,message_exists,1,
20,P2_unread_cc,MSG0004322,is_cc,1,
20,P2_unread_cc,MSG0004322,no_access_event,1,accesses=0
20,P2_unread_cc,MSG0004323,message_exists,1,
20,P2_unread_cc,MSG0004323,is_cc,1,
20,P2_unread_cc,MSG0004323,no_access_event,1,accesses=0
20,P7_pingpong,MSG0004345,message_exists,1,
20,P7_pingpong,MSG0004345,at_least_two_staff_to_provider_forwards,1,staff_to_provider=2
20,P7_pingpong,MSG0004345,at_least_two_provider_to_staff_forwards,1,provider_to_staff=2
20,P7_pingpong,MSG0004345,two_or_more_round_trips,1,roundtrips=2
20,P8_nonclinical_misrouted,MSG0004349,message_exists,1,
20,P8_nonclinical_misrouted,MSG0004349,nonclinical_category,1,category=appointment_request
20,P8_nonclinical_misrouted,MSG0004349,reaches_provider,1,provider_forwards=1
20,P2_unread_cc,MSG0004399,message_exists,1,
20,P2_unread_cc,MSG0004399,is_cc,1,
20,P2_unread_cc,MSG0004399,no_access_event,1,accesses=0
20,P8_nonclinical_misrouted,MSG0004435,message_exists,1,
20,P8_nonclinical_misrouted,MSG0004435,nonclinical_category,1,category=cancellation
20,P8_nonclinical_misrouted,MSG0004435,reaches_provider,1,provider_forwards=1
20,P2_unread_cc,MSG0004466,message_exists,1,
20,P2_unread_cc,MSG0004466,is_cc,1,
20,P2_unread_cc,MSG0004466,no_access_event,1,accesses=0
20,P2_unread_cc,MSG0004467,message_exists,1,
20,P2_unread_cc,MSG0004467,is_cc,1,
20,P2_unread_cc,MSG0004467,no_access_event,1,accesses=0
20,P1_thank_you,MSG0004500,message_exists,1,
20,P1_thank_you,MSG0004500,patient_originated_portal_message,1,
20,P1_thank_you,MSG0004500,is_reply_to_prior_outbound,1,
20,P1_thank_you,MSG0004500,thread_ending,1,later_messages=0
20,P1_thank_you,MSG0004500,accessed_and_completed,1,
20,P7_pingpong,MSG0004510,message_exists,1,
20,P7_pingpong,MSG0004510,at_least_two_staff_to_provider_forwards,1,staff_to_provider=2
20,P7_pingpong,MSG0004510,at_least_two_provider_to_staff_forwards,1,provider_to_staff=2
20,P7_pingpong,MSG0004510,two_or_more_round_trips,1,roundtrips=2
20,P4_result_misrouted,MSG0004512,message_exists,1,
20,P4_result_misrouted,MSG0004512,is_result,1,
20,P4_result_misrouted,MSG0004512,recipient_not_ordering,1,
20,P4_result_misrouted,MSG0004512,recipient_not_covering,1,cover=None
20,P2_unread_cc,MSG0004543,message_exists,1,
20,P2_unread_cc,MSG0004543,is_cc,1,
20,P2_unread_cc,MSG0004543,no_access_event,1,accesses=0
20,P4_result_misrouted,MSG0004585,message_exists,1,
20,P4_result_misrouted,MSG0004585,is_result,1,
20,P4_result_misrouted,MSG0004585,recipient_not_ordering,1,
20,P4_result_misrouted,MSG0004585,recipient_not_covering,1,cover=None
20,P2_unread_cc,MSG0004610,message_exists,1,
20,P2_unread_cc,MSG0004610,is_cc,1,
20,P2_unread_cc,MSG0004610,no_access_event,1,accesses=0
20,P2_unread_cc,MSG0004611,message_exists,1,
20,P2_unread_cc,MSG0004611,is_cc,1,
20,P2_unread_cc,MSG0004611,no_access_event,1,accesses=0
20,P2_unread_cc,MSG0004612,message_exists,1,
20,P2_unread_cc,MSG0004612,is_cc,1,
20,P2_unread_cc,MSG0004612,no_access_event,1,accesses=0
20,P2_unread_cc,MSG0004615,message_exists,1,
20,P2_unread_cc,MSG0004615,is_cc,1,
20,P2_unread_cc,MSG0004615,no_access_event,1,accesses=0
20,P3_extended_thread,THR0004364,thread_exists,1,
20,P3_extended_thread,THR0004364,three_or_more_patient_incoming,1,incoming=3
20,P3_extended_thread,THR0004364,four_or_more_message_exchanges,1,in+out=7
20,P3_extended_thread,THR0004364,spans_at_least_3_days,1,span_days=7.55
20,P3_extended_thread,THR0004364,no_visit_between,1,intervening_visits=0
20,P8_nonclinical_misrouted,MSG0004648,message_exists,1,
20,P8_nonclinical_misrouted,MSG0004648,nonclinical_category,1,category=appointment_request
20,P8_nonclinical_misrouted,MSG0004648,reaches_provider,1,provider_forwards=1
20,P8_nonclinical_misrouted,MSG0004655,message_exists,1,
20,P8_nonclinical_misrouted,MSG0004655,nonclinical_category,1,category=cancellation
20,P8_nonclinical_misrouted,MSG0004655,reaches_provider,1,provider_forwards=1
20,P4_result_misrouted,MSG0004670,message_exists,1,
20,P4_result_misrouted,MSG0004670,is_result,1,
20,P4_result_misrouted,MSG0004670,recipient_not_ordering,1,
20,P4_result_misrouted,MSG0004670,recipient_not_covering,1,cover=None
20,P2_unread_cc,MSG0004694,message_exists,1,
20,P2_unread_cc,MSG0004694,is_cc,1,
20,P2_unread_cc,MSG0004694,no_access_event,1,accesses=0
20,P2_unread_cc,MSG0004695,message_exists,1,
20,P2_unread_cc,MSG0004695,is_cc,1,
20,P2_unread_cc,MSG0004695,no_access_event,1,accesses=0
20,P2_unread_cc,MSG0004699,message_exists,1,
20,P2_unread_cc,MSG0004699,is_cc,1,
20,P2_unread_cc,MSG0004699,no_access_event,1,accesses=0
20,P2_unread_cc,MSG0004700,message_exists,1,
20,P2_unread_cc,MSG0004700,is_cc,1,
20,P2_unread_cc,MSG0004700,no_access_event,1,accesses=0
20,P2_unread_cc,MSG0004701,message_exists,1,
20,P2_unread_cc,MSG0004701,is_cc,1,
20,P2_unread_cc,MSG0004701,no_access_event,1,accesses=0
20,P2_unread_cc,MSG0004702,message_exists,1,
20,P2_unread_cc,MSG0004702,is_cc,1,
20,P2_unread_cc,MSG0004702,no_access_event,1,accesses=0
20,P2_unread_cc,MSG0004703,message_exists,1,
20,P2_unread_cc,MSG0004703,is_cc,1,
20,P2_unread_cc,MSG0004703,no_access_event,1,accesses=0
20,P3_extended_thread,THR0004439,thread_exists,1,
20,P3_extended_thread,THR0004439,three_or_more_patient_incoming,1,incoming=3
20,P3_extended_thread,THR0004439,four_or_more_message_exchanges,1,in+out=6
20,P3_extended_thread,THR0004439,spans_at_least_3_days,1,span_days=6.72
20,P3_extended_thread,THR0004439,no_visit_between,1,intervening_visits=0
20,P7_pingpong,MSG0004731,message_exists,1,
20,P7_pingpong,MSG0004731,at_least_two_staff_to_provider_forwards,1,staff_to_provider=2
20,P7_pingpong,MSG0004731,at_least_two_provider_to_staff_forwards,1,provider_to_staff=2
20,P7_pingpong,MSG0004731,two_or_more_round_trips,1,roundtrips=2
20,P2_unread_cc,MSG0004765,message_exists,1,
20,P2_unread_cc,MSG0004765,is_cc,1,
20,P2_unread_cc,MSG0004765,no_access_event,1,accesses=0
20,P2_unread_cc,MSG0004770,message_exists,1,
20,P2_unread_cc,MSG0004770,is_cc,1,
20,P2_unread_cc,MSG0004770,no_access_event,1,accesses=0
20,P2_unread_cc,MSG0004826,message_exists,1,
20,P2_unread_cc,MSG0004826,is_cc,1,
20,P2_unread_cc,MSG0004826,no_access_event,1,accesses=0
20,P2_unread_cc,MSG0004903,message_exists,1,
20,P2_unread_cc,MSG0004903,is_cc,1,
20,P2_unread_cc,MSG0004903,no_access_event,1,accesses=0
20,P2_unread_cc,MSG0004906,message_exists,1,
20,P2_unread_cc,MSG0004906,is_cc,1,
20,P2_unread_cc,MSG0004906,no_access_event,1,accesses=0
20,P2_unread_cc,MSG0004987,message_exists,1,
20,P2_unread_cc,MSG0004987,is_cc,1,
20,P2_unread_cc,MSG0004987,no_access_event,1,accesses=0
20,P2_unread_cc,MSG0004988,message_exists,1,
20,P2_unread_cc,MSG0004988,is_cc,1,
20,P2_unread_cc,MSG0004988,no_access_event,1,accesses=0
20,P2_unread_cc,MSG0004989,message_exists,1,
20,P2_unread_cc,MSG0004989,is_cc,1,
20,P2_unread_cc,MSG0004989,no_access_event,1,accesses=0
20,P2_unread_cc,MSG0004992,message_exists,1,
20,P2_unread_cc,MSG0004992,is_cc,1,
20,P2_unread_cc,MSG0004992,no_access_event,1,accesses=0
20,P8_nonclinical_misrouted,MSG0005012,message_exists,1,
20,P8_nonclinical_misrouted,MSG0005012,nonclinical_category,1,category=billing_question
20,P8_nonclinical_misrouted,MSG0005012,reaches_provider,1,provider_forwards=1
20,P8_nonclinical_misrouted,MSG0005015,message_exists,1,
20,P8_nonclinical_misrouted,MSG0005015,nonclinical_category,1,category=appointment_request
20,P8_nonclinical_misrouted,MSG0005015,reaches_provider,1,provider_forwards=1
20,P4_result_misrouted,MSG0005031,message_exists,1,
20,P4_result_misrouted,MSG0005031,is_result,1,
20,P4_result_misrouted,MSG0005031,recipient_not_ordering,1,
20,P4_result_misrouted,MSG0005031,recipient_not_covering,1,cover=None
20,P2_unread_cc,MSG0005051,message_exists,1,
20,P2_unread_cc,MSG0005051,is_cc,1,
20,P2_unread_cc,MSG0005051,no_access_event,1,accesses=0
20,P2_unread_cc,MSG0005052,message_exists,1,
20,P2_unread_cc,MSG0005052,is_cc,1,
20,P2_unread_cc,MSG0005052,no_access_event,1,accesses=0
20,P2_unread_cc,MSG0005057,message_exists,1,
20,P2_unread_cc,MSG0005057,is_cc,1,
20,P2_unread_cc,MSG0005057,no_access_event,1,accesses=0
20,P3_extended_thread,THR0004857,thread_exists,1,
20,P3_extended_thread,THR0004857,three_or_more_patient_incoming,1,incoming=4
20,P3_extended_thread,THR0004857,four_or_more_message_exchanges,1,in+out=7
20,P3_extended_thread,THR0004857,spans_at_least_3_days,1,span_days=5.38
20,P3_extended_thread,THR0004857,no_visit_between,1,intervening_visits=0
20,P1_thank_you,MSG0005174,message_exists,1,
20,P1_thank_you,MSG0005174,patient_originated_portal_message,1,
20,P1_thank_you,MSG0005174,is_reply_to_prior_outbound,1,
20,P1_thank_you,MSG0005174,thread_ending,1,later_messages=0
20,P1_thank_you,MSG0005174,accessed_and_completed,1,
