seed,pattern,id,check,passed,detail
1,P2_unread_cc,MSG0000053,message_exists,1,
1,P2_unread_cc,MSG0000053,is_cc,1,
1,P2_unread_cc,MSG0000053,no_access_event,1,accesses=0
1,P2_unread_cc,MSG0000120,message_exists,1,
1,P2_unread_cc,MSG0000120,is_cc,1,
1,P2_unread_cc,MSG0000120,no_access_event,1,accesses=0
1,P2_unread_cc,MSG0000121,message_exists,1,
1,P2_unread_cc,MSG0000121,is_cc,1,
1,P2_unread_cc,MSG0000121,no_access_event,1,accesses=0
1,P2_unread_cc,MSG0000205,message_exists,1,
1,P2_unread_cc,MSG0000205,is_cc,1,
1,P2_unread_cc,MSG0000205,no_access_event,1,accesses=0
1,P2_unread_cc,MSG0000213,message_exists,1,
1,P2_unread_cc,MSG0000213,is_cc,1,
1,P2_unread_cc,MSG0000213,no_access_event,1,accesses=0
1,P2_unread_cc,MSG0000277,message_exists,1,
1,P2_unread_cc,MSG0000277,is_cc,1,
1,P2_unread_cc,MSG0000277,no_access_event,1,accesses=0
1,P2_unread_cc,MSG0000284,message_exists,1,
1,P2_unread_cc,MSG0000284,is_cc,1,
1,P2_unread_cc,MSG0000284,no_access_event,1,accesses=0
1,P2_unread_cc,MSG0000287,message_exists,1,
1,P2_unread_cc,MSG0000287,is_cc,1,
1,P2_unread_cc,MSG0000287,no_access_event,1,accesses=0
1,P2_unread_cc,MSG0000289,message_exists,1,
1,P2_unread_cc,MSG0000289,is_cc,1,
1,P2_unread_cc,MSG0000289,no_access_event,1,accesses=0
1,P7_pingpong,MSG0000320,message_exists,1,
1,P7_pingpong,MSG0000320,at_least_two_staff_to_provider_forwards,1,staff_to_provider=2
1,P7_pingpong,MSG0000320,at_least_two_provider_to_staff_forwards,1,provider_to_staff=2
1,P7_pingpong,MSG0000320,two_or_more_round_trips,1,roundtrips=2
1,P3_extended_thread,THR0000302,thread_exists,1,
1,P3_extended_thread,THR0000302,three_or_more_patient_incoming,1,incoming=3
1,P3_extended_thread,THR0000302,four_or_more_message_exchanges,1,in+out=6
1,P3_extended_thread,THR0000302,spans_at_least_3_days,1,span_days=12.52
1,P3_extended_thread,THR0000302,no_visit_between,1,intervening_visits=0
1,P7_pingpong,MSG0000324,message_exists,1,
1,P7_pingpong,MSG0000324,at_least_two_staff_to_provider_forwards,1,staff_to_provider=2
1,P7_pingpong,MSG0000324,at_least_two_provider_to_staff_forwards,1,provider_to_staff=2
1,P7_pingpong,MSG0000324,two_or_more_round_trips,1,roundtrips=2
1,P4_result_misrouted,MSG0000339,message_exists,1,
1,P4_result_misrouted,MSG0000339,is_result,1,
1,P4_result_misrouted,MSG0000339,recipient_not_ordering,1,
1,P4_result_misrouted,MSG0000339,recipient_not_covering,1,cover=None
1,P2_unread_cc,MSG0000362,message_exists,1,
1,P2_unread_cc,MSG0000362,is_cc,1,
1,P2_unread_cc,MSG0000362,no_access_event,1,accesses=0
1,P2_unread_cc,MSG0000363,message_exists,1,
1,P2_unread_cc,MSG0000363,is_cc,1,
1,P2_unread_cc,MSG0000363,no_access_event,1,accesses=0
1,P2_unread_cc,MSG0000364,message_exists,1,
1,P2_unread_cc,MSG0000364,is_cc,1,
1,P2_unread_cc,MSG0000364,no_access_event,1,accesses=0
1,P2_unread_cc,MSG0000445,message_exists,1,
1,P2_unread_cc,MSG0000445,is_cc,1,
1,P2_unread_cc,MSG0000445,no_access_event,1,accesses=0
1,P2_unread_cc,MSG0000447,message_exists,1,
1,P2_unread_cc,MSG0000447,is_cc,1,
1,P2_unread_cc,MSG0000447,no_access_event,1,accesses=0
1,P2_unread_cc,MSG0000518,message_exists,1,
1,P2_unread_cc,MSG0000518,is_cc,1,
1,P2_unread_cc,MSG0000518,no_access_event,1,accesses=0
1,P2_unread_cc,MSG0000522,message_exists,1,
1,P2_unread_cc,MSG0000522,is_cc,1,
1,P2_unread_cc,MSG0000522,no_access_event,1,accesses=0
1,P2_unread_cc,MSG0000602,message_exists,1,
1,P2_unread_cc,MSG0000602,is_cc,1,
1,P2_unread_cc,MSG0000602,no_access_event,1,accesses=0
1,P2_unread_cc,MSG0000605,message_exists,1,
1,P2_unread_cc,MSG0000605,is_cc,1,
1,P2_unread_cc,MSG0000605,no_access_event,1,accesses=0
1,P2_unread_cc,MSG0000611,message_exists,1,
1,P2_unread_cc,MSG0000611,is_cc,1,
1,P2_unread_cc,MSG0000611,no_access_event,1,accesses=0
1,P4_result_misrouted,MSG0000657,message_exists,1,
1,P4_result_misrouted,MSG0000657,is_result,1,
1,P4_result_misrouted,MSG0000657,recipient_not_ordering,1,
1,P4_result_misrouted,MSG0000657,recipient_not_covering,1,cover=None
1,P4_result_misrouted,MSG0000731,message_exists,1,
1,P4_result_misrouted,MSG0000731,is_result,1,
1,P4_result_misrouted,MSG0000731,recipient_not_ordering,1,
1,P4_result_misrouted,MSG0000731,recipient_not_covering,1,cover=None
1,P2_unread_cc,MSG0000751,message_exists,1,
1,P2_unread_cc,MSG0000751,is_cc,1,
1,P2_unread_cc,MSG0000751,no_access_event,1,accesses=0
1,P2_unread_cc,MSG0000755,message_exists,1,
1,P2_unread_cc,MSG0000755,is_cc,1,
1,P2_unread_cc,MSG0000755,no_access_event,1,accesses=0
1,P2_unread_cc,MSG0000756,message_exists,1,
1,P2_unread_cc,MSG0000756,is_cc,1,
1,P2_unread_cc,MSG0000756,no_access_event,1,accesses=0
1,P2_unread_cc,MSG0000757,message_exists,1,
1,P2_unread_cc,MSG0000757,is_cc,1,
1,P2_unread_cc,MSG0000757,no_access_event,1,accesses=0
1,P2_unread_cc,MSG0000758,message_exists,1,
1,P2_unread_cc,MSG0000758,is_cc,1,
1,P2_unread_cc,MSG0000758,no_access_event,1,accesses=0
1,P2_unread_cc,MSG0000759,message_exists,1,
1,P2_unread_cc,MSG0000759,is_cc,1,
1,P2_unread_cc,MSG0000759,no_access_event,1,accesses=0
1,P2_unread_cc,MSG0000830,message_exists,1,
1,P2_unread_cc,MSG0000830,is_cc,1,
1,P2_unread_cc,MSG0000830,no_access_event,1,accesses=0
1,P2_unread_cc,MSG0000834,message_exists,1,
1,P2_unread_cc,MSG0000834,is_cc,1,
1,P2_unread_cc,MSG0000834,no_access_event,1,accesses=0
1,P2_unread_cc,MSG0000835,message_exists,1,
1,P2_unread_cc,MSG0000835,is_cc,1,
1,P2_unread_cc,MSG0000835,no_access_event,1,accesses=0
1,P7_pingpong,MSG0000871,message_exists,1,
1,P7_pingpong,MSG0000871,at_least_two_staff_to_provider_forwards,1,staff_to_provider=2
1,P7_pingpong,MSG0000871,at_least_two_provider_to_staff_forwards,1,provider_to_staff=2
1,P7_pingpong,MSG0000871,two_or_more_round_trips,1,roundtrips=2
1,P4_result_misrouted,MSG0000878,message_exists,1,
1,P4_result_misrouted,MSG0000878,is_result,1,
1,P4_result_misrouted,MSG0000878,recipient_not_ordering,1,
1,P4_result_misrouted,MSG0000878,recipient_not_covering,1,cover=None
1,P2_unread_cc,MSG0000901,message_exists,1,
1,P2_unread_cc,MSG0000901,is_cc,1,
1,P2_unread_cc,MSG0000901,no_access_event,1,accesses=0
1,P2_unread_cc,MSG0000904,message_exists,1,
1,P2_unread_cc,MSG0000904,is_cc,1,
1,P2_unread_cc,MSG0000904,no_access_event,1,accesses=0
1,P2_unread_cc,MSG0000905,message_exists,1,
1,P2_unread_cc,MSG0000905,is_cc,1,
1,P2_unread_cc,MSG0000905,no_access_event,1,accesses=0
1,P2_unread_cc,MSG0000983,message_exists,1,
1,P2_unread_cc,MSG0000983,is_cc,1,
1,P2_unread_cc,MSG0000983,no_access_event,1,accesses=0
1,P2_unread_cc,MSG0000986,message_exists,1,
1,P2_unread_cc,MSG0000986,is_cc,1,
1,P2_unread_cc,MSG0000986,no_access_event,1,accesses=0
1,P2_unread_cc,MSG0000989,message_exists,1,
1,P2_unread_cc,MSG0000989,is_cc,1,
1,P2_unread_cc,MSG0000989,no_access_event,1,accesses=0
1,P2_unread_cc,MSG0001060,message_exists,1,
1,P2_unread_cc,MSG0001060,is_cc,1,
1,P2_unread_cc,MSG0001060,no_access_event,1,accesses=0
1,P2_unread_cc,MSG0001062,message_exists,1,
1,P2_unread_cc,MSG0001062,is_cc,1,
1,P2_unread_cc,MSG0001062,no_access_event,1,accesses=0
1,P2_unread_cc,MSG0001066,message_exists,1,
1,P2_unread_cc,MSG0001066,is_cc,1,
1,P2_unread_cc,MSG0001066,no_access_event,1,accesses=0
1,P2_unread_cc,MSG0001160,message_exists,1,
1,P2_unread_cc,MSG0001160,is_cc,1,
1,P2_unread_cc,MSG0001160,no_access_event,1,accesses=0
1,P2_unread_cc,MSG0001166,message_exists,1,
1,P2_unread_cc,MSG0001166,is_cc,1,
1,P2_unread_cc,MSG0001166,no_access_event,1,accesses=0
1,P2_unread_cc,MSG0001167,message_exists,1,
1,P2_unread_cc,MSG0001167,is_cc,1,
1,P2_unread_cc,MSG0001167,no_access_event,1,accesses=0
1,P2_unread_cc,MSG0001173,message_exists,1,
1,P2_unread_cc,MSG0001173,is_cc,1,
1,P2_unread_cc,MSG0001173,no_access_event,1,accesses=0
1,P2_unread_cc,MSG0001174,message_exists,1,
1,P2_unread_cc,MSG0001174,is_cc,1,
1,P2_unread_cc,MSG0001174,no_access_event,1,accesses=0
1,P4_result_misrouted,MSG0001204,message_exists,1,
1,P4_result_misrouted,MSG0001204,is_result,1,
1,P4_result_misrouted,MSG0001204,recipient_not_ordering,1,
1,P4_result_misrouted,MSG0001204,recipient_not_covering,1,cover=None
1,P4_result_misrouted,MSG0001275,message_exists,1,
1,P4_result_misrouted,MSG0001275,is_result,1,
1,P4_result_misrouted,MSG0001275,recipient_not_ordering,1,
1,P4_result_misrouted,MSG0001275,recipient_not_covering,1,cover=None
1,P2_unread_cc,MSG0001338,message_exists,1,
1,P2_unread_cc,MSG0001338,is_cc,1,
1,P2_unread_cc,MSG0001338,no_access_event,1,accesses=0
1,P2_unread_cc,MSG0001406,message_exists,1,
1,P2_unread_cc,MSG0001406,is_cc,1,
1,P2_unread_cc,MSG0001406,no_access_event,1,accesses=0
1,P2_unread_cc,MSG0001408,message_exists,1,
1,P2_unread_cc,MSG0001408,is_cc,1,
1,P2_unread_cc,MSG0001408,no_access_event,1,accesses=0
1,P2_unread_cc,MSG0001409,message_exists,1,
1,P2_unread_cc,MSG0001409,is_cc,1,
1,P2_unread_cc,MSG0001409,no_access_event,1,accesses=0
1,P8_nonclinical_misrouted,MSG0001439,message_exists,1,
1,P8_nonclinical_misrouted,MSG0001439,nonclinical_category,1,category=cancellation
1,P8_nonclinical_misrouted,MSG0001439,reaches_provider,1,provider_forwards=1
1,P2_unread_cc,MSG0001549,message_exists,1,
1,P2_unread_cc,MSG0001549,is_cc,1,
1,P2_unread_cc,MSG0001549,no_access_event,1,accesses=0
1,P2_unread_cc,MSG0001640,message_exists,1,
1,P2_unread_cc,MSG0001640,is_cc,1,
1,P2_unread_cc,MSG0001640,no_access_event,1,accesses=0
1,P2_unread_cc,MSG0001735,message_exists,1,
1,P2_unread_cc,MSG0001735,is_cc,1,
1,P2_unread_cc,MSG0001735,no_access_event,1,accesses=0
1,P2_unread_cc,MSG0001740,message_exists,1,
1,P2_unread_cc,MSG0001740,is_cc,1,
1,P2_unread_cc,MSG0001740,no_access_event,1,accesses=0
1,P2_unread_cc,MSG0001742,message_exists,1,
1,P2_unread_cc,MSG0001742,is_cc,1,
1,P2_unread_cc,MSG0001742,no_access_event,1,accesses=0
1,P1_thank_you,MSG0001780,message_exists,1,
1,P1_thank_you,MSG0001780,patient_originated_portal_message,1,
1,P1_thank_you,MSG0001780,is_reply_to_prior_outbound,1,
1,P1_thank_you,MSG0001780,thread_ending,1,later_messages=0
1,P1_thank_you,MSG0001780,accessed_and_completed,1,
1,P4_result_misrouted,MSG0001795,message_exists,1,
1,P4_result_misrouted,MSG0001795,is_result,1,
1,P4_result_misrouted,MSG0001795,recipient_not_ordering,1,
1,P4_result_misrouted,MSG0001795,recipient_not_covering,1,cover=None
1,P2_unread_cc,MSG0001824,message_exists,1,
1,P2_unread_cc,MSG0001824,is_cc,1,
1,P2_unread_cc,MSG0001824,no_access_event,1,accesses=0
1,P2_unread_cc,MSG0001896,message_exists,1,
1,P2_unread_cc,MSG0001896,is_cc,1,
1,P2_unread_cc,MSG0001896,no_access_event,1,accesses=0
1,P2_unread_cc,MSG0001899,message_exists,1,
1,P2_unread_cc,MSG0001899,is_cc,1,
1,P2_unread_cc,MSG0001899,no_access_event,1,accesses=0
1,P2_unread_cc,MSG0001981,message_exists,1,
1,P2_unread_cc,MSG0001981,is_cc,1,
1,P2_unread_cc,MSG0001981,no_access_event,1,accesses=0
1,P2_unread_cc,MSG0001985,message_exists,1,
1,P2_unread_cc,MSG0001985,is_cc,1,
1,P2_unread_cc,MSG0001985,no_access_event,1,accesses=0
1,P2_unread_cc,MSG0001988,message_exists,1,
1,P2_unread_cc,MSG0001988,is_cc,1,
1,P2_unread_cc,MSG0001988,no_access_event,1,accesses=0
1,P4_result_misrouted,MSG0002043,message_exists,1,
1,P4_result_misrouted,MSG0002043,is_result,1,
1,P4_result_misrouted,MSG0002043,recipient_not_ordering,1,
1,P4_result_misrouted,MSG0002043,recipient_not_covering,1,cover=None
1,P4_result_misrouted,MSG0002049,message_exists,1,
1,P4_result_misrouted,MSG0002049,is_result,1,
1,P4_result_misrouted,MSG0002049,recipient_not_ordering,1,
1,P4_result_misrouted,MSG0002049,recipient_not_covering,1,cover=None
1,P2_unread_cc,MSG0002068,message_exists,1,
1,P2_unread_cc,MSG0002068,is_cc,1,
1,P2_unread_cc,MSG0002068,no_access_event,1,accesses=0
1,P2_unread_cc,MSG0002072,message_exists,1,
1,P2_unread_cc,MSG0002072,is_cc,1,
1,P2_unread_cc,MSG0002072,no_access_event,1,accesses=0
1,P2_unread_cc,MSG0002074,message_exists,1,
1,P2_unread_cc,MSG0002074,is_cc,1,
1,P2_unread_cc,MSG0002074,no_access_event,1,accesses=0
1,P2_unread_cc,MSG0002080,message_exists,1,
1,P2_unread_cc,MSG0002080,is_cc,1,
1,P2_unread_cc,MSG0002080,no_access_event,1,accesses=0
1,P2_unread_cc,MSG0002081,message_exists,1,
1,P2_unread_cc,MSG0002081,is_cc,1,
1,P2_unread_cc,MSG0002081,no_access_event,1,accesses=0
1,P2_unread_cc,MSG0002083,message_exists,1,
1,P2_unread_cc,MSG0002083,is_cc,1,
1,P2_unread_cc,MSG0002083,no_access_event,1,accesses=0
1,P4_result_misrouted,MSG0002124,message_exists,1,
1,P4_result_misrouted,MSG0002124,is_result,1,
1,P4_result_misrouted,MSG0002124,recipient_not_ordering,1,
1,P4_result_misrouted,MSG0002124,recipient_not_covering,1,cover=None
1,P2_unread_cc,MSG0002159,message_exists,1,
1,P2_unread_cc,MSG0002159,is_cc,1,
1,P2_unread_cc,MSG0002159,no_access_event,1,accesses=0
1,P2_unread_cc,MSG0002160,message_exists,1,
1,P2_unread_cc,MSG0002160,is_cc,1,
1,P2_unread_cc,MSG0002160,no_access_event,1,accesses=0
1,P2_unread_cc,MSG0002234,message_exists,1,
1,P2_unread_cc,MSG0002234,is_cc,1,
1,P2_unread_cc,MSG0002234,no_access_event,1,accesses=0
1,P8_nonclinical_misrouted,MSG0002280,message_exists,1,
1,P8_nonclinical_misrouted,MSG0002280,nonclinical_category,1,category=cancellation
1,P8_nonclinical_misrouted,MSG0002280,reaches_provider,1,provider_forwards=1
1,P2_unread_cc,MSG0002321,message_exists,1,
1,P2_unread_cc,MSG0002321,is_cc,1,
1,P2_unread_cc,MSG0002321,no_access_event,1,accesses=0
1,P3_extended_thread,THR0002237,thread_exists,1,
1,P3_extended_thread,THR0002237,three_or_more_patient_incoming,1,incoming=3
1,P3_extended_thread,THR0002237,four_or_more_message_exchanges,1,in+out=6
1,P3_extended_thread,THR0002237,spans_at_least_3_days,1,span_days=10.00
1,P3_extended_thread,THR0002237,no_visit_between,1,intervening_visits=0
1,P2_unread_cc,MSG0002494,message_exists,1,
1,P2_unread_cc,MSG0002494,is_cc,1,
1,P2_unread_cc,MSG0002494,no_access_event,1,accesses=0
1,P4_result_misrouted,MSG0002559,message_exists,1,
1,P4_result_misrouted,MSG0002559,is_result,1,
1,P4_result_misrouted,MSG0002559,recipient_not_ordering,1,
1,P4_result_misrouted,MSG0002559,recipient_not_covering,1,cover=None
1,P4_result_misrouted,MSG0002638,message_exists,1,
1,P4_result_misrouted,MSG0002638,is_result,1,
1,P4_result_misrouted,MSG0002638,recipient_not_ordering,1,
1,P4_result_misrouted,MSG0002638,recipient_not_covering,1,cover=None
1,P2_unread_cc,MSG0002669,message_exists,1,
1,P2_unread_cc,MSG0002669,is_cc,1,
1,P2_unread_cc,MSG0002669,no_access_event,1,accesses=0
1,P2_unread_cc,MSG0002670,message_exists,1,
1,P2_unread_cc,MSG0002670,is_cc,1,
1,P2_unread_cc,MSG0002670,no_access_event,1,accesses=0
1,P2_unread_cc,MSG0002671,message_exists,1,
1,P2_unread_cc,MSG0002671,is_cc,1,
1,P2_unread_cc,MSG0002671,no_access_event,1,accesses=0
1,P2_unread_cc,MSG0002674,message_exists,1,
1,P2_unread_cc,MSG0002674,is_cc,1,
1,P2_unread_cc,MSG0002674,no_access_event,1,accesses=0
1,P2_unread_cc,MSG0002676,message_exists,1,
1,P2_unread_cc,MSG0002676,is_cc,1,
1,P2_unread_cc,MSG0002676,no_access_event,1,accesses=0
1,P2_unread_cc,MSG0002735,message_exists,1,
1,P2_unread_cc,MSG0002735,is_cc,1,
1,P2_unread_cc,MSG0002735,no_access_event,1,accesses=0
1,P2_unread_cc,MSG0002741,message_exists,1,
1,P2_unread_cc,MSG0002741,is_cc,1,
1,P2_unread_cc,MSG0002741,no_access_event,1,accesses=0
1,P2_unread_cc,MSG0002811,message_exists,1,
1,P2_unread_cc,MSG0002811,is_cc,1,
1,P2_unread_cc,MSG0002811,no_access_event,1,accesses=0
1,P2_unread_cc,MSG0002813,message_exists,1,
1,P2_unread_cc,MSG0002813,is_cc,1,
1,P2_unread_cc,MSG0002813,no_access_event,1,accesses=0
1,P8_nonclinical_misrouted,MSG0002852,message_exists,1,
1,P8_nonclinical_misrouted,MSG0002852,nonclinical_category,1,category=appointment_request
1,P8_nonclinical_misrouted,MSG0002852,reaches_provider,1,provider_forwards=1
1,P2_unread_cc,MSG0002881,message_exists,1,
1,P2_unread_cc,MSG0002881,is_cc,1,
1,P2_unread_cc,MSG0002881,no_access_event,1,accesses=0
1,P2_unread_cc,MSG0002885,message_exists,1,
1,P2_unread_cc,MSG0002885,is_cc,1,
1,P2_unread_cc,MSG0002885,no_access_event,1,accesses=0
1,P2_unread_cc,MSG0002886,message_exists,1,
1,P2_unread_cc,MSG0002886,is_cc,1,
1,P2_unread_cc,MSG0002886,no_access_event,1,accesses=0
1,P8_nonclinical_misrouted,MSG0002932,message_exists,1,
1,P8_nonclinical_misrouted,MSG0002932,nonclinical_category,1,category=appointment_request
1,P8_nonclinical_misrouted,MSG0002932,reaches_provider,1,provider_forwards=1
1,P2_unread_cc,MSG0002961,message_exists,1,
1,P2_unread_cc,MSG0002961,is_cc,1,
1,P2_unread_cc,MSG0002961,no_access_event,1,accesses=0
1,P2_unread_cc,MSG0002968,message_exists,1,
1,P2_unread_cc,MSG0002968,is_cc,1,
1,P2_unread_cc,MSG0002968,no_access_event,1,accesses=0
1,P2_unread_cc,MSG0002971,message_exists,1,
1,P2_unread_cc,MSG0002971,is_cc,1,
1,P2_unread_cc,MSG0002971,no_access_event,1,accesses=0
1,P1_thank_you,MSG0003011,message_exists,1,
1,P1_thank_you,MSG0003011,patient_originated_portal_message,1,
1,P1_thank_you,MSG0003011,is_reply_to_prior_outbound,1,
1,P1_thank_you,MSG0003011,thread_ending,1,later_messages=0
1,P1_thank_you,MSG0003011,accessed_and_completed,1,
1,P4_result_misrouted,MSG0003029,message_exists,1,
1,P4_result_misrouted,MSG0003029,is_result,1,
1,P4_result_misrouted,MSG0003029,recipient_not_ordering,1,
1,P4_result_misrouted,MSG0003029,recipient_not_covering,1,cover=None
1,P2_unread_cc,MSG0003054,message_exists,1,
1,P2_unread_cc,MSG0003054,is_cc,1,
1,P2_unread_cc,MSG0003054,no_access_event,1,accesses=0
1,P2_unread_cc,MSG0003056,message_exists,1,
1,P2_unread_cc,MSG0003056,is_cc,1,
1,P2_unread_cc,MSG0003056,no_access_event,1,accesses=0
1,P2_unread_cc,MSG0003062,message_exists,1,
1,P2_unread_cc,MSG0003062,is_cc,1,
1,P2_unread_cc,MSG0003062,no_access_event,1,accesses=0
1,P2_unread_cc,MSG0003064,message_exists,1,
1,P2_unread_cc,MSG0003064,is_cc,1,
1,P2_unread_cc,MSG0003064,no_access_event,1,accesses=0
1,P8_nonclinical_misrouted,MSG0003102,message_exists,1,
1,P8_nonclinical_misrouted,MSG0003102,nonclinical_category,1,category=appointment_request
1,P8_nonclinical_misrouted,MSG0003102,reaches_provider,1,provider_forwards=1
1,P4_result_misrouted,MSG0003105,message_exists,1,
1,P4_result_misrouted,MSG0003105,is_result,1,
1,P4_result_misrouted,MSG0003105,recipient_not_ordering,1,
1,P4_result_misrouted,MSG0003105,recipient_not_covering,1,cover=None
1,P2_unread_cc,MSG0003131,message_exists,1,
1,P2_unread_cc,MSG0003131,is_cc,1,
1,P2_unread_cc,MSG0003131,no_access_event,1,accesses=0
1,P2_unread_cc,MSG0003132,message_exists,1,
1,P2_unread_cc,MSG0003132,is_cc,1,
1,P2_unread_cc,MSG0003132,no_access_event,1,accesses=0
1,P7_pingpong,MSG0003181,message_exists,1,
1,P7_pingpong,MSG0003181,at_least_two_staff_to_provider_forwards,1,staff_to_provider=2
1,P7_pingpong,MSG0003181,at_least_two_provider_to_staff_forwards,1,provider_to_staff=2
1,P7_pingpong,MSG0003181,two_or_more_round_trips,1,roundtrips=2
1,P2_unread_cc,MSG0003222,message_exists,1,
1,P2_unread_cc,MSG0003222,is_cc,1,
1,P2_unread_cc,MSG0003222,no_access_event,1,accesses=0
1,P2_unread_cc,MSG0003223,message_exists,1,
1,P2_unread_cc,MSG0003223,is_cc,1,
1,P2_unread_cc,MSG0003223,no_access_event,1,accesses=0
1,P2_unread_cc,MSG0003229,message_exists,1,
1,P2_unread_cc,MSG0003229,is_cc,1,
1,P2_unread_cc,MSG0003229,no_access_event,1,accesses=0
1,P2_unread_cc,MSG0003283,message_exists,1,
1,P2_unread_cc,MSG0003283,is_cc,1,
1,P2_unread_cc,MSG0003283,no_access_event,1,accesses=0
1,P2_unread_cc,MSG0003288,message_exists,1,
1,P2_unread_cc,MSG0003288,is_cc,1,
1,P2_unread_cc,MSG0003288,no_access_event,1,accesses=0
1,P2_unread_cc,MSG0003289,message_exists,1,
1,P2_unread_cc,MSG0003289,is_cc,1,
1,P2_unread_cc,MSG0003289,no_access_event,1,accesses=0
1,P4_result_misrouted,MSG0003348,message_exists,1,
1,P4_result_misrouted,MSG0003348,is_result,1,
1,P4_result_misrouted,MSG0003348,recipient_not_ordering,1,
1,P4_result_misrouted,MSG0003348,recipient_not_covering,1,cover=None
1,P2_unread_cc,MSG0003367,message_exists,1,
1,P2_unread_cc,MSG0003367,is_cc,1,
1,P2_unread_cc,MSG0003367,no_access_event,1,accesses=0
1,P2_unread_cc,MSG0003369,message_exists,1,
1,P2_unread_cc,MSG0003369,is_cc,1,
1,P2_unread_cc,MSG0003369,no_access_event,1,accesses=0
1,P8_nonclinical_misrouted,MSG0003411,message_exists,1,
1,P8_nonclinical_misrouted,MSG0003411,nonclinical_category,1,category=appointment_request
1,P8_nonclinical_misrouted,MSG0003411,reaches_provider,1,provider_forwards=1
1,P2_unread_cc,MSG0003534,message_exists,1,
1,P2_unread_cc,MSG0003534,is_cc,1,
1,P2_unread_cc,MSG0003534,no_access_event,1,accesses=0
1,P7_pingpong,MSG0003659,message_exists,1,
1,P7_pingpong,MSG0003659,at_least_two_staff_to_provider_forwards,1,staff_to_provider=2
1,P7_pingpong,MSG0003659,at_least_two_provider_to_staff_forwards,1,provider_to_staff=2
1,P7_pingpong,MSG0003659,two_or_more_round_trips,1,roundtrips=2
1,P4_result_misrouted,MSG0003674,message_exists,1,
1,P4_result_misrouted,MSG0003674,is_result,1,
1,P4_result_misrouted,MSG0003674,recipient_not_ordering,1,
1,P4_result_misrouted,MSG0003674,recipient_not_covering,1,cover=None
1,P2_unread_cc,MSG0003690,message_exists,1,
1,P2_unread_cc,MSG0003690,is_cc,1,
1,P2_unread_cc,MSG0003690,no_access_event,1,accesses=0
1,P4_result_misrouted,MSG0003753,message_exists,1,
1,P4_result_misrouted,MSG0003753,is_result,1,
1,P4_result_misrouted,MSG0003753,recipient_not_ordering,1,
1,P4_result_misrouted,MSG0003753,recipient_not_covering,1,cover=None
1,P2_unread_cc,MSG0003779,message_exists,1,
1,P2_unread_cc,MSG0003779,is_cc,1,
1,P2_unread_cc,MSG0003779,no_access_event,1,accesses=0
1,P4_result_misrouted,MSG0003911,message_exists,1,
1,P4_result_misrouted,MSG0003911,is_result,1,
1,P4_result_misrouted,MSG0003911,recipient_not_ordering,1,
1,P4_result_misrouted,MSG0003911,recipient_not_covering,1,cover=None
1,P2_unread_cc,MSG0003932,message_exists,1,
1,P2_unread_cc,MSG0003932,is_cc,1,
1,P2_unread_cc,MSG0003932,no_access_event,1,accesses=0
1,P2_unread_cc,MSG0003933,message_exists,1,
1,P2_unread_cc,MSG0003933,is_cc,1,
1,P2_unread_cc,MSG0003933,no_access_event,1,accesses=0
1,P8_nonclinical_misrouted,MSG0003967,message_exists,1,
1,P8_nonclinical_misrouted,MSG0003967,nonclinical_category,1,category=billing_question
1,P8_nonclinical_misrouted,MSG0003967,reaches_provider,1,provider_forwards=1
1,P4_result_misrouted,MSG0003980,message_exists,1,
1,P4_result_misrouted,MSG0003980,is_result,1,
1,P4_result_misrouted,MSG0003980,recipient_not_ordering,1,
1,P4_result_misrouted,MSG0003980,recipient_not_covering,1,cover=None
1,P2_unread_cc,MSG0003991,message_exists,1,
1,P2_unread_cc,MSG0003991,is_cc,1,
1,P2_unread_cc,MSG0003991,no_access_event,1,accesses=0
1,P2_unread_cc,MSG0003997,message_exists,1,
1,P2_unread_cc,MSG0003997,is_cc,1,
1,P2_unread_cc,MSG0003997,no_access_event,1,accesses=0
1,P2_unread_cc,MSG0004003,message_exists,1,
1,P2_unread_cc,MSG0004003,is_cc,1,
1,P2_unread_cc,MSG0004003,no_access_event,1,accesses=0
1,P2_unread_cc,MSG0004005,message_exists,1,
1,P2_unread_cc,MSG0004005,is_cc,1,
1,P2_unread_cc,MSG0004005,no_access_event,1,accesses=0
1,P2_unread_cc,MSG0004006,message_exists,1,
1,P2_unread_cc,MSG0004006,is_cc,1,
1,P2_unread_cc,MSG0004006,no_access_event,1,accesses=0
1,P8_nonclinical_misrouted,MSG0004043,message_exists,1,
1,P8_nonclinical_misrouted,MSG0004043,nonclinical_category,1,category=cancellation
1,P8_nonclinical_misrouted,MSG0004043,reaches_provider,1,provider_forwards=1
1,P2_unread_cc,MSG0004073,message_exists,1,
1,P2_unread_cc,MSG0004073,is_cc,1,
1,P2_unread_cc,MSG0004073,no_access_event,1,accesses=0
1,P2_unread_cc,MSG0004079,message_exists,1,
1,P2_unread_cc,MSG0004079,is_cc,1,
1,P2_unread_cc,MSG0004079,no_access_event,1,accesses=0
1,P2_unread_cc,MSG0004082,message_exists,1,
1,P2_unread_cc,MSG0004082,is_cc,1,
1,P2_unread_cc,MSG0004082,no_access_event,1,accesses=0
1,P1_thank_you,MSG0004113,message_exists,1,
1,P1_thank_you,MSG0004113,patient_originated_portal_message,1,
1,P1_thank_you,MSG0004113,is_reply_to_prior_outbound,1,
1,P1_thank_you,MSG0004113,thread_ending,1,later_messages=0
1,P1_thank_you,MSG0004113,accessed_and_completed,1,
1,P1_thank_you,MSG0004116,message_exists,1,
1,P1_thank_you,MSG0004116,patient_originated_portal_message,1,
1,P1_thank_you,MSG0004116,is_reply_to_prior_outbound,1,
1,P1_thank_you,MSG0004116,thread_ending,1,later_messages=0
1,P1_thank_you,MSG0004116,accessed_and_completed,1,
1,P8_nonclinical_misrouted,MSG0004212,message_exists,1,
1,P8_nonclinical_misrouted,MSG0004212,nonclinical_category,1,category=billing_question
1,P8_nonclinical_misrouted,MSG0004212,reaches_provider,1,provider_forwards=1
1,P4_result_misrouted,MSG0004306,message_exists,1,
1,P4_result_misrouted,MSG0004306,is_result,1,
1,P4_result_misrouted,MSG0004306,recipient_not_ordering,1,
1,P4_result_misrouted,MSG0004306,recipient_not_covering,1,cover=None
1,P2_unread_cc,MSG0004340,message_exists,1,
1,P2_unread_cc,MSG0004340,is_cc,1,
1,P2_unread_cc,MSG0004340,no_access_event,1,accesses=0
1,P1_thank_you,MSG0004379,message_exists,1,
1,P1_thank_you,MSG0004379,patient_originated_portal_message,1,
1,P1_thank_you,MSG0004379,is_reply_to_prior_outbound,1,
1,P1_thank_you,MSG0004379,thread_ending,1,later_messages=0
1,P1_thank_you,MSG0004379,accessed_and_completed,1,
1,P7_pingpong,MSG0004384,message_exists,1,
1,P7_pingpong,MSG0004384,at_least_two_staff_to_provider_forwards,1,staff_to_provider=2
1,P7_pingpong,MSG0004384,at_least_two_provider_to_staff_forwards,1,provider_to_staff=2
1,P7_pingpong,MSG0004384,two_or_more_round_trips,1,roundtrips=2
1,P2_unread_cc,MSG0004433,message_exists,1,
1,P2_unread_cc,MSG0004433,is_cc,1,
1,P2_unread_cc,MSG0004433,no_access_event,1,accesses=0
1,P2_unread_cc,MSG0004434,message_exists,1,
1,P2_unread_cc,MSG0004434,is_cc,1,
1,P2_unread_cc,MSG0004434,no_access_event,1,accesses=0
1,P4_result_misrouted,MSG0004488,message_exists,1,
1,P4_result_misrouted,MSG0004488,is_result,1,
1,P4_result_misrouted,MSG0004488,recipient_not_ordering,1,
1,P4_result_misrouted,MSG0004488,recipient_not_covering,1,cover=None
1,P4_result_misrouted,MSG0004490,message_exists,1,
1,P4_result_misrouted,MSG0004490,is_result,1,
1,P4_result_misrouted,MSG0004490,recipient_not_ordering,1,
1,P4_result_misrouted,MSG0004490,recipient_not_covering,1,cover=None
1,P2_unread_cc,MSG0004510,message_exists,1,
1,P2_unread_cc,MSG0004510,is_cc,1,
1,P2_unread_cc,MSG0004510,no_access_event,1,accesses=0
1,P2_unread_cc,MSG0004515,message_exists,1,
1,P2_unread_cc,MSG0004515,is_cc,1,
1,P2_unread_cc,MSG0004515,no_access_event,1,accesses=0
1,P2_unread_cc,MSG0004516,message_exists,1,
1,P2_unread_cc,MSG0004516,is_cc,1,
1,P2_unread_cc,MSG0004516,no_access_event,1,accesses=0
1,P4_result_misrouted,MSG0004572,message_exists,1,
1,P4_result_misrouted,MSG0004572,is_result,1,
1,P4_result_misrouted,MSG0004572,recipient_not_ordering,1,
1,P4_result_misrouted,MSG0004572,recipient_not_covering,1,cover=None
1,P2_unread_cc,MSG0004605,message_exists,1,
1,P2_unread_cc,MSG0004605,is_cc,1,
1,P2_unread_cc,MSG0004605,no_access_event,1,accesses=0
1,P2_unread_cc,MSG0004678,message_exists,1,
1,P2_unread_cc,MSG0004678,is_cc,1,
1,P2_unread_cc,MSG0004678,no_access_event,1,accesses=0
1,P2_unread_cc,MSG0004682,message_exists,1,
1,P2_unread_cc,MSG0004682,is_cc,1,
1,P2_unread_cc,MSG0004682,no_access_event,1,accesses=0
1,P4_result_misrouted,MSG0004744,message_exists,1,
1,P4_result_misrouted,MSG0004744,is_result,1,
1,P4_result_misrouted,MSG0004744,recipient_not_ordering,1,
1,P4_result_misrouted,MSG0004744,recipient_not_covering,1,cover=None
1,P2_unread_cc,MSG0004772,message_exists,1,
1,P2_unread_cc,MSG0004772,is_cc,1,
1,P2_unread_cc,MSG0004772,no_access_event,1,accesses=0
1,P2_unread_cc,MSG0004773,message_exists,1,
1,P2_unread_cc,MSG0004773,is_cc,1,
1,P2_unread_cc,MSG0004773,no_access_event,1,accesses=0
1,P2_unread_cc,MSG0004780,message_exists,1,
1,P2_unread_cc,MSG0004780,is_cc,1,
1,P2_unread_cc,MSG0004780,no_access_event,1,accesses=0
1,P2_unread_cc,MSG0004857,message_exists,1,
1,P2_unread_cc,MSG0004857,is_cc,1,
1,P2_unread_cc,MSG0004857,no_access_event,1,accesses=0
1,P7_pingpong,MSG0004896,message_exists,1,
1,P7_pingpong,MSG0004896,at_least_two_staff_to_provider_forwards,1,staff_to_provider=2
1,P7_pingpong,MSG0004896,at_least_two_provider_to_staff_forwards,1,provider_to_staff=2
1,P7_pingpong,MSG0004896,two_or_more_round_trips,1,roundtrips=2
1,P4_result_misrouted,MSG0004914,message_exists,1,
1,P4_result_misrouted,MSG0004914,is_result,1,
1,P4_result_misrouted,MSG0004914,recipient_not_ordering,1,
1,P4_result_misrouted,MSG0004914,recipient_not_covering,1,cover=None
1,P4_result_misrouted,MSG0004915,message_exists,1,
1,P4_result_misrouted,MSG0004915,is_result,1,
1,P4_result_misrouted,MSG0004915,recipient_not_ordering,1,
1,P4_result_misrouted,MSG0004915,recipient_not_covering,1,cover=None
1,P2_unread_cc,MSG0004931,message_exists,1,
1,P2_unread_cc,MSG0004931,is_cc,1,
1,P2_unread_cc,MSG0004931,no_access_event,1,accesses=0
1,P2_unread_cc,MSG0004932,message_exists,1,
1,P2_unread_cc,MSG0004932,is_cc,1,
1,P2_unread_cc,MSG0004932,no_access_event,1,accesses=0
1,P4_result_misrouted,MSG0004992,message_exists,1,
1,P4_result_misrouted,MSG0004992,is_result,1,
1,P4_result_misrouted,MSG0004992,recipient_not_ordering,1,
1,P4_result_misrouted,MSG0004992,recipient_not_covering,1,cover=None
1,P2_unread_cc,MSG0005008,message_exists,1,
1,P2_unread_cc,MSG0005008,is_cc,1,
1,P2_unread_cc,MSG0005008,no_access_event,1,accesses=0
1,P2_unread_cc,MSG0005010,message_exists,1,
1,P2_unread_cc,MSG0005010,is_cc,1,
1,P2_unread_cc,MSG0005010,no_access_event,1,accesses=0
1,P2_unread_cc,MSG0005011,message_exists,1,
1,P2_unread_cc,MSG0005011,is_cc,1,
1,P2_unread_cc,MSG0005011,no_access_event,1,accesses=0
1,P1_thank_you,MSG0005038,message_exists,1,
1,P1_thank_you,MSG0005038,patient_originated_portal_message,1,
1,P1_thank_you,MSG0005038,is_reply_to_prior_outbound,1,
1,P1_thank_you,MSG0005038,thread_ending,1,later_messages=0
1,P1_thank_you,MSG0005038,accessed_and_completed,1,
1,P2_unread_cc,MSG0005070,message_exists,1,
1,P2_unread_cc,MSG0005070,is_cc,1,
1,P2_unread_cc,MSG0005070,no_access_event,1,accesses=0
1,P2_unread_cc,MSG0005071,message_exists,1,
1,P2_unread_cc,MSG0005071,is_cc,1,
1,P2_unread_cc,MSG0005071,no_access_event,1,accesses=0
1,P2_unread_cc,MSG0005073,message_exists,1,
1,P2_unread_cc,MSG0005073,is_cc,1,
1,P2_unread_cc,MSG0005073,no_access_event,1,accesses=0
1,P1_thank_you,MSG0005112,message_exists,1,
1,P1_thank_you,MSG0005112,patient_originated_portal_message,1,
1,P1_thank_you,MSG0005112,is_reply_to_prior_outbound,1,
1,P1_thank_you,MSG0005112,thread_ending,1,later_messages=0
1,P1_thank_you,MSG0005112,accessed_and_completed,1,
1,P3_extended_thread,THR0004873,thread_exists,1,
1,P3_extended_thread,THR0004873,three_or_more_patient_incoming,1,incoming=3
1,P3_extended_thread,THR0004873,four_or_more_message_exchanges,1,in+out=6
1,P3_extended_thread,THR0004873,spans_at_least_3_days,1,span_days=11.08
1,P3_extended_thread,THR0004873,no_visit_between,1,intervening_visits=0
1,P7_pingpong,MSG0005149,message_exists,1,
1,P7_pingpong,MSG0005149,at_least_two_staff_to_provider_forwards,1,staff_to_provider=2
1,P7_pingpong,MSG0005149,at_least_two_provider_to_staff_forwards,1,provider_to_staff=2
1,P7_pingpong,MSG0005149,two_or_more_round_trips,1,roundtrips=2
1,P4_result_misrouted,MSG0005152,message_exists,1,
1,P4_result_misrouted,MSG0005152,is_result,1,
1,P4_result_misrouted,MSG0005152,recipient_not_ordering,1,
1,P4_result_misrouted,MSG0005152,recipient_not_covering,1,cover=None
2,P7_pingpong,MSG0000010,message_exists,1,
2,P7_pingpong,MSG0000010,at_least_two_staff_to_provider_forwards,1,staff_to_provider=2
2,P7_pingpong,MSG0000010,at_least_two_provider_to_staff_forwards,1,provider_to_staff=2
2,P7_pingpong,MSG0000010,two_or_more_round_trips,1,roundtrips=2
2,P4_result_misrouted,MSG0000020,message_exists,1,
2,P4_result_misrouted,MSG0000020,is_result,1,
2,P4_result_misrouted,MSG0000020,recipient_not_ordering,1,
2,P4_result_misrouted,MSG0000020,recipient_not_covering,1,cover=None
2,P2_unread_cc,MSG0000054,message_exists,1,
2,P2_unread_cc,MSG0000054,is_cc,1,
2,P2_unread_cc,MSG0000054,no_access_event,1,accesses=0
2,P2_unread_cc,MSG0000055,message_exists,1,
2,P2_unread_cc,MSG0000055,is_cc,1,
2,P2_unread_cc,MSG0000055,no_access_event,1,accesses=0
2,P8_nonclinical_misrouted,MSG0000091,message_exists,1,
2,P8_nonclinical_misrouted,MSG0000091,nonclinical_category,1,category=appointment_request
2,P8_nonclinical_misrouted,MSG0000091,reaches_provider,1,provider_forwards=1
2,P2_unread_cc,MSG0000124,message_exists,1,
2,P2_unread_cc,MSG0000124,is_cc,1,
2,P2_unread_cc,MSG0000124,no_access_event,1,accesses=0
2,P1_thank_you,MSG0000154,message_exists,1,
2,P1_thank_you,MSG0000154,patient_originated_portal_message,1,
2,P1_thank_you,MSG0000154,is_reply_to_prior_outbound,1,
2,P1_thank_you,MSG0000154,thread_ending,1,later_messages=0
2,P1_thank_you,MSG0000154,accessed_and_completed,1,
2,P2_unread_cc,MSG0000188,message_exists,1,
2,P2_unread_cc,MSG0000188,is_cc,1,
2,P2_unread_cc,MSG0000188,no_access_event,1,accesses=0
2,P2_unread_cc,MSG0000191,message_exists,1,
2,P2_unread_cc,MSG0000191,is_cc,1,
2,P2_unread_cc,MSG0000191,no_access_event,1,accesses=0
2,P2_unread_cc,MSG0000192,message_exists,1,
2,P2_unread_cc,MSG0000192,is_cc,1,
2,P2_unread_cc,MSG0000192,no_access_event,1,accesses=0
2,P7_pingpong,MSG0000221,message_exists,1,
2,P7_pingpong,MSG0000221,at_least_two_staff_to_provider_forwards,1,staff_to_provider=2
2,P7_pingpong,MSG0000221,at_least_two_provider_to_staff_forwards,1,provider_to_staff=2
2,P7_pingpong,MSG0000221,two_or_more_round_trips,1,roundtrips=2
2,P2_unread_cc,MSG0000258,message_exists,1,
2,P2_unread_cc,MSG0000258,is_cc,1,
2,P2_unread_cc,MSG0000258,no_access_event,1,accesses=0
2,P2_unread_cc,MSG0000261,message_exists,1,
2,P2_unread_cc,MSG0000261,is_cc,1,
2,P2_unread_cc,MSG0000261,no_access_event,1,accesses=0
2,P2_unread_cc,MSG0000351,message_exists,1,
2,P2_unread_cc,MSG0000351,is_cc,1,
2,P2_unread_cc,MSG0000351,no_access_event,1,accesses=0
2,P2_unread_cc,MSG0000356,message_exists,1,
2,P2_unread_cc,MSG0000356,is_cc,1,
2,P2_unread_cc,MSG0000356,no_access_event,1,accesses=0
2,P4_result_misrouted,MSG0000413,message_exists,1,
2,P4_result_misrouted,MSG0000413,is_result,1,
2,P4_result_misrouted,MSG0000413,recipient_not_ordering,1,
2,P4_result_misrouted,MSG0000413,recipient_not_covering,1,cover=None
2,P2_unread_cc,MSG0000432,message_exists,1,
2,P2_unread_cc,MSG0000432,is_cc,1,
2,P2_unread_cc,MSG0000432,no_access_event,1,accesses=0
2,P2_unread_cc,MSG0000436,message_exists,1,
2,P2_unread_cc,MSG0000436,is_cc,1,
2,P2_unread_cc,MSG0000436,no_access_event,1,accesses=0
2,P2_unread_cc,MSG0000437,message_exists,1,
2,P2_unread_cc,MSG0000437,is_cc,1,
2,P2_unread_cc,MSG0000437,no_access_event,1,accesses=0
2,P2_unread_cc,MSG0000441,message_exists,1,
2,P2_unread_cc,MSG0000441,is_cc,1,
2,P2_unread_cc,MSG0000441,no_access_event,1,accesses=0
2,P2_unread_cc,MSG0000442,message_exists,1,
2,P2_unread_cc,MSG0000442,is_cc,1,
2,P2_unread_cc,MSG0000442,no_access_event,1,accesses=0
2,P4_result_misrouted,MSG0000482,message_exists,1,
2,P4_result_misrouted,MSG0000482,is_result,1,
2,P4_result_misrouted,MSG0000482,recipient_not_ordering,1,
2,P4_result_misrouted,MSG0000482,recipient_not_covering,1,cover=None
2,P2_unread_cc,MSG0000505,message_exists,1,
2,P2_unread_cc,MSG0000505,is_cc,1,
2,P2_unread_cc,MSG0000505,no_access_event,1,accesses=0
2,P2_unread_cc,MSG0000506,message_exists,1,
2,P2_unread_cc,MSG0000506,is_cc,1,
2,P2_unread_cc,MSG0000506,no_access_event,1,accesses=0
2,P2_unread_cc,MSG0000590,message_exists,1,
2,P2_unread_cc,MSG0000590,is_cc,1,
2,P2_unread_cc,MSG0000590,no_access_event,1,accesses=0
2,P2_unread_cc,MSG0000593,message_exists,1,
2,P2_unread_cc,MSG0000593,is_cc,1,
2,P2_unread_cc,MSG0000593,no_access_event,1,accesses=0
2,P2_unread_cc,MSG0000671,message_exists,1,
2,P2_unread_cc,MSG0000671,is_cc,1,
2,P2_unread_cc,MSG0000671,no_access_event,1,accesses=0
2,P2_unread_cc,MSG0000743,message_exists,1,
2,P2_unread_cc,MSG0000743,is_cc,1,
2,P2_unread_cc,MSG0000743,no_access_event,1,accesses=0
2,P2_unread_cc,MSG0000745,message_exists,1,
2,P2_unread_cc,MSG0000745,is_cc,1,
2,P2_unread_cc,MSG0000745,no_access_event,1,accesses=0
2,P2_unread_cc,MSG0000747,message_exists,1,
2,P2_unread_cc,MSG0000747,is_cc,1,
2,P2_unread_cc,MSG0000747,no_access_event,1,accesses=0
2,P2_unread_cc,MSG0000748,message_exists,1,
2,P2_unread_cc,MSG0000748,is_cc,1,
2,P2_unread_cc,MSG0000748,no_access_event,1,accesses=0
2,P2_unread_cc,MSG0000825,message_exists,1,
2,P2_unread_cc,MSG0000825,is_cc,1,
2,P2_unread_cc,MSG0000825,no_access_event,1,accesses=0
2,P4_result_misrouted,MSG0000868,message_exists,1,
2,P4_result_misrouted,MSG0000868,is_result,1,
2,P4_result_misrouted,MSG0000868,recipient_not_ordering,1,
2,P4_result_misrouted,MSG0000868,recipient_not_covering,1,cover=None
2,P4_result_misrouted,MSG0000871,message_exists,1,
2,P4_result_misrouted,MSG0000871,is_result,1,
2,P4_result_misrouted,MSG0000871,recipient_not_ordering,1,
2,P4_result_misrouted,MSG0000871,recipient_not_covering,1,cover=None
2,P4_result_misrouted,MSG0000876,message_exists,1,
2,P4_result_misrouted,MSG0000876,is_result,1,
2,P4_result_misrouted,MSG0000876,recipient_not_ordering,1,
2,P4_result_misrouted,MSG0000876,recipient_not_covering,1,cover=None
2,P2_unread_cc,MSG0000890,message_exists,1,
2,P2_unread_cc,MSG0000890,is_cc,1,
2,P2_unread_cc,MSG0000890,no_access_event,1,accesses=0
2,P2_unread_cc,MSG0000895,message_exists,1,
2,P2_unread_cc,MSG0000895,is_cc,1,
2,P2_unread_cc,MSG0000895,no_access_event,1,accesses=0
2,P2_unread_cc,MSG0000896,message_exists,1,
2,P2_unread_cc,MSG0000896,is_cc,1,
2,P2_unread_cc,MSG0000896,no_access_event,1,accesses=0
2,P4_result_misrouted,MSG0000924,message_exists,1,
2,P4_result_misrouted,MSG0000924,is_result,1,
2,P4_result_misrouted,MSG0000924,recipient_not_ordering,1,
2,P4_result_misrouted,MSG0000924,recipient_not_covering,1,cover=None
2,P4_result_misrouted,MSG0000932,message_exists,1,
2,P4_result_misrouted,MSG0000932,is_result,1,
2,P4_result_misrouted,MSG0000932,recipient_not_ordering,1,
2,P4_result_misrouted,MSG0000932,recipient_not_covering,1,cover=None
2,P2_unread_cc,MSG0000959,message_exists,1,
2,P2_unread_cc,MSG0000959,is_cc,1,
2,P2_unread_cc,MSG0000959,no_access_event,1,accesses=0
2,P2_unread_cc,MSG0000961,message_exists,1,
2,P2_unread_cc,MSG0000961,is_cc,1,
2,P2_unread_cc,MSG0000961,no_access_event,1,accesses=0
2,P2_unread_cc,MSG0000965,message_exists,1,
2,P2_unread_cc,MSG0000965,is_cc,1,
2,P2_unread_cc,MSG0000965,no_access_event,1,accesses=0
2,P2_unread_cc,MSG0000966,message_exists,1,
2,P2_unread_cc,MSG0000966,is_cc,1,
2,P2_unread_cc,MSG0000966,no_access_event,1,accesses=0
2,P2_unread_cc,MSG0001044,message_exists,1,
2,P2_unread_cc,MSG0001044,is_cc,1,
2,P2_unread_cc,MSG0001044,no_access_event,1,accesses=0
2,P2_unread_cc,MSG0001045,message_exists,1,
2,P2_unread_cc,MSG0001045,is_cc,1,
2,P2_unread_cc,MSG0001045,no_access_event,1,accesses=0
2,P2_unread_cc,MSG0001119,message_exists,1,
2,P2_unread_cc,MSG0001119,is_cc,1,
2,P2_unread_cc,MSG0001119,no_access_event,1,accesses=0
2,P4_result_misrouted,MSG0001226,message_exists,1,
2,P4_result_misrouted,MSG0001226,is_result,1,
2,P4_result_misrouted,MSG0001226,recipient_not_ordering,1,
2,P4_result_misrouted,MSG0001226,recipient_not_covering,1,cover=None
2,P2_unread_cc,MSG0001280,message_exists,1,
2,P2_unread_cc,MSG0001280,is_cc,1,
2,P2_unread_cc,MSG0001280,no_access_event,1,accesses=0
2,P2_unread_cc,MSG0001281,message_exists,1,
2,P2_unread_cc,MSG0001281,is_cc,1,
2,P2_unread_cc,MSG0001281,no_access_event,1,accesses=0
2,P2_unread_cc,MSG0001284,message_exists,1,
2,P2_unread_cc,MSG0001284,is_cc,1,
2,P2_unread_cc,MSG0001284,no_access_event,1,accesses=0
2,P7_pingpong,MSG0001314,message_exists,1,
2,P7_pingpong,MSG0001314,at_least_two_staff_to_provider_forwards,1,staff_to_provider=2
2,P7_pingpong,MSG0001314,at_least_two_provider_to_staff_forwards,1,provider_to_staff=2
2,P7_pingpong,MSG0001314,two_or_more_round_trips,1,roundtrips=2
2,P4_result_misrouted,MSG0001333,message_exists,1,
2,P4_result_misrouted,MSG0001333,is_result,1,
2,P4_result_misrouted,MSG0001333,recipient_not_ordering,1,
2,P4_result_misrouted,MSG0001333,recipient_not_covering,1,cover=None
2,P2_unread_cc,MSG0001359,message_exists,1,
2,P2_unread_cc,MSG0001359,is_cc,1,
2,P2_unread_cc,MSG0001359,no_access_event,1,accesses=0
2,P2_unread_cc,MSG0001360,message_exists,1,
2,P2_unread_cc,MSG0001360,is_cc,1,
2,P2_unread_cc,MSG0001360,no_access_event,1,accesses=0
2,P2_unread_cc,MSG0001361,message_exists,1,
2,P2_unread_cc,MSG0001361,is_cc,1,
2,P2_unread_cc,MSG0001361,no_access_event,1,accesses=0
2,P2_unread_cc,MSG0001437,message_exists,1,
2,P2_unread_cc,MSG0001437,is_cc,1,
2,P2_unread_cc,MSG0001437,no_access_event,1,accesses=0
2,P2_unread_cc,MSG0001445,message_exists,1,
2,P2_unread_cc,MSG0001445,is_cc,1,
2,P2_unread_cc,MSG0001445,no_access_event,1,accesses=0
2,P2_unread_cc,MSG0001446,message_exists,1,
2,P2_unread_cc,MSG0001446,is_cc,1,
2,P2_unread_cc,MSG0001446,no_access_event,1,accesses=0
2,P4_result_misrouted,MSG0001503,message_exists,1,
2,P4_result_misrouted,MSG0001503,is_result,1,
2,P4_result_misrouted,MSG0001503,recipient_not_ordering,1,
2,P4_result_misrouted,MSG0001503,recipient_not_covering,1,cover=None
2,P2_unread_cc,MSG0001533,message_exists,1,
2,P2_unread_cc,MSG0001533,is_cc,1,
2,P2_unread_cc,MSG0001533,no_access_event,1,accesses=0
2,P2_unread_cc,MSG0001535,message_exists,1,
2,P2_unread_cc,MSG0001535,is_cc,1,
2,P2_unread_cc,MSG0001535,no_access_event,1,accesses=0
2,P2_unread_cc,MSG0001615,message_exists,1,
2,P2_unread_cc,MSG0001615,is_cc,1,
2,P2_unread_cc,MSG0001615,no_access_event,1,accesses=0
2,P3_extended_thread,THR0001559,thread_exists,1,
2,P3_extended_thread,THR0001559,three_or_more_patient_incoming,1,incoming=3
2,P3_extended_thread,THR0001559,four_or_more_message_exchanges,1,in+out=7
2,P3_extended_thread,THR0001559,spans_at_least_3_days,1,span_days=6.84
2,P3_extended_thread,THR0001559,no_visit_between,1,intervening_visits=0
2,P2_unread_cc,MSG0001696,message_exists,1,
2,P2_unread_cc,MSG0001696,is_cc,1,
2,P2_unread_cc,MSG0001696,no_access_event,1,accesses=0
2,P2_unread_cc,MSG0001701,message_exists,1,
2,P2_unread_cc,MSG0001701,is_cc,1,
2,P2_unread_cc,MSG0001701,no_access_event,1,accesses=0
2,P4_result_misrouted,MSG0001748,message_exists,1,
2,P4_result_misrouted,MSG0001748,is_result,1,
2,P4_result_misrouted,MSG0001748,recipient_not_ordering,1,
2,P4_result_misrouted,MSG0001748,recipient_not_covering,1,cover=None
2,P2_unread_cc,MSG0001779,message_exists,1,
2,P2_unread_cc,MSG0001779,is_cc,1,
2,P2_unread_cc,MSG0001779,no_access_event,1,accesses=0
2,P7_pingpong,MSG0001807,message_exists,1,
2,P7_pingpong,MSG0001807,at_least_two_staff_to_provider_forwards,1,staff_to_provider=2
2,P7_pingpong,MSG0001807,at_least_two_provider_to_staff_forwards,1,provider_to_staff=2
2,P7_pingpong,MSG0001807,two_or_more_round_trips,1,roundtrips=2
2,P2_unread_cc,MSG0001869,message_exists,1,
2,P2_unread_cc,MSG0001869,is_cc,1,
2,P2_unread_cc,MSG0001869,no_access_event,1,accesses=0
2,P4_result_misrouted,MSG0001930,message_exists,1,
2,P4_result_misrouted,MSG0001930,is_result,1,
2,P4_result_misrouted,MSG0001930,recipient_not_ordering,1,
2,P4_result_misrouted,MSG0001930,recipient_not_covering,1,cover=None
2,P2_unread_cc,MSG0001948,message_exists,1,
2,P2_unread_cc,MSG0001948,is_cc,1,
2,P2_unread_cc,MSG0001948,no_access_event,1,accesses=0
2,P2_unread_cc,MSG0001952,message_exists,1,
2,P2_unread_cc,MSG0001952,is_cc,1,
2,P2_unread_cc,MSG0001952,no_access_event,1,accesses=0
2,P2_unread_cc,MSG0001954,message_exists,1,
2,P2_unread_cc,MSG0001954,is_cc,1,
2,P2_unread_cc,MSG0001954,no_access_event,1,accesses=0
2,P8_nonclinical_misrouted,MSG0001993,message_exists,1,
2,P8_nonclinical_misrouted,MSG0001993,nonclinical_category,1,category=appointment_request
2,P8_nonclinical_misrouted,MSG0001993,reaches_provider,1,provider_forwards=1
2,P2_unread_cc,MSG0002036,message_exists,1,
2,P2_unread_cc,MSG0002036,is_cc,1,
2,P2_unread_cc,MSG0002036,no_access_event,1,accesses=0
2,P1_thank_you,MSG0002082,message_exists,1,
2,P1_thank_you,MSG0002082,patient_originated_portal_message,1,
2,P1_thank_you,MSG0002082,is_reply_to_prior_outbound,1,
2,P1_thank_you,MSG0002082,thread_ending,1,later_messages=0
2,P1_thank_you,MSG0002082,accessed_and_completed,1,
2,P8_nonclinical_misrouted,MSG0002089,message_exists,1,
2,P8_nonclinical_misrouted,MSG0002089,nonclinical_category,1,category=billing_question
2,P8_nonclinical_misrouted,MSG0002089,reaches_provider,1,provider_forwards=1
2,P2_unread_cc,MSG0002129,message_exists,1,
2,P2_unread_cc,MSG0002129,is_cc,1,
2,P2_unread_cc,MSG0002129,no_access_event,1,accesses=0
2,P2_unread_cc,MSG0002182,message_exists,1,
2,P2_unread_cc,MSG0002182,is_cc,1,
2,P2_unread_cc,MSG0002182,no_access_event,1,accesses=0
2,P2_unread_cc,MSG0002187,message_exists,1,
2,P2_unread_cc,MSG0002187,is_cc,1,
2,P2_unread_cc,MSG0002187,no_access_event,1,accesses=0
2,P3_extended_thread,THR0002095,thread_exists,1,
2,P3_extended_thread,THR0002095,three_or_more_patient_incoming,1,incoming=3
2,P3_extended_thread,THR0002095,four_or_more_message_exchanges,1,in+out=6
2,P3_extended_thread,THR0002095,spans_at_least_3_days,1,span_days=6.82
2,P3_extended_thread,THR0002095,no_visit_between,1,intervening_visits=0
2,P2_unread_cc,MSG0002269,message_exists,1,
2,P2_unread_cc,MSG0002269,is_cc,1,
2,P2_unread_cc,MSG0002269,no_access_event,1,accesses=0
2,P2_unread_cc,MSG0002270,message_exists,1,
2,P2_unread_cc,MSG0002270,is_cc,1,
2,P2_unread_cc,MSG0002270,no_access_event,1,accesses=0
2,P2_unread_cc,MSG0002271,message_exists,1,
2,P2_unread_cc,MSG0002271,is_cc,1,
2,P2_unread_cc,MSG0002271,no_access_event,1,accesses=0
2,P8_nonclinical_misrouted,MSG0002304,message_exists,1,
2,P8_nonclinical_misrouted,MSG0002304,nonclinical_category,1,category=billing_question
2,P8_nonclinical_misrouted,MSG0002304,reaches_provider,1,provider_forwards=1
2,P2_unread_cc,MSG0002338,message_exists,1,
2,P2_unread_cc,MSG0002338,is_cc,1,
2,P2_unread_cc,MSG0002338,no_access_event,1,accesses=0
2,P2_unread_cc,MSG0002341,message_exists,1,
2,P2_unread_cc,MSG0002341,is_cc,1,
2,P2_unread_cc,MSG0002341,no_access_event,1,accesses=0
2,P8_nonclinical_misrouted,MSG0002380,message_exists,1,
2,P8_nonclinical_misrouted,MSG0002380,nonclinical_category,1,category=cancellation
2,P8_nonclinical_misrouted,MSG0002380,reaches_provider,1,provider_forwards=1
2,P7_pingpong,MSG0002381,message_exists,1,
2,P7_pingpong,MSG0002381,at_least_two_staff_to_provider_forwards,1,staff_to_provider=2
2,P7_pingpong,MSG0002381,at_least_two_provider_to_staff_forwards,1,provider_to_staff=2
2,P7_pingpong,MSG0002381,two_or_more_round_trips,1,roundtrips=2
2,P4_result_misrouted,MSG0002389,message_exists,1,
2,P4_result_misrouted,MSG0002389,is_result,1,
2,P4_result_misrouted,MSG0002389,recipient_not_ordering,1,
2,P4_result_misrouted,MSG0002389,recipient_not_covering,1,cover=None
2,P2_unread_cc,MSG0002421,message_exists,1,
2,P2_unread_cc,MSG0002421,is_cc,1,
2,P2_unread_cc,MSG0002421,no_access_event,1,accesses=0
2,P2_unread_cc,MSG0002423,message_exists,1,
2,P2_unread_cc,MSG0002423,is_cc,1,
2,P2_unread_cc,MSG0002423,no_access_event,1,accesses=0
2,P4_result_misrouted,MSG0002454,message_exists,1,
2,P4_result_misrouted,MSG0002454,is_result,1,
2,P4_result_misrouted,MSG0002454,recipient_not_ordering,1,
2,P4_result_misrouted,MSG0002454,recipient_not_covering,1,cover=None
2,P4_result_misrouted,MSG0002549,message_exists,1,
2,P4_result_misrouted,MSG0002549,is_result,1,
2,P4_result_misrouted,MSG0002549,recipient_not_ordering,1,
2,P4_result_misrouted,MSG0002549,recipient_not_covering,1,cover=None
2,P2_unread_cc,MSG0002570,message_exists,1,
2,P2_unread_cc,MSG0002570,is_cc,1,
2,P2_unread_cc,MSG0002570,no_access_event,1,accesses=0
2,P2_unread_cc,MSG0002572,message_exists,1,
2,P2_unread_cc,MSG0002572,is_cc,1,
2,P2_unread_cc,MSG0002572,no_access_event,1,accesses=0
2,P2_unread_cc,MSG0002574,message_exists,1,
2,P2_unread_cc,MSG0002574,is_cc,1,
2,P2_unread_cc,MSG0002574,no_access_event,1,accesses=0
2,P2_unread_cc,MSG0002575,message_exists,1,
2,P2_unread_cc,MSG0002575,is_cc,1,
2,P2_unread_cc,MSG0002575,no_access_event,1,accesses=0
2,P3_extended_thread,THR0002451,thread_exists,1,
2,P3_extended_thread,THR0002451,three_or_more_patient_incoming,1,incoming=3
2,P3_extended_thread,THR0002451,four_or_more_message_exchanges,1,in+out=6
2,P3_extended_thread,THR0002451,spans_at_least_3_days,1,span_days=7.22
2,P3_extended_thread,THR0002451,no_visit_between,1,intervening_visits=0
2,P2_unread_cc,MSG0002647,message_exists,1,
2,P2_unread_cc,MSG0002647,is_cc,1,
2,P2_unread_cc,MSG0002647,no_access_event,1,accesses=0
2,P2_unread_cc,MSG0002651,message_exists,1,
2,P2_unread_cc,MSG0002651,is_cc,1,
2,P2_unread_cc,MSG0002651,no_access_event,1,accesses=0
2,P2_unread_cc,MSG0002657,message_exists,1,
2,P2_unread_cc,MSG0002657,is_cc,1,
2,P2_unread_cc,MSG0002657,no_access_event,1,accesses=0
2,P2_unread_cc,MSG0002658,message_exists,1,
2,P2_unread_cc,MSG0002658,is_cc,1,
2,P2_unread_cc,MSG0002658,no_access_event,1,accesses=0
2,P2_unread_cc,MSG0002721,message_exists,1,
2,P2_unread_cc,MSG0002721,is_cc,1,
2,P2_unread_cc,MSG0002721,no_access_event,1,accesses=0
2,P2_unread_cc,MSG0002722,message_exists,1,
2,P2_unread_cc,MSG0002722,is_cc,1,
2,P2_unread_cc,MSG0002722,no_access_event,1,accesses=0
2,P2_unread_cc,MSG0002730,message_exists,1,
2,P2_unread_cc,MSG0002730,is_cc,1,
2,P2_unread_cc,MSG0002730,no_access_event,1,accesses=0
2,P2_unread_cc,MSG0002791,message_exists,1,
2,P2_unread_cc,MSG0002791,is_cc,1,
2,P2_unread_cc,MSG0002791,no_access_event,1,accesses=0
2,P2_unread_cc,MSG0002792,message_exists,1,
2,P2_unread_cc,MSG0002792,is_cc,1,
2,P2_unread_cc,MSG0002792,no_access_event,1,accesses=0
2,P2_unread_cc,MSG0002796,message_exists,1,
2,P2_unread_cc,MSG0002796,is_cc,1,
2,P2_unread_cc,MSG0002796,no_access_event,1,accesses=0
2,P2_unread_cc,MSG0002865,message_exists,1,
2,P2_unread_cc,MSG0002865,is_cc,1,
2,P2_unread_cc,MSG0002865,no_access_event,1,accesses=0
2,P8_nonclinical_misrouted,MSG0002895,message_exists,1,
2,P8_nonclinical_misrouted,MSG0002895,nonclinical_category,1,category=appointment_request
2,P8_nonclinical_misrouted,MSG0002895,reaches_provider,1,provider_forwards=1
2,P4_result_misrouted,MSG0002917,message_exists,1,
2,P4_result_misrouted,MSG0002917,is_result,1,
2,P4_result_misrouted,MSG0002917,recipient_not_ordering,1,
2,P4_result_misrouted,MSG0002917,recipient_not_covering,1,cover=None
2,P2_unread_cc,MSG0002941,message_exists,1,
2,P2_unread_cc,MSG0002941,is_cc,1,
2,P2_unread_cc,MSG0002941,no_access_event,1,accesses=0
2,P2_unread_cc,MSG0002944,message_exists,1,
2,P2_unread_cc,MSG0002944,is_cc,1,
2,P2_unread_cc,MSG0002944,no_access_event,1,accesses=0
2,P2_unread_cc,MSG0002945,message_exists,1,
2,P2_unread_cc,MSG0002945,is_cc,1,
2,P2_unread_cc,MSG0002945,no_access_event,1,accesses=0
2,P4_result_misrouted,MSG0002998,message_exists,1,
2,P4_result_misrouted,MSG0002998,is_result,1,
2,P4_result_misrouted,MSG0002998,recipient_not_ordering,1,
2,P4_result_misrouted,MSG0002998,recipient_not_covering,1,cover=None
2,P2_unread_cc,MSG0003017,message_exists,1,
2,P2_unread_cc,MSG0003017,is_cc,1,
2,P2_unread_cc,MSG0003017,no_access_event,1,accesses=0
2,P2_unread_cc,MSG0003022,message_exists,1,
2,P2_unread_cc,MSG0003022,is_cc,1,
2,P2_unread_cc,MSG0003022,no_access_event,1,accesses=0
2,P2_unread_cc,MSG0003024,message_exists,1,
2,P2_unread_cc,MSG0003024,is_cc,1,
2,P2_unread_cc,MSG0003024,no_access_event,1,accesses=0
2,P7_pingpong,MSG0003068,message_exists,1,
2,P7_pingpong,MSG0003068,at_least_two_staff_to_provider_forwards,1,staff_to_provider=2
2,P7_pingpong,MSG0003068,at_least_two_provider_to_staff_forwards,1,provider_to_staff=2
2,P7_pingpong,MSG0003068,two_or_more_round_trips,1,roundtrips=2
2,P2_unread_cc,MSG0003102,message_exists,1,
2,P2_unread_cc,MSG0003102,is_cc,1,
2,P2_unread_cc,MSG0003102,no_access_event,1,accesses=0
2,P2_unread_cc,MSG0003110,message_exists,1,
2,P2_unread_cc,MSG0003110,is_cc,1,
2,P2_unread_cc,MSG0003110,no_access_event,1,accesses=0
2,P7_pingpong,MSG0003145,message_exists,1,
2,P7_pingpong,MSG0003145,at_least_two_staff_to_provider_forwards,1,staff_to_provider=2
2,P7_pingpong,MSG0003145,at_least_two_provider_to_staff_forwards,1,provider_to_staff=2
2,P7_pingpong,MSG0003145,two_or_more_round_trips,1,roundtrips=2
2,P2_unread_cc,MSG0003192,message_exists,1,
2,P2_unread_cc,MSG0003192,is_cc,1,
2,P2_unread_cc,MSG0003192,no_access_event,1,accesses=0
2,P2_unread_cc,MSG0003194,message_exists,1,
2,P2_unread_cc,MSG0003194,is_cc,1,
2,P2_unread_cc,MSG0003194,no_access_event,1,accesses=0
2,P7_pingpong,MSG0003232,message_exists,1,
2,P7_pingpong,MSG0003232,at_least_two_staff_to_provider_forwards,1,staff_to_provider=2
2,P7_pingpong,MSG0003232,at_least_two_provider_to_staff_forwards,1,provider_to_staff=2
2,P7_pingpong,MSG0003232,two_or_more_round_trips,1,roundtrips=2
2,P4_result_misrouted,MSG0003248,message_exists,1,
2,P4_result_misrouted,MSG0003248,is_result,1,
2,P4_result_misrouted,MSG0003248,recipient_not_ordering,1,
2,P4_result_misrouted,MSG0003248,recipient_not_covering,1,cover=None
2,P4_result_misrouted,MSG0003256,message_exists,1,
2,P4_result_misrouted,MSG0003256,is_result,1,
2,P4_result_misrouted,MSG0003256,recipient_not_ordering,1,
2,P4_result_misrouted,MSG0003256,recipient_not_covering,1,cover=None
2,P2_unread_cc,MSG0003366,message_exists,1,
2,P2_unread_cc,MSG0003366,is_cc,1,
2,P2_unread_cc,MSG0003366,no_access_event,1,accesses=0
2,P2_unread_cc,MSG0003367,message_exists,1,
2,P2_unread_cc,MSG0003367,is_cc,1,
2,P2_unread_cc,MSG0003367,no_access_event,1,accesses=0
2,P2_unread_cc,MSG0003368,message_exists,1,
2,P2_unread_cc,MSG0003368,is_cc,1,
2,P2_unread_cc,MSG0003368,no_access_event,1,accesses=0
2,P2_unread_cc,MSG0003370,message_exists,1,
2,P2_unread_cc,MSG0003370,is_cc,1,
2,P2_unread_cc,MSG0003370,no_access_event,1,accesses=0
2,P2_unread_cc,MSG0003371,message_exists,1,
2,P2_unread_cc,MSG0003371,is_cc,1,
2,P2_unread_cc,MSG0003371,no_access_event,1,accesses=0
2,P2_unread_cc,MSG0003375,message_exists,1,
2,P2_unread_cc,MSG0003375,is_cc,1,
2,P2_unread_cc,MSG0003375,no_access_event,1,accesses=0
2,P7_pingpong,MSG0003412,message_exists,1,
2,P7_pingpong,MSG0003412,at_least_two_staff_to_provider_forwards,1,staff_to_provider=2
2,P7_pingpong,MSG0003412,at_least_two_provider_to_staff_forwards,1,provider_to_staff=2
2,P7_pingpong,MSG0003412,two_or_more_round_trips,1,roundtrips=2
2,P4_result_misrouted,MSG0003417,message_exists,1,
2,P4_result_misrouted,MSG0003417,is_result,1,
2,P4_result_misrouted,MSG0003417,recipient_not_ordering,1,
2,P4_result_misrouted,MSG0003417,recipient_not_covering,1,cover=None
2,P4_result_misrouted,MSG0003421,message_exists,1,
2,P4_result_misrouted,MSG0003421,is_result,1,
2,P4_result_misrouted,MSG0003421,recipient_not_ordering,1,
2,P4_result_misrouted,MSG0003421,recipient_not_covering,1,cover=None
2,P7_pingpong,MSG0003484,message_exists,1,
2,P7_pingpong,MSG0003484,at_least_two_staff_to_provider_forwards,1,staff_to_provider=2
2,P7_pingpong,MSG0003484,at_least_two_provider_to_staff_forwards,1,provider_to_staff=2
2,P7_pingpong,MSG0003484,two_or_more_round_trips,1,roundtrips=2
2,P4_result_misrouted,MSG0003506,message_exists,1,
2,P4_result_misrouted,MSG0003506,is_result,1,
2,P4_result_misrouted,MSG0003506,recipient_not_ordering,1,
2,P4_result_misrouted,MSG0003506,recipient_not_covering,1,cover=None
2,P2_unread_cc,MSG0003536,message_exists,1,
2,P2_unread_cc,MSG0003536,is_cc,1,
2,P2_unread_cc,MSG0003536,no_access_event,1,accesses=0
2,P2_unread_cc,MSG0003540,message_exists,1,
2,P2_unread_cc,MSG0003540,is_cc,1,
2,P2_unread_cc,MSG0003540,no_access_event,1,accesses=0
2,P2_unread_cc,MSG0003619,message_exists,1,
2,P2_unread_cc,MSG0003619,is_cc,1,
2,P2_unread_cc,MSG0003619,no_access_event,1,accesses=0
2,P2_unread_cc,MSG0003620,message_exists,1,
2,P2_unread_cc,MSG0003620,is_cc,1,
2,P2_unread_cc,MSG0003620,no_access_event,1,accesses=0
2,P2_unread_cc,MSG0003623,message_exists,1,
2,P2_unread_cc,MSG0003623,is_cc,1,
2,P2_unread_cc,MSG0003623,no_access_event,1,accesses=0
2,P2_unread_cc,MSG0003691,message_exists,1,
2,P2_unread_cc,MSG0003691,is_cc,1,
2,P2_unread_cc,MSG0003691,no_access_event,1,accesses=0
2,P2_unread_cc,MSG0003694,message_exists,1,
2,P2_unread_cc,MSG0003694,is_cc,1,
2,P2_unread_cc,MSG0003694,no_access_event,1,accesses=0
2,P8_nonclinical_misrouted,MSG0003817,message_exists,1,
2,P8_nonclinical_misrouted,MSG0003817,nonclinical_category,1,category=billing_question
2,P8_nonclinical_misrouted,MSG0003817,reaches_provider,1,provider_forwards=1
2,P4_result_misrouted,MSG0003828,message_exists,1,
2,P4_result_misrouted,MSG0003828,is_result,1,
2,P4_result_misrouted,MSG0003828,recipient_not_ordering,1,
2,P4_result_misrouted,MSG0003828,recipient_not_covering,1,cover=None
2,P2_unread_cc,MSG0003854,message_exists,1,
2,P2_unread_cc,MSG0003854,is_cc,1,
2,P2_unread_cc,MSG0003854,no_access_event,1,accesses=0
2,P2_unread_cc,MSG0003855,message_exists,1,
2,P2_unread_cc,MSG0003855,is_cc,1,
2,P2_unread_cc,MSG0003855,no_access_event,1,accesses=0
2,P2_unread_cc,MSG0003856,message_exists,1,
2,P2_unread_cc,MSG0003856,is_cc,1,
2,P2_unread_cc,MSG0003856,no_access_event,1,accesses=0
2,P2_unread_cc,MSG0003863,message_exists,1,
2,P2_unread_cc,MSG0003863,is_cc,1,
2,P2_unread_cc,MSG0003863,no_access_event,1,accesses=0
2,P2_unread_cc,MSG0003949,message_exists,1,
2,P2_unread_cc,MSG0003949,is_cc,1,
2,P2_unread_cc,MSG0003949,no_access_event,1,accesses=0
2,P2_unread_cc,MSG0003950,message_exists,1,
2,P2_unread_cc,MSG0003950,is_cc,1,
2,P2_unread_cc,MSG0003950,no_access_event,1,accesses=0
2,P4_result_misrouted,MSG0003993,message_exists,1,
2,P4_result_misrouted,MSG0003993,is_result,1,
2,P4_result_misrouted,MSG0003993,recipient_not_ordering,1,
2,P4_result_misrouted,MSG0003993,recipient_not_covering,1,cover=None
2,P2_unread_cc,MSG0004023,message_exists,1,
2,P2_unread_cc,MSG0004023,is_cc,1,
2,P2_unread_cc,MSG0004023,no_access_event,1,accesses=0
2,P2_unread_cc,MSG0004028,message_exists,1,
2,P2_unread_cc,MSG0004028,is_cc,1,
2,P2_unread_cc,MSG0004028,no_access_event,1,accesses=0
2,P2_unread_cc,MSG0004105,message_exists,1,
2,P2_unread_cc,MSG0004105,is_cc,1,
2,P2_unread_cc,MSG0004105,no_access_event,1,accesses=0
2,P2_unread_cc,MSG0004109,message_exists,1,
2,P2_unread_cc,MSG0004109,is_cc,1,
2,P2_unread_cc,MSG0004109,no_access_event,1,accesses=0
2,P2_unread_cc,MSG0004110,message_exists,1,
2,P2_unread_cc,MSG0004110,is_cc,1,
2,P2_unread_cc,MSG0004110,no_access_event,1,accesses=0
2,P2_unread_cc,MSG0004112,message_exists,1,
2,P2_unread_cc,MSG0004112,is_cc,1,
2,P2_unread_cc,MSG0004112,no_access_event,1,accesses=0
2,P4_result_misrouted,MSG0004164,message_exists,1,
2,P4_result_misrouted,MSG0004164,is_result,1,
2,P4_result_misrouted,MSG0004164,recipient_not_ordering,1,
2,P4_result_misrouted,MSG0004164,recipient_not_covering,1,cover=None
2,P2_unread_cc,MSG0004189,message_exists,1,
2,P2_unread_cc,MSG0004189,is_cc,1,
2,P2_unread_cc,MSG0004189,no_access_event,1,accesses=0
2,P4_result_misrouted,MSG0004237,message_exists,1,
2,P4_result_misrouted,MSG0004237,is_result,1,
2,P4_result_misrouted,MSG0004237,recipient_not_ordering,1,
2,P4_result_misrouted,MSG0004237,recipient_not_covering,1,cover=None
2,P2_unread_cc,MSG0004261,message_exists,1,
2,P2_unread_cc,MSG0004261,is_cc,1,
2,P2_unread_cc,MSG0004261,no_access_event,1,accesses=0
2,P2_unread_cc,MSG0004262,message_exists,1,
2,P2_unread_cc,MSG0004262,is_cc,1,
2,P2_unread_cc,MSG0004262,no_access_event,1,accesses=0
2,P2_unread_cc,MSG0004264,message_exists,1,
2,P2_unread_cc,MSG0004264,is_cc,1,
2,P2_unread_cc,MSG0004264,no_access_event,1,accesses=0
2,P4_result_misrouted,MSG0004321,message_exists,1,
2,P4_result_misrouted,MSG0004321,is_result,1,
2,P4_result_misrouted,MSG0004321,recipient_not_ordering,1,
2,P4_result_misrouted,MSG0004321,recipient_not_covering,1,cover=None
2,P2_unread_cc,MSG0004342,message_exists,1,
2,P2_unread_cc,MSG0004342,is_cc,1,
2,P2_unread_cc,MSG0004342,no_access_event,1,accesses=0
2,P2_unread_cc,MSG0004343,message_exists,1,
2,P2_unread_cc,MSG0004343,is_cc,1,
2,P2_unread_cc,MSG0004343,no_access_event,1,accesses=0
2,P2_unread_cc,MSG0004345,message_exists,1,
2,P2_unread_cc,MSG0004345,is_cc,1,
2,P2_unread_cc,MSG0004345,no_access_event,1,accesses=0
2,P2_unread_cc,MSG0004427,message_exists,1,
2,P2_unread_cc,MSG0004427,is_cc,1,
2,P2_unread_cc,MSG0004427,no_access_event,1,accesses=0
2,P2_unread_cc,MSG0004431,message_exists,1,
2,P2_unread_cc,MSG0004431,is_cc,1,
2,P2_unread_cc,MSG0004431,no_access_event,1,accesses=0
2,P4_result_misrouted,MSG0004459,message_exists,1,
2,P4_result_misrouted,MSG0004459,is_result,1,
2,P4_result_misrouted,MSG0004459,recipient_not_ordering,1,
2,P4_result_misrouted,MSG0004459,recipient_not_covering,1,cover=None
2,P4_result_misrouted,MSG0004549,message_exists,1,
2,P4_result_misrouted,MSG0004549,is_result,1,
2,P4_result_misrouted,MSG0004549,recipient_not_ordering,1,
2,P4_result_misrouted,MSG0004549,recipient_not_covering,1,cover=None
2,P2_unread_cc,MSG0004577,message_exists,1,
2,P2_unread_cc,MSG0004577,is_cc,1,
2,P2_unread_cc,MSG0004577,no_access_event,1,accesses=0
2,P2_unread_cc,MSG0004582,message_exists,1,
2,P2_unread_cc,MSG0004582,is_cc,1,
2,P2_unread_cc,MSG0004582,no_access_event,1,accesses=0
2,P2_unread_cc,MSG0004588,message_exists,1,
2,P2_unread_cc,MSG0004588,is_cc,1,
2,P2_unread_cc,MSG0004588,no_access_event,1,accesses=0
2,P2_unread_cc,MSG0004589,message_exists,1,
2,P2_unread_cc,MSG0004589,is_cc,1,
2,P2_unread_cc,MSG0004589,no_access_event,1,accesses=0
2,P2_unread_cc,MSG0004590,message_exists,1,
2,P2_unread_cc,MSG0004590,is_cc,1,
2,P2_unread_cc,MSG0004590,no_access_event,1,accesses=0
2,P2_unread_cc,MSG0004670,message_exists,1,
2,P2_unread_cc,MSG0004670,is_cc,1,
2,P2_unread_cc,MSG0004670,no_access_event,1,accesses=0
2,P2_unread_cc,MSG0004672,message_exists,1,
2,P2_unread_cc,MSG0004672,is_cc,1,
2,P2_unread_cc,MSG0004672,no_access_event,1,accesses=0
2,P7_pingpong,MSG0004723,message_exists,1,
2,P7_pingpong,MSG0004723,at_least_two_staff_to_provider_forwards,1,staff_to_provider=2
2,P7_pingpong,MSG0004723,at_least_two_provider_to_staff_forwards,1,provider_to_staff=2
2,P7_pingpong,MSG0004723,two_or_more_round_trips,1,roundtrips=2
2,P7_pingpong,MSG0004726,message_exists,1,
2,P7_pingpong,MSG0004726,at_least_two_staff_to_provider_forwards,1,staff_to_provider=2
2,P7_pingpong,MSG0004726,at_least_two_provider_to_staff_forwards,1,provider_to_staff=2
2,P7_pingpong,MSG0004726,two_or_more_round_trips,1,roundtrips=2
2,P2_unread_cc,MSG0004759,message_exists,1,
2,P2_unread_cc,MSG0004759,is_cc,1,
2,P2_unread_cc,MSG0004759,no_access_event,1,accesses=0
2,P2_unread_cc,MSG0004762,message_exists,1,
2,P2_unread_cc,MSG0004762,is_cc,1,
2,P2_unread_cc,MSG0004762,no_access_event,1,accesses=0
2,P2_unread_cc,MSG0004763,message_exists,1,
2,P2_unread_cc,MSG0004763,is_cc,1,
2,P2_unread_cc,MSG0004763,no_access_event,1,accesses=0
2,P2_unread_cc,MSG0004765,message_exists,1,
2,P2_unread_cc,MSG0004765,is_cc,1,
2,P2_unread_cc,MSG0004765,no_access_event,1,accesses=0
2,P2_unread_cc,MSG0004767,message_exists,1,
2,P2_unread_cc,MSG0004767,is_cc,1,
2,P2_unread_cc,MSG0004767,no_access_event,1,accesses=0
2,P2_unread_cc,MSG0004768,message_exists,1,
2,P2_unread_cc,MSG0004768,is_cc,1,
2,P2_unread_cc,MSG0004768,no_access_event,1,accesses=0
2,P2_unread_cc,MSG0004769,message_exists,1,
2,P2_unread_cc,MSG0004769,is_cc,1,
2,P2_unread_cc,MSG0004769,no_access_event,1,accesses=0
2,P2_unread_cc,MSG0004856,message_exists,1,
2,P2_unread_cc,MSG0004856,is_cc,1,
2,P2_unread_cc,MSG0004856,no_access_event,1,accesses=0
2,P2_unread_cc,MSG0004863,message_exists,1,
2,P2_unread_cc,MSG0004863,is_cc,1,
2,P2_unread_cc,MSG0004863,no_access_event,1,accesses=0
2,P8_nonclinical_misrouted,MSG0004901,message_exists,1,
2,P8_nonclinical_misrouted,MSG0004901,nonclinical_category,1,category=appointment_request
2,P8_nonclinical_misrouted,MSG0004901,reaches_provider,1,provider_forwards=1
2,P4_result_misrouted,MSG0004909,message_exists,1,
2,P4_result_misrouted,MSG0004909,is_result,1,
2,P4_result_misrouted,MSG0004909,recipient_not_ordering,1,
2,P4_result_misrouted,MSG0004909,recipient_not_covering,1,cover=None
2,P4_result_misrouted,MSG0004989,message_exists,1,
2,P4_result_misrouted,MSG0004989,is_result,1,
2,P4_result_misrouted,MSG0004989,recipient_not_ordering,1,
2,P4_result_misrouted,MSG0004989,recipient_not_covering,1,cover=None
2,P3_extended_thread,THR0004835,thread_exists,1,
2,P3_extended_thread,THR0004835,three_or_more_patient_incoming,1,incoming=3
2,P3_extended_thread,THR0004835,four_or_more_message_exchanges,1,in+out=6
2,P3_extended_thread,THR0004835,spans_at_least_3_days,1,span_days=7.83
2,P3_extended_thread,THR0004835,no_visit_between,1,intervening_visits=0
3,P8_nonclinical_misrouted,MSG0000017,message_exists,1,
3,P8_nonclinical_misrouted,MSG0000017,nonclinical_category,1,category=billing_question
3,P8_nonclinical_misrouted,MSG0000017,reaches_provider,1,provider_forwards=1
3,P8_nonclinical_misrouted,MSG0000018,message_exists,1,
3,P8_nonclinical_misrouted,MSG0000018,nonclinical_category,1,category=cancellation
3,P8_nonclinical_misrouted,MSG0000018,reaches_provider,1,provider_forwards=1
3,P4_result_misrouted,MSG0000026,message_exists,1,
3,P4_result_misrouted,MSG0000026,is_result,1,
3,P4_result_misrouted,MSG0000026,recipient_not_ordering,1,
3,P4_result_misrouted,MSG0000026,recipient_not_covering,1,cover=None
3,P2_unread_cc,MSG0000051,message_exists,1,
3,P2_unread_cc,MSG0000051,is_cc,1,
3,P2_unread_cc,MSG0000051,no_access_event,1,accesses=0
3,P2_unread_cc,MSG0000061,message_exists,1,
3,P2_unread_cc,MSG0000061,is_cc,1,
3,P2_unread_cc,MSG0000061,no_access_event,1,accesses=0
3,P2_unread_cc,MSG0000066,message_exists,1,
3,P2_unread_cc,MSG0000066,is_cc,1,
3,P2_unread_cc,MSG0000066,no_access_event,1,accesses=0
3,P8_nonclinical_misrouted,MSG0000108,message_exists,1,
3,P8_nonclinical_misrouted,MSG0000108,nonclinical_category,1,category=billing_question
3,P8_nonclinical_misrouted,MSG0000108,reaches_provider,1,provider_forwards=1
3,P4_result_misrouted,MSG0000114,message_exists,1,
3,P4_result_misrouted,MSG0000114,is_result,1,
3,P4_result_misrouted,MSG0000114,recipient_not_ordering,1,
3,P4_result_misrouted,MSG0000114,recipient_not_covering,1,cover=None
3,P4_result_misrouted,MSG0000129,message_exists,1,
3,P4_result_misrouted,MSG0000129,is_result,1,
3,P4_result_misrouted,MSG0000129,recipient_not_ordering,1,
3,P4_result_misrouted,MSG0000129,recipient_not_covering,1,cover=None
3,P2_unread_cc,MSG0000154,message_exists,1,
3,P2_unread_cc,MSG0000154,is_cc,1,
3,P2_unread_cc,MSG0000154,no_access_event,1,accesses=0
3,P2_unread_cc,MSG0000155,message_exists,1,
3,P2_unread_cc,MSG0000155,is_cc,1,
3,P2_unread_cc,MSG0000155,no_access_event,1,accesses=0
3,P2_unread_cc,MSG0000158,message_exists,1,
3,P2_unread_cc,MSG0000158,is_cc,1,
3,P2_unread_cc,MSG0000158,no_access_event,1,accesses=0
3,P2_unread_cc,MSG0000239,message_exists,1,
3,P2_unread_cc,MSG0000239,is_cc,1,
3,P2_unread_cc,MSG0000239,no_access_event,1,accesses=0
3,P2_unread_cc,MSG0000246,message_exists,1,
3,P2_unread_cc,MSG0000246,is_cc,1,
3,P2_unread_cc,MSG0000246,no_access_event,1,accesses=0
3,P2_unread_cc,MSG0000249,message_exists,1,
3,P2_unread_cc,MSG0000249,is_cc,1,
3,P2_unread_cc,MSG0000249,no_access_event,1,accesses=0
3,P2_unread_cc,MSG0000250,message_exists,1,
3,P2_unread_cc,MSG0000250,is_cc,1,
3,P2_unread_cc,MSG0000250,no_access_event,1,accesses=0
3,P7_pingpong,MSG0000270,message_exists,1,
3,P7_pingpong,MSG0000270,at_least_two_staff_to_provider_forwards,1,staff_to_provider=2
3,P7_pingpong,MSG0000270,at_least_two_provider_to_staff_forwards,1,provider_to_staff=2
3,P7_pingpong,MSG0000270,two_or_more_round_trips,1,roundtrips=2
3,P1_thank_you,MSG0000272,message_exists,1,
3,P1_thank_you,MSG0000272,patient_originated_portal_message,1,
3,P1_thank_you,MSG0000272,is_reply_to_prior_outbound,1,
3,P1_thank_you,MSG0000272,thread_ending,1,later_messages=0
3,P1_thank_you,MSG0000272,accessed_and_completed,1,
3,P4_result_misrouted,MSG0000286,message_exists,1,
3,P4_result_misrouted,MSG0000286,is_result,1,
3,P4_result_misrouted,MSG0000286,recipient_not_ordering,1,
3,P4_result_misrouted,MSG0000286,recipient_not_covering,1,cover=None
3,P2_unread_cc,MSG0000304,message_exists,1,
3,P2_unread_cc,MSG0000304,is_cc,1,
3,P2_unread_cc,MSG0000304,no_access_event,1,accesses=0
3,P2_unread_cc,MSG0000306,message_exists,1,
3,P2_unread_cc,MSG0000306,is_cc,1,
3,P2_unread_cc,MSG0000306,no_access_event,1,accesses=0
3,P2_unread_cc,MSG0000307,message_exists,1,
3,P2_unread_cc,MSG0000307,is_cc,1,
3,P2_unread_cc,MSG0000307,no_access_event,1,accesses=0
3,P2_unread_cc,MSG0000310,message_exists,1,
3,P2_unread_cc,MSG0000310,is_cc,1,
3,P2_unread_cc,MSG0000310,no_access_event,1,accesses=0
3,P2_unread_cc,MSG0000379,message_exists,1,
3,P2_unread_cc,MSG0000379,is_cc,1,
3,P2_unread_cc,MSG0000379,no_access_event,1,accesses=0
3,P2_unread_cc,MSG0000381,message_exists,1,
3,P2_unread_cc,MSG0000381,is_cc,1,
3,P2_unread_cc,MSG0000381,no_access_event,1,accesses=0
3,P2_unread_cc,MSG0000382,message_exists,1,
3,P2_unread_cc,MSG0000382,is_cc,1,
3,P2_unread_cc,MSG0000382,no_access_event,1,accesses=0
3,P2_unread_cc,MSG0000383,message_exists,1,
3,P2_unread_cc,MSG0000383,is_cc,1,
3,P2_unread_cc,MSG0000383,no_access_event,1,accesses=0
3,P2_unread_cc,MSG0000444,message_exists,1,
3,P2_unread_cc,MSG0000444,is_cc,1,
3,P2_unread_cc,MSG0000444,no_access_event,1,accesses=0
3,P4_result_misrouted,MSG0000498,message_exists,1,
3,P4_result_misrouted,MSG0000498,is_result,1,
3,P4_result_misrouted,MSG0000498,recipient_not_ordering,1,
3,P4_result_misrouted,MSG0000498,recipient_not_covering,1,cover=None
3,P2_unread_cc,MSG0000518,message_exists,1,
3,P2_unread_cc,MSG0000518,is_cc,1,
3,P2_unread_cc,MSG0000518,no_access_event,1,accesses=0
3,P2_unread_cc,MSG0000587,message_exists,1,
3,P2_unread_cc,MSG0000587,is_cc,1,
3,P2_unread_cc,MSG0000587,no_access_event,1,accesses=0
3,P2_unread_cc,MSG0000593,message_exists,1,
3,P2_unread_cc,MSG0000593,is_cc,1,
3,P2_unread_cc,MSG0000593,no_access_event,1,accesses=0
3,P2_unread_cc,MSG0000594,message_exists,1,
3,P2_unread_cc,MSG0000594,is_cc,1,
3,P2_unread_cc,MSG0000594,no_access_event,1,accesses=0
3,P2_unread_cc,MSG0000649,message_exists,1,
3,P2_unread_cc,MSG0000649,is_cc,1,
3,P2_unread_cc,MSG0000649,no_access_event,1,accesses=0
3,P1_thank_you,MSG0000688,message_exists,1,
3,P1_thank_you,MSG0000688,patient_originated_portal_message,1,
3,P1_thank_you,MSG0000688,is_reply_to_prior_outbound,1,
3,P1_thank_you,MSG0000688,thread_ending,1,later_messages=0
3,P1_thank_you,MSG0000688,accessed_and_completed,1,
3,P7_pingpong,MSG0000689,message_exists,1,
3,P7_pingpong,MSG0000689,at_least_two_staff_to_provider_forwards,1,staff_to_provider=2
3,P7_pingpong,MSG0000689,at_least_two_provider_to_staff_forwards,1,provider_to_staff=2
3,P7_pingpong,MSG0000689,two_or_more_round_trips,1,roundtrips=2
3,P2_unread_cc,MSG0000734,message_exists,1,
3,P2_unread_cc,MSG0000734,is_cc,1,
3,P2_unread_cc,MSG0000734,no_access_event,1,accesses=0
3,P2_unread_cc,MSG0000803,message_exists,1,
3,P2_unread_cc,MSG0000803,is_cc,1,
3,P2_unread_cc,MSG0000803,no_access_event,1,accesses=0
3,P2_unread_cc,MSG0000804,message_exists,1,
3,P2_unread_cc,MSG0000804,is_cc,1,
3,P2_unread_cc,MSG0000804,no_access_event,1,accesses=0
3,P2_unread_cc,MSG0000808,message_exists,1,
3,P2_unread_cc,MSG0000808,is_cc,1,
3,P2_unread_cc,MSG0000808,no_access_event,1,accesses=0
3,P2_unread_cc,MSG0000809,message_exists,1,
3,P2_unread_cc,MSG0000809,is_cc,1,
3,P2_unread_cc,MSG0000809,no_access_event,1,accesses=0
3,P2_unread_cc,MSG0000815,message_exists,1,
3,P2_unread_cc,MSG0000815,is_cc,1,
3,P2_unread_cc,MSG0000815,no_access_event,1,accesses=0
3,P2_unread_cc,MSG0000816,message_exists,1,
3,P2_unread_cc,MSG0000816,is_cc,1,
3,P2_unread_cc,MSG0000816,no_access_event,1,accesses=0
3,P2_unread_cc,MSG0000818,message_exists,1,
3,P2_unread_cc,MSG0000818,is_cc,1,
3,P2_unread_cc,MSG0000818,no_access_event,1,accesses=0
3,P8_nonclinical_misrouted,MSG0000861,message_exists,1,
3,P8_nonclinical_misrouted,MSG0000861,nonclinical_category,1,category=cancellation
3,P8_nonclinical_misrouted,MSG0000861,reaches_provider,1,provider_forwards=1
3,P4_result_misrouted,MSG0000869,message_exists,1,
3,P4_result_misrouted,MSG0000869,is_result,1,
3,P4_result_misrouted,MSG0000869,recipient_not_ordering,1,
3,P4_result_misrouted,MSG0000869,recipient_not_covering,1,cover=None
3,P2_unread_cc,MSG0000895,message_exists,1,
3,P2_unread_cc,MSG0000895,is_cc,1,
3,P2_unread_cc,MSG0000895,no_access_event,1,accesses=0
3,P2_unread_cc,MSG0000899,message_exists,1,
3,P2_unread_cc,MSG0000899,is_cc,1,
3,P2_unread_cc,MSG0000899,no_access_event,1,accesses=0
3,P2_unread_cc,MSG0000955,message_exists,1,
3,P2_unread_cc,MSG0000955,is_cc,1,
3,P2_unread_cc,MSG0000955,no_access_event,1,accesses=0
3,P2_unread_cc,MSG0000956,message_exists,1,
3,P2_unread_cc,MSG0000956,is_cc,1,
3,P2_unread_cc,MSG0000956,no_access_event,1,accesses=0
3,P2_unread_cc,MSG0000957,message_exists,1,
3,P2_unread_cc,MSG0000957,is_cc,1,
3,P2_unread_cc,MSG0000957,no_access_event,1,accesses=0
3,P2_unread_cc,MSG0000965,message_exists,1,
3,P2_unread_cc,MSG0000965,is_cc,1,
3,P2_unread_cc,MSG0000965,no_access_event,1,accesses=0
3,P2_unread_cc,MSG0001040,message_exists,1,
3,P2_unread_cc,MSG0001040,is_cc,1,
3,P2_unread_cc,MSG0001040,no_access_event,1,accesses=0
3,P2_unread_cc,MSG0001043,message_exists,1,
3,P2_unread_cc,MSG0001043,is_cc,1,
3,P2_unread_cc,MSG0001043,no_access_event,1,accesses=0
3,P2_unread_cc,MSG0001045,message_exists,1,
3,P2_unread_cc,MSG0001045,is_cc,1,
3,P2_unread_cc,MSG0001045,no_access_event,1,accesses=0
3,P2_unread_cc,MSG0001046,message_exists,1,
3,P2_unread_cc,MSG0001046,is_cc,1,
3,P2_unread_cc,MSG0001046,no_access_event,1,accesses=0
3,P4_result_misrouted,MSG0001091,message_exists,1,
3,P4_result_misrouted,MSG0001091,is_result,1,
3,P4_result_misrouted,MSG0001091,recipient_not_ordering,1,
3,P4_result_misrouted,MSG0001091,recipient_not_covering,1,cover=None
3,P2_unread_cc,MSG0001114,message_exists,1,
3,P2_unread_cc,MSG0001114,is_cc,1,
3,P2_unread_cc,MSG0001114,no_access_event,1,accesses=0
3,P2_unread_cc,MSG0001117,message_exists,1,
3,P2_unread_cc,MSG0001117,is_cc,1,
3,P2_unread_cc,MSG0001117,no_access_event,1,accesses=0
3,P2_unread_cc,MSG0001119,message_exists,1,
3,P2_unread_cc,MSG0001119,is_cc,1,
3,P2_unread_cc,MSG0001119,no_access_event,1,accesses=0
3,P7_pingpong,MSG0001151,message_exists,1,
3,P7_pingpong,MSG0001151,at_least_two_staff_to_provider_forwards,1,staff_to_provider=2
3,P7_pingpong,MSG0001151,at_least_two_provider_to_staff_forwards,1,provider_to_staff=2
3,P7_pingpong,MSG0001151,two_or_more_round_trips,1,roundtrips=2
3,P1_thank_you,MSG0001186,message_exists,1,
3,P1_thank_you,MSG0001186,patient_originated_portal_message,1,
3,P1_thank_you,MSG0001186,is_reply_to_prior_outbound,1,
3,P1_thank_you,MSG0001186,thread_ending,1,later_messages=0
3,P1_thank_you,MSG0001186,accessed_and_completed,1,
3,P4_result_misrouted,MSG0001215,message_exists,1,
3,P4_result_misrouted,MSG0001215,is_result,1,
3,P4_result_misrouted,MSG0001215,recipient_not_ordering,1,
3,P4_result_misrouted,MSG0001215,recipient_not_covering,1,cover=None
3,P2_unread_cc,MSG0001289,message_exists,1,
3,P2_unread_cc,MSG0001289,is_cc,1,
3,P2_unread_cc,MSG0001289,no_access_event,1,accesses=0
3,P7_pingpong,MSG0001331,message_exists,1,
3,P7_pingpong,MSG0001331,at_least_two_staff_to_provider_forwards,1,staff_to_provider=2
3,P7_pingpong,MSG0001331,at_least_two_provider_to_staff_forwards,1,provider_to_staff=2
3,P7_pingpong,MSG0001331,two_or_more_round_trips,1,roundtrips=2
3,P4_result_misrouted,MSG0001350,message_exists,1,
3,P4_result_misrouted,MSG0001350,is_result,1,
3,P4_result_misrouted,MSG0001350,recipient_not_ordering,1,
3,P4_result_misrouted,MSG0001350,recipient_not_covering,1,cover=None
3,P2_unread_cc,MSG0001371,message_exists,1,
3,P2_unread_cc,MSG0001371,is_cc,1,
3,P2_unread_cc,MSG0001371,no_access_event,1,accesses=0
3,P4_result_misrouted,MSG0001411,message_exists,1,
3,P4_result_misrouted,MSG0001411,is_result,1,
3,P4_result_misrouted,MSG0001411,recipient_not_ordering,1,
3,P4_result_misrouted,MSG0001411,recipient_not_covering,1,cover=None
3,P8_nonclinical_misrouted,MSG0001469,message_exists,1,
3,P8_nonclinical_misrouted,MSG0001469,nonclinical_category,1,category=appointment_request
3,P8_nonclinical_misrouted,MSG0001469,reaches_provider,1,provider_forwards=1
3,P4_result_misrouted,MSG0001473,message_exists,1,
3,P4_result_misrouted,MSG0001473,is_result,1,
3,P4_result_misrouted,MSG0001473,recipient_not_ordering,1,
3,P4_result_misrouted,MSG0001473,recipient_not_covering,1,cover=None
3,P2_unread_cc,MSG0001504,message_exists,1,
3,P2_unread_cc,MSG0001504,is_cc,1,
3,P2_unread_cc,MSG0001504,no_access_event,1,accesses=0
3,P2_unread_cc,MSG0001507,message_exists,1,
3,P2_unread_cc,MSG0001507,is_cc,1,
3,P2_unread_cc,MSG0001507,no_access_event,1,accesses=0
3,P1_thank_you,MSG0001545,message_exists,1,
3,P1_thank_you,MSG0001545,patient_originated_portal_message,1,
3,P1_thank_you,MSG0001545,is_reply_to_prior_outbound,1,
3,P1_thank_you,MSG0001545,thread_ending,1,later_messages=0
3,P1_thank_you,MSG0001545,accessed_and_completed,1,
3,P4_result_misrouted,MSG0001559,message_exists,1,
3,P4_result_misrouted,MSG0001559,is_result,1,
3,P4_result_misrouted,MSG0001559,recipient_not_ordering,1,
3,P4_result_misrouted,MSG0001559,recipient_not_covering,1,cover=None
3,P2_unread_cc,MSG0001584,message_exists,1,
3,P2_unread_cc,MSG0001584,is_cc,1,
3,P2_unread_cc,MSG0001584,no_access_event,1,accesses=0
3,P2_unread_cc,MSG0001588,message_exists,1,
3,P2_unread_cc,MSG0001588,is_cc,1,
3,P2_unread_cc,MSG0001588,no_access_event,1,accesses=0
3,P2_unread_cc,MSG0001590,message_exists,1,
3,P2_unread_cc,MSG0001590,is_cc,1,
3,P2_unread_cc,MSG0001590,no_access_event,1,accesses=0
3,P2_unread_cc,MSG0001673,message_exists,1,
3,P2_unread_cc,MSG0001673,is_cc,1,
3,P2_unread_cc,MSG0001673,no_access_event,1,accesses=0
3,P8_nonclinical_misrouted,MSG0001720,message_exists,1,
3,P8_nonclinical_misrouted,MSG0001720,nonclinical_category,1,category=appointment_request
3,P8_nonclinical_misrouted,MSG0001720,reaches_provider,1,provider_forwards=1
3,P2_unread_cc,MSG0001752,message_exists,1,
3,P2_unread_cc,MSG0001752,is_cc,1,
3,P2_unread_cc,MSG0001752,no_access_event,1,accesses=0
3,P2_unread_cc,MSG0001756,message_exists,1,
3,P2_unread_cc,MSG0001756,is_cc,1,
3,P2_unread_cc,MSG0001756,no_access_event,1,accesses=0
3,P2_unread_cc,MSG0001760,message_exists,1,
3,P2_unread_cc,MSG0001760,is_cc,1,
3,P2_unread_cc,MSG0001760,no_access_event,1,accesses=0
3,P2_unread_cc,MSG0001761,message_exists,1,
3,P2_unread_cc,MSG0001761,is_cc,1,
3,P2_unread_cc,MSG0001761,no_access_event,1,accesses=0
3,P8_nonclinical_misrouted,MSG0001796,message_exists,1,
3,P8_nonclinical_misrouted,MSG0001796,nonclinical_category,1,category=appointment_request
3,P8_nonclinical_misrouted,MSG0001796,reaches_provider,1,provider_forwards=1
3,P2_unread_cc,MSG0001824,message_exists,1,
3,P2_unread_cc,MSG0001824,is_cc,1,
3,P2_unread_cc,MSG0001824,no_access_event,1,accesses=0
3,P2_unread_cc,MSG0001826,message_exists,1,
3,P2_unread_cc,MSG0001826,is_cc,1,
3,P2_unread_cc,MSG0001826,no_access_event,1,accesses=0
3,P2_unread_cc,MSG0001829,message_exists,1,
3,P2_unread_cc,MSG0001829,is_cc,1,
3,P2_unread_cc,MSG0001829,no_access_event,1,accesses=0
3,P7_pingpong,MSG0001860,message_exists,1,
3,P7_pingpong,MSG0001860,at_least_two_staff_to_provider_forwards,1,staff_to_provider=2
3,P7_pingpong,MSG0001860,at_least_two_provider_to_staff_forwards,1,provider_to_staff=2
3,P7_pingpong,MSG0001860,two_or_more_round_trips,1,roundtrips=2
3,P4_result_misrouted,MSG0001873,message_exists,1,
3,P4_result_misrouted,MSG0001873,is_result,1,
3,P4_result_misrouted,MSG0001873,recipient_not_ordering,1,
3,P4_result_misrouted,MSG0001873,recipient_not_covering,1,cover=None
3,P2_unread_cc,MSG0001903,message_exists,1,
3,P2_unread_cc,MSG0001903,is_cc,1,
3,P2_unread_cc,MSG0001903,no_access_event,1,accesses=0
3,P2_unread_cc,MSG0001904,message_exists,1,
3,P2_unread_cc,MSG0001904,is_cc,1,
3,P2_unread_cc,MSG0001904,no_access_event,1,accesses=0
3,P2_unread_cc,MSG0001906,message_exists,1,
3,P2_unread_cc,MSG0001906,is_cc,1,
3,P2_unread_cc,MSG0001906,no_access_event,1,accesses=0
3,P2_unread_cc,MSG0001910,message_exists,1,
3,P2_unread_cc,MSG0001910,is_cc,1,
3,P2_unread_cc,MSG0001910,no_access_event,1,accesses=0
3,P2_unread_cc,MSG0001977,message_exists,1,
3,P2_unread_cc,MSG0001977,is_cc,1,
3,P2_unread_cc,MSG0001977,no_access_event,1,accesses=0
3,P2_unread_cc,MSG0002045,message_exists,1,
3,P2_unread_cc,MSG0002045,is_cc,1,
3,P2_unread_cc,MSG0002045,no_access_event,1,accesses=0
3,P2_unread_cc,MSG0002048,message_exists,1,
3,P2_unread_cc,MSG0002048,is_cc,1,
3,P2_unread_cc,MSG0002048,no_access_event,1,accesses=0
3,P2_unread_cc,MSG0002049,message_exists,1,
3,P2_unread_cc,MSG0002049,is_cc,1,
3,P2_unread_cc,MSG0002049,no_access_event,1,accesses=0
3,P2_unread_cc,MSG0002051,message_exists,1,
3,P2_unread_cc,MSG0002051,is_cc,1,
3,P2_unread_cc,MSG0002051,no_access_event,1,accesses=0
3,P4_result_misrouted,MSG0002093,message_exists,1,
3,P4_result_misrouted,MSG0002093,is_result,1,
3,P4_result_misrouted,MSG0002093,recipient_not_ordering,1,
3,P4_result_misrouted,MSG0002093,recipient_not_covering,1,cover=None
3,P2_unread_cc,MSG0002114,message_exists,1,
3,P2_unread_cc,MSG0002114,is_cc,1,
3,P2_unread_cc,MSG0002114,no_access_event,1,accesses=0
3,P2_unread_cc,MSG0002123,message_exists,1,
3,P2_unread_cc,MSG0002123,is_cc,1,
3,P2_unread_cc,MSG0002123,no_access_event,1,accesses=0
3,P2_unread_cc,MSG0002202,message_exists,1,
3,P2_unread_cc,MSG0002202,is_cc,1,
3,P2_unread_cc,MSG0002202,no_access_event,1,accesses=0
3,P2_unread_cc,MSG0002277,message_exists,1,
3,P2_unread_cc,MSG0002277,is_cc,1,
3,P2_unread_cc,MSG0002277,no_access_event,1,accesses=0
3,P2_unread_cc,MSG0002280,message_exists,1,
3,P2_unread_cc,MSG0002280,is_cc,1,
3,P2_unread_cc,MSG0002280,no_access_event,1,accesses=0
3,P2_unread_cc,MSG0002282,message_exists,1,
3,P2_unread_cc,MSG0002282,is_cc,1,
3,P2_unread_cc,MSG0002282,no_access_event,1,accesses=0
3,P2_unread_cc,MSG0002342,message_exists,1,
3,P2_unread_cc,MSG0002342,is_cc,1,
3,P2_unread_cc,MSG0002342,no_access_event,1,accesses=0
3,P2_unread_cc,MSG0002343,message_exists,1,
3,P2_unread_cc,MSG0002343,is_cc,1,
3,P2_unread_cc,MSG0002343,no_access_event,1,accesses=0
3,P2_unread_cc,MSG0002349,message_exists,1,
3,P2_unread_cc,MSG0002349,is_cc,1,
3,P2_unread_cc,MSG0002349,no_access_event,1,accesses=0
3,P2_unread_cc,MSG0002537,message_exists,1,
3,P2_unread_cc,MSG0002537,is_cc,1,
3,P2_unread_cc,MSG0002537,no_access_event,1,accesses=0
3,P2_unread_cc,MSG0002538,message_exists,1,
3,P2_unread_cc,MSG0002538,is_cc,1,
3,P2_unread_cc,MSG0002538,no_access_event,1,accesses=0
3,P2_unread_cc,MSG0002597,message_exists,1,
3,P2_unread_cc,MSG0002597,is_cc,1,
3,P2_unread_cc,MSG0002597,no_access_event,1,accesses=0
3,P2_unread_cc,MSG0002671,message_exists,1,
3,P2_unread_cc,MSG0002671,is_cc,1,
3,P2_unread_cc,MSG0002671,no_access_event,1,accesses=0
3,P2_unread_cc,MSG0002673,message_exists,1,
3,P2_unread_cc,MSG0002673,is_cc,1,
3,P2_unread_cc,MSG0002673,no_access_event,1,accesses=0
3,P2_unread_cc,MSG0002676,message_exists,1,
3,P2_unread_cc,MSG0002676,is_cc,1,
3,P2_unread_cc,MSG0002676,no_access_event,1,accesses=0
3,P2_unread_cc,MSG0002681,message_exists,1,
3,P2_unread_cc,MSG0002681,is_cc,1,
3,P2_unread_cc,MSG0002681,no_access_event,1,accesses=0
3,P2_unread_cc,MSG0002682,message_exists,1,
3,P2_unread_cc,MSG0002682,is_cc,1,
3,P2_unread_cc,MSG0002682,no_access_event,1,accesses=0
3,P4_result_misrouted,MSG0002738,message_exists,1,
3,P4_result_misrouted,MSG0002738,is_result,1,
3,P4_result_misrouted,MSG0002738,recipient_not_ordering,1,
3,P4_result_misrouted,MSG0002738,recipient_not_covering,1,cover=None
3,P4_result_misrouted,MSG0002739,message_exists,1,
3,P4_result_misrouted,MSG0002739,is_result,1,
3,P4_result_misrouted,MSG0002739,recipient_not_ordering,1,
3,P4_result_misrouted,MSG0002739,recipient_not_covering,1,cover=None
3,P2_unread_cc,MSG0002769,message_exists,1,
3,P2_unread_cc,MSG0002769,is_cc,1,
3,P2_unread_cc,MSG0002769,no_access_event,1,accesses=0
3,P2_unread_cc,MSG0002772,message_exists,1,
3,P2_unread_cc,MSG0002772,is_cc,1,
3,P2_unread_cc,MSG0002772,no_access_event,1,accesses=0
3,P2_unread_cc,MSG0002774,message_exists,1,
3,P2_unread_cc,MSG0002774,is_cc,1,
3,P2_unread_cc,MSG0002774,no_access_event,1,accesses=0
3,P2_unread_cc,MSG0002852,message_exists,1,
3,P2_unread_cc,MSG0002852,is_cc,1,
3,P2_unread_cc,MSG0002852,no_access_event,1,accesses=0
3,P2_unread_cc,MSG0002853,message_exists,1,
3,P2_unread_cc,MSG0002853,is_cc,1,
3,P2_unread_cc,MSG0002853,no_access_event,1,accesses=0
3,P2_unread_cc,MSG0002855,message_exists,1,
3,P2_unread_cc,MSG0002855,is_cc,1,
3,P2_unread_cc,MSG0002855,no_access_event,1,accesses=0
3,P2_unread_cc,MSG0002857,message_exists,1,
3,P2_unread_cc,MSG0002857,is_cc,1,
3,P2_unread_cc,MSG0002857,no_access_event,1,accesses=0
3,P4_result_misrouted,MSG0002912,message_exists,1,
3,P4_result_misrouted,MSG0002912,is_result,1,
3,P4_result_misrouted,MSG0002912,recipient_not_ordering,1,
3,P4_result_misrouted,MSG0002912,recipient_not_covering,1,cover=None
3,P2_unread_cc,MSG0002929,message_exists,1,
3,P2_unread_cc,MSG0002929,is_cc,1,
3,P2_unread_cc,MSG0002929,no_access_event,1,accesses=0
3,P2_unread_cc,MSG0002933,message_exists,1,
3,P2_unread_cc,MSG0002933,is_cc,1,
3,P2_unread_cc,MSG0002933,no_access_event,1,accesses=0
3,P2_unread_cc,MSG0003023,message_exists,1,
3,P2_unread_cc,MSG0003023,is_cc,1,
3,P2_unread_cc,MSG0003023,no_access_event,1,accesses=0
3,P2_unread_cc,MSG0003027,message_exists,1,
3,P2_unread_cc,MSG0003027,is_cc,1,
3,P2_unread_cc,MSG0003027,no_access_event,1,accesses=0
3,P2_unread_cc,MSG0003028,message_exists,1,
3,P2_unread_cc,MSG0003028,is_cc,1,
3,P2_unread_cc,MSG0003028,no_access_event,1,accesses=0
3,P2_unread_cc,MSG0003029,message_exists,1,
3,P2_unread_cc,MSG0003029,is_cc,1,
3,P2_unread_cc,MSG0003029,no_access_event,1,accesses=0
3,P4_result_misrouted,MSG0003076,message_exists,1,
3,P4_result_misrouted,MSG0003076,is_result,1,
3,P4_result_misrouted,MSG0003076,recipient_not_ordering,1,
3,P4_result_misrouted,MSG0003076,recipient_not_covering,1,cover=None
3,P2_unread_cc,MSG0003097,message_exists,1,
3,P2_unread_cc,MSG0003097,is_cc,1,
3,P2_unread_cc,MSG0003097,no_access_event,1,accesses=0
3,P2_unread_cc,MSG0003101,message_exists,1,
3,P2_unread_cc,MSG0003101,is_cc,1,
3,P2_unread_cc,MSG0003101,no_access_event,1,accesses=0
3,P2_unread_cc,MSG0003102,message_exists,1,
3,P2_unread_cc,MSG0003102,is_cc,1,
3,P2_unread_cc,MSG0003102,no_access_event,1,accesses=0
3,P2_unread_cc,MSG0003104,message_exists,1,
3,P2_unread_cc,MSG0003104,is_cc,1,
3,P2_unread_cc,MSG0003104,no_access_event,1,accesses=0
3,P2_unread_cc,MSG0003337,message_exists,1,
3,P2_unread_cc,MSG0003337,is_cc,1,
3,P2_unread_cc,MSG0003337,no_access_event,1,accesses=0
3,P2_unread_cc,MSG0003339,message_exists,1,
3,P2_unread_cc,MSG0003339,is_cc,1,
3,P2_unread_cc,MSG0003339,no_access_event,1,accesses=0
3,P2_unread_cc,MSG0003340,message_exists,1,
3,P2_unread_cc,MSG0003340,is_cc,1,
3,P2_unread_cc,MSG0003340,no_access_event,1,accesses=0
3,P2_unread_cc,MSG0003344,message_exists,1,
3,P2_unread_cc,MSG0003344,is_cc,1,
3,P2_unread_cc,MSG0003344,no_access_event,1,accesses=0
3,P2_unread_cc,MSG0003347,message_exists,1,
3,P2_unread_cc,MSG0003347,is_cc,1,
3,P2_unread_cc,MSG0003347,no_access_event,1,accesses=0
3,P2_unread_cc,MSG0003349,message_exists,1,
3,P2_unread_cc,MSG0003349,is_cc,1,
3,P2_unread_cc,MSG0003349,no_access_event,1,accesses=0
3,P2_unread_cc,MSG0003412,message_exists,1,
3,P2_unread_cc,MSG0003412,is_cc,1,
3,P2_unread_cc,MSG0003412,no_access_event,1,accesses=0
3,P2_unread_cc,MSG0003419,message_exists,1,
3,P2_unread_cc,MSG0003419,is_cc,1,
3,P2_unread_cc,MSG0003419,no_access_event,1,accesses=0
3,P4_result_misrouted,MSG0003456,message_exists,1,
3,P4_result_misrouted,MSG0003456,is_result,1,
3,P4_result_misrouted,MSG0003456,recipient_not_ordering,1,
3,P4_result_misrouted,MSG0003456,recipient_not_covering,1,cover=None
3,P2_unread_cc,MSG0003496,message_exists,1,
3,P2_unread_cc,MSG0003496,is_cc,1,
3,P2_unread_cc,MSG0003496,no_access_event,1,accesses=0
3,P2_unread_cc,MSG0003497,message_exists,1,
3,P2_unread_cc,MSG0003497,is_cc,1,
3,P2_unread_cc,MSG0003497,no_access_event,1,accesses=0
3,P2_unread_cc,MSG0003500,message_exists,1,
3,P2_unread_cc,MSG0003500,is_cc,1,
3,P2_unread_cc,MSG0003500,no_access_event,1,accesses=0
3,P8_nonclinical_misrouted,MSG0003533,message_exists,1,
3,P8_nonclinical_misrouted,MSG0003533,nonclinical_category,1,category=appointment_request
3,P8_nonclinical_misrouted,MSG0003533,reaches_provider,1,provider_forwards=1
3,P4_result_misrouted,MSG0003543,message_exists,1,
3,P4_result_misrouted,MSG0003543,is_result,1,
3,P4_result_misrouted,MSG0003543,recipient_not_ordering,1,
3,P4_result_misrouted,MSG0003543,recipient_not_covering,1,cover=None
3,P2_unread_cc,MSG0003572,message_exists,1,
3,P2_unread_cc,MSG0003572,is_cc,1,
3,P2_unread_cc,MSG0003572,no_access_event,1,accesses=0
3,P4_result_misrouted,MSG0003627,message_exists,1,
3,P4_result_misrouted,MSG0003627,is_result,1,
3,P4_result_misrouted,MSG0003627,recipient_not_ordering,1,
3,P4_result_misrouted,MSG0003627,recipient_not_covering,1,cover=None
3,P2_unread_cc,MSG0003651,message_exists,1,
3,P2_unread_cc,MSG0003651,is_cc,1,
3,P2_unread_cc,MSG0003651,no_access_event,1,accesses=0
3,P2_unread_cc,MSG0003654,message_exists,1,
3,P2_unread_cc,MSG0003654,is_cc,1,
3,P2_unread_cc,MSG0003654,no_access_event,1,accesses=0
3,P2_unread_cc,MSG0003656,message_exists,1,
3,P2_unread_cc,MSG0003656,is_cc,1,
3,P2_unread_cc,MSG0003656,no_access_event,1,accesses=0
3,P2_unread_cc,MSG0003813,message_exists,1,
3,P2_unread_cc,MSG0003813,is_cc,1,
3,P2_unread_cc,MSG0003813,no_access_event,1,accesses=0
3,P2_unread_cc,MSG0003814,message_exists,1,
3,P2_unread_cc,MSG0003814,is_cc,1,
3,P2_unread_cc,MSG0003814,no_access_event,1,accesses=0
3,P2_unread_cc,MSG0003817,message_exists,1,
3,P2_unread_cc,MSG0003817,is_cc,1,
3,P2_unread_cc,MSG0003817,no_access_event,1,accesses=0
3,P2_unread_cc,MSG0003819,message_exists,1,
3,P2_unread_cc,MSG0003819,is_cc,1,
3,P2_unread_cc,MSG0003819,no_access_event,1,accesses=0
3,P4_result_misrouted,MSG0003864,message_exists,1,
3,P4_result_misrouted,MSG0003864,is_result,1,
3,P4_result_misrouted,MSG0003864,recipient_not_ordering,1,
3,P4_result_misrouted,MSG0003864,recipient_not_covering,1,cover=None
3,P4_result_misrouted,MSG0003871,message_exists,1,
3,P4_result_misrouted,MSG0003871,is_result,1,
3,P4_result_misrouted,MSG0003871,recipient_not_ordering,1,
3,P4_result_misrouted,MSG0003871,recipient_not_covering,1,cover=None
3,P2_unread_cc,MSG0003886,message_exists,1,
3,P2_unread_cc,MSG0003886,is_cc,1,
3,P2_unread_cc,MSG0003886,no_access_event,1,accesses=0
3,P2_unread_cc,MSG0003889,message_exists,1,
3,P2_unread_cc,MSG0003889,is_cc,1,
3,P2_unread_cc,MSG0003889,no_access_event,1,accesses=0
3,P2_unread_cc,MSG0003894,message_exists,1,
3,P2_unread_cc,MSG0003894,is_cc,1,
3,P2_unread_cc,MSG0003894,no_access_event,1,accesses=0
3,P2_unread_cc,MSG0003895,message_exists,1,
3,P2_unread_cc,MSG0003895,is_cc,1,
3,P2_unread_cc,MSG0003895,no_access_event,1,accesses=0
3,P7_pingpong,MSG0003930,message_exists,1,
3,P7_pingpong,MSG0003930,at_least_two_staff_to_provider_forwards,1,staff_to_provider=2
3,P7_pingpong,MSG0003930,at_least_two_provider_to_staff_forwards,1,provider_to_staff=2
3,P7_pingpong,MSG0003930,two_or_more_round_trips,1,roundtrips=2
3,P3_extended_thread,THR0003743,thread_exists,1,
3,P3_extended_thread,THR0003743,three_or_more_patient_incoming,1,incoming=3
3,P3_extended_thread,THR0003743,four_or_more_message_exchanges,1,in+out=7
3,P3_extended_thread,THR0003743,spans_at_least_3_days,1,span_days=7.84
3,P3_extended_thread,THR0003743,no_visit_between,1,intervening_visits=0
3,P4_result_misrouted,MSG0003950,message_exists,1,
3,P4_result_misrouted,MSG0003950,is_result,1,
3,P4_result_misrouted,MSG0003950,recipient_not_ordering,1,
3,P4_result_misrouted,MSG0003950,recipient_not_covering,1,cover=None
3,P4_result_misrouted,MSG0003953,message_exists,1,
3,P4_result_misrouted,MSG0003953,is_result,1,
3,P4_result_misrouted,MSG0003953,recipient_not_ordering,1,
3,P4_result_misrouted,MSG0003953,recipient_not_covering,1,cover=None
3,P2_unread_cc,MSG0003975,message_exists,1,
3,P2_unread_cc,MSG0003975,is_cc,1,
3,P2_unread_cc,MSG0003975,no_access_event,1,accesses=0
3,P2_unread_cc,MSG0003976,message_exists,1,
3,P2_unread_cc,MSG0003976,is_cc,1,
3,P2_unread_cc,MSG0003976,no_access_event,1,accesses=0
3,P2_unread_cc,MSG0004064,message_exists,1,
3,P2_unread_cc,MSG0004064,is_cc,1,
3,P2_unread_cc,MSG0004064,no_access_event,1,accesses=0
3,P8_nonclinical_misrouted,MSG0004089,message_exists,1,
3,P8_nonclinical_misrouted,MSG0004089,nonclinical_category,1,category=billing_question
3,P8_nonclinical_misrouted,MSG0004089,reaches_provider,1,provider_forwards=1
3,P2_unread_cc,MSG0004129,message_exists,1,
3,P2_unread_cc,MSG0004129,is_cc,1,
3,P2_unread_cc,MSG0004129,no_access_event,1,accesses=0
3,P8_nonclinical_misrouted,MSG0004165,message_exists,1,
3,P8_nonclinical_misrouted,MSG0004165,nonclinical_category,1,category=appointment_request
3,P8_nonclinical_misrouted,MSG0004165,reaches_provider,1,provider_forwards=1
3,P2_unread_cc,MSG0004194,message_exists,1,
3,P2_unread_cc,MSG0004194,is_cc,1,
3,P2_unread_cc,MSG0004194,no_access_event,1,accesses=0
3,P2_unread_cc,MSG0004197,message_exists,1,
3,P2_unread_cc,MSG0004197,is_cc,1,
3,P2_unread_cc,MSG0004197,no_access_event,1,accesses=0
3,P1_thank_you,MSG0004231,message_exists,1,
3,P1_thank_you,MSG0004231,patient_originated_portal_message,1,
3,P1_thank_you,MSG0004231,is_reply_to_prior_outbound,1,
3,P1_thank_you,MSG0004231,thread_ending,1,later_messages=0
3,P1_thank_you,MSG0004231,accessed_and_completed,1,
3,P2_unread_cc,MSG0004269,message_exists,1,
3,P2_unread_cc,MSG0004269,is_cc,1,
3,P2_unread_cc,MSG0004269,no_access_event,1,accesses=0
3,P2_unread_cc,MSG0004274,message_exists,1,
3,P2_unread_cc,MSG0004274,is_cc,1,
3,P2_unread_cc,MSG0004274,no_access_event,1,accesses=0
3,P2_unread_cc,MSG0004278,message_exists,1,
3,P2_unread_cc,MSG0004278,is_cc,1,
3,P2_unread_cc,MSG0004278,no_access_event,1,accesses=0
3,P4_result_misrouted,MSG0004329,message_exists,1,
3,P4_result_misrouted,MSG0004329,is_result,1,
3,P4_result_misrouted,MSG0004329,recipient_not_ordering,1,
3,P4_result_misrouted,MSG0004329,recipient_not_covering,1,cover=None
3,P2_unread_cc,MSG0004348,message_exists,1,
3,P2_unread_cc,MSG0004348,is_cc,1,
3,P2_unread_cc,MSG0004348,no_access_event,1,accesses=0
3,P2_unread_cc,MSG0004349,message_exists,1,
3,P2_unread_cc,MSG0004349,is_cc,1,
3,P2_unread_cc,MSG0004349,no_access_event,1,accesses=0
3,P2_unread_cc,MSG0004355,message_exists,1,
3,P2_unread_cc,MSG0004355,is_cc,1,
3,P2_unread_cc,MSG0004355,no_access_event,1,accesses=0
3,P2_unread_cc,MSG0004357,message_exists,1,
3,P2_unread_cc,MSG0004357,is_cc,1,
3,P2_unread_cc,MSG0004357,no_access_event,1,accesses=0
3,P4_result_misrouted,MSG0004409,message_exists,1,
3,P4_result_misrouted,MSG0004409,is_result,1,
3,P4_result_misrouted,MSG0004409,recipient_not_ordering,1,
3,P4_result_misrouted,MSG0004409,recipient_not_covering,1,cover=None
3,P2_unread_cc,MSG0004430,message_exists,1,
3,P2_unread_cc,MSG0004430,is_cc,1,
3,P2_unread_cc,MSG0004430,no_access_event,1,accesses=0
3,P2_unread_cc,MSG0004434,message_exists,1,
3,P2_unread_cc,MSG0004434,is_cc,1,
3,P2_unread_cc,MSG0004434,no_access_event,1,accesses=0
3,P2_unread_cc,MSG0004436,message_exists,1,
3,P2_unread_cc,MSG0004436,is_cc,1,
3,P2_unread_cc,MSG0004436,no_access_event,1,accesses=0
3,P2_unread_cc,MSG0004437,message_exists,1,
3,P2_unread_cc,MSG0004437,is_cc,1,
3,P2_unread_cc,MSG0004437,no_access_event,1,accesses=0
3,P2_unread_cc,MSG0004440,message_exists,1,
3,P2_unread_cc,MSG0004440,is_cc,1,
3,P2_unread_cc,MSG0004440,no_access_event,1,accesses=0
3,P2_unread_cc,MSG0004626,message_exists,1,
3,P2_unread_cc,MSG0004626,is_cc,1,
3,P2_unread_cc,MSG0004626,no_access_event,1,accesses=0
3,P2_unread_cc,MSG0004629,message_exists,1,
3,P2_unread_cc,MSG0004629,is_cc,1,
3,P2_unread_cc,MSG0004629,no_access_event,1,accesses=0
3,P4_result_misrouted,MSG0004673,message_exists,1,
3,P4_result_misrouted,MSG0004673,is_result,1,
3,P4_result_misrouted,MSG0004673,recipient_not_ordering,1,
3,P4_result_misrouted,MSG0004673,recipient_not_covering,1,cover=None
3,P4_result_misrouted,MSG0004677,message_exists,1,
3,P4_result_misrouted,MSG0004677,is_result,1,
3,P4_result_misrouted,MSG0004677,recipient_not_ordering,1,
3,P4_result_misrouted,MSG0004677,recipient_not_covering,1,cover=None
3,P2_unread_cc,MSG0004705,message_exists,1,
3,P2_unread_cc,MSG0004705,is_cc,1,
3,P2_unread_cc,MSG0004705,no_access_event,1,accesses=0
3,P2_unread_cc,MSG0004706,message_exists,1,
3,P2_unread_cc,MSG0004706,is_cc,1,
3,P2_unread_cc,MSG0004706,no_access_event,1,accesses=0
3,P2_unread_cc,MSG0004713,message_exists,1,
3,P2_unread_cc,MSG0004713,is_cc,1,
3,P2_unread_cc,MSG0004713,no_access_event,1,accesses=0
3,P7_pingpong,MSG0004745,message_exists,1,
3,P7_pingpong,MSG0004745,at_least_two_staff_to_provider_forwards,1,staff_to_provider=2
3,P7_pingpong,MSG0004745,at_least_two_provider_to_staff_forwards,1,provider_to_staff=2
3,P7_pingpong,MSG0004745,two_or_more_round_trips,1,roundtrips=2
3,P2_unread_cc,MSG0004787,message_exists,1,
3,P2_unread_cc,MSG0004787,is_cc,1,
3,P2_unread_cc,MSG0004787,no_access_event,1,accesses=0
3,P2_unread_cc,MSG0004859,message_exists,1,
3,P2_unread_cc,MSG0004859,is_cc,1,
3,P2_unread_cc,MSG0004859,no_access_event,1,accesses=0
3,P2_unread_cc,MSG0004860,message_exists,1,
3,P2_unread_cc,MSG0004860,is_cc,1,
3,P2_unread_cc,MSG0004860,no_access_event,1,accesses=0
3,P4_result_misrouted,MSG0004909,message_exists,1,
3,P4_result_misrouted,MSG0004909,is_result,1,
3,P4_result_misrouted,MSG0004909,recipient_not_ordering,1,
3,P4_result_misrouted,MSG0004909,recipient_not_covering,1,cover=None
3,P2_unread_cc,MSG0004933,message_exists,1,
3,P2_unread_cc,MSG0004933,is_cc,1,
3,P2_unread_cc,MSG0004933,no_access_event,1,accesses=0
3,P2_unread_cc,MSG0004940,message_exists,1,
3,P2_unread_cc,MSG0004940,is_cc,1,
3,P2_unread_cc,MSG0004940,no_access_event,1,accesses=0
3,P7_pingpong,MSG0005014,message_exists,1,
3,P7_pingpong,MSG0005014,at_least_two_staff_to_provider_forwards,1,staff_to_provider=2
3,P7_pingpong,MSG0005014,at_least_two_provider_to_staff_forwards,1,provider_to_staff=2
3,P7_pingpong,MSG0005014,two_or_more_round_trips,1,roundtrips=2
3,P3_extended_thread,THR0004784,thread_exists,1,
3,P3_extended_thread,THR0004784,three_or_more_patient_incoming,1,incoming=3
3,P3_extended_thread,THR0004784,four_or_more_message_exchanges,1,in+out=6
3,P3_extended_thread,THR0004784,spans_at_least_3_days,1,span_days=8.91
3,P3_extended_thread,THR0004784,no_visit_between,1,intervening_visits=0
3,P4_result_misrouted,MSG0005025,message_exists,1,
3,P4_result_misrouted,MSG0005025,is_result,1,
3,P4_result_misrouted,MSG0005025,recipient_not_ordering,1,
3,P4_result_misrouted,MSG0005025,recipient_not_covering,1,cover=None
4,P4_result_misrouted,MSG0000012,message_exists,1,
4,P4_result_misrouted,MSG0000012,is_result,1,
4,P4_result_misrouted,MSG0000012,recipient_not_ordering,1,
4,P4_result_misrouted,MSG0000012,recipient_not_covering,1,cover=None
4,P2_unread_cc,MSG0000043,message_exists,1,
4,P2_unread_cc,MSG0000043,is_cc,1,
4,P2_unread_cc,MSG0000043,no_access_event,1,accesses=0
4,P2_unread_cc,MSG0000044,message_exists,1,
4,P2_unread_cc,MSG0000044,is_cc,1,
4,P2_unread_cc,MSG0000044,no_access_event,1,accesses=0
4,P7_pingpong,MSG0000070,message_exists,1,
4,P7_pingpong,MSG0000070,at_least_two_staff_to_provider_forwards,1,staff_to_provider=2
4,P7_pingpong,MSG0000070,at_least_two_provider_to_staff_forwards,1,provider_to_staff=2
4,P7_pingpong,MSG0000070,two_or_more_round_trips,1,roundtrips=2
4,P8_nonclinical_misrouted,MSG0000072,message_exists,1,
4,P8_nonclinical_misrouted,MSG0000072,nonclinical_category,1,category=cancellation
4,P8_nonclinical_misrouted,MSG0000072,reaches_provider,1,provider_forwards=1
4,P1_thank_you,MSG0000074,message_exists,1,
4,P1_thank_you,MSG0000074,patient_originated_portal_message,1,
4,P1_thank_you,MSG0000074,is_reply_to_prior_outbound,1,
4,P1_thank_you,MSG0000074,thread_ending,1,later_messages=0
4,P1_thank_you,MSG0000074,accessed_and_completed,1,
4,P2_unread_cc,MSG0000119,message_exists,1,
4,P2_unread_cc,MSG0000119,is_cc,1,
4,P2_unread_cc,MSG0000119,no_access_event,1,accesses=0
4,P2_unread_cc,MSG0000120,message_exists,1,
4,P2_unread_cc,MSG0000120,is_cc,1,
4,P2_unread_cc,MSG0000120,no_access_event,1,accesses=0
4,P2_unread_cc,MSG0000122,message_exists,1,
4,P2_unread_cc,MSG0000122,is_cc,1,
4,P2_unread_cc,MSG0000122,no_access_event,1,accesses=0
4,P4_result_misrouted,MSG0000259,message_exists,1,
4,P4_result_misrouted,MSG0000259,is_result,1,
4,P4_result_misrouted,MSG0000259,recipient_not_ordering,1,
4,P4_result_misrouted,MSG0000259,recipient_not_covering,1,cover=None
4,P2_unread_cc,MSG0000274,message_exists,1,
4,P2_unread_cc,MSG0000274,is_cc,1,
4,P2_unread_cc,MSG0000274,no_access_event,1,accesses=0
4,P2_unread_cc,MSG0000277,message_exists,1,
4,P2_unread_cc,MSG0000277,is_cc,1,
4,P2_unread_cc,MSG0000277,no_access_event,1,accesses=0
4,P2_unread_cc,MSG0000285,message_exists,1,
4,P2_unread_cc,MSG0000285,is_cc,1,
4,P2_unread_cc,MSG0000285,no_access_event,1,accesses=0
4,P3_extended_thread,THR0000304,thread_exists,1,
4,P3_extended_thread,THR0000304,three_or_more_patient_incoming,1,incoming=3
4,P3_extended_thread,THR0000304,four_or_more_message_exchanges,1,in+out=6
4,P3_extended_thread,THR0000304,spans_at_least_3_days,1,span_days=6.08
4,P3_extended_thread,THR0000304,no_visit_between,1,intervening_visits=0
4,P4_result_misrouted,MSG0000344,message_exists,1,
4,P4_result_misrouted,MSG0000344,is_result,1,
4,P4_result_misrouted,MSG0000344,recipient_not_ordering,1,
4,P4_result_misrouted,MSG0000344,recipient_not_covering,1,cover=None
4,P2_unread_cc,MSG0000369,message_exists,1,
4,P2_unread_cc,MSG0000369,is_cc,1,
4,P2_unread_cc,MSG0000369,no_access_event,1,accesses=0
4,P2_unread_cc,MSG0000377,message_exists,1,
4,P2_unread_cc,MSG0000377,is_cc,1,
4,P2_unread_cc,MSG0000377,no_access_event,1,accesses=0
4,P3_extended_thread,THR0000389,thread_exists,1,
4,P3_extended_thread,THR0000389,three_or_more_patient_incoming,1,incoming=3
4,P3_extended_thread,THR0000389,four_or_more_message_exchanges,1,in+out=6
4,P3_extended_thread,THR0000389,spans_at_least_3_days,1,span_days=8.04
4,P3_extended_thread,THR0000389,no_visit_between,1,intervening_visits=0
4,P2_unread_cc,MSG0000486,message_exists,1,
4,P2_unread_cc,MSG0000486,is_cc,1,
4,P2_unread_cc,MSG0000486,no_access_event,1,accesses=0
4,P4_result_misrouted,MSG0000535,message_exists,1,
4,P4_result_misrouted,MSG0000535,is_result,1,
4,P4_result_misrouted,MSG0000535,recipient_not_ordering,1,
4,P4_result_misrouted,MSG0000535,recipient_not_covering,1,cover=None
4,P2_unread_cc,MSG0000562,message_exists,1,
4,P2_unread_cc,MSG0000562,is_cc,1,
4,P2_unread_cc,MSG0000562,no_access_event,1,accesses=0
4,P4_result_misrouted,MSG0000612,message_exists,1,
4,P4_result_misrouted,MSG0000612,is_result,1,
4,P4_result_misrouted,MSG0000612,recipient_not_ordering,1,
4,P4_result_misrouted,MSG0000612,recipient_not_covering,1,cover=None
4,P7_pingpong,MSG0000664,message_exists,1,
4,P7_pingpong,MSG0000664,at_least_two_staff_to_provider_forwards,1,staff_to_provider=2
4,P7_pingpong,MSG0000664,at_least_two_provider_to_staff_forwards,1,provider_to_staff=2
4,P7_pingpong,MSG0000664,two_or_more_round_trips,1,roundtrips=2
4,P7_pingpong,MSG0000667,message_exists,1,
4,P7_pingpong,MSG0000667,at_least_two_staff_to_provider_forwards,1,staff_to_provider=2
4,P7_pingpong,MSG0000667,at_least_two_provider_to_staff_forwards,1,provider_to_staff=2
4,P7_pingpong,MSG0000667,two_or_more_round_trips,1,roundtrips=2
4,P2_unread_cc,MSG0000699,message_exists,1,
4,P2_unread_cc,MSG0000699,is_cc,1,
4,P2_unread_cc,MSG0000699,no_access_event,1,accesses=0
4,P2_unread_cc,MSG0000709,message_exists,1,
4,P2_unread_cc,MSG0000709,is_cc,1,
4,P2_unread_cc,MSG0000709,no_access_event,1,accesses=0
4,P2_unread_cc,MSG0000794,message_exists,1,
4,P2_unread_cc,MSG0000794,is_cc,1,
4,P2_unread_cc,MSG0000794,no_access_event,1,accesses=0
4,P2_unread_cc,MSG0000798,message_exists,1,
4,P2_unread_cc,MSG0000798,is_cc,1,
4,P2_unread_cc,MSG0000798,no_access_event,1,accesses=0
4,P1_thank_you,MSG0000834,message_exists,1,
4,P1_thank_you,MSG0000834,patient_originated_portal_message,1,
4,P1_thank_you,MSG0000834,is_reply_to_prior_outbound,1,
4,P1_thank_you,MSG0000834,thread_ending,1,later_messages=0
4,P1_thank_you,MSG0000834,accessed_and_completed,1,
4,P4_result_misrouted,MSG0000858,message_exists,1,
4,P4_result_misrouted,MSG0000858,is_result,1,
4,P4_result_misrouted,MSG0000858,recipient_not_ordering,1,
4,P4_result_misrouted,MSG0000858,recipient_not_covering,1,cover=None
4,P2_unread_cc,MSG0000887,message_exists,1,
4,P2_unread_cc,MSG0000887,is_cc,1,
4,P2_unread_cc,MSG0000887,no_access_event,1,accesses=0
4,P2_unread_cc,MSG0000888,message_exists,1,
4,P2_unread_cc,MSG0000888,is_cc,1,
4,P2_unread_cc,MSG0000888,no_access_event,1,accesses=0
4,P7_pingpong,MSG0000920,message_exists,1,
4,P7_pingpong,MSG0000920,at_least_two_staff_to_provider_forwards,1,staff_to_provider=2
4,P7_pingpong,MSG0000920,at_least_two_provider_to_staff_forwards,1,provider_to_staff=2
4,P7_pingpong,MSG0000920,two_or_more_round_trips,1,roundtrips=2
4,P2_unread_cc,MSG0000951,message_exists,1,
4,P2_unread_cc,MSG0000951,is_cc,1,
4,P2_unread_cc,MSG0000951,no_access_event,1,accesses=0
4,P2_unread_cc,MSG0000956,message_exists,1,
4,P2_unread_cc,MSG0000956,is_cc,1,
4,P2_unread_cc,MSG0000956,no_access_event,1,accesses=0
4,P2_unread_cc,MSG0001022,message_exists,1,
4,P2_unread_cc,MSG0001022,is_cc,1,
4,P2_unread_cc,MSG0001022,no_access_event,1,accesses=0
4,P2_unread_cc,MSG0001023,message_exists,1,
4,P2_unread_cc,MSG0001023,is_cc,1,
4,P2_unread_cc,MSG0001023,no_access_event,1,accesses=0
4,P2_unread_cc,MSG0001027,message_exists,1,
4,P2_unread_cc,MSG0001027,is_cc,1,
4,P2_unread_cc,MSG0001027,no_access_event,1,accesses=0
4,P2_unread_cc,MSG0001028,message_exists,1,
4,P2_unread_cc,MSG0001028,is_cc,1,
4,P2_unread_cc,MSG0001028,no_access_event,1,accesses=0
4,P2_unread_cc,MSG0001030,message_exists,1,
4,P2_unread_cc,MSG0001030,is_cc,1,
4,P2_unread_cc,MSG0001030,no_access_event,1,accesses=0
4,P4_result_misrouted,MSG0001079,message_exists,1,
4,P4_result_misrouted,MSG0001079,is_result,1,
4,P4_result_misrouted,MSG0001079,recipient_not_ordering,1,
4,P4_result_misrouted,MSG0001079,recipient_not_covering,1,cover=None
4,P4_result_misrouted,MSG0001084,message_exists,1,
4,P4_result_misrouted,MSG0001084,is_result,1,
4,P4_result_misrouted,MSG0001084,recipient_not_ordering,1,
4,P4_result_misrouted,MSG0001084,recipient_not_covering,1,cover=None
4,P2_unread_cc,MSG0001108,message_exists,1,
4,P2_unread_cc,MSG0001108,is_cc,1,
4,P2_unread_cc,MSG0001108,no_access_event,1,accesses=0
4,P2_unread_cc,MSG0001109,message_exists,1,
4,P2_unread_cc,MSG0001109,is_cc,1,
4,P2_unread_cc,MSG0001109,no_access_event,1,accesses=0
4,P2_unread_cc,MSG0001184,message_exists,1,
4,P2_unread_cc,MSG0001184,is_cc,1,
4,P2_unread_cc,MSG0001184,no_access_event,1,accesses=0
4,P2_unread_cc,MSG0001185,message_exists,1,
4,P2_unread_cc,MSG0001185,is_cc,1,
4,P2_unread_cc,MSG0001185,no_access_event,1,accesses=0
4,P4_result_misrouted,MSG0001324,message_exists,1,
4,P4_result_misrouted,MSG0001324,is_result,1,
4,P4_result_misrouted,MSG0001324,recipient_not_ordering,1,
4,P4_result_misrouted,MSG0001324,recipient_not_covering,1,cover=None
4,P2_unread_cc,MSG0001354,message_exists,1,
4,P2_unread_cc,MSG0001354,is_cc,1,
4,P2_unread_cc,MSG0001354,no_access_event,1,accesses=0
4,P2_unread_cc,MSG0001357,message_exists,1,
4,P2_unread_cc,MSG0001357,is_cc,1,
4,P2_unread_cc,MSG0001357,no_access_event,1,accesses=0
4,P2_unread_cc,MSG0001359,message_exists,1,
4,P2_unread_cc,MSG0001359,is_cc,1,
4,P2_unread_cc,MSG0001359,no_access_event,1,accesses=0
4,P1_thank_you,MSG0001392,message_exists,1,
4,P1_thank_you,MSG0001392,patient_originated_portal_message,1,
4,P1_thank_you,MSG0001392,is_reply_to_prior_outbound,1,
4,P1_thank_you,MSG0001392,thread_ending,1,later_messages=0
4,P1_thank_you,MSG0001392,accessed_and_completed,1,
4,P4_result_misrouted,MSG0001416,message_exists,1,
4,P4_result_misrouted,MSG0001416,is_result,1,
4,P4_result_misrouted,MSG0001416,recipient_not_ordering,1,
4,P4_result_misrouted,MSG0001416,recipient_not_covering,1,cover=None
4,P2_unread_cc,MSG0001439,message_exists,1,
4,P2_unread_cc,MSG0001439,is_cc,1,
4,P2_unread_cc,MSG0001439,no_access_event,1,accesses=0
4,P2_unread_cc,MSG0001442,message_exists,1,
4,P2_unread_cc,MSG0001442,is_cc,1,
4,P2_unread_cc,MSG0001442,no_access_event,1,accesses=0
4,P2_unread_cc,MSG0001521,message_exists,1,
4,P2_unread_cc,MSG0001521,is_cc,1,
4,P2_unread_cc,MSG0001521,no_access_event,1,accesses=0
4,P2_unread_cc,MSG0001526,message_exists,1,
4,P2_unread_cc,MSG0001526,is_cc,1,
4,P2_unread_cc,MSG0001526,no_access_event,1,accesses=0
4,P2_unread_cc,MSG0001530,message_exists,1,
4,P2_unread_cc,MSG0001530,is_cc,1,
4,P2_unread_cc,MSG0001530,no_access_event,1,accesses=0
4,P2_unread_cc,MSG0001621,message_exists,1,
4,P2_unread_cc,MSG0001621,is_cc,1,
4,P2_unread_cc,MSG0001621,no_access_event,1,accesses=0
4,P2_unread_cc,MSG0001622,message_exists,1,
4,P2_unread_cc,MSG0001622,is_cc,1,
4,P2_unread_cc,MSG0001622,no_access_event,1,accesses=0
4,P2_unread_cc,MSG0001625,message_exists,1,
4,P2_unread_cc,MSG0001625,is_cc,1,
4,P2_unread_cc,MSG0001625,no_access_event,1,accesses=0
4,P2_unread_cc,MSG0001627,message_exists,1,
4,P2_unread_cc,MSG0001627,is_cc,1,
4,P2_unread_cc,MSG0001627,no_access_event,1,accesses=0
4,P8_nonclinical_misrouted,MSG0001662,message_exists,1,
4,P8_nonclinical_misrouted,MSG0001662,nonclinical_category,1,category=cancellation
4,P8_nonclinical_misrouted,MSG0001662,reaches_provider,1,provider_forwards=1
4,P4_result_misrouted,MSG0001675,message_exists,1,
4,P4_result_misrouted,MSG0001675,is_result,1,
4,P4_result_misrouted,MSG0001675,recipient_not_ordering,1,
4,P4_result_misrouted,MSG0001675,recipient_not_covering,1,cover=None
4,P2_unread_cc,MSG0001700,message_exists,1,
4,P2_unread_cc,MSG0001700,is_cc,1,
4,P2_unread_cc,MSG0001700,no_access_event,1,accesses=0
4,P2_unread_cc,MSG0001795,message_exists,1,
4,P2_unread_cc,MSG0001795,is_cc,1,
4,P2_unread_cc,MSG0001795,no_access_event,1,accesses=0
4,P2_unread_cc,MSG0001796,message_exists,1,
4,P2_unread_cc,MSG0001796,is_cc,1,
4,P2_unread_cc,MSG0001796,no_access_event,1,accesses=0
4,P2_unread_cc,MSG0001799,message_exists,1,
4,P2_unread_cc,MSG0001799,is_cc,1,
4,P2_unread_cc,MSG0001799,no_access_event,1,accesses=0
4,P2_unread_cc,MSG0001863,message_exists,1,
4,P2_unread_cc,MSG0001863,is_cc,1,
4,P2_unread_cc,MSG0001863,no_access_event,1,accesses=0
4,P2_unread_cc,MSG0001938,message_exists,1,
4,P2_unread_cc,MSG0001938,is_cc,1,
4,P2_unread_cc,MSG0001938,no_access_event,1,accesses=0
4,P2_unread_cc,MSG0001941,message_exists,1,
4,P2_unread_cc,MSG0001941,is_cc,1,
4,P2_unread_cc,MSG0001941,no_access_event,1,accesses=0
4,P2_unread_cc,MSG0001949,message_exists,1,
4,P2_unread_cc,MSG0001949,is_cc,1,
4,P2_unread_cc,MSG0001949,no_access_event,1,accesses=0
4,P7_pingpong,MSG0001993,message_exists,1,
4,P7_pingpong,MSG0001993,at_least_two_staff_to_provider_forwards,1,staff_to_provider=2
4,P7_pingpong,MSG0001993,at_least_two_provider_to_staff_forwards,1,provider_to_staff=2
4,P7_pingpong,MSG0001993,two_or_more_round_trips,1,roundtrips=2
4,P2_unread_cc,MSG0002033,message_exists,1,
4,P2_unread_cc,MSG0002033,is_cc,1,
4,P2_unread_cc,MSG0002033,no_access_event,1,accesses=0
4,P2_unread_cc,MSG0002034,message_exists,1,
4,P2_unread_cc,MSG0002034,is_cc,1,
4,P2_unread_cc,MSG0002034,no_access_event,1,accesses=0
4,P2_unread_cc,MSG0002035,message_exists,1,
4,P2_unread_cc,MSG0002035,is_cc,1,
4,P2_unread_cc,MSG0002035,no_access_event,1,accesses=0
4,P2_unread_cc,MSG0002039,message_exists,1,
4,P2_unread_cc,MSG0002039,is_cc,1,
4,P2_unread_cc,MSG0002039,no_access_event,1,accesses=0
4,P2_unread_cc,MSG0002040,message_exists,1,
4,P2_unread_cc,MSG0002040,is_cc,1,
4,P2_unread_cc,MSG0002040,no_access_event,1,accesses=0
4,P3_extended_thread,THR0001954,thread_exists,1,
4,P3_extended_thread,THR0001954,three_or_more_patient_incoming,1,incoming=3
4,P3_extended_thread,THR0001954,four_or_more_message_exchanges,1,in+out=6
4,P3_extended_thread,THR0001954,spans_at_least_3_days,1,span_days=6.97
4,P3_extended_thread,THR0001954,no_visit_between,1,intervening_visits=0
4,P4_result_misrouted,MSG0002104,message_exists,1,
4,P4_result_misrouted,MSG0002104,is_result,1,
4,P4_result_misrouted,MSG0002104,recipient_not_ordering,1,
4,P4_result_misrouted,MSG0002104,recipient_not_covering,1,cover=None
4,P2_unread_cc,MSG0002128,message_exists,1,
4,P2_unread_cc,MSG0002128,is_cc,1,
4,P2_unread_cc,MSG0002128,no_access_event,1,accesses=0
4,P2_unread_cc,MSG0002131,message_exists,1,
4,P2_unread_cc,MSG0002131,is_cc,1,
4,P2_unread_cc,MSG0002131,no_access_event,1,accesses=0
4,P2_unread_cc,MSG0002135,message_exists,1,
4,P2_unread_cc,MSG0002135,is_cc,1,
4,P2_unread_cc,MSG0002135,no_access_event,1,accesses=0
4,P2_unread_cc,MSG0002141,message_exists,1,
4,P2_unread_cc,MSG0002141,is_cc,1,
4,P2_unread_cc,MSG0002141,no_access_event,1,accesses=0
4,P4_result_misrouted,MSG0002184,message_exists,1,
4,P4_result_misrouted,MSG0002184,is_result,1,
4,P4_result_misrouted,MSG0002184,recipient_not_ordering,1,
4,P4_result_misrouted,MSG0002184,recipient_not_covering,1,cover=None
4,P4_result_misrouted,MSG0002193,message_exists,1,
4,P4_result_misrouted,MSG0002193,is_result,1,
4,P4_result_misrouted,MSG0002193,recipient_not_ordering,1,
4,P4_result_misrouted,MSG0002193,recipient_not_covering,1,cover=None
4,P2_unread_cc,MSG0002213,message_exists,1,
4,P2_unread_cc,MSG0002213,is_cc,1,
4,P2_unread_cc,MSG0002213,no_access_event,1,accesses=0
4,P2_unread_cc,MSG0002224,message_exists,1,
4,P2_unread_cc,MSG0002224,is_cc,1,
4,P2_unread_cc,MSG0002224,no_access_event,1,accesses=0
4,P2_unread_cc,MSG0002225,message_exists,1,
4,P2_unread_cc,MSG0002225,is_cc,1,
4,P2_unread_cc,MSG0002225,no_access_event,1,accesses=0
4,P2_unread_cc,MSG0002310,message_exists,1,
4,P2_unread_cc,MSG0002310,is_cc,1,
4,P2_unread_cc,MSG0002310,no_access_event,1,accesses=0
4,P2_unread_cc,MSG0002312,message_exists,1,
4,P2_unread_cc,MSG0002312,is_cc,1,
4,P2_unread_cc,MSG0002312,no_access_event,1,accesses=0
4,P1_thank_you,MSG0002351,message_exists,1,
4,P1_thank_you,MSG0002351,patient_originated_portal_message,1,
4,P1_thank_you,MSG0002351,is_reply_to_prior_outbound,1,
4,P1_thank_you,MSG0002351,thread_ending,1,later_messages=0
4,P1_thank_you,MSG0002351,accessed_and_completed,1,
4,P2_unread_cc,MSG0002395,message_exists,1,
4,P2_unread_cc,MSG0002395,is_cc,1,
4,P2_unread_cc,MSG0002395,no_access_event,1,accesses=0
4,P2_unread_cc,MSG0002397,message_exists,1,
4,P2_unread_cc,MSG0002397,is_cc,1,
4,P2_unread_cc,MSG0002397,no_access_event,1,accesses=0
4,P2_unread_cc,MSG0002473,message_exists,1,
4,P2_unread_cc,MSG0002473,is_cc,1,
4,P2_unread_cc,MSG0002473,no_access_event,1,accesses=0
4,P2_unread_cc,MSG0002482,message_exists,1,
4,P2_unread_cc,MSG0002482,is_cc,1,
4,P2_unread_cc,MSG0002482,no_access_event,1,accesses=0
4,P2_unread_cc,MSG0002484,message_exists,1,
4,P2_unread_cc,MSG0002484,is_cc,1,
4,P2_unread_cc,MSG0002484,no_access_event,1,accesses=0
4,P2_unread_cc,MSG0002489,message_exists,1,
4,P2_unread_cc,MSG0002489,is_cc,1,
4,P2_unread_cc,MSG0002489,no_access_event,1,accesses=0
4,P2_unread_cc,MSG0002550,message_exists,1,
4,P2_unread_cc,MSG0002550,is_cc,1,
4,P2_unread_cc,MSG0002550,no_access_event,1,accesses=0
4,P2_unread_cc,MSG0002552,message_exists,1,
4,P2_unread_cc,MSG0002552,is_cc,1,
4,P2_unread_cc,MSG0002552,no_access_event,1,accesses=0
4,P2_unread_cc,MSG0002553,message_exists,1,
4,P2_unread_cc,MSG0002553,is_cc,1,
4,P2_unread_cc,MSG0002553,no_access_event,1,accesses=0
4,P2_unread_cc,MSG0002556,message_exists,1,
4,P2_unread_cc,MSG0002556,is_cc,1,
4,P2_unread_cc,MSG0002556,no_access_event,1,accesses=0
4,P2_unread_cc,MSG0002557,message_exists,1,
4,P2_unread_cc,MSG0002557,is_cc,1,
4,P2_unread_cc,MSG0002557,no_access_event,1,accesses=0
4,P8_nonclinical_misrouted,MSG0002611,message_exists,1,
4,P8_nonclinical_misrouted,MSG0002611,nonclinical_category,1,category=billing_question
4,P8_nonclinical_misrouted,MSG0002611,reaches_provider,1,provider_forwards=1
4,P7_pingpong,MSG0002647,message_exists,1,
4,P7_pingpong,MSG0002647,at_least_two_staff_to_provider_forwards,1,staff_to_provider=2
4,P7_pingpong,MSG0002647,at_least_two_provider_to_staff_forwards,1,provider_to_staff=2
4,P7_pingpong,MSG0002647,two_or_more_round_trips,1,roundtrips=2
4,P4_result_misrouted,MSG0002700,message_exists,1,
4,P4_result_misrouted,MSG0002700,is_result,1,
4,P4_result_misrouted,MSG0002700,recipient_not_ordering,1,
4,P4_result_misrouted,MSG0002700,recipient_not_covering,1,cover=None
4,P2_unread_cc,MSG0002732,message_exists,1,
4,P2_unread_cc,MSG0002732,is_cc,1,
4,P2_unread_cc,MSG0002732,no_access_event,1,accesses=0
4,P2_unread_cc,MSG0002737,message_exists,1,
4,P2_unread_cc,MSG0002737,is_cc,1,
4,P2_unread_cc,MSG0002737,no_access_event,1,accesses=0
4,P7_pingpong,MSG0002773,message_exists,1,
4,P7_pingpong,MSG0002773,at_least_two_staff_to_provider_forwards,1,staff_to_provider=2
4,P7_pingpong,MSG0002773,at_least_two_provider_to_staff_forwards,1,provider_to_staff=2
4,P7_pingpong,MSG0002773,two_or_more_round_trips,1,roundtrips=2
4,P3_extended_thread,THR0002607,thread_exists,1,
4,P3_extended_thread,THR0002607,three_or_more_patient_incoming,1,incoming=3
4,P3_extended_thread,THR0002607,four_or_more_message_exchanges,1,in+out=6
4,P3_extended_thread,THR0002607,spans_at_least_3_days,1,span_days=6.96
4,P3_extended_thread,THR0002607,no_visit_between,1,intervening_visits=0
4,P2_unread_cc,MSG0002830,message_exists,1,
4,P2_unread_cc,MSG0002830,is_cc,1,
4,P2_unread_cc,MSG0002830,no_access_event,1,accesses=0
4,P2_unread_cc,MSG0002841,message_exists,1,
4,P2_unread_cc,MSG0002841,is_cc,1,
4,P2_unread_cc,MSG0002841,no_access_event,1,accesses=0
4,P2_unread_cc,MSG0002912,message_exists,1,
4,P2_unread_cc,MSG0002912,is_cc,1,
4,P2_unread_cc,MSG0002912,no_access_event,1,accesses=0
4,P2_unread_cc,MSG0002914,message_exists,1,
4,P2_unread_cc,MSG0002914,is_cc,1,
4,P2_unread_cc,MSG0002914,no_access_event,1,accesses=0
4,P4_result_misrouted,MSG0002966,message_exists,1,
4,P4_result_misrouted,MSG0002966,is_result,1,
4,P4_result_misrouted,MSG0002966,recipient_not_ordering,1,
4,P4_result_misrouted,MSG0002966,recipient_not_covering,1,cover=None
4,P2_unread_cc,MSG0003076,message_exists,1,
4,P2_unread_cc,MSG0003076,is_cc,1,
4,P2_unread_cc,MSG0003076,no_access_event,1,accesses=0
4,P2_unread_cc,MSG0003078,message_exists,1,
4,P2_unread_cc,MSG0003078,is_cc,1,
4,P2_unread_cc,MSG0003078,no_access_event,1,accesses=0
4,P2_unread_cc,MSG0003080,message_exists,1,
4,P2_unread_cc,MSG0003080,is_cc,1,
4,P2_unread_cc,MSG0003080,no_access_event,1,accesses=0
4,P2_unread_cc,MSG0003084,message_exists,1,
4,P2_unread_cc,MSG0003084,is_cc,1,
4,P2_unread_cc,MSG0003084,no_access_event,1,accesses=0
4,P2_unread_cc,MSG0003089,message_exists,1,
4,P2_unread_cc,MSG0003089,is_cc,1,
4,P2_unread_cc,MSG0003089,no_access_event,1,accesses=0
4,P2_unread_cc,MSG0003163,message_exists,1,
4,P2_unread_cc,MSG0003163,is_cc,1,
4,P2_unread_cc,MSG0003163,no_access_event,1,accesses=0
4,P4_result_misrouted,MSG0003210,message_exists,1,
4,P4_result_misrouted,MSG0003210,is_result,1,
4,P4_result_misrouted,MSG0003210,recipient_not_ordering,1,
4,P4_result_misrouted,MSG0003210,recipient_not_covering,1,cover=None
4,P2_unread_cc,MSG0003245,message_exists,1,
4,P2_unread_cc,MSG0003245,is_cc,1,
4,P2_unread_cc,MSG0003245,no_access_event,1,accesses=0
4,P2_unread_cc,MSG0003246,message_exists,1,
4,P2_unread_cc,MSG0003246,is_cc,1,
4,P2_unread_cc,MSG0003246,no_access_event,1,accesses=0
4,P2_unread_cc,MSG0003247,message_exists,1,
4,P2_unread_cc,MSG0003247,is_cc,1,
4,P2_unread_cc,MSG0003247,no_access_event,1,accesses=0
4,P2_unread_cc,MSG0003332,message_exists,1,
4,P2_unread_cc,MSG0003332,is_cc,1,
4,P2_unread_cc,MSG0003332,no_access_event,1,accesses=0
4,P7_pingpong,MSG0003388,message_exists,1,
4,P7_pingpong,MSG0003388,at_least_two_staff_to_provider_forwards,1,staff_to_provider=2
4,P7_pingpong,MSG0003388,at_least_two_provider_to_staff_forwards,1,provider_to_staff=2
4,P7_pingpong,MSG0003388,two_or_more_round_trips,1,roundtrips=2
4,P7_pingpong,MSG0003452,message_exists,1,
4,P7_pingpong,MSG0003452,at_least_two_staff_to_provider_forwards,1,staff_to_provider=2
4,P7_pingpong,MSG0003452,at_least_two_provider_to_staff_forwards,1,provider_to_staff=2
4,P7_pingpong,MSG0003452,two_or_more_round_trips,1,roundtrips=2
4,P4_result_misrouted,MSG0003456,message_exists,1,
4,P4_result_misrouted,MSG0003456,is_result,1,
4,P4_result_misrouted,MSG0003456,recipient_not_ordering,1,
4,P4_result_misrouted,MSG0003456,recipient_not_covering,1,cover=None
4,P8_nonclinical_misrouted,MSG0003517,message_exists,1,
4,P8_nonclinical_misrouted,MSG0003517,nonclinical_category,1,category=billing_question
4,P8_nonclinical_misrouted,MSG0003517,reaches_provider,1,provider_forwards=1
4,P7_pingpong,MSG0003518,message_exists,1,
4,P7_pingpong,MSG0003518,at_least_two_staff_to_provider_forwards,1,staff_to_provider=2
4,P7_pingpong,MSG0003518,at_least_two_provider_to_staff_forwards,1,provider_to_staff=2
4,P7_pingpong,MSG0003518,two_or_more_round_trips,1,roundtrips=2
4,P2_unread_cc,MSG0003552,message_exists,1,
4,P2_unread_cc,MSG0003552,is_cc,1,
4,P2_unread_cc,MSG0003552,no_access_event,1,accesses=0
4,P2_unread_cc,MSG0003557,message_exists,1,
4,P2_unread_cc,MSG0003557,is_cc,1,
4,P2_unread_cc,MSG0003557,no_access_event,1,accesses=0
4,P2_unread_cc,MSG0003644,message_exists,1,
4,P2_unread_cc,MSG0003644,is_cc,1,
4,P2_unread_cc,MSG0003644,no_access_event,1,accesses=0
4,P2_unread_cc,MSG0003722,message_exists,1,
4,P2_unread_cc,MSG0003722,is_cc,1,
4,P2_unread_cc,MSG0003722,no_access_event,1,accesses=0
4,P2_unread_cc,MSG0003804,message_exists,1,
4,P2_unread_cc,MSG0003804,is_cc,1,
4,P2_unread_cc,MSG0003804,no_access_event,1,accesses=0
4,P2_unread_cc,MSG0003807,message_exists,1,
4,P2_unread_cc,MSG0003807,is_cc,1,
4,P2_unread_cc,MSG0003807,no_access_event,1,accesses=0
4,P2_unread_cc,MSG0003813,message_exists,1,
4,P2_unread_cc,MSG0003813,is_cc,1,
4,P2_unread_cc,MSG0003813,no_access_event,1,accesses=0
4,P3_extended_thread,THR0003641,thread_exists,1,
4,P3_extended_thread,THR0003641,three_or_more_patient_incoming,1,incoming=3
4,P3_extended_thread,THR0003641,four_or_more_message_exchanges,1,in+out=7
4,P3_extended_thread,THR0003641,spans_at_least_3_days,1,span_days=7.79
4,P3_extended_thread,THR0003641,no_visit_between,1,intervening_visits=0
4,P4_result_misrouted,MSG0003871,message_exists,1,
4,P4_result_misrouted,MSG0003871,is_result,1,
4,P4_result_misrouted,MSG0003871,recipient_not_ordering,1,
4,P4_result_misrouted,MSG0003871,recipient_not_covering,1,cover=None
4,P2_unread_cc,MSG0003892,message_exists,1,
4,P2_unread_cc,MSG0003892,is_cc,1,
4,P2_unread_cc,MSG0003892,no_access_event,1,accesses=0
4,P2_unread_cc,MSG0003895,message_exists,1,
4,P2_unread_cc,MSG0003895,is_cc,1,
4,P2_unread_cc,MSG0003895,no_access_event,1,accesses=0
4,P4_result_misrouted,MSG0003980,message_exists,1,
4,P4_result_misrouted,MSG0003980,is_result,1,
4,P4_result_misrouted,MSG0003980,recipient_not_ordering,1,
4,P4_result_misrouted,MSG0003980,recipient_not_covering,1,cover=None
4,P8_nonclinical_misrouted,MSG0004004,message_exists,1,
4,P8_nonclinical_misrouted,MSG0004004,nonclinical_category,1,category=billing_question
4,P8_nonclinical_misrouted,MSG0004004,reaches_provider,1,provider_forwards=1
4,P4_result_misrouted,MSG0004057,message_exists,1,
4,P4_result_misrouted,MSG0004057,is_result,1,
4,P4_result_misrouted,MSG0004057,recipient_not_ordering,1,
4,P4_result_misrouted,MSG0004057,recipient_not_covering,1,cover=None
4,P2_unread_cc,MSG0004096,message_exists,1,
4,P2_unread_cc,MSG0004096,is_cc,1,
4,P2_unread_cc,MSG0004096,no_access_event,1,accesses=0
4,P2_unread_cc,MSG0004160,message_exists,1,
4,P2_unread_cc,MSG0004160,is_cc,1,
4,P2_unread_cc,MSG0004160,no_access_event,1,accesses=0
4,P2_unread_cc,MSG0004234,message_exists,1,
4,P2_unread_cc,MSG0004234,is_cc,1,
4,P2_unread_cc,MSG0004234,no_access_event,1,accesses=0
4,P2_unread_cc,MSG0004236,message_exists,1,
4,P2_unread_cc,MSG0004236,is_cc,1,
4,P2_unread_cc,MSG0004236,no_access_event,1,accesses=0
4,P7_pingpong,MSG0004266,message_exists,1,
4,P7_pingpong,MSG0004266,at_least_two_staff_to_provider_forwards,1,staff_to_provider=2
4,P7_pingpong,MSG0004266,at_least_two_provider_to_staff_forwards,1,provider_to_staff=2
4,P7_pingpong,MSG0004266,two_or_more_round_trips,1,roundtrips=2
4,P7_pingpong,MSG0004273,message_exists,1,
4,P7_pingpong,MSG0004273,at_least_two_staff_to_provider_forwards,1,staff_to_provider=2
4,P7_pingpong,MSG0004273,at_least_two_provider_to_staff_forwards,1,provider_to_staff=2
4,P7_pingpong,MSG0004273,two_or_more_round_trips,1,roundtrips=2
4,P2_unread_cc,MSG0004301,message_exists,1,
4,P2_unread_cc,MSG0004301,is_cc,1,
4,P2_unread_cc,MSG0004301,no_access_event,1,accesses=0
4,P2_unread_cc,MSG0004310,message_exists,1,
4,P2_unread_cc,MSG0004310,is_cc,1,
4,P2_unread_cc,MSG0004310,no_access_event,1,accesses=0
4,P4_result_misrouted,MSG0004351,message_exists,1,
4,P4_result_misrouted,MSG0004351,is_result,1,
4,P4_result_misrouted,MSG0004351,recipient_not_ordering,1,
4,P4_result_misrouted,MSG0004351,recipient_not_covering,1,cover=None
4,P2_unread_cc,MSG0004361,message_exists,1,
4,P2_unread_cc,MSG0004361,is_cc,1,
4,P2_unread_cc,MSG0004361,no_access_event,1,accesses=0
4,P7_pingpong,MSG0004392,message_exists,1,
4,P7_pingpong,MSG0004392,at_least_two_staff_to_provider_forwards,1,staff_to_provider=2
4,P7_pingpong,MSG0004392,at_least_two_provider_to_staff_forwards,1,provider_to_staff=2
4,P7_pingpong,MSG0004392,two_or_more_round_trips,1,roundtrips=2
4,P4_result_misrouted,MSG0004421,message_exists,1,
4,P4_result_misrouted,MSG0004421,is_result,1,
4,P4_result_misrouted,MSG0004421,recipient_not_ordering,1,
4,P4_result_misrouted,MSG0004421,recipient_not_covering,1,cover=None
4,P2_unread_cc,MSG0004455,message_exists,1,
4,P2_unread_cc,MSG0004455,is_cc,1,
4,P2_unread_cc,MSG0004455,no_access_event,1,accesses=0
4,P2_unread_cc,MSG0004456,message_exists,1,
4,P2_unread_cc,MSG0004456,is_cc,1,
4,P2_unread_cc,MSG0004456,no_access_event,1,accesses=0
4,P2_unread_cc,MSG0004459,message_exists,1,
4,P2_unread_cc,MSG0004459,is_cc,1,
4,P2_unread_cc,MSG0004459,no_access_event,1,accesses=0
4,P2_unread_cc,MSG0004462,message_exists,1,
4,P2_unread_cc,MSG0004462,is_cc,1,
4,P2_unread_cc,MSG0004462,no_access_event,1,accesses=0
4,P2_unread_cc,MSG0004535,message_exists,1,
4,P2_unread_cc,MSG0004535,is_cc,1,
4,P2_unread_cc,MSG0004535,no_access_event,1,accesses=0
4,P2_unread_cc,MSG0004541,message_exists,1,
4,P2_unread_cc,MSG0004541,is_cc,1,
4,P2_unread_cc,MSG0004541,no_access_event,1,accesses=0
4,P2_unread_cc,MSG0004546,message_exists,1,
4,P2_unread_cc,MSG0004546,is_cc,1,
4,P2_unread_cc,MSG0004546,no_access_event,1,accesses=0
4,P4_result_misrouted,MSG0004593,message_exists,1,
4,P4_result_misrouted,MSG0004593,is_result,1,
4,P4_result_misrouted,MSG0004593,recipient_not_ordering,1,
4,P4_result_misrouted,MSG0004593,recipient_not_covering,1,cover=None
4,P2_unread_cc,MSG0004621,message_exists,1,
4,P2_unread_cc,MSG0004621,is_cc,1,
4,P2_unread_cc,MSG0004621,no_access_event,1,accesses=0
4,P2_unread_cc,MSG0004622,message_exists,1,
4,P2_unread_cc,MSG0004622,is_cc,1,
4,P2_unread_cc,MSG0004622,no_access_event,1,accesses=0
4,P8_nonclinical_misrouted,MSG0004661,message_exists,1,
4,P8_nonclinical_misrouted,MSG0004661,nonclinical_category,1,category=appointment_request
4,P8_nonclinical_misrouted,MSG0004661,reaches_provider,1,provider_forwards=1
4,P7_pingpong,MSG0004663,message_exists,1,
4,P7_pingpong,MSG0004663,at_least_two_staff_to_provider_forwards,1,staff_to_provider=2
4,P7_pingpong,MSG0004663,at_least_two_provider_to_staff_forwards,1,provider_to_staff=2
4,P7_pingpong,MSG0004663,two_or_more_round_trips,1,roundtrips=2
4,P2_unread_cc,MSG0004699,message_exists,1,
4,P2_unread_cc,MSG0004699,is_cc,1,
4,P2_unread_cc,MSG0004699,no_access_event,1,accesses=0
4,P2_unread_cc,MSG0004701,message_exists,1,
4,P2_unread_cc,MSG0004701,is_cc,1,
4,P2_unread_cc,MSG0004701,no_access_event,1,accesses=0
4,P2_unread_cc,MSG0004702,message_exists,1,
4,P2_unread_cc,MSG0004702,is_cc,1,
4,P2_unread_cc,MSG0004702,no_access_event,1,accesses=0
4,P2_unread_cc,MSG0004704,message_exists,1,
4,P2_unread_cc,MSG0004704,is_cc,1,
4,P2_unread_cc,MSG0004704,no_access_event,1,accesses=0
4,P2_unread_cc,MSG0004705,message_exists,1,
4,P2_unread_cc,MSG0004705,is_cc,1,
4,P2_unread_cc,MSG0004705,no_access_event,1,accesses=0
4,P4_result_misrouted,MSG0004757,message_exists,1,
4,P4_result_misrouted,MSG0004757,is_result,1,
4,P4_result_misrouted,MSG0004757,recipient_not_ordering,1,
4,P4_result_misrouted,MSG0004757,recipient_not_covering,1,cover=None
4,P2_unread_cc,MSG0004781,message_exists,1,
4,P2_unread_cc,MSG0004781,is_cc,1,
4,P2_unread_cc,MSG0004781,no_access_event,1,accesses=0
4,P2_unread_cc,MSG0004784,message_exists,1,
4,P2_unread_cc,MSG0004784,is_cc,1,
4,P2_unread_cc,MSG0004784,no_access_event,1,accesses=0
4,P2_unread_cc,MSG0004790,message_exists,1,
4,P2_unread_cc,MSG0004790,is_cc,1,
4,P2_unread_cc,MSG0004790,no_access_event,1,accesses=0
4,P8_nonclinical_misrouted,MSG0004817,message_exists,1,
4,P8_nonclinical_misrouted,MSG0004817,nonclinical_category,1,category=cancellation
4,P8_nonclinical_misrouted,MSG0004817,reaches_provider,1,provider_forwards=1
4,P2_unread_cc,MSG0004872,message_exists,1,
4,P2_unread_cc,MSG0004872,is_cc,1,
4,P2_unread_cc,MSG0004872,no_access_event,1,accesses=0
4,P2_unread_cc,MSG0004873,message_exists,1,
4,P2_unread_cc,MSG0004873,is_cc,1,
4,P2_unread_cc,MSG0004873,no_access_event,1,accesses=0
4,P2_unread_cc,MSG0004876,message_exists,1,
4,P2_unread_cc,MSG0004876,is_cc,1,
4,P2_unread_cc,MSG0004876,no_access_event,1,accesses=0
4,P3_extended_thread,THR0004637,thread_exists,1,
4,P3_extended_thread,THR0004637,three_or_more_patient_incoming,1,incoming=3
4,P3_extended_thread,THR0004637,four_or_more_message_exchanges,1,in+out=6
4,P3_extended_thread,THR0004637,spans_at_least_3_days,1,span_days=5.86
4,P3_extended_thread,THR0004637,no_visit_between,1,intervening_visits=0
4,P2_unread_cc,MSG0004946,message_exists,1,
4,P2_unread_cc,MSG0004946,is_cc,1,
4,P2_unread_cc,MSG0004946,no_access_event,1,accesses=0
4,P2_unread_cc,MSG0004949,message_exists,1,
4,P2_unread_cc,MSG0004949,is_cc,1,
4,P2_unread_cc,MSG0004949,no_access_event,1,accesses=0
4,P2_unread_cc,MSG0004950,message_exists,1,
4,P2_unread_cc,MSG0004950,is_cc,1,
4,P2_unread_cc,MSG0004950,no_access_event,1,accesses=0
4,P2_unread_cc,MSG0005011,message_exists,1,
4,P2_unread_cc,MSG0005011,is_cc,1,
4,P2_unread_cc,MSG0005011,no_access_event,1,accesses=0
4,P2_unread_cc,MSG0005012,message_exists,1,
4,P2_unread_cc,MSG0005012,is_cc,1,
4,P2_unread_cc,MSG0005012,no_access_event,1,accesses=0
4,P2_unread_cc,MSG0005014,message_exists,1,
4,P2_unread_cc,MSG0005014,is_cc,1,
4,P2_unread_cc,MSG0005014,no_access_event,1,accesses=0
4,P2_unread_cc,MSG0005016,message_exists,1,
4,P2_unread_cc,MSG0005016,is_cc,1,
4,P2_unread_cc,MSG0005016,no_access_event,1,accesses=0
4,P2_unread_cc,MSG0005019,message_exists,1,
4,P2_unread_cc,MSG0005019,is_cc,1,
4,P2_unread_cc,MSG0005019,no_access_event,1,accesses=0
4,P2_unread_cc,MSG0005021,message_exists,1,
4,P2_unread_cc,MSG0005021,is_cc,1,
4,P2_unread_cc,MSG0005021,no_access_event,1,accesses=0
4,P2_unread_cc,MSG0005022,message_exists,1,
4,P2_unread_cc,MSG0005022,is_cc,1,
4,P2_unread_cc,MSG0005022,no_access_event,1,accesses=0
4,P2_unread_cc,MSG0005107,message_exists,1,
4,P2_unread_cc,MSG0005107,is_cc,1,
4,P2_unread_cc,MSG0005107,no_access_event,1,accesses=0
4,P2_unread_cc,MSG0005108,message_exists,1,
4,P2_unread_cc,MSG0005108,is_cc,1,
4,P2_unread_cc,MSG0005108,no_access_event,1,accesses=0
4,P2_unread_cc,MSG0005109,message_exists,1,
4,P2_unread_cc,MSG0005109,is_cc,1,
4,P2_unread_cc,MSG0005109,no_access_event,1,accesses=0
4,P2_unread_cc,MSG0005110,message_exists,1,
4,P2_unread_cc,MSG0005110,is_cc,1,
4,P2_unread_cc,MSG0005110,no_access_event,1,accesses=0
4,P2_unread_cc,MSG0005111,message_exists,1,
4,P2_unread_cc,MSG0005111,is_cc,1,
4,P2_unread_cc,MSG0005111,no_access_event,1,accesses=0
4,P2_unread_cc,MSG0005113,message_exists,1,
4,P2_unread_cc,MSG0005113,is_cc,1,
4,P2_unread_cc,MSG0005113,no_access_event,1,accesses=0
4,P7_pingpong,MSG0005148,message_exists,1,
4,P7_pingpong,MSG0005148,at_least_two_staff_to_provider_forwards,1,staff_to_provider=2
4,P7_pingpong,MSG0005148,at_least_two_provider_to_staff_forwards,1,provider_to_staff=2
4,P7_pingpong,MSG0005148,two_or_more_round_trips,1,roundtrips=2
4,P7_pingpong,MSG0005159,message_exists,1,
4,P7_pingpong,MSG0005159,at_least_two_staff_to_provider_forwards,1,staff_to_provider=2
4,P7_pingpong,MSG0005159,at_least_two_provider_to_staff_forwards,1,provider_to_staff=2
4,P7_pingpong,MSG0005159,two_or_more_round_trips,1,roundtrips=2
4,P2_unread_cc,MSG0005206,message_exists,1,
4,P2_unread_cc,MSG0005206,is_cc,1,
4,P2_unread_cc,MSG0005206,no_access_event,1,accesses=0
4,P2_unread_cc,MSG0005207,message_exists,1,
4,P2_unread_cc,MSG0005207,is_cc,1,
4,P2_unread_cc,MSG0005207,no_access_event,1,accesses=0
5,P2_unread_cc,MSG0000055,message_exists,1,
5,P2_unread_cc,MSG0000055,is_cc,1,
5,P2_unread_cc,MSG0000055,no_access_event,1,accesses=0
5,P2_unread_cc,MSG0000059,message_exists,1,
5,P2_unread_cc,MSG0000059,is_cc,1,
5,P2_unread_cc,MSG0000059,no_access_event,1,accesses=0
5,P2_unread_cc,MSG0000062,message_exists,1,
5,P2_unread_cc,MSG0000062,is_cc,1,
5,P2_unread_cc,MSG0000062,no_access_event,1,accesses=0
5,P4_result_misrouted,MSG0000103,message_exists,1,
5,P4_result_misrouted,MSG0000103,is_result,1,
5,P4_result_misrouted,MSG0000103,recipient_not_ordering,1,
5,P4_result_misrouted,MSG0000103,recipient_not_covering,1,cover=None
5,P2_unread_cc,MSG0000126,message_exists,1,
5,P2_unread_cc,MSG0000126,is_cc,1,
5,P2_unread_cc,MSG0000126,no_access_event,1,accesses=0
5,P2_unread_cc,MSG0000131,message_exists,1,
5,P2_unread_cc,MSG0000131,is_cc,1,
5,P2_unread_cc,MSG0000131,no_access_event,1,accesses=0
5,P2_unread_cc,MSG0000132,message_exists,1,
5,P2_unread_cc,MSG0000132,is_cc,1,
5,P2_unread_cc,MSG0000132,no_access_event,1,accesses=0
5,P4_result_misrouted,MSG0000196,message_exists,1,
5,P4_result_misrouted,MSG0000196,is_result,1,
5,P4_result_misrouted,MSG0000196,recipient_not_ordering,1,
5,P4_result_misrouted,MSG0000196,recipient_not_covering,1,cover=None
5,P2_unread_cc,MSG0000232,message_exists,1,
5,P2_unread_cc,MSG0000232,is_cc,1,
5,P2_unread_cc,MSG0000232,no_access_event,1,accesses=0
5,P1_thank_you,MSG0000264,message_exists,1,
5,P1_thank_you,MSG0000264,patient_originated_portal_message,1,
5,P1_thank_you,MSG0000264,is_reply_to_prior_outbound,1,
5,P1_thank_you,MSG0000264,thread_ending,1,later_messages=0
5,P1_thank_you,MSG0000264,accessed_and_completed,1,
5,P2_unread_cc,MSG0000292,message_exists,1,
5,P2_unread_cc,MSG0000292,is_cc,1,
5,P2_unread_cc,MSG0000292,no_access_event,1,accesses=0
5,P2_unread_cc,MSG0000293,message_exists,1,
5,P2_unread_cc,MSG0000293,is_cc,1,
5,P2_unread_cc,MSG0000293,no_access_event,1,accesses=0
5,P2_unread_cc,MSG0000295,message_exists,1,
5,P2_unread_cc,MSG0000295,is_cc,1,
5,P2_unread_cc,MSG0000295,no_access_event,1,accesses=0
5,P2_unread_cc,MSG0000297,message_exists,1,
5,P2_unread_cc,MSG0000297,is_cc,1,
5,P2_unread_cc,MSG0000297,no_access_event,1,accesses=0
5,P2_unread_cc,MSG0000300,message_exists,1,
5,P2_unread_cc,MSG0000300,is_cc,1,
5,P2_unread_cc,MSG0000300,no_access_event,1,accesses=0
5,P2_unread_cc,MSG0000380,message_exists,1,
5,P2_unread_cc,MSG0000380,is_cc,1,
5,P2_unread_cc,MSG0000380,no_access_event,1,accesses=0
5,P2_unread_cc,MSG0000384,message_exists,1,
5,P2_unread_cc,MSG0000384,is_cc,1,
5,P2_unread_cc,MSG0000384,no_access_event,1,accesses=0
5,P2_unread_cc,MSG0000387,message_exists,1,
5,P2_unread_cc,MSG0000387,is_cc,1,
5,P2_unread_cc,MSG0000387,no_access_event,1,accesses=0
5,P2_unread_cc,MSG0000459,message_exists,1,
5,P2_unread_cc,MSG0000459,is_cc,1,
5,P2_unread_cc,MSG0000459,no_access_event,1,accesses=0
5,P2_unread_cc,MSG0000464,message_exists,1,
5,P2_unread_cc,MSG0000464,is_cc,1,
5,P2_unread_cc,MSG0000464,no_access_event,1,accesses=0
5,P2_unread_cc,MSG0000466,message_exists,1,
5,P2_unread_cc,MSG0000466,is_cc,1,
5,P2_unread_cc,MSG0000466,no_access_event,1,accesses=0
5,P7_pingpong,MSG0000493,message_exists,1,
5,P7_pingpong,MSG0000493,at_least_two_staff_to_provider_forwards,1,staff_to_provider=2
5,P7_pingpong,MSG0000493,at_least_two_provider_to_staff_forwards,1,provider_to_staff=2
5,P7_pingpong,MSG0000493,two_or_more_round_trips,1,roundtrips=2
5,P4_result_misrouted,MSG0000507,message_exists,1,
5,P4_result_misrouted,MSG0000507,is_result,1,
5,P4_result_misrouted,MSG0000507,recipient_not_ordering,1,
5,P4_result_misrouted,MSG0000507,recipient_not_covering,1,cover=None
5,P2_unread_cc,MSG0000537,message_exists,1,
5,P2_unread_cc,MSG0000537,is_cc,1,
5,P2_unread_cc,MSG0000537,no_access_event,1,accesses=0
5,P2_unread_cc,MSG0000539,message_exists,1,
5,P2_unread_cc,MSG0000539,is_cc,1,
5,P2_unread_cc,MSG0000539,no_access_event,1,accesses=0
5,P2_unread_cc,MSG0000542,message_exists,1,
5,P2_unread_cc,MSG0000542,is_cc,1,
5,P2_unread_cc,MSG0000542,no_access_event,1,accesses=0
5,P2_unread_cc,MSG0000543,message_exists,1,
5,P2_unread_cc,MSG0000543,is_cc,1,
5,P2_unread_cc,MSG0000543,no_access_event,1,accesses=0
5,P2_unread_cc,MSG0000544,message_exists,1,
5,P2_unread_cc,MSG0000544,is_cc,1,
5,P2_unread_cc,MSG0000544,no_access_event,1,accesses=0
5,P2_unread_cc,MSG0000630,message_exists,1,
5,P2_unread_cc,MSG0000630,is_cc,1,
5,P2_unread_cc,MSG0000630,no_access_event,1,accesses=0
5,P2_unread_cc,MSG0000634,message_exists,1,
5,P2_unread_cc,MSG0000634,is_cc,1,
5,P2_unread_cc,MSG0000634,no_access_event,1,accesses=0
5,P4_result_misrouted,MSG0000686,message_exists,1,
5,P4_result_misrouted,MSG0000686,is_result,1,
5,P4_result_misrouted,MSG0000686,recipient_not_ordering,1,
5,P4_result_misrouted,MSG0000686,recipient_not_covering,1,cover=None
5,P2_unread_cc,MSG0000709,message_exists,1,
5,P2_unread_cc,MSG0000709,is_cc,1,
5,P2_unread_cc,MSG0000709,no_access_event,1,accesses=0
5,P1_thank_you,MSG0000748,message_exists,1,
5,P1_thank_you,MSG0000748,patient_originated_portal_message,1,
5,P1_thank_you,MSG0000748,is_reply_to_prior_outbound,1,
5,P1_thank_you,MSG0000748,thread_ending,1,later_messages=0
5,P1_thank_you,MSG0000748,accessed_and_completed,1,
5,P2_unread_cc,MSG0000794,message_exists,1,
5,P2_unread_cc,MSG0000794,is_cc,1,
5,P2_unread_cc,MSG0000794,no_access_event,1,accesses=0
5,P2_unread_cc,MSG0000797,message_exists,1,
5,P2_unread_cc,MSG0000797,is_cc,1,
5,P2_unread_cc,MSG0000797,no_access_event,1,accesses=0
5,P2_unread_cc,MSG0000879,message_exists,1,
5,P2_unread_cc,MSG0000879,is_cc,1,
5,P2_unread_cc,MSG0000879,no_access_event,1,accesses=0
5,P2_unread_cc,MSG0000881,message_exists,1,
5,P2_unread_cc,MSG0000881,is_cc,1,
5,P2_unread_cc,MSG0000881,no_access_event,1,accesses=0
5,P2_unread_cc,MSG0000886,message_exists,1,
5,P2_unread_cc,MSG0000886,is_cc,1,
5,P2_unread_cc,MSG0000886,no_access_event,1,accesses=0
5,P2_unread_cc,MSG0000956,message_exists,1,
5,P2_unread_cc,MSG0000956,is_cc,1,
5,P2_unread_cc,MSG0000956,no_access_event,1,accesses=0
5,P2_unread_cc,MSG0001043,message_exists,1,
5,P2_unread_cc,MSG0001043,is_cc,1,
5,P2_unread_cc,MSG0001043,no_access_event,1,accesses=0
5,P2_unread_cc,MSG0001106,message_exists,1,
5,P2_unread_cc,MSG0001106,is_cc,1,
5,P2_unread_cc,MSG0001106,no_access_event,1,accesses=0
5,P2_unread_cc,MSG0001107,message_exists,1,
5,P2_unread_cc,MSG0001107,is_cc,1,
5,P2_unread_cc,MSG0001107,no_access_event,1,accesses=0
5,P2_unread_cc,MSG0001108,message_exists,1,
5,P2_unread_cc,MSG0001108,is_cc,1,
5,P2_unread_cc,MSG0001108,no_access_event,1,accesses=0
5,P2_unread_cc,MSG0001109,message_exists,1,
5,P2_unread_cc,MSG0001109,is_cc,1,
5,P2_unread_cc,MSG0001109,no_access_event,1,accesses=0
5,P2_unread_cc,MSG0001116,message_exists,1,
5,P2_unread_cc,MSG0001116,is_cc,1,
5,P2_unread_cc,MSG0001116,no_access_event,1,accesses=0
5,P2_unread_cc,MSG0001118,message_exists,1,
5,P2_unread_cc,MSG0001118,is_cc,1,
5,P2_unread_cc,MSG0001118,no_access_event,1,accesses=0
5,P4_result_misrouted,MSG0001168,message_exists,1,
5,P4_result_misrouted,MSG0001168,is_result,1,
5,P4_result_misrouted,MSG0001168,recipient_not_ordering,1,
5,P4_result_misrouted,MSG0001168,recipient_not_covering,1,cover=None
5,P4_result_misrouted,MSG0001250,message_exists,1,
5,P4_result_misrouted,MSG0001250,is_result,1,
5,P4_result_misrouted,MSG0001250,recipient_not_ordering,1,
5,P4_result_misrouted,MSG0001250,recipient_not_covering,1,cover=None
5,P8_nonclinical_misrouted,MSG0001342,message_exists,1,
5,P8_nonclinical_misrouted,MSG0001342,nonclinical_category,1,category=billing_question
5,P8_nonclinical_misrouted,MSG0001342,reaches_provider,1,provider_forwards=1
5,P2_unread_cc,MSG0001370,message_exists,1,
5,P2_unread_cc,MSG0001370,is_cc,1,
5,P2_unread_cc,MSG0001370,no_access_event,1,accesses=0
5,P4_result_misrouted,MSG0001412,message_exists,1,
5,P4_result_misrouted,MSG0001412,is_result,1,
5,P4_result_misrouted,MSG0001412,recipient_not_ordering,1,
5,P4_result_misrouted,MSG0001412,recipient_not_covering,1,cover=None
5,P2_unread_cc,MSG0001445,message_exists,1,
5,P2_unread_cc,MSG0001445,is_cc,1,
5,P2_unread_cc,MSG0001445,no_access_event,1,accesses=0
5,P2_unread_cc,MSG0001537,message_exists,1,
5,P2_unread_cc,MSG0001537,is_cc,1,
5,P2_unread_cc,MSG0001537,no_access_event,1,accesses=0
5,P2_unread_cc,MSG0001538,message_exists,1,
5,P2_unread_cc,MSG0001538,is_cc,1,
5,P2_unread_cc,MSG0001538,no_access_event,1,accesses=0
5,P7_pingpong,MSG0001581,message_exists,1,
5,P7_pingpong,MSG0001581,at_least_two_staff_to_provider_forwards,1,staff_to_provider=2
5,P7_pingpong,MSG0001581,at_least_two_provider_to_staff_forwards,1,provider_to_staff=2
5,P7_pingpong,MSG0001581,two_or_more_round_trips,1,roundtrips=2
5,P1_thank_you,MSG0001647,message_exists,1,
5,P1_thank_you,MSG0001647,patient_originated_portal_message,1,
5,P1_thank_you,MSG0001647,is_reply_to_prior_outbound,1,
5,P1_thank_you,MSG0001647,thread_ending,1,later_messages=0
5,P1_thank_you,MSG0001647,accessed_and_completed,1,
5,P1_thank_you,MSG0001650,message_exists,1,
5,P1_thank_you,MSG0001650,patient_originated_portal_message,1,
5,P1_thank_you,MSG0001650,is_reply_to_prior_outbound,1,
5,P1_thank_you,MSG0001650,thread_ending,1,later_messages=0
5,P1_thank_you,MSG0001650,accessed_and_completed,1,
5,P7_pingpong,MSG0001666,message_exists,1,
5,P7_pingpong,MSG0001666,at_least_two_staff_to_provider_forwards,1,staff_to_provider=2
5,P7_pingpong,MSG0001666,at_least_two_provider_to_staff_forwards,1,provider_to_staff=2
5,P7_pingpong,MSG0001666,two_or_more_round_trips,1,roundtrips=2
5,P2_unread_cc,MSG0001698,message_exists,1,
5,P2_unread_cc,MSG0001698,is_cc,1,
5,P2_unread_cc,MSG0001698,no_access_event,1,accesses=0
5,P2_unread_cc,MSG0001702,message_exists,1,
5,P2_unread_cc,MSG0001702,is_cc,1,
5,P2_unread_cc,MSG0001702,no_access_event,1,accesses=0
5,P2_unread_cc,MSG0001703,message_exists,1,
5,P2_unread_cc,MSG0001703,is_cc,1,
5,P2_unread_cc,MSG0001703,no_access_event,1,accesses=0
5,P2_unread_cc,MSG0001705,message_exists,1,
5,P2_unread_cc,MSG0001705,is_cc,1,
5,P2_unread_cc,MSG0001705,no_access_event,1,accesses=0
5,P2_unread_cc,MSG0001707,message_exists,1,
5,P2_unread_cc,MSG0001707,is_cc,1,
5,P2_unread_cc,MSG0001707,no_access_event,1,accesses=0
5,P2_unread_cc,MSG0001708,message_exists,1,
5,P2_unread_cc,MSG0001708,is_cc,1,
5,P2_unread_cc,MSG0001708,no_access_event,1,accesses=0
5,P2_unread_cc,MSG0001709,message_exists,1,
5,P2_unread_cc,MSG0001709,is_cc,1,
5,P2_unread_cc,MSG0001709,no_access_event,1,accesses=0
5,P2_unread_cc,MSG0001790,message_exists,1,
5,P2_unread_cc,MSG0001790,is_cc,1,
5,P2_unread_cc,MSG0001790,no_access_event,1,accesses=0
5,P2_unread_cc,MSG0001792,message_exists,1,
5,P2_unread_cc,MSG0001792,is_cc,1,
5,P2_unread_cc,MSG0001792,no_access_event,1,accesses=0
5,P2_unread_cc,MSG0001796,message_exists,1,
5,P2_unread_cc,MSG0001796,is_cc,1,
5,P2_unread_cc,MSG0001796,no_access_event,1,accesses=0
5,P2_unread_cc,MSG0001797,message_exists,1,
5,P2_unread_cc,MSG0001797,is_cc,1,
5,P2_unread_cc,MSG0001797,no_access_event,1,accesses=0
5,P1_thank_you,MSG0001826,message_exists,1,
5,P1_thank_you,MSG0001826,patient_originated_portal_message,1,
5,P1_thank_you,MSG0001826,is_reply_to_prior_outbound,1,
5,P1_thank_you,MSG0001826,thread_ending,1,later_messages=0
5,P1_thank_you,MSG0001826,accessed_and_completed,1,
5,P2_unread_cc,MSG0001866,message_exists,1,
5,P2_unread_cc,MSG0001866,is_cc,1,
5,P2_unread_cc,MSG0001866,no_access_event,1,accesses=0
5,P2_unread_cc,MSG0001874,message_exists,1,
5,P2_unread_cc,MSG0001874,is_cc,1,
5,P2_unread_cc,MSG0001874,no_access_event,1,accesses=0
5,P2_unread_cc,MSG0001877,message_exists,1,
5,P2_unread_cc,MSG0001877,is_cc,1,
5,P2_unread_cc,MSG0001877,no_access_event,1,accesses=0
5,P2_unread_cc,MSG0001878,message_exists,1,
5,P2_unread_cc,MSG0001878,is_cc,1,
5,P2_unread_cc,MSG0001878,no_access_event,1,accesses=0
5,P1_thank_you,MSG0001910,message_exists,1,
5,P1_thank_you,MSG0001910,patient_originated_portal_message,1,
5,P1_thank_you,MSG0001910,is_reply_to_prior_outbound,1,
5,P1_thank_you,MSG0001910,thread_ending,1,later_messages=0
5,P1_thank_you,MSG0001910,accessed_and_completed,1,
5,P1_thank_you,MSG0001985,message_exists,1,
5,P1_thank_you,MSG0001985,patient_originated_portal_message,1,
5,P1_thank_you,MSG0001985,is_reply_to_prior_outbound,1,
5,P1_thank_you,MSG0001985,thread_ending,1,later_messages=0
5,P1_thank_you,MSG0001985,accessed_and_completed,1,
5,P1_thank_you,MSG0001988,message_exists,1,
5,P1_thank_you,MSG0001988,patient_originated_portal_message,1,
5,P1_thank_you,MSG0001988,is_reply_to_prior_outbound,1,
5,P1_thank_you,MSG0001988,thread_ending,1,later_messages=0
5,P1_thank_you,MSG0001988,accessed_and_completed,1,
5,P1_thank_you,MSG0001995,message_exists,1,
5,P1_thank_you,MSG0001995,patient_originated_portal_message,1,
5,P1_thank_you,MSG0001995,is_reply_to_prior_outbound,1,
5,P1_thank_you,MSG0001995,thread_ending,1,later_messages=0
5,P1_thank_you,MSG0001995,accessed_and_completed,1,
5,P4_result_misrouted,MSG0002012,message_exists,1,
5,P4_result_misrouted,MSG0002012,is_result,1,
5,P4_result_misrouted,MSG0002012,recipient_not_ordering,1,
5,P4_result_misrouted,MSG0002012,recipient_not_covering,1,cover=None
5,P4_result_misrouted,MSG0002014,message_exists,1,
5,P4_result_misrouted,MSG0002014,is_result,1,
5,P4_result_misrouted,MSG0002014,recipient_not_ordering,1,
5,P4_result_misrouted,MSG0002014,recipient_not_covering,1,cover=None
5,P2_unread_cc,MSG0002037,message_exists,1,
5,P2_unread_cc,MSG0002037,is_cc,1,
5,P2_unread_cc,MSG0002037,no_access_event,1,accesses=0
5,P2_unread_cc,MSG0002109,message_exists,1,
5,P2_unread_cc,MSG0002109,is_cc,1,
5,P2_unread_cc,MSG0002109,no_access_event,1,accesses=0
5,P4_result_misrouted,MSG0002151,message_exists,1,
5,P4_result_misrouted,MSG0002151,is_result,1,
5,P4_result_misrouted,MSG0002151,recipient_not_ordering,1,
5,P4_result_misrouted,MSG0002151,recipient_not_covering,1,cover=None
5,P2_unread_cc,MSG0002198,message_exists,1,
5,P2_unread_cc,MSG0002198,is_cc,1,
5,P2_unread_cc,MSG0002198,no_access_event,1,accesses=0
5,P2_unread_cc,MSG0002202,message_exists,1,
5,P2_unread_cc,MSG0002202,is_cc,1,
5,P2_unread_cc,MSG0002202,no_access_event,1,accesses=0
5,P3_extended_thread,THR0002121,thread_exists,1,
5,P3_extended_thread,THR0002121,three_or_more_patient_incoming,1,incoming=3
5,P3_extended_thread,THR0002121,four_or_more_message_exchanges,1,in+out=6
5,P3_extended_thread,THR0002121,spans_at_least_3_days,1,span_days=10.85
5,P3_extended_thread,THR0002121,no_visit_between,1,intervening_visits=0
5,P4_result_misrouted,MSG0002261,message_exists,1,
5,P4_result_misrouted,MSG0002261,is_result,1,
5,P4_result_misrouted,MSG0002261,recipient_not_ordering,1,
5,P4_result_misrouted,MSG0002261,recipient_not_covering,1,cover=None
5,P2_unread_cc,MSG0002281,message_exists,1,
5,P2_unread_cc,MSG0002281,is_cc,1,
5,P2_unread_cc,MSG0002281,no_access_event,1,accesses=0
5,P2_unread_cc,MSG0002288,message_exists,1,
5,P2_unread_cc,MSG0002288,is_cc,1,
5,P2_unread_cc,MSG0002288,no_access_event,1,accesses=0
5,P2_unread_cc,MSG0002291,message_exists,1,
5,P2_unread_cc,MSG0002291,is_cc,1,
5,P2_unread_cc,MSG0002291,no_access_event,1,accesses=0
5,P4_result_misrouted,MSG0002335,message_exists,1,
5,P4_result_misrouted,MSG0002335,is_result,1,
5,P4_result_misrouted,MSG0002335,recipient_not_ordering,1,
5,P4_result_misrouted,MSG0002335,recipient_not_covering,1,cover=None
5,P4_result_misrouted,MSG0002346,message_exists,1,
5,P4_result_misrouted,MSG0002346,is_result,1,
5,P4_result_misrouted,MSG0002346,recipient_not_ordering,1,
5,P4_result_misrouted,MSG0002346,recipient_not_covering,1,cover=None
5,P7_pingpong,MSG0002408,message_exists,1,
5,P7_pingpong,MSG0002408,at_least_two_staff_to_provider_forwards,1,staff_to_provider=2
5,P7_pingpong,MSG0002408,at_least_two_provider_to_staff_forwards,1,provider_to_staff=2
5,P7_pingpong,MSG0002408,two_or_more_round_trips,1,roundtrips=2
5,P4_result_misrouted,MSG0002424,message_exists,1,
5,P4_result_misrouted,MSG0002424,is_result,1,
5,P4_result_misrouted,MSG0002424,recipient_not_ordering,1,
5,P4_result_misrouted,MSG0002424,recipient_not_covering,1,cover=None
5,P2_unread_cc,MSG0002442,message_exists,1,
5,P2_unread_cc,MSG0002442,is_cc,1,
5,P2_unread_cc,MSG0002442,no_access_event,1,accesses=0
5,P2_unread_cc,MSG0002449,message_exists,1,
5,P2_unread_cc,MSG0002449,is_cc,1,
5,P2_unread_cc,MSG0002449,no_access_event,1,accesses=0
5,P2_unread_cc,MSG0002450,message_exists,1,
5,P2_unread_cc,MSG0002450,is_cc,1,
5,P2_unread_cc,MSG0002450,no_access_event,1,accesses=0
5,P2_unread_cc,MSG0002453,message_exists,1,
5,P2_unread_cc,MSG0002453,is_cc,1,
5,P2_unread_cc,MSG0002453,no_access_event,1,accesses=0
5,P2_unread_cc,MSG0002454,message_exists,1,
5,P2_unread_cc,MSG0002454,is_cc,1,
5,P2_unread_cc,MSG0002454,no_access_event,1,accesses=0
5,P2_unread_cc,MSG0002455,message_exists,1,
5,P2_unread_cc,MSG0002455,is_cc,1,
5,P2_unread_cc,MSG0002455,no_access_event,1,accesses=0
5,P7_pingpong,MSG0002489,message_exists,1,
5,P7_pingpong,MSG0002489,at_least_two_staff_to_provider_forwards,1,staff_to_provider=2
5,P7_pingpong,MSG0002489,at_least_two_provider_to_staff_forwards,1,provider_to_staff=2
5,P7_pingpong,MSG0002489,two_or_more_round_trips,1,roundtrips=2
5,P3_extended_thread,THR0002359,thread_exists,1,
5,P3_extended_thread,THR0002359,three_or_more_patient_incoming,1,incoming=3
5,P3_extended_thread,THR0002359,four_or_more_message_exchanges,1,in+out=6
5,P3_extended_thread,THR0002359,spans_at_least_3_days,1,span_days=6.04
5,P3_extended_thread,THR0002359,no_visit_between,1,intervening_visits=0
5,P4_result_misrouted,MSG0002509,message_exists,1,
5,P4_result_misrouted,MSG0002509,is_result,1,
5,P4_result_misrouted,MSG0002509,recipient_not_ordering,1,
5,P4_result_misrouted,MSG0002509,recipient_not_covering,1,cover=None
5,P4_result_misrouted,MSG0002517,message_exists,1,
5,P4_result_misrouted,MSG0002517,is_result,1,
5,P4_result_misrouted,MSG0002517,recipient_not_ordering,1,
5,P4_result_misrouted,MSG0002517,recipient_not_covering,1,cover=None
5,P2_unread_cc,MSG0002532,message_exists,1,
5,P2_unread_cc,MSG0002532,is_cc,1,
5,P2_unread_cc,MSG0002532,no_access_event,1,accesses=0
5,P2_unread_cc,MSG0002535,message_exists,1,
5,P2_unread_cc,MSG0002535,is_cc,1,
5,P2_unread_cc,MSG0002535,no_access_event,1,accesses=0
5,P2_unread_cc,MSG0002538,message_exists,1,
5,P2_unread_cc,MSG0002538,is_cc,1,
5,P2_unread_cc,MSG0002538,no_access_event,1,accesses=0
5,P2_unread_cc,MSG0002539,message_exists,1,
5,P2_unread_cc,MSG0002539,is_cc,1,
5,P2_unread_cc,MSG0002539,no_access_event,1,accesses=0
5,P1_thank_you,MSG0002586,message_exists,1,
5,P1_thank_you,MSG0002586,patient_originated_portal_message,1,
5,P1_thank_you,MSG0002586,is_reply_to_prior_outbound,1,
5,P1_thank_you,MSG0002586,thread_ending,1,later_messages=0
5,P1_thank_you,MSG0002586,accessed_and_completed,1,
5,P1_thank_you,MSG0002615,message_exists,1,
5,P1_thank_you,MSG0002615,patient_originated_portal_message,1,
5,P1_thank_you,MSG0002615,is_reply_to_prior_outbound,1,
5,P1_thank_you,MSG0002615,thread_ending,1,later_messages=0
5,P1_thank_you,MSG0002615,accessed_and_completed,1,
5,P7_pingpong,MSG0002642,message_exists,1,
5,P7_pingpong,MSG0002642,at_least_two_staff_to_provider_forwards,1,staff_to_provider=2
5,P7_pingpong,MSG0002642,at_least_two_provider_to_staff_forwards,1,provider_to_staff=2
5,P7_pingpong,MSG0002642,two_or_more_round_trips,1,roundtrips=2
5,P1_thank_you,MSG0002669,message_exists,1,
5,P1_thank_you,MSG0002669,patient_originated_portal_message,1,
5,P1_thank_you,MSG0002669,is_reply_to_prior_outbound,1,
5,P1_thank_you,MSG0002669,thread_ending,1,later_messages=0
5,P1_thank_you,MSG0002669,accessed_and_completed,1,
5,P2_unread_cc,MSG0002793,message_exists,1,
5,P2_unread_cc,MSG0002793,is_cc,1,
5,P2_unread_cc,MSG0002793,no_access_event,1,accesses=0
5,P2_unread_cc,MSG0002796,message_exists,1,
5,P2_unread_cc,MSG0002796,is_cc,1,
5,P2_unread_cc,MSG0002796,no_access_event,1,accesses=0
5,P2_unread_cc,MSG0002876,message_exists,1,
5,P2_unread_cc,MSG0002876,is_cc,1,
5,P2_unread_cc,MSG0002876,no_access_event,1,accesses=0
5,P2_unread_cc,MSG0002882,message_exists,1,
5,P2_unread_cc,MSG0002882,is_cc,1,
5,P2_unread_cc,MSG0002882,no_access_event,1,accesses=0
5,P2_unread_cc,MSG0002887,message_exists,1,
5,P2_unread_cc,MSG0002887,is_cc,1,
5,P2_unread_cc,MSG0002887,no_access_event,1,accesses=0
5,P3_extended_thread,THR0002748,thread_exists,1,
5,P3_extended_thread,THR0002748,three_or_more_patient_incoming,1,incoming=3
5,P3_extended_thread,THR0002748,four_or_more_message_exchanges,1,in+out=6
5,P3_extended_thread,THR0002748,spans_at_least_3_days,1,span_days=6.19
5,P3_extended_thread,THR0002748,no_visit_between,1,intervening_visits=0
5,P8_nonclinical_misrouted,MSG0002921,message_exists,1,
5,P8_nonclinical_misrouted,MSG0002921,nonclinical_category,1,category=appointment_request
5,P8_nonclinical_misrouted,MSG0002921,reaches_provider,1,provider_forwards=1
5,P7_pingpong,MSG0002931,message_exists,1,
5,P7_pingpong,MSG0002931,at_least_two_staff_to_provider_forwards,1,staff_to_provider=2
5,P7_pingpong,MSG0002931,at_least_two_provider_to_staff_forwards,1,provider_to_staff=2
5,P7_pingpong,MSG0002931,two_or_more_round_trips,1,roundtrips=2
5,P4_result_misrouted,MSG0002948,message_exists,1,
5,P4_result_misrouted,MSG0002948,is_result,1,
5,P4_result_misrouted,MSG0002948,recipient_not_ordering,1,
5,P4_result_misrouted,MSG0002948,recipient_not_covering,1,cover=None
5,P2_unread_cc,MSG0002966,message_exists,1,
5,P2_unread_cc,MSG0002966,is_cc,1,
5,P2_unread_cc,MSG0002966,no_access_event,1,accesses=0
5,P2_unread_cc,MSG0003044,message_exists,1,
5,P2_unread_cc,MSG0003044,is_cc,1,
5,P2_unread_cc,MSG0003044,no_access_event,1,accesses=0
5,P2_unread_cc,MSG0003045,message_exists,1,
5,P2_unread_cc,MSG0003045,is_cc,1,
5,P2_unread_cc,MSG0003045,no_access_event,1,accesses=0
5,P2_unread_cc,MSG0003047,message_exists,1,
5,P2_unread_cc,MSG0003047,is_cc,1,
5,P2_unread_cc,MSG0003047,no_access_event,1,accesses=0
5,P2_unread_cc,MSG0003048,message_exists,1,
5,P2_unread_cc,MSG0003048,is_cc,1,
5,P2_unread_cc,MSG0003048,no_access_event,1,accesses=0
5,P2_unread_cc,MSG0003051,message_exists,1,
5,P2_unread_cc,MSG0003051,is_cc,1,
5,P2_unread_cc,MSG0003051,no_access_event,1,accesses=0
5,P8_nonclinical_misrouted,MSG0003087,message_exists,1,
5,P8_nonclinical_misrouted,MSG0003087,nonclinical_category,1,category=cancellation
5,P8_nonclinical_misrouted,MSG0003087,reaches_provider,1,provider_forwards=1
5,P2_unread_cc,MSG0003132,message_exists,1,
5,P2_unread_cc,MSG0003132,is_cc,1,
5,P2_unread_cc,MSG0003132,no_access_event,1,accesses=0
5,P2_unread_cc,MSG0003133,message_exists,1,
5,P2_unread_cc,MSG0003133,is_cc,1,
5,P2_unread_cc,MSG0003133,no_access_event,1,accesses=0
5,P7_pingpong,MSG0003172,message_exists,1,
5,P7_pingpong,MSG0003172,at_least_two_staff_to_provider_forwards,1,staff_to_provider=2
5,P7_pingpong,MSG0003172,at_least_two_provider_to_staff_forwards,1,provider_to_staff=2
5,P7_pingpong,MSG0003172,two_or_more_round_trips,1,roundtrips=2
5,P2_unread_cc,MSG0003223,message_exists,1,
5,P2_unread_cc,MSG0003223,is_cc,1,
5,P2_unread_cc,MSG0003223,no_access_event,1,accesses=0
5,P2_unread_cc,MSG0003225,message_exists,1,
5,P2_unread_cc,MSG0003225,is_cc,1,
5,P2_unread_cc,MSG0003225,no_access_event,1,accesses=0
5,P7_pingpong,MSG0003267,message_exists,1,
5,P7_pingpong,MSG0003267,at_least_two_staff_to_provider_forwards,1,staff_to_provider=2
5,P7_pingpong,MSG0003267,at_least_two_provider_to_staff_forwards,1,provider_to_staff=2
5,P7_pingpong,MSG0003267,two_or_more_round_trips,1,roundtrips=2
5,P2_unread_cc,MSG0003302,message_exists,1,
5,P2_unread_cc,MSG0003302,is_cc,1,
5,P2_unread_cc,MSG0003302,no_access_event,1,accesses=0
5,P2_unread_cc,MSG0003303,message_exists,1,
5,P2_unread_cc,MSG0003303,is_cc,1,
5,P2_unread_cc,MSG0003303,no_access_event,1,accesses=0
5,P2_unread_cc,MSG0003305,message_exists,1,
5,P2_unread_cc,MSG0003305,is_cc,1,
5,P2_unread_cc,MSG0003305,no_access_event,1,accesses=0
5,P2_unread_cc,MSG0003307,message_exists,1,
5,P2_unread_cc,MSG0003307,is_cc,1,
5,P2_unread_cc,MSG0003307,no_access_event,1,accesses=0
5,P2_unread_cc,MSG0003310,message_exists,1,
5,P2_unread_cc,MSG0003310,is_cc,1,
5,P2_unread_cc,MSG0003310,no_access_event,1,accesses=0
5,P2_unread_cc,MSG0003311,message_exists,1,
5,P2_unread_cc,MSG0003311,is_cc,1,
5,P2_unread_cc,MSG0003311,no_access_event,1,accesses=0
5,P4_result_misrouted,MSG0003372,message_exists,1,
5,P4_result_misrouted,MSG0003372,is_result,1,
5,P4_result_misrouted,MSG0003372,recipient_not_ordering,1,
5,P4_result_misrouted,MSG0003372,recipient_not_covering,1,cover=None
5,P4_result_misrouted,MSG0003377,message_exists,1,
5,P4_result_misrouted,MSG0003377,is_result,1,
5,P4_result_misrouted,MSG0003377,recipient_not_ordering,1,
5,P4_result_misrouted,MSG0003377,recipient_not_covering,1,cover=None
5,P2_unread_cc,MSG0003471,message_exists,1,
5,P2_unread_cc,MSG0003471,is_cc,1,
5,P2_unread_cc,MSG0003471,no_access_event,1,accesses=0
5,P2_unread_cc,MSG0003473,message_exists,1,
5,P2_unread_cc,MSG0003473,is_cc,1,
5,P2_unread_cc,MSG0003473,no_access_event,1,accesses=0
5,P2_unread_cc,MSG0003476,message_exists,1,
5,P2_unread_cc,MSG0003476,is_cc,1,
5,P2_unread_cc,MSG0003476,no_access_event,1,accesses=0
5,P2_unread_cc,MSG0003480,message_exists,1,
5,P2_unread_cc,MSG0003480,is_cc,1,
5,P2_unread_cc,MSG0003480,no_access_event,1,accesses=0
5,P2_unread_cc,MSG0003482,message_exists,1,
5,P2_unread_cc,MSG0003482,is_cc,1,
5,P2_unread_cc,MSG0003482,no_access_event,1,accesses=0
5,P2_unread_cc,MSG0003545,message_exists,1,
5,P2_unread_cc,MSG0003545,is_cc,1,
5,P2_unread_cc,MSG0003545,no_access_event,1,accesses=0
5,P4_result_misrouted,MSG0003594,message_exists,1,
5,P4_result_misrouted,MSG0003594,is_result,1,
5,P4_result_misrouted,MSG0003594,recipient_not_ordering,1,
5,P4_result_misrouted,MSG0003594,recipient_not_covering,1,cover=None
5,P2_unread_cc,MSG0003630,message_exists,1,
5,P2_unread_cc,MSG0003630,is_cc,1,
5,P2_unread_cc,MSG0003630,no_access_event,1,accesses=0
5,P2_unread_cc,MSG0003632,message_exists,1,
5,P2_unread_cc,MSG0003632,is_cc,1,
5,P2_unread_cc,MSG0003632,no_access_event,1,accesses=0
5,P1_thank_you,MSG0003665,message_exists,1,
5,P1_thank_you,MSG0003665,patient_originated_portal_message,1,
5,P1_thank_you,MSG0003665,is_reply_to_prior_outbound,1,
5,P1_thank_you,MSG0003665,thread_ending,1,later_messages=0
5,P1_thank_you,MSG0003665,accessed_and_completed,1,
5,P4_result_misrouted,MSG0003687,message_exists,1,
5,P4_result_misrouted,MSG0003687,is_result,1,
5,P4_result_misrouted,MSG0003687,recipient_not_ordering,1,
5,P4_result_misrouted,MSG0003687,recipient_not_covering,1,cover=None
5,P2_unread_cc,MSG0003721,message_exists,1,
5,P2_unread_cc,MSG0003721,is_cc,1,
5,P2_unread_cc,MSG0003721,no_access_event,1,accesses=0
5,P2_unread_cc,MSG0003722,message_exists,1,
5,P2_unread_cc,MSG0003722,is_cc,1,
5,P2_unread_cc,MSG0003722,no_access_event,1,accesses=0
5,P2_unread_cc,MSG0003801,message_exists,1,
5,P2_unread_cc,MSG0003801,is_cc,1,
5,P2_unread_cc,MSG0003801,no_access_event,1,accesses=0
5,P4_result_misrouted,MSG0003859,message_exists,1,
5,P4_result_misrouted,MSG0003859,is_result,1,
5,P4_result_misrouted,MSG0003859,recipient_not_ordering,1,
5,P4_result_misrouted,MSG0003859,recipient_not_covering,1,cover=None
5,P2_unread_cc,MSG0003875,message_exists,1,
5,P2_unread_cc,MSG0003875,is_cc,1,
5,P2_unread_cc,MSG0003875,no_access_event,1,accesses=0
5,P2_unread_cc,MSG0003876,message_exists,1,
5,P2_unread_cc,MSG0003876,is_cc,1,
5,P2_unread_cc,MSG0003876,no_access_event,1,accesses=0
5,P1_thank_you,MSG0003974,message_exists,1,
5,P1_thank_you,MSG0003974,patient_originated_portal_message,1,
5,P1_thank_you,MSG0003974,is_reply_to_prior_outbound,1,
5,P1_thank_you,MSG0003974,thread_ending,1,later_messages=0
5,P1_thank_you,MSG0003974,accessed_and_completed,1,
5,P1_thank_you,MSG0004028,message_exists,1,
5,P1_thank_you,MSG0004028,patient_originated_portal_message,1,
5,P1_thank_you,MSG0004028,is_reply_to_prior_outbound,1,
5,P1_thank_you,MSG0004028,thread_ending,1,later_messages=0
5,P1_thank_you,MSG0004028,accessed_and_completed,1,
5,P2_unread_cc,MSG0004071,message_exists,1,
5,P2_unread_cc,MSG0004071,is_cc,1,
5,P2_unread_cc,MSG0004071,no_access_event,1,accesses=0
5,P2_unread_cc,MSG0004208,message_exists,1,
5,P2_unread_cc,MSG0004208,is_cc,1,
5,P2_unread_cc,MSG0004208,no_access_event,1,accesses=0
5,P2_unread_cc,MSG0004211,message_exists,1,
5,P2_unread_cc,MSG0004211,is_cc,1,
5,P2_unread_cc,MSG0004211,no_access_event,1,accesses=0
5,P2_unread_cc,MSG0004212,message_exists,1,
5,P2_unread_cc,MSG0004212,is_cc,1,
5,P2_unread_cc,MSG0004212,no_access_event,1,accesses=0
5,P2_unread_cc,MSG0004214,message_exists,1,
5,P2_unread_cc,MSG0004214,is_cc,1,
5,P2_unread_cc,MSG0004214,no_access_event,1,accesses=0
5,P4_result_misrouted,MSG0004264,message_exists,1,
5,P4_result_misrouted,MSG0004264,is_result,1,
5,P4_result_misrouted,MSG0004264,recipient_not_ordering,1,
5,P4_result_misrouted,MSG0004264,recipient_not_covering,1,cover=None
5,P2_unread_cc,MSG0004291,message_exists,1,
5,P2_unread_cc,MSG0004291,is_cc,1,
5,P2_unread_cc,MSG0004291,no_access_event,1,accesses=0
5,P2_unread_cc,MSG0004297,message_exists,1,
5,P2_unread_cc,MSG0004297,is_cc,1,
5,P2_unread_cc,MSG0004297,no_access_event,1,accesses=0
5,P2_unread_cc,MSG0004367,message_exists,1,
5,P2_unread_cc,MSG0004367,is_cc,1,
5,P2_unread_cc,MSG0004367,no_access_event,1,accesses=0
5,P8_nonclinical_misrouted,MSG0004401,message_exists,1,
5,P8_nonclinical_misrouted,MSG0004401,nonclinical_category,1,category=billing_question
5,P8_nonclinical_misrouted,MSG0004401,reaches_provider,1,provider_forwards=1
5,P4_result_misrouted,MSG0004408,message_exists,1,
5,P4_result_misrouted,MSG0004408,is_result,1,
5,P4_result_misrouted,MSG0004408,recipient_not_ordering,1,
5,P4_result_misrouted,MSG0004408,recipient_not_covering,1,cover=None
5,P2_unread_cc,MSG0004437,message_exists,1,
5,P2_unread_cc,MSG0004437,is_cc,1,
5,P2_unread_cc,MSG0004437,no_access_event,1,accesses=0
5,P2_unread_cc,MSG0004440,message_exists,1,
5,P2_unread_cc,MSG0004440,is_cc,1,
5,P2_unread_cc,MSG0004440,no_access_event,1,accesses=0
5,P2_unread_cc,MSG0004446,message_exists,1,
5,P2_unread_cc,MSG0004446,is_cc,1,
5,P2_unread_cc,MSG0004446,no_access_event,1,accesses=0
5,P4_result_misrouted,MSG0004502,message_exists,1,
5,P4_result_misrouted,MSG0004502,is_result,1,
5,P4_result_misrouted,MSG0004502,recipient_not_ordering,1,
5,P4_result_misrouted,MSG0004502,recipient_not_covering,1,cover=None
5,P2_unread_cc,MSG0004517,message_exists,1,
5,P2_unread_cc,MSG0004517,is_cc,1,
5,P2_unread_cc,MSG0004517,no_access_event,1,accesses=0
5,P2_unread_cc,MSG0004519,message_exists,1,
5,P2_unread_cc,MSG0004519,is_cc,1,
5,P2_unread_cc,MSG0004519,no_access_event,1,accesses=0
5,P2_unread_cc,MSG0004521,message_exists,1,
5,P2_unread_cc,MSG0004521,is_cc,1,
5,P2_unread_cc,MSG0004521,no_access_event,1,accesses=0
5,P7_pingpong,MSG0004555,message_exists,1,
5,P7_pingpong,MSG0004555,at_least_two_staff_to_provider_forwards,1,staff_to_provider=2
5,P7_pingpong,MSG0004555,at_least_two_provider_to_staff_forwards,1,provider_to_staff=2
5,P7_pingpong,MSG0004555,two_or_more_round_trips,1,roundtrips=2
5,P4_result_misrouted,MSG0004584,message_exists,1,
5,P4_result_misrouted,MSG0004584,is_result,1,
5,P4_result_misrouted,MSG0004584,recipient_not_ordering,1,
5,P4_result_misrouted,MSG0004584,recipient_not_covering,1,cover=None
5,P2_unread_cc,MSG0004601,message_exists,1,
5,P2_unread_cc,MSG0004601,is_cc,1,
5,P2_unread_cc,MSG0004601,no_access_event,1,accesses=0
5,P2_unread_cc,MSG0004602,message_exists,1,
5,P2_unread_cc,MSG0004602,is_cc,1,
5,P2_unread_cc,MSG0004602,no_access_event,1,accesses=0
5,P2_unread_cc,MSG0004669,message_exists,1,
5,P2_unread_cc,MSG0004669,is_cc,1,
5,P2_unread_cc,MSG0004669,no_access_event,1,accesses=0
5,P2_unread_cc,MSG0004672,message_exists,1,
5,P2_unread_cc,MSG0004672,is_cc,1,
5,P2_unread_cc,MSG0004672,no_access_event,1,accesses=0
5,P2_unread_cc,MSG0004745,message_exists,1,
5,P2_unread_cc,MSG0004745,is_cc,1,
5,P2_unread_cc,MSG0004745,no_access_event,1,accesses=0
5,P2_unread_cc,MSG0004828,message_exists,1,
5,P2_unread_cc,MSG0004828,is_cc,1,
5,P2_unread_cc,MSG0004828,no_access_event,1,accesses=0
5,P2_unread_cc,MSG0004839,message_exists,1,
5,P2_unread_cc,MSG0004839,is_cc,1,
5,P2_unread_cc,MSG0004839,no_access_event,1,accesses=0
5,P8_nonclinical_misrouted,MSG0004878,message_exists,1,
5,P8_nonclinical_misrouted,MSG0004878,nonclinical_category,1,category=appointment_request
5,P8_nonclinical_misrouted,MSG0004878,reaches_provider,1,provider_forwards=1
5,P2_unread_cc,MSG0004910,message_exists,1,
5,P2_unread_cc,MSG0004910,is_cc,1,
5,P2_unread_cc,MSG0004910,no_access_event,1,accesses=0
5,P2_unread_cc,MSG0004912,message_exists,1,
5,P2_unread_cc,MSG0004912,is_cc,1,
5,P2_unread_cc,MSG0004912,no_access_event,1,accesses=0
5,P3_extended_thread,THR0004668,thread_exists,1,
5,P3_extended_thread,THR0004668,three_or_more_patient_incoming,1,incoming=3
5,P3_extended_thread,THR0004668,four_or_more_message_exchanges,1,in+out=6
5,P3_extended_thread,THR0004668,spans_at_least_3_days,1,span_days=9.82
5,P3_extended_thread,THR0004668,no_visit_between,1,intervening_visits=0
5,P2_unread_cc,MSG0004981,message_exists,1,
5,P2_unread_cc,MSG0004981,is_cc,1,
5,P2_unread_cc,MSG0004981,no_access_event,1,accesses=0
5,P2_unread_cc,MSG0004984,message_exists,1,
5,P2_unread_cc,MSG0004984,is_cc,1,
5,P2_unread_cc,MSG0004984,no_access_event,1,accesses=0
5,P2_unread_cc,MSG0004986,message_exists,1,
5,P2_unread_cc,MSG0004986,is_cc,1,
5,P2_unread_cc,MSG0004986,no_access_event,1,accesses=0
5,P2_unread_cc,MSG0004989,message_exists,1,
5,P2_unread_cc,MSG0004989,is_cc,1,
5,P2_unread_cc,MSG0004989,no_access_event,1,accesses=0
5,P4_result_misrouted,MSG0005032,message_exists,1,
5,P4_result_misrouted,MSG0005032,is_result,1,
5,P4_result_misrouted,MSG0005032,recipient_not_ordering,1,
5,P4_result_misrouted,MSG0005032,recipient_not_covering,1,cover=None
5,P2_unread_cc,MSG0005057,message_exists,1,
5,P2_unread_cc,MSG0005057,is_cc,1,
5,P2_unread_cc,MSG0005057,no_access_event,1,accesses=0
5,P2_unread_cc,MSG0005065,message_exists,1,
5,P2_unread_cc,MSG0005065,is_cc,1,
5,P2_unread_cc,MSG0005065,no_access_event,1,accesses=0
5,P2_unread_cc,MSG0005140,message_exists,1,
5,P2_unread_cc,MSG0005140,is_cc,1,
5,P2_unread_cc,MSG0005140,no_access_event,1,accesses=0
5,P2_unread_cc,MSG0005144,message_exists,1,
5,P2_unread_cc,MSG0005144,is_cc,1,
5,P2_unread_cc,MSG0005144,no_access_event,1,accesses=0
5,P2_unread_cc,MSG0005148,message_exists,1,
5,P2_unread_cc,MSG0005148,is_cc,1,
5,P2_unread_cc,MSG0005148,no_access_event,1,accesses=0
5,P4_result_misrouted,MSG0005254,message_exists,1,
5,P4_result_misrouted,MSG0005254,is_result,1,
5,P4_result_misrouted,MSG0005254,recipient_not_ordering,1,
5,P4_result_misrouted,MSG0005254,recipient_not_covering,1,cover=None
6,P4_result_misrouted,MSG0000016,message_exists,1,
6,P4_result_misrouted,MSG0000016,is_result,1,
6,P4_result_misrouted,MSG0000016,recipient_not_ordering,1,
6,P4_result_misrouted,MSG0000016,recipient_not_covering,1,cover=None
6,P2_unread_cc,MSG0000037,message_exists,1,
6,P2_unread_cc,MSG0000037,is_cc,1,
6,P2_unread_cc,MSG0000037,no_access_event,1,accesses=0
6,P2_unread_cc,MSG0000039,message_exists,1,
6,P2_unread_cc,MSG0000039,is_cc,1,
6,P2_unread_cc,MSG0000039,no_access_event,1,accesses=0
6,P3_extended_thread,THR0000076,thread_exists,1,
6,P3_extended_thread,THR0000076,three_or_more_patient_incoming,1,incoming=3
6,P3_extended_thread,THR0000076,four_or_more_message_exchanges,1,in+out=6
6,P3_extended_thread,THR0000076,spans_at_least_3_days,1,span_days=7.02
6,P3_extended_thread,THR0000076,no_visit_between,1,intervening_visits=0
6,P2_unread_cc,MSG0000132,message_exists,1,
6,P2_unread_cc,MSG0000132,is_cc,1,
6,P2_unread_cc,MSG0000132,no_access_event,1,accesses=0
6,P2_unread_cc,MSG0000139,message_exists,1,
6,P2_unread_cc,MSG0000139,is_cc,1,
6,P2_unread_cc,MSG0000139,no_access_event,1,accesses=0
6,P2_unread_cc,MSG0000140,message_exists,1,
6,P2_unread_cc,MSG0000140,is_cc,1,
6,P2_unread_cc,MSG0000140,no_access_event,1,accesses=0
6,P2_unread_cc,MSG0000280,message_exists,1,
6,P2_unread_cc,MSG0000280,is_cc,1,
6,P2_unread_cc,MSG0000280,no_access_event,1,accesses=0
6,P2_unread_cc,MSG0000356,message_exists,1,
6,P2_unread_cc,MSG0000356,is_cc,1,
6,P2_unread_cc,MSG0000356,no_access_event,1,accesses=0
6,P2_unread_cc,MSG0000363,message_exists,1,
6,P2_unread_cc,MSG0000363,is_cc,1,
6,P2_unread_cc,MSG0000363,no_access_event,1,accesses=0
6,P7_pingpong,MSG0000389,message_exists,1,
6,P7_pingpong,MSG0000389,at_least_two_staff_to_provider_forwards,1,staff_to_provider=2
6,P7_pingpong,MSG0000389,at_least_two_provider_to_staff_forwards,1,provider_to_staff=2
6,P7_pingpong,MSG0000389,two_or_more_round_trips,1,roundtrips=2
6,P3_extended_thread,THR0000362,thread_exists,1,
6,P3_extended_thread,THR0000362,three_or_more_patient_incoming,1,incoming=3
6,P3_extended_thread,THR0000362,four_or_more_message_exchanges,1,in+out=6
6,P3_extended_thread,THR0000362,spans_at_least_3_days,1,span_days=6.48
6,P3_extended_thread,THR0000362,no_visit_between,1,intervening_visits=0
6,P4_result_misrouted,MSG0000404,message_exists,1,
6,P4_result_misrouted,MSG0000404,is_result,1,
6,P4_result_misrouted,MSG0000404,recipient_not_ordering,1,
6,P4_result_misrouted,MSG0000404,recipient_not_covering,1,cover=None
6,P2_unread_cc,MSG0000433,message_exists,1,
6,P2_unread_cc,MSG0000433,is_cc,1,
6,P2_unread_cc,MSG0000433,no_access_event,1,accesses=0
6,P2_unread_cc,MSG0000435,message_exists,1,
6,P2_unread_cc,MSG0000435,is_cc,1,
6,P2_unread_cc,MSG0000435,no_access_event,1,accesses=0
6,P2_unread_cc,MSG0000436,message_exists,1,
6,P2_unread_cc,MSG0000436,is_cc,1,
6,P2_unread_cc,MSG0000436,no_access_event,1,accesses=0
6,P2_unread_cc,MSG0000439,message_exists,1,
6,P2_unread_cc,MSG0000439,is_cc,1,
6,P2_unread_cc,MSG0000439,no_access_event,1,accesses=0
6,P1_thank_you,MSG0000473,message_exists,1,
6,P1_thank_you,MSG0000473,patient_originated_portal_message,1,
6,P1_thank_you,MSG0000473,is_reply_to_prior_outbound,1,
6,P1_thank_you,MSG0000473,thread_ending,1,later_messages=0
6,P1_thank_you,MSG0000473,accessed_and_completed,1,
6,P2_unread_cc,MSG0000504,message_exists,1,
6,P2_unread_cc,MSG0000504,is_cc,1,
6,P2_unread_cc,MSG0000504,no_access_event,1,accesses=0
6,P2_unread_cc,MSG0000510,message_exists,1,
6,P2_unread_cc,MSG0000510,is_cc,1,
6,P2_unread_cc,MSG0000510,no_access_event,1,accesses=0
6,P2_unread_cc,MSG0000513,message_exists,1,
6,P2_unread_cc,MSG0000513,is_cc,1,
6,P2_unread_cc,MSG0000513,no_access_event,1,accesses=0
6,P4_result_misrouted,MSG0000559,message_exists,1,
6,P4_result_misrouted,MSG0000559,is_result,1,
6,P4_result_misrouted,MSG0000559,recipient_not_ordering,1,
6,P4_result_misrouted,MSG0000559,recipient_not_covering,1,cover=None
6,P2_unread_cc,MSG0000580,message_exists,1,
6,P2_unread_cc,MSG0000580,is_cc,1,
6,P2_unread_cc,MSG0000580,no_access_event,1,accesses=0
6,P2_unread_cc,MSG0000582,message_exists,1,
6,P2_unread_cc,MSG0000582,is_cc,1,
6,P2_unread_cc,MSG0000582,no_access_event,1,accesses=0
6,P2_unread_cc,MSG0000583,message_exists,1,
6,P2_unread_cc,MSG0000583,is_cc,1,
6,P2_unread_cc,MSG0000583,no_access_event,1,accesses=0
6,P2_unread_cc,MSG0000584,message_exists,1,
6,P2_unread_cc,MSG0000584,is_cc,1,
6,P2_unread_cc,MSG0000584,no_access_event,1,accesses=0
6,P2_unread_cc,MSG0000586,message_exists,1,
6,P2_unread_cc,MSG0000586,is_cc,1,
6,P2_unread_cc,MSG0000586,no_access_event,1,accesses=0
6,P2_unread_cc,MSG0000642,message_exists,1,
6,P2_unread_cc,MSG0000642,is_cc,1,
6,P2_unread_cc,MSG0000642,no_access_event,1,accesses=0
6,P2_unread_cc,MSG0000645,message_exists,1,
6,P2_unread_cc,MSG0000645,is_cc,1,
6,P2_unread_cc,MSG0000645,no_access_event,1,accesses=0
6,P2_unread_cc,MSG0000646,message_exists,1,
6,P2_unread_cc,MSG0000646,is_cc,1,
6,P2_unread_cc,MSG0000646,no_access_event,1,accesses=0
6,P2_unread_cc,MSG0000647,message_exists,1,
6,P2_unread_cc,MSG0000647,is_cc,1,
6,P2_unread_cc,MSG0000647,no_access_event,1,accesses=0
6,P2_unread_cc,MSG0000648,message_exists,1,
6,P2_unread_cc,MSG0000648,is_cc,1,
6,P2_unread_cc,MSG0000648,no_access_event,1,accesses=0
6,P2_unread_cc,MSG0000649,message_exists,1,
6,P2_unread_cc,MSG0000649,is_cc,1,
6,P2_unread_cc,MSG0000649,no_access_event,1,accesses=0
6,P4_result_misrouted,MSG0000688,message_exists,1,
6,P4_result_misrouted,MSG0000688,is_result,1,
6,P4_result_misrouted,MSG0000688,recipient_not_ordering,1,
6,P4_result_misrouted,MSG0000688,recipient_not_covering,1,cover=None
6,P2_unread_cc,MSG0000711,message_exists,1,
6,P2_unread_cc,MSG0000711,is_cc,1,
6,P2_unread_cc,MSG0000711,no_access_event,1,accesses=0
6,P2_unread_cc,MSG0000714,message_exists,1,
6,P2_unread_cc,MSG0000714,is_cc,1,
6,P2_unread_cc,MSG0000714,no_access_event,1,accesses=0
6,P2_unread_cc,MSG0000717,message_exists,1,
6,P2_unread_cc,MSG0000717,is_cc,1,
6,P2_unread_cc,MSG0000717,no_access_event,1,accesses=0
6,P2_unread_cc,MSG0000774,message_exists,1,
6,P2_unread_cc,MSG0000774,is_cc,1,
6,P2_unread_cc,MSG0000774,no_access_event,1,accesses=0
6,P2_unread_cc,MSG0000776,message_exists,1,
6,P2_unread_cc,MSG0000776,is_cc,1,
6,P2_unread_cc,MSG0000776,no_access_event,1,accesses=0
6,P2_unread_cc,MSG0000783,message_exists,1,
6,P2_unread_cc,MSG0000783,is_cc,1,
6,P2_unread_cc,MSG0000783,no_access_event,1,accesses=0
6,P8_nonclinical_misrouted,MSG0000820,message_exists,1,
6,P8_nonclinical_misrouted,MSG0000820,nonclinical_category,1,category=appointment_request
6,P8_nonclinical_misrouted,MSG0000820,reaches_provider,1,provider_forwards=1
6,P2_unread_cc,MSG0000913,message_exists,1,
6,P2_unread_cc,MSG0000913,is_cc,1,
6,P2_unread_cc,MSG0000913,no_access_event,1,accesses=0
6,P2_unread_cc,MSG0000918,message_exists,1,
6,P2_unread_cc,MSG0000918,is_cc,1,
6,P2_unread_cc,MSG0000918,no_access_event,1,accesses=0
6,P3_extended_thread,THR0000907,thread_exists,1,
6,P3_extended_thread,THR0000907,three_or_more_patient_incoming,1,incoming=3
6,P3_extended_thread,THR0000907,four_or_more_message_exchanges,1,in+out=7
6,P3_extended_thread,THR0000907,spans_at_least_3_days,1,span_days=12.67
6,P3_extended_thread,THR0000907,no_visit_between,1,intervening_visits=0
6,P2_unread_cc,MSG0001007,message_exists,1,
6,P2_unread_cc,MSG0001007,is_cc,1,
6,P2_unread_cc,MSG0001007,no_access_event,1,accesses=0
6,P2_unread_cc,MSG0001009,message_exists,1,
6,P2_unread_cc,MSG0001009,is_cc,1,
6,P2_unread_cc,MSG0001009,no_access_event,1,accesses=0
6,P8_nonclinical_misrouted,MSG0001047,message_exists,1,
6,P8_nonclinical_misrouted,MSG0001047,nonclinical_category,1,category=billing_question
6,P8_nonclinical_misrouted,MSG0001047,reaches_provider,1,provider_forwards=1
6,P1_thank_you,MSG0001049,message_exists,1,
6,P1_thank_you,MSG0001049,patient_originated_portal_message,1,
6,P1_thank_you,MSG0001049,is_reply_to_prior_outbound,1,
6,P1_thank_you,MSG0001049,thread_ending,1,later_messages=0
6,P1_thank_you,MSG0001049,accessed_and_completed,1,
6,P4_result_misrouted,MSG0001057,message_exists,1,
6,P4_result_misrouted,MSG0001057,is_result,1,
6,P4_result_misrouted,MSG0001057,recipient_not_ordering,1,
6,P4_result_misrouted,MSG0001057,recipient_not_covering,1,cover=None
6,P2_unread_cc,MSG0001094,message_exists,1,
6,P2_unread_cc,MSG0001094,is_cc,1,
6,P2_unread_cc,MSG0001094,no_access_event,1,accesses=0
6,P2_unread_cc,MSG0001263,message_exists,1,
6,P2_unread_cc,MSG0001263,is_cc,1,
6,P2_unread_cc,MSG0001263,no_access_event,1,accesses=0
6,P2_unread_cc,MSG0001266,message_exists,1,
6,P2_unread_cc,MSG0001266,is_cc,1,
6,P2_unread_cc,MSG0001266,no_access_event,1,accesses=0
6,P2_unread_cc,MSG0001267,message_exists,1,
6,P2_unread_cc,MSG0001267,is_cc,1,
6,P2_unread_cc,MSG0001267,no_access_event,1,accesses=0
6,P2_unread_cc,MSG0001270,message_exists,1,
6,P2_unread_cc,MSG0001270,is_cc,1,
6,P2_unread_cc,MSG0001270,no_access_event,1,accesses=0
6,P2_unread_cc,MSG0001347,message_exists,1,
6,P2_unread_cc,MSG0001347,is_cc,1,
6,P2_unread_cc,MSG0001347,no_access_event,1,accesses=0
6,P2_unread_cc,MSG0001350,message_exists,1,
6,P2_unread_cc,MSG0001350,is_cc,1,
6,P2_unread_cc,MSG0001350,no_access_event,1,accesses=0
6,P2_unread_cc,MSG0001352,message_exists,1,
6,P2_unread_cc,MSG0001352,is_cc,1,
6,P2_unread_cc,MSG0001352,no_access_event,1,accesses=0
6,P1_thank_you,MSG0001392,message_exists,1,
6,P1_thank_you,MSG0001392,patient_originated_portal_message,1,
6,P1_thank_you,MSG0001392,is_reply_to_prior_outbound,1,
6,P1_thank_you,MSG0001392,thread_ending,1,later_messages=0
6,P1_thank_you,MSG0001392,accessed_and_completed,1,
6,P2_unread_cc,MSG0001440,message_exists,1,
6,P2_unread_cc,MSG0001440,is_cc,1,
6,P2_unread_cc,MSG0001440,no_access_event,1,accesses=0
6,P2_unread_cc,MSG0001441,message_exists,1,
6,P2_unread_cc,MSG0001441,is_cc,1,
6,P2_unread_cc,MSG0001441,no_access_event,1,accesses=0
6,P8_nonclinical_misrouted,MSG0001481,message_exists,1,
6,P8_nonclinical_misrouted,MSG0001481,nonclinical_category,1,category=billing_question
6,P8_nonclinical_misrouted,MSG0001481,reaches_provider,1,provider_forwards=1
6,P4_result_misrouted,MSG0001494,message_exists,1,
6,P4_result_misrouted,MSG0001494,is_result,1,
6,P4_result_misrouted,MSG0001494,recipient_not_ordering,1,
6,P4_result_misrouted,MSG0001494,recipient_not_covering,1,cover=None
6,P2_unread_cc,MSG0001513,message_exists,1,
6,P2_unread_cc,MSG0001513,is_cc,1,
6,P2_unread_cc,MSG0001513,no_access_event,1,accesses=0
6,P7_pingpong,MSG0001555,message_exists,1,
6,P7_pingpong,MSG0001555,at_least_two_staff_to_provider_forwards,1,staff_to_provider=2
6,P7_pingpong,MSG0001555,at_least_two_provider_to_staff_forwards,1,provider_to_staff=2
6,P7_pingpong,MSG0001555,two_or_more_round_trips,1,roundtrips=2
6,P2_unread_cc,MSG0001687,message_exists,1,
6,P2_unread_cc,MSG0001687,is_cc,1,
6,P2_unread_cc,MSG0001687,no_access_event,1,accesses=0
6,P2_unread_cc,MSG0001688,message_exists,1,
6,P2_unread_cc,MSG0001688,is_cc,1,
6,P2_unread_cc,MSG0001688,no_access_event,1,accesses=0
6,P2_unread_cc,MSG0001691,message_exists,1,
6,P2_unread_cc,MSG0001691,is_cc,1,
6,P2_unread_cc,MSG0001691,no_access_event,1,accesses=0
6,P2_unread_cc,MSG0001759,message_exists,1,
6,P2_unread_cc,MSG0001759,is_cc,1,
6,P2_unread_cc,MSG0001759,no_access_event,1,accesses=0
6,P2_unread_cc,MSG0001760,message_exists,1,
6,P2_unread_cc,MSG0001760,is_cc,1,
6,P2_unread_cc,MSG0001760,no_access_event,1,accesses=0
6,P2_unread_cc,MSG0001762,message_exists,1,
6,P2_unread_cc,MSG0001762,is_cc,1,
6,P2_unread_cc,MSG0001762,no_access_event,1,accesses=0
6,P2_unread_cc,MSG0001764,message_exists,1,
6,P2_unread_cc,MSG0001764,is_cc,1,
6,P2_unread_cc,MSG0001764,no_access_event,1,accesses=0
6,P2_unread_cc,MSG0001769,message_exists,1,
6,P2_unread_cc,MSG0001769,is_cc,1,
6,P2_unread_cc,MSG0001769,no_access_event,1,accesses=0
6,P2_unread_cc,MSG0001770,message_exists,1,
6,P2_unread_cc,MSG0001770,is_cc,1,
6,P2_unread_cc,MSG0001770,no_access_event,1,accesses=0
6,P4_result_misrouted,MSG0001815,message_exists,1,
6,P4_result_misrouted,MSG0001815,is_result,1,
6,P4_result_misrouted,MSG0001815,recipient_not_ordering,1,
6,P4_result_misrouted,MSG0001815,recipient_not_covering,1,cover=None
6,P4_result_misrouted,MSG0001824,message_exists,1,
6,P4_result_misrouted,MSG0001824,is_result,1,
6,P4_result_misrouted,MSG0001824,recipient_not_ordering,1,
6,P4_result_misrouted,MSG0001824,recipient_not_covering,1,cover=None
6,P4_result_misrouted,MSG0001825,message_exists,1,
6,P4_result_misrouted,MSG0001825,is_result,1,
6,P4_result_misrouted,MSG0001825,recipient_not_ordering,1,
6,P4_result_misrouted,MSG0001825,recipient_not_covering,1,cover=None
6,P2_unread_cc,MSG0001842,message_exists,1,
6,P2_unread_cc,MSG0001842,is_cc,1,
6,P2_unread_cc,MSG0001842,no_access_event,1,accesses=0
6,P2_unread_cc,MSG0001844,message_exists,1,
6,P2_unread_cc,MSG0001844,is_cc,1,
6,P2_unread_cc,MSG0001844,no_access_event,1,accesses=0
6,P2_unread_cc,MSG0001845,message_exists,1,
6,P2_unread_cc,MSG0001845,is_cc,1,
6,P2_unread_cc,MSG0001845,no_access_event,1,accesses=0
6,P2_unread_cc,MSG0001846,message_exists,1,
6,P2_unread_cc,MSG0001846,is_cc,1,
6,P2_unread_cc,MSG0001846,no_access_event,1,accesses=0
6,P2_unread_cc,MSG0001851,message_exists,1,
6,P2_unread_cc,MSG0001851,is_cc,1,
6,P2_unread_cc,MSG0001851,no_access_event,1,accesses=0
6,P4_result_misrouted,MSG0001915,message_exists,1,
6,P4_result_misrouted,MSG0001915,is_result,1,
6,P4_result_misrouted,MSG0001915,recipient_not_ordering,1,
6,P4_result_misrouted,MSG0001915,recipient_not_covering,1,cover=None
6,P2_unread_cc,MSG0001931,message_exists,1,
6,P2_unread_cc,MSG0001931,is_cc,1,
6,P2_unread_cc,MSG0001931,no_access_event,1,accesses=0
6,P2_unread_cc,MSG0002012,message_exists,1,
6,P2_unread_cc,MSG0002012,is_cc,1,
6,P2_unread_cc,MSG0002012,no_access_event,1,accesses=0
6,P2_unread_cc,MSG0002019,message_exists,1,
6,P2_unread_cc,MSG0002019,is_cc,1,
6,P2_unread_cc,MSG0002019,no_access_event,1,accesses=0
6,P3_extended_thread,THR0001947,thread_exists,1,
6,P3_extended_thread,THR0001947,three_or_more_patient_incoming,1,incoming=3
6,P3_extended_thread,THR0001947,four_or_more_message_exchanges,1,in+out=6
6,P3_extended_thread,THR0001947,spans_at_least_3_days,1,span_days=5.88
6,P3_extended_thread,THR0001947,no_visit_between,1,intervening_visits=0
6,P2_unread_cc,MSG0002109,message_exists,1,
6,P2_unread_cc,MSG0002109,is_cc,1,
6,P2_unread_cc,MSG0002109,no_access_event,1,accesses=0
6,P7_pingpong,MSG0002153,message_exists,1,
6,P7_pingpong,MSG0002153,at_least_two_staff_to_provider_forwards,1,staff_to_provider=2
6,P7_pingpong,MSG0002153,at_least_two_provider_to_staff_forwards,1,provider_to_staff=2
6,P7_pingpong,MSG0002153,two_or_more_round_trips,1,roundtrips=2
6,P7_pingpong,MSG0002155,message_exists,1,
6,P7_pingpong,MSG0002155,at_least_two_staff_to_provider_forwards,1,staff_to_provider=2
6,P7_pingpong,MSG0002155,at_least_two_provider_to_staff_forwards,1,provider_to_staff=2
6,P7_pingpong,MSG0002155,two_or_more_round_trips,1,roundtrips=2
6,P1_thank_you,MSG0002236,message_exists,1,
6,P1_thank_you,MSG0002236,patient_originated_portal_message,1,
6,P1_thank_you,MSG0002236,is_reply_to_prior_outbound,1,
6,P1_thank_you,MSG0002236,thread_ending,1,later_messages=0
6,P1_thank_you,MSG0002236,accessed_and_completed,1,
6,P8_nonclinical_misrouted,MSG0002238,message_exists,1,
6,P8_nonclinical_misrouted,MSG0002238,nonclinical_category,1,category=appointment_request
6,P8_nonclinical_misrouted,MSG0002238,reaches_provider,1,provider_forwards=1
6,P2_unread_cc,MSG0002277,message_exists,1,
6,P2_unread_cc,MSG0002277,is_cc,1,
6,P2_unread_cc,MSG0002277,no_access_event,1,accesses=0
6,P4_result_misrouted,MSG0002328,message_exists,1,
6,P4_result_misrouted,MSG0002328,is_result,1,
6,P4_result_misrouted,MSG0002328,recipient_not_ordering,1,
6,P4_result_misrouted,MSG0002328,recipient_not_covering,1,cover=None
6,P2_unread_cc,MSG0002350,message_exists,1,
6,P2_unread_cc,MSG0002350,is_cc,1,
6,P2_unread_cc,MSG0002350,no_access_event,1,accesses=0
6,P2_unread_cc,MSG0002352,message_exists,1,
6,P2_unread_cc,MSG0002352,is_cc,1,
6,P2_unread_cc,MSG0002352,no_access_event,1,accesses=0
6,P2_unread_cc,MSG0002353,message_exists,1,
6,P2_unread_cc,MSG0002353,is_cc,1,
6,P2_unread_cc,MSG0002353,no_access_event,1,accesses=0
6,P1_thank_you,MSG0002393,message_exists,1,
6,P1_thank_you,MSG0002393,patient_originated_portal_message,1,
6,P1_thank_you,MSG0002393,is_reply_to_prior_outbound,1,
6,P1_thank_you,MSG0002393,thread_ending,1,later_messages=0
6,P1_thank_you,MSG0002393,accessed_and_completed,1,
6,P2_unread_cc,MSG0002431,message_exists,1,
6,P2_unread_cc,MSG0002431,is_cc,1,
6,P2_unread_cc,MSG0002431,no_access_event,1,accesses=0
6,P2_unread_cc,MSG0002433,message_exists,1,
6,P2_unread_cc,MSG0002433,is_cc,1,
6,P2_unread_cc,MSG0002433,no_access_event,1,accesses=0
6,P2_unread_cc,MSG0002440,message_exists,1,
6,P2_unread_cc,MSG0002440,is_cc,1,
6,P2_unread_cc,MSG0002440,no_access_event,1,accesses=0
6,P4_result_misrouted,MSG0002471,message_exists,1,
6,P4_result_misrouted,MSG0002471,is_result,1,
6,P4_result_misrouted,MSG0002471,recipient_not_ordering,1,
6,P4_result_misrouted,MSG0002471,recipient_not_covering,1,cover=None
6,P8_nonclinical_misrouted,MSG0002487,message_exists,1,
6,P8_nonclinical_misrouted,MSG0002487,nonclinical_category,1,category=billing_question
6,P8_nonclinical_misrouted,MSG0002487,reaches_provider,1,provider_forwards=1
6,P8_nonclinical_misrouted,MSG0002502,message_exists,1,
6,P8_nonclinical_misrouted,MSG0002502,nonclinical_category,1,category=billing_question
6,P8_nonclinical_misrouted,MSG0002502,reaches_provider,1,provider_forwards=1
6,P4_result_misrouted,MSG0002594,message_exists,1,
6,P4_result_misrouted,MSG0002594,is_result,1,
6,P4_result_misrouted,MSG0002594,recipient_not_ordering,1,
6,P4_result_misrouted,MSG0002594,recipient_not_covering,1,cover=None
6,P2_unread_cc,MSG0002607,message_exists,1,
6,P2_unread_cc,MSG0002607,is_cc,1,
6,P2_unread_cc,MSG0002607,no_access_event,1,accesses=0
6,P2_unread_cc,MSG0002681,message_exists,1,
6,P2_unread_cc,MSG0002681,is_cc,1,
6,P2_unread_cc,MSG0002681,no_access_event,1,accesses=0
6,P2_unread_cc,MSG0002684,message_exists,1,
6,P2_unread_cc,MSG0002684,is_cc,1,
6,P2_unread_cc,MSG0002684,no_access_event,1,accesses=0
6,P8_nonclinical_misrouted,MSG0002794,message_exists,1,
6,P8_nonclinical_misrouted,MSG0002794,nonclinical_category,1,category=cancellation
6,P8_nonclinical_misrouted,MSG0002794,reaches_provider,1,provider_forwards=1
6,P4_result_misrouted,MSG0002805,message_exists,1,
6,P4_result_misrouted,MSG0002805,is_result,1,
6,P4_result_misrouted,MSG0002805,recipient_not_ordering,1,
6,P4_result_misrouted,MSG0002805,recipient_not_covering,1,cover=None
6,P2_unread_cc,MSG0002844,message_exists,1,
6,P2_unread_cc,MSG0002844,is_cc,1,
6,P2_unread_cc,MSG0002844,no_access_event,1,accesses=0
6,P4_result_misrouted,MSG0002874,message_exists,1,
6,P4_result_misrouted,MSG0002874,is_result,1,
6,P4_result_misrouted,MSG0002874,recipient_not_ordering,1,
6,P4_result_misrouted,MSG0002874,recipient_not_covering,1,cover=None
6,P2_unread_cc,MSG0002904,message_exists,1,
6,P2_unread_cc,MSG0002904,is_cc,1,
6,P2_unread_cc,MSG0002904,no_access_event,1,accesses=0
6,P7_pingpong,MSG0002939,message_exists,1,
6,P7_pingpong,MSG0002939,at_least_two_staff_to_provider_forwards,1,staff_to_provider=2
6,P7_pingpong,MSG0002939,at_least_two_provider_to_staff_forwards,1,provider_to_staff=2
6,P7_pingpong,MSG0002939,two_or_more_round_trips,1,roundtrips=2
6,P2_unread_cc,MSG0002986,message_exists,1,
6,P2_unread_cc,MSG0002986,is_cc,1,
6,P2_unread_cc,MSG0002986,no_access_event,1,accesses=0
6,P4_result_misrouted,MSG0003027,message_exists,1,
6,P4_result_misrouted,MSG0003027,is_result,1,
6,P4_result_misrouted,MSG0003027,recipient_not_ordering,1,
6,P4_result_misrouted,MSG0003027,recipient_not_covering,1,cover=None
6,P2_unread_cc,MSG0003054,message_exists,1,
6,P2_unread_cc,MSG0003054,is_cc,1,
6,P2_unread_cc,MSG0003054,no_access_event,1,accesses=0
6,P2_unread_cc,MSG0003059,message_exists,1,
6,P2_unread_cc,MSG0003059,is_cc,1,
6,P2_unread_cc,MSG0003059,no_access_event,1,accesses=0
6,P2_unread_cc,MSG0003061,message_exists,1,
6,P2_unread_cc,MSG0003061,is_cc,1,
6,P2_unread_cc,MSG0003061,no_access_event,1,accesses=0
6,P2_unread_cc,MSG0003062,message_exists,1,
6,P2_unread_cc,MSG0003062,is_cc,1,
6,P2_unread_cc,MSG0003062,no_access_event,1,accesses=0
6,P2_unread_cc,MSG0003130,message_exists,1,
6,P2_unread_cc,MSG0003130,is_cc,1,
6,P2_unread_cc,MSG0003130,no_access_event,1,accesses=0
6,P1_thank_you,MSG0003170,message_exists,1,
6,P1_thank_you,MSG0003170,patient_originated_portal_message,1,
6,P1_thank_you,MSG0003170,is_reply_to_prior_outbound,1,
6,P1_thank_you,MSG0003170,thread_ending,1,later_messages=0
6,P1_thank_you,MSG0003170,accessed_and_completed,1,
6,P4_result_misrouted,MSG0003191,message_exists,1,
6,P4_result_misrouted,MSG0003191,is_result,1,
6,P4_result_misrouted,MSG0003191,recipient_not_ordering,1,
6,P4_result_misrouted,MSG0003191,recipient_not_covering,1,cover=None
6,P2_unread_cc,MSG0003216,message_exists,1,
6,P2_unread_cc,MSG0003216,is_cc,1,
6,P2_unread_cc,MSG0003216,no_access_event,1,accesses=0
6,P2_unread_cc,MSG0003217,message_exists,1,
6,P2_unread_cc,MSG0003217,is_cc,1,
6,P2_unread_cc,MSG0003217,no_access_event,1,accesses=0
6,P7_pingpong,MSG0003251,message_exists,1,
6,P7_pingpong,MSG0003251,at_least_two_staff_to_provider_forwards,1,staff_to_provider=2
6,P7_pingpong,MSG0003251,at_least_two_provider_to_staff_forwards,1,provider_to_staff=2
6,P7_pingpong,MSG0003251,two_or_more_round_trips,1,roundtrips=2
6,P1_thank_you,MSG0003259,message_exists,1,
6,P1_thank_you,MSG0003259,patient_originated_portal_message,1,
6,P1_thank_you,MSG0003259,is_reply_to_prior_outbound,1,
6,P1_thank_you,MSG0003259,thread_ending,1,later_messages=0
6,P1_thank_you,MSG0003259,accessed_and_completed,1,
6,P3_extended_thread,THR0003078,thread_exists,1,
6,P3_extended_thread,THR0003078,three_or_more_patient_incoming,1,incoming=3
6,P3_extended_thread,THR0003078,four_or_more_message_exchanges,1,in+out=6
6,P3_extended_thread,THR0003078,spans_at_least_3_days,1,span_days=7.12
6,P3_extended_thread,THR0003078,no_visit_between,1,intervening_visits=0
6,P4_result_misrouted,MSG0003279,message_exists,1,
6,P4_result_misrouted,MSG0003279,is_result,1,
6,P4_result_misrouted,MSG0003279,recipient_not_ordering,1,
6,P4_result_misrouted,MSG0003279,recipient_not_covering,1,cover=None
6,P2_unread_cc,MSG0003299,message_exists,1,
6,P2_unread_cc,MSG0003299,is_cc,1,
6,P2_unread_cc,MSG0003299,no_access_event,1,accesses=0
6,P2_unread_cc,MSG0003304,message_exists,1,
6,P2_unread_cc,MSG0003304,is_cc,1,
6,P2_unread_cc,MSG0003304,no_access_event,1,accesses=0
6,P2_unread_cc,MSG0003382,message_exists,1,
6,P2_unread_cc,MSG0003382,is_cc,1,
6,P2_unread_cc,MSG0003382,no_access_event,1,accesses=0
6,P2_unread_cc,MSG0003385,message_exists,1,
6,P2_unread_cc,MSG0003385,is_cc,1,
6,P2_unread_cc,MSG0003385,no_access_event,1,accesses=0
6,P2_unread_cc,MSG0003388,message_exists,1,
6,P2_unread_cc,MSG0003388,is_cc,1,
6,P2_unread_cc,MSG0003388,no_access_event,1,accesses=0
6,P2_unread_cc,MSG0003453,message_exists,1,
6,P2_unread_cc,MSG0003453,is_cc,1,
6,P2_unread_cc,MSG0003453,no_access_event,1,accesses=0
6,P2_unread_cc,MSG0003454,message_exists,1,
6,P2_unread_cc,MSG0003454,is_cc,1,
6,P2_unread_cc,MSG0003454,no_access_event,1,accesses=0
6,P2_unread_cc,MSG0003459,message_exists,1,
6,P2_unread_cc,MSG0003459,is_cc,1,
6,P2_unread_cc,MSG0003459,no_access_event,1,accesses=0
6,P2_unread_cc,MSG0003465,message_exists,1,
6,P2_unread_cc,MSG0003465,is_cc,1,
6,P2_unread_cc,MSG0003465,no_access_event,1,accesses=0
6,P4_result_misrouted,MSG0003505,message_exists,1,
6,P4_result_misrouted,MSG0003505,is_result,1,
6,P4_result_misrouted,MSG0003505,recipient_not_ordering,1,
6,P4_result_misrouted,MSG0003505,recipient_not_covering,1,cover=None
6,P4_result_misrouted,MSG0003508,message_exists,1,
6,P4_result_misrouted,MSG0003508,is_result,1,
6,P4_result_misrouted,MSG0003508,recipient_not_ordering,1,
6,P4_result_misrouted,MSG0003508,recipient_not_covering,1,cover=None
6,P4_result_misrouted,MSG0003513,message_exists,1,
6,P4_result_misrouted,MSG0003513,is_result,1,
6,P4_result_misrouted,MSG0003513,recipient_not_ordering,1,
6,P4_result_misrouted,MSG0003513,recipient_not_covering,1,cover=None
6,P2_unread_cc,MSG0003538,message_exists,1,
6,P2_unread_cc,MSG0003538,is_cc,1,
6,P2_unread_cc,MSG0003538,no_access_event,1,accesses=0
6,P2_unread_cc,MSG0003541,message_exists,1,
6,P2_unread_cc,MSG0003541,is_cc,1,
6,P2_unread_cc,MSG0003541,no_access_event,1,accesses=0
6,P2_unread_cc,MSG0003600,message_exists,1,
6,P2_unread_cc,MSG0003600,is_cc,1,
6,P2_unread_cc,MSG0003600,no_access_event,1,accesses=0
6,P2_unread_cc,MSG0003607,message_exists,1,
6,P2_unread_cc,MSG0003607,is_cc,1,
6,P2_unread_cc,MSG0003607,no_access_event,1,accesses=0
6,P2_unread_cc,MSG0003608,message_exists,1,
6,P2_unread_cc,MSG0003608,is_cc,1,
6,P2_unread_cc,MSG0003608,no_access_event,1,accesses=0
6,P8_nonclinical_misrouted,MSG0003640,message_exists,1,
6,P8_nonclinical_misrouted,MSG0003640,nonclinical_category,1,category=cancellation
6,P8_nonclinical_misrouted,MSG0003640,reaches_provider,1,provider_forwards=1
6,P2_unread_cc,MSG0003665,message_exists,1,
6,P2_unread_cc,MSG0003665,is_cc,1,
6,P2_unread_cc,MSG0003665,no_access_event,1,accesses=0
6,P2_unread_cc,MSG0003666,message_exists,1,
6,P2_unread_cc,MSG0003666,is_cc,1,
6,P2_unread_cc,MSG0003666,no_access_event,1,accesses=0
6,P2_unread_cc,MSG0003668,message_exists,1,
6,P2_unread_cc,MSG0003668,is_cc,1,
6,P2_unread_cc,MSG0003668,no_access_event,1,accesses=0
6,P2_unread_cc,MSG0003669,message_exists,1,
6,P2_unread_cc,MSG0003669,is_cc,1,
6,P2_unread_cc,MSG0003669,no_access_event,1,accesses=0
6,P2_unread_cc,MSG0003671,message_exists,1,
6,P2_unread_cc,MSG0003671,is_cc,1,
6,P2_unread_cc,MSG0003671,no_access_event,1,accesses=0
6,P4_result_misrouted,MSG0003752,message_exists,1,
6,P4_result_misrouted,MSG0003752,is_result,1,
6,P4_result_misrouted,MSG0003752,recipient_not_ordering,1,
6,P4_result_misrouted,MSG0003752,recipient_not_covering,1,cover=None
6,P4_result_misrouted,MSG0003767,message_exists,1,
6,P4_result_misrouted,MSG0003767,is_result,1,
6,P4_result_misrouted,MSG0003767,recipient_not_ordering,1,
6,P4_result_misrouted,MSG0003767,recipient_not_covering,1,cover=None
6,P4_result_misrouted,MSG0003805,message_exists,1,
6,P4_result_misrouted,MSG0003805,is_result,1,
6,P4_result_misrouted,MSG0003805,recipient_not_ordering,1,
6,P4_result_misrouted,MSG0003805,recipient_not_covering,1,cover=None
6,P4_result_misrouted,MSG0003809,message_exists,1,
6,P4_result_misrouted,MSG0003809,is_result,1,
6,P4_result_misrouted,MSG0003809,recipient_not_ordering,1,
6,P4_result_misrouted,MSG0003809,recipient_not_covering,1,cover=None
6,P2_unread_cc,MSG0003840,message_exists,1,
6,P2_unread_cc,MSG0003840,is_cc,1,
6,P2_unread_cc,MSG0003840,no_access_event,1,accesses=0
6,P3_extended_thread,THR0003659,thread_exists,1,
6,P3_extended_thread,THR0003659,three_or_more_patient_incoming,1,incoming=3
6,P3_extended_thread,THR0003659,four_or_more_message_exchanges,1,in+out=6
6,P3_extended_thread,THR0003659,spans_at_least_3_days,1,span_days=7.16
6,P3_extended_thread,THR0003659,no_visit_between,1,intervening_visits=0
6,P4_result_misrouted,MSG0003883,message_exists,1,
6,P4_result_misrouted,MSG0003883,is_result,1,
6,P4_result_misrouted,MSG0003883,recipient_not_ordering,1,
6,P4_result_misrouted,MSG0003883,recipient_not_covering,1,cover=None
6,P2_unread_cc,MSG0003906,message_exists,1,
6,P2_unread_cc,MSG0003906,is_cc,1,
6,P2_unread_cc,MSG0003906,no_access_event,1,accesses=0
6,P2_unread_cc,MSG0003909,message_exists,1,
6,P2_unread_cc,MSG0003909,is_cc,1,
6,P2_unread_cc,MSG0003909,no_access_event,1,accesses=0
6,P2_unread_cc,MSG0003917,message_exists,1,
6,P2_unread_cc,MSG0003917,is_cc,1,
6,P2_unread_cc,MSG0003917,no_access_event,1,accesses=0
6,P2_unread_cc,MSG0004004,message_exists,1,
6,P2_unread_cc,MSG0004004,is_cc,1,
6,P2_unread_cc,MSG0004004,no_access_event,1,accesses=0
6,P2_unread_cc,MSG0004006,message_exists,1,
6,P2_unread_cc,MSG0004006,is_cc,1,
6,P2_unread_cc,MSG0004006,no_access_event,1,accesses=0
6,P2_unread_cc,MSG0004009,message_exists,1,
6,P2_unread_cc,MSG0004009,is_cc,1,
6,P2_unread_cc,MSG0004009,no_access_event,1,accesses=0
6,P2_unread_cc,MSG0004010,message_exists,1,
6,P2_unread_cc,MSG0004010,is_cc,1,
6,P2_unread_cc,MSG0004010,no_access_event,1,accesses=0
6,P4_result_misrouted,MSG0004066,message_exists,1,
6,P4_result_misrouted,MSG0004066,is_result,1,
6,P4_result_misrouted,MSG0004066,recipient_not_ordering,1,
6,P4_result_misrouted,MSG0004066,recipient_not_covering,1,cover=None
6,P2_unread_cc,MSG0004088,message_exists,1,
6,P2_unread_cc,MSG0004088,is_cc,1,
6,P2_unread_cc,MSG0004088,no_access_event,1,accesses=0
6,P2_unread_cc,MSG0004158,message_exists,1,
6,P2_unread_cc,MSG0004158,is_cc,1,
6,P2_unread_cc,MSG0004158,no_access_event,1,accesses=0
6,P2_unread_cc,MSG0004160,message_exists,1,
6,P2_unread_cc,MSG0004160,is_cc,1,
6,P2_unread_cc,MSG0004160,no_access_event,1,accesses=0
6,P2_unread_cc,MSG0004164,message_exists,1,
6,P2_unread_cc,MSG0004164,is_cc,1,
6,P2_unread_cc,MSG0004164,no_access_event,1,accesses=0
6,P8_nonclinical_misrouted,MSG0004197,message_exists,1,
6,P8_nonclinical_misrouted,MSG0004197,nonclinical_category,1,category=billing_question
6,P8_nonclinical_misrouted,MSG0004197,reaches_provider,1,provider_forwards=1
6,P4_result_misrouted,MSG0004284,message_exists,1,
6,P4_result_misrouted,MSG0004284,is_result,1,
6,P4_result_misrouted,MSG0004284,recipient_not_ordering,1,
6,P4_result_misrouted,MSG0004284,recipient_not_covering,1,cover=None
6,P2_unread_cc,MSG0004319,message_exists,1,
6,P2_unread_cc,MSG0004319,is_cc,1,
6,P2_unread_cc,MSG0004319,no_access_event,1,accesses=0
6,P2_unread_cc,MSG0004323,message_exists,1,
6,P2_unread_cc,MSG0004323,is_cc,1,
6,P2_unread_cc,MSG0004323,no_access_event,1,accesses=0
6,P4_result_misrouted,MSG0004370,message_exists,1,
6,P4_result_misrouted,MSG0004370,is_result,1,
6,P4_result_misrouted,MSG0004370,recipient_not_ordering,1,
6,P4_result_misrouted,MSG0004370,recipient_not_covering,1,cover=None
6,P2_unread_cc,MSG0004405,message_exists,1,
6,P2_unread_cc,MSG0004405,is_cc,1,
6,P2_unread_cc,MSG0004405,no_access_event,1,accesses=0
6,P7_pingpong,MSG0004439,message_exists,1,
6,P7_pingpong,MSG0004439,at_least_two_staff_to_provider_forwards,1,staff_to_provider=2
6,P7_pingpong,MSG0004439,at_least_two_provider_to_staff_forwards,1,provider_to_staff=2
6,P7_pingpong,MSG0004439,two_or_more_round_trips,1,roundtrips=2
6,P3_extended_thread,THR0004195,thread_exists,1,
6,P3_extended_thread,THR0004195,three_or_more_patient_incoming,1,incoming=3
6,P3_extended_thread,THR0004195,four_or_more_message_exchanges,1,in+out=7
6,P3_extended_thread,THR0004195,spans_at_least_3_days,1,span_days=8.05
6,P3_extended_thread,THR0004195,no_visit_between,1,intervening_visits=0
6,P2_unread_cc,MSG0004488,message_exists,1,
6,P2_unread_cc,MSG0004488,is_cc,1,
6,P2_unread_cc,MSG0004488,no_access_event,1,accesses=0
6,P7_pingpong,MSG0004529,message_exists,1,
6,P7_pingpong,MSG0004529,at_least_two_staff_to_provider_forwards,1,staff_to_provider=2
6,P7_pingpong,MSG0004529,at_least_two_provider_to_staff_forwards,1,provider_to_staff=2
6,P7_pingpong,MSG0004529,two_or_more_round_trips,1,roundtrips=2
6,P8_nonclinical_misrouted,MSG0004539,message_exists,1,
6,P8_nonclinical_misrouted,MSG0004539,nonclinical_category,1,category=cancellation
6,P8_nonclinical_misrouted,MSG0004539,reaches_provider,1,provider_forwards=1
6,P2_unread_cc,MSG0004577,message_exists,1,
6,P2_unread_cc,MSG0004577,is_cc,1,
6,P2_unread_cc,MSG0004577,no_access_event,1,accesses=0
6,P2_unread_cc,MSG0004579,message_exists,1,
6,P2_unread_cc,MSG0004579,is_cc,1,
6,P2_unread_cc,MSG0004579,no_access_event,1,accesses=0
6,P4_result_misrouted,MSG0004635,message_exists,1,
6,P4_result_misrouted,MSG0004635,is_result,1,
6,P4_result_misrouted,MSG0004635,recipient_not_ordering,1,
6,P4_result_misrouted,MSG0004635,recipient_not_covering,1,cover=None
6,P8_nonclinical_misrouted,MSG0004698,message_exists,1,
6,P8_nonclinical_misrouted,MSG0004698,nonclinical_category,1,category=cancellation
6,P8_nonclinical_misrouted,MSG0004698,reaches_provider,1,provider_forwards=1
6,P7_pingpong,MSG0004699,message_exists,1,
6,P7_pingpong,MSG0004699,at_least_two_staff_to_provider_forwards,1,staff_to_provider=2
6,P7_pingpong,MSG0004699,at_least_two_provider_to_staff_forwards,1,provider_to_staff=2
6,P7_pingpong,MSG0004699,two_or_more_round_trips,1,roundtrips=2
6,P2_unread_cc,MSG0004744,message_exists,1,
6,P2_unread_cc,MSG0004744,is_cc,1,
6,P2_unread_cc,MSG0004744,no_access_event,1,accesses=0
6,P2_unread_cc,MSG0004748,message_exists,1,
6,P2_unread_cc,MSG0004748,is_cc,1,
6,P2_unread_cc,MSG0004748,no_access_event,1,accesses=0
6,P2_unread_cc,MSG0004751,message_exists,1,
6,P2_unread_cc,MSG0004751,is_cc,1,
6,P2_unread_cc,MSG0004751,no_access_event,1,accesses=0
6,P2_unread_cc,MSG0004753,message_exists,1,
6,P2_unread_cc,MSG0004753,is_cc,1,
6,P2_unread_cc,MSG0004753,no_access_event,1,accesses=0
6,P2_unread_cc,MSG0004757,message_exists,1,
6,P2_unread_cc,MSG0004757,is_cc,1,
6,P2_unread_cc,MSG0004757,no_access_event,1,accesses=0
6,P2_unread_cc,MSG0004758,message_exists,1,
6,P2_unread_cc,MSG0004758,is_cc,1,
6,P2_unread_cc,MSG0004758,no_access_event,1,accesses=0
6,P2_unread_cc,MSG0004759,message_exists,1,
6,P2_unread_cc,MSG0004759,is_cc,1,
6,P2_unread_cc,MSG0004759,no_access_event,1,accesses=0
6,P2_unread_cc,MSG0004760,message_exists,1,
6,P2_unread_cc,MSG0004760,is_cc,1,
6,P2_unread_cc,MSG0004760,no_access_event,1,accesses=0
6,P4_result_misrouted,MSG0004811,message_exists,1,
6,P4_result_misrouted,MSG0004811,is_result,1,
6,P4_result_misrouted,MSG0004811,recipient_not_ordering,1,
6,P4_result_misrouted,MSG0004811,recipient_not_covering,1,cover=None
6,P4_result_misrouted,MSG0004812,message_exists,1,
6,P4_result_misrouted,MSG0004812,is_result,1,
6,P4_result_misrouted,MSG0004812,recipient_not_ordering,1,
6,P4_result_misrouted,MSG0004812,recipient_not_covering,1,cover=None
6,P2_unread_cc,MSG0004828,message_exists,1,
6,P2_unread_cc,MSG0004828,is_cc,1,
6,P2_unread_cc,MSG0004828,no_access_event,1,accesses=0
6,P2_unread_cc,MSG0004829,message_exists,1,
6,P2_unread_cc,MSG0004829,is_cc,1,
6,P2_unread_cc,MSG0004829,no_access_event,1,accesses=0
6,P2_unread_cc,MSG0004830,message_exists,1,
6,P2_unread_cc,MSG0004830,is_cc,1,
6,P2_unread_cc,MSG0004830,no_access_event,1,accesses=0
6,P1_thank_you,MSG0004863,message_exists,1,
6,P1_thank_you,MSG0004863,patient_originated_portal_message,1,
6,P1_thank_you,MSG0004863,is_reply_to_prior_outbound,1,
6,P1_thank_you,MSG0004863,thread_ending,1,later_messages=0
6,P1_thank_you,MSG0004863,accessed_and_completed,1,
6,P7_pingpong,MSG0004864,message_exists,1,
6,P7_pingpong,MSG0004864,at_least_two_staff_to_provider_forwards,1,staff_to_provider=2
6,P7_pingpong,MSG0004864,at_least_two_provider_to_staff_forwards,1,provider_to_staff=2
6,P7_pingpong,MSG0004864,two_or_more_round_trips,1,roundtrips=2
6,P4_result_misrouted,MSG0004878,message_exists,1,
6,P4_result_misrouted,MSG0004878,is_result,1,
6,P4_result_misrouted,MSG0004878,recipient_not_ordering,1,
6,P4_result_misrouted,MSG0004878,recipient_not_covering,1,cover=None
6,P2_unread_cc,MSG0004914,message_exists,1,
6,P2_unread_cc,MSG0004914,is_cc,1,
6,P2_unread_cc,MSG0004914,no_access_event,1,accesses=0
6,P2_unread_cc,MSG0004920,message_exists,1,
6,P2_unread_cc,MSG0004920,is_cc,1,
6,P2_unread_cc,MSG0004920,no_access_event,1,accesses=0
6,P2_unread_cc,MSG0004923,message_exists,1,
6,P2_unread_cc,MSG0004923,is_cc,1,
6,P2_unread_cc,MSG0004923,no_access_event,1,accesses=0
6,P2_unread_cc,MSG0004926,message_exists,1,
6,P2_unread_cc,MSG0004926,is_cc,1,
6,P2_unread_cc,MSG0004926,no_access_event,1,accesses=0
6,P2_unread_cc,MSG0004929,message_exists,1,
6,P2_unread_cc,MSG0004929,is_cc,1,
6,P2_unread_cc,MSG0004929,no_access_event,1,accesses=0
6,P8_nonclinical_misrouted,MSG0004958,message_exists,1,
6,P8_nonclinical_misrouted,MSG0004958,nonclinical_category,1,category=cancellation
6,P8_nonclinical_misrouted,MSG0004958,reaches_provider,1,provider_forwards=1
6,P4_result_misrouted,MSG0004985,message_exists,1,
6,P4_result_misrouted,MSG0004985,is_result,1,
6,P4_result_misrouted,MSG0004985,recipient_not_ordering,1,
6,P4_result_misrouted,MSG0004985,recipient_not_covering,1,cover=None
6,P2_unread_cc,MSG0005006,message_exists,1,
6,P2_unread_cc,MSG0005006,is_cc,1,
6,P2_unread_cc,MSG0005006,no_access_event,1,accesses=0
6,P2_unread_cc,MSG0005010,message_exists,1,
6,P2_unread_cc,MSG0005010,is_cc,1,
6,P2_unread_cc,MSG0005010,no_access_event,1,accesses=0
6,P3_extended_thread,THR0004797,thread_exists,1,
6,P3_extended_thread,THR0004797,three_or_more_patient_incoming,1,incoming=3
6,P3_extended_thread,THR0004797,four_or_more_message_exchanges,1,in+out=6
6,P3_extended_thread,THR0004797,spans_at_least_3_days,1,span_days=9.93
6,P3_extended_thread,THR0004797,no_visit_between,1,intervening_visits=0
7,P1_thank_you,MSG0000008,message_exists,1,
7,P1_thank_you,MSG0000008,patient_originated_portal_message,1,
7,P1_thank_you,MSG0000008,is_reply_to_prior_outbound,1,
7,P1_thank_you,MSG0000008,thread_ending,1,later_messages=0
7,P1_thank_you,MSG0000008,accessed_and_completed,1,
7,P2_unread_cc,MSG0000042,message_exists,1,
7,P2_unread_cc,MSG0000042,is_cc,1,
7,P2_unread_cc,MSG0000042,no_access_event,1,accesses=0
7,P2_unread_cc,MSG0000044,message_exists,1,
7,P2_unread_cc,MSG0000044,is_cc,1,
7,P2_unread_cc,MSG0000044,no_access_event,1,accesses=0
7,P2_unread_cc,MSG0000046,message_exists,1,
7,P2_unread_cc,MSG0000046,is_cc,1,
7,P2_unread_cc,MSG0000046,no_access_event,1,accesses=0
7,P2_unread_cc,MSG0000047,message_exists,1,
7,P2_unread_cc,MSG0000047,is_cc,1,
7,P2_unread_cc,MSG0000047,no_access_event,1,accesses=0
7,P2_unread_cc,MSG0000049,message_exists,1,
7,P2_unread_cc,MSG0000049,is_cc,1,
7,P2_unread_cc,MSG0000049,no_access_event,1,accesses=0
7,P1_thank_you,MSG0000078,message_exists,1,
7,P1_thank_you,MSG0000078,patient_originated_portal_message,1,
7,P1_thank_you,MSG0000078,is_reply_to_prior_outbound,1,
7,P1_thank_you,MSG0000078,thread_ending,1,later_messages=0
7,P1_thank_you,MSG0000078,accessed_and_completed,1,
7,P8_nonclinical_misrouted,MSG0000085,message_exists,1,
7,P8_nonclinical_misrouted,MSG0000085,nonclinical_category,1,category=billing_question
7,P8_nonclinical_misrouted,MSG0000085,reaches_provider,1,provider_forwards=1
7,P2_unread_cc,MSG0000118,message_exists,1,
7,P2_unread_cc,MSG0000118,is_cc,1,
7,P2_unread_cc,MSG0000118,no_access_event,1,accesses=0
7,P2_unread_cc,MSG0000119,message_exists,1,
7,P2_unread_cc,MSG0000119,is_cc,1,
7,P2_unread_cc,MSG0000119,no_access_event,1,accesses=0
7,P2_unread_cc,MSG0000123,message_exists,1,
7,P2_unread_cc,MSG0000123,is_cc,1,
7,P2_unread_cc,MSG0000123,no_access_event,1,accesses=0
7,P2_unread_cc,MSG0000127,message_exists,1,
7,P2_unread_cc,MSG0000127,is_cc,1,
7,P2_unread_cc,MSG0000127,no_access_event,1,accesses=0
7,P2_unread_cc,MSG0000129,message_exists,1,
7,P2_unread_cc,MSG0000129,is_cc,1,
7,P2_unread_cc,MSG0000129,no_access_event,1,accesses=0
7,P2_unread_cc,MSG0000132,message_exists,1,
7,P2_unread_cc,MSG0000132,is_cc,1,
7,P2_unread_cc,MSG0000132,no_access_event,1,accesses=0
7,P1_thank_you,MSG0000158,message_exists,1,
7,P1_thank_you,MSG0000158,patient_originated_portal_message,1,
7,P1_thank_you,MSG0000158,is_reply_to_prior_outbound,1,
7,P1_thank_you,MSG0000158,thread_ending,1,later_messages=0
7,P1_thank_you,MSG0000158,accessed_and_completed,1,
7,P2_unread_cc,MSG0000190,message_exists,1,
7,P2_unread_cc,MSG0000190,is_cc,1,
7,P2_unread_cc,MSG0000190,no_access_event,1,accesses=0
7,P2_unread_cc,MSG0000192,message_exists,1,
7,P2_unread_cc,MSG0000192,is_cc,1,
7,P2_unread_cc,MSG0000192,no_access_event,1,accesses=0
7,P2_unread_cc,MSG0000194,message_exists,1,
7,P2_unread_cc,MSG0000194,is_cc,1,
7,P2_unread_cc,MSG0000194,no_access_event,1,accesses=0
7,P2_unread_cc,MSG0000264,message_exists,1,
7,P2_unread_cc,MSG0000264,is_cc,1,
7,P2_unread_cc,MSG0000264,no_access_event,1,accesses=0
7,P2_unread_cc,MSG0000266,message_exists,1,
7,P2_unread_cc,MSG0000266,is_cc,1,
7,P2_unread_cc,MSG0000266,no_access_event,1,accesses=0
7,P2_unread_cc,MSG0000339,message_exists,1,
7,P2_unread_cc,MSG0000339,is_cc,1,
7,P2_unread_cc,MSG0000339,no_access_event,1,accesses=0
7,P2_unread_cc,MSG0000341,message_exists,1,
7,P2_unread_cc,MSG0000341,is_cc,1,
7,P2_unread_cc,MSG0000341,no_access_event,1,accesses=0
7,P2_unread_cc,MSG0000403,message_exists,1,
7,P2_unread_cc,MSG0000403,is_cc,1,
7,P2_unread_cc,MSG0000403,no_access_event,1,accesses=0
7,P2_unread_cc,MSG0000404,message_exists,1,
7,P2_unread_cc,MSG0000404,is_cc,1,
7,P2_unread_cc,MSG0000404,no_access_event,1,accesses=0
7,P2_unread_cc,MSG0000409,message_exists,1,
7,P2_unread_cc,MSG0000409,is_cc,1,
7,P2_unread_cc,MSG0000409,no_access_event,1,accesses=0
7,P2_unread_cc,MSG0000411,message_exists,1,
7,P2_unread_cc,MSG0000411,is_cc,1,
7,P2_unread_cc,MSG0000411,no_access_event,1,accesses=0
7,P2_unread_cc,MSG0000413,message_exists,1,
7,P2_unread_cc,MSG0000413,is_cc,1,
7,P2_unread_cc,MSG0000413,no_access_event,1,accesses=0
7,P2_unread_cc,MSG0000417,message_exists,1,
7,P2_unread_cc,MSG0000417,is_cc,1,
7,P2_unread_cc,MSG0000417,no_access_event,1,accesses=0
7,P2_unread_cc,MSG0000478,message_exists,1,
7,P2_unread_cc,MSG0000478,is_cc,1,
7,P2_unread_cc,MSG0000478,no_access_event,1,accesses=0
7,P2_unread_cc,MSG0000483,message_exists,1,
7,P2_unread_cc,MSG0000483,is_cc,1,
7,P2_unread_cc,MSG0000483,no_access_event,1,accesses=0
7,P2_unread_cc,MSG0000488,message_exists,1,
7,P2_unread_cc,MSG0000488,is_cc,1,
7,P2_unread_cc,MSG0000488,no_access_event,1,accesses=0
7,P4_result_misrouted,MSG0000548,message_exists,1,
7,P4_result_misrouted,MSG0000548,is_result,1,
7,P4_result_misrouted,MSG0000548,recipient_not_ordering,1,
7,P4_result_misrouted,MSG0000548,recipient_not_covering,1,cover=None
7,P2_unread_cc,MSG0000573,message_exists,1,
7,P2_unread_cc,MSG0000573,is_cc,1,
7,P2_unread_cc,MSG0000573,no_access_event,1,accesses=0
7,P2_unread_cc,MSG0000575,message_exists,1,
7,P2_unread_cc,MSG0000575,is_cc,1,
7,P2_unread_cc,MSG0000575,no_access_event,1,accesses=0
7,P2_unread_cc,MSG0000576,message_exists,1,
7,P2_unread_cc,MSG0000576,is_cc,1,
7,P2_unread_cc,MSG0000576,no_access_event,1,accesses=0
7,P2_unread_cc,MSG0000582,message_exists,1,
7,P2_unread_cc,MSG0000582,is_cc,1,
7,P2_unread_cc,MSG0000582,no_access_event,1,accesses=0
7,P2_unread_cc,MSG0000583,message_exists,1,
7,P2_unread_cc,MSG0000583,is_cc,1,
7,P2_unread_cc,MSG0000583,no_access_event,1,accesses=0
7,P7_pingpong,MSG0000622,message_exists,1,
7,P7_pingpong,MSG0000622,at_least_two_staff_to_provider_forwards,1,staff_to_provider=2
7,P7_pingpong,MSG0000622,at_least_two_provider_to_staff_forwards,1,provider_to_staff=2
7,P7_pingpong,MSG0000622,two_or_more_round_trips,1,roundtrips=2
7,P4_result_misrouted,MSG0000648,message_exists,1,
7,P4_result_misrouted,MSG0000648,is_result,1,
7,P4_result_misrouted,MSG0000648,recipient_not_ordering,1,
7,P4_result_misrouted,MSG0000648,recipient_not_covering,1,cover=None
7,P2_unread_cc,MSG0000681,message_exists,1,
7,P2_unread_cc,MSG0000681,is_cc,1,
7,P2_unread_cc,MSG0000681,no_access_event,1,accesses=0
7,P8_nonclinical_misrouted,MSG0000713,message_exists,1,
7,P8_nonclinical_misrouted,MSG0000713,nonclinical_category,1,category=cancellation
7,P8_nonclinical_misrouted,MSG0000713,reaches_provider,1,provider_forwards=1
7,P4_result_misrouted,MSG0000731,message_exists,1,
7,P4_result_misrouted,MSG0000731,is_result,1,
7,P4_result_misrouted,MSG0000731,recipient_not_ordering,1,
7,P4_result_misrouted,MSG0000731,recipient_not_covering,1,cover=None
7,P2_unread_cc,MSG0000750,message_exists,1,
7,P2_unread_cc,MSG0000750,is_cc,1,
7,P2_unread_cc,MSG0000750,no_access_event,1,accesses=0
7,P2_unread_cc,MSG0000751,message_exists,1,
7,P2_unread_cc,MSG0000751,is_cc,1,
7,P2_unread_cc,MSG0000751,no_access_event,1,accesses=0
7,P2_unread_cc,MSG0000812,message_exists,1,
7,P2_unread_cc,MSG0000812,is_cc,1,
7,P2_unread_cc,MSG0000812,no_access_event,1,accesses=0
7,P2_unread_cc,MSG0000813,message_exists,1,
7,P2_unread_cc,MSG0000813,is_cc,1,
7,P2_unread_cc,MSG0000813,no_access_event,1,accesses=0
7,P2_unread_cc,MSG0000814,message_exists,1,
7,P2_unread_cc,MSG0000814,is_cc,1,
7,P2_unread_cc,MSG0000814,no_access_event,1,accesses=0
7,P2_unread_cc,MSG0000883,message_exists,1,
7,P2_unread_cc,MSG0000883,is_cc,1,
7,P2_unread_cc,MSG0000883,no_access_event,1,accesses=0
7,P2_unread_cc,MSG0000888,message_exists,1,
7,P2_unread_cc,MSG0000888,is_cc,1,
7,P2_unread_cc,MSG0000888,no_access_event,1,accesses=0
7,P3_extended_thread,THR0000891,thread_exists,1,
7,P3_extended_thread,THR0000891,three_or_more_patient_incoming,1,incoming=3
7,P3_extended_thread,THR0000891,four_or_more_message_exchanges,1,in+out=6
7,P3_extended_thread,THR0000891,spans_at_least_3_days,1,span_days=9.60
7,P3_extended_thread,THR0000891,no_visit_between,1,intervening_visits=0
7,P2_unread_cc,MSG0000976,message_exists,1,
7,P2_unread_cc,MSG0000976,is_cc,1,
7,P2_unread_cc,MSG0000976,no_access_event,1,accesses=0
7,P2_unread_cc,MSG0001040,message_exists,1,
7,P2_unread_cc,MSG0001040,is_cc,1,
7,P2_unread_cc,MSG0001040,no_access_event,1,accesses=0
7,P2_unread_cc,MSG0001042,message_exists,1,
7,P2_unread_cc,MSG0001042,is_cc,1,
7,P2_unread_cc,MSG0001042,no_access_event,1,accesses=0
7,P2_unread_cc,MSG0001044,message_exists,1,
7,P2_unread_cc,MSG0001044,is_cc,1,
7,P2_unread_cc,MSG0001044,no_access_event,1,accesses=0
7,P2_unread_cc,MSG0001049,message_exists,1,
7,P2_unread_cc,MSG0001049,is_cc,1,
7,P2_unread_cc,MSG0001049,no_access_event,1,accesses=0
7,P1_thank_you,MSG0001086,message_exists,1,
7,P1_thank_you,MSG0001086,patient_originated_portal_message,1,
7,P1_thank_you,MSG0001086,is_reply_to_prior_outbound,1,
7,P1_thank_you,MSG0001086,thread_ending,1,later_messages=0
7,P1_thank_you,MSG0001086,accessed_and_completed,1,
7,P2_unread_cc,MSG0001124,message_exists,1,
7,P2_unread_cc,MSG0001124,is_cc,1,
7,P2_unread_cc,MSG0001124,no_access_event,1,accesses=0
7,P2_unread_cc,MSG0001131,message_exists,1,
7,P2_unread_cc,MSG0001131,is_cc,1,
7,P2_unread_cc,MSG0001131,no_access_event,1,accesses=0
7,P2_unread_cc,MSG0001134,message_exists,1,
7,P2_unread_cc,MSG0001134,is_cc,1,
7,P2_unread_cc,MSG0001134,no_access_event,1,accesses=0
7,P7_pingpong,MSG0001222,message_exists,1,
7,P7_pingpong,MSG0001222,at_least_two_staff_to_provider_forwards,1,staff_to_provider=2
7,P7_pingpong,MSG0001222,at_least_two_provider_to_staff_forwards,1,provider_to_staff=2
7,P7_pingpong,MSG0001222,two_or_more_round_trips,1,roundtrips=2
7,P2_unread_cc,MSG0001291,message_exists,1,
7,P2_unread_cc,MSG0001291,is_cc,1,
7,P2_unread_cc,MSG0001291,no_access_event,1,accesses=0
7,P2_unread_cc,MSG0001295,message_exists,1,
7,P2_unread_cc,MSG0001295,is_cc,1,
7,P2_unread_cc,MSG0001295,no_access_event,1,accesses=0
7,P2_unread_cc,MSG0001297,message_exists,1,
7,P2_unread_cc,MSG0001297,is_cc,1,
7,P2_unread_cc,MSG0001297,no_access_event,1,accesses=0
7,P2_unread_cc,MSG0001298,message_exists,1,
7,P2_unread_cc,MSG0001298,is_cc,1,
7,P2_unread_cc,MSG0001298,no_access_event,1,accesses=0
7,P2_unread_cc,MSG0001373,message_exists,1,
7,P2_unread_cc,MSG0001373,is_cc,1,
7,P2_unread_cc,MSG0001373,no_access_event,1,accesses=0
7,P3_extended_thread,THR0001347,thread_exists,1,
7,P3_extended_thread,THR0001347,three_or_more_patient_incoming,1,incoming=3
7,P3_extended_thread,THR0001347,four_or_more_message_exchanges,1,in+out=6
7,P3_extended_thread,THR0001347,spans_at_least_3_days,1,span_days=7.18
7,P3_extended_thread,THR0001347,no_visit_between,1,intervening_visits=0
7,P2_unread_cc,MSG0001454,message_exists,1,
7,P2_unread_cc,MSG0001454,is_cc,1,
7,P2_unread_cc,MSG0001454,no_access_event,1,accesses=0
7,P2_unread_cc,MSG0001459,message_exists,1,
7,P2_unread_cc,MSG0001459,is_cc,1,
7,P2_unread_cc,MSG0001459,no_access_event,1,accesses=0
7,P2_unread_cc,MSG0001463,message_exists,1,
7,P2_unread_cc,MSG0001463,is_cc,1,
7,P2_unread_cc,MSG0001463,no_access_event,1,accesses=0
7,P2_unread_cc,MSG0001466,message_exists,1,
7,P2_unread_cc,MSG0001466,is_cc,1,
7,P2_unread_cc,MSG0001466,no_access_event,1,accesses=0
7,P2_unread_cc,MSG0001468,message_exists,1,
7,P2_unread_cc,MSG0001468,is_cc,1,
7,P2_unread_cc,MSG0001468,no_access_event,1,accesses=0
7,P3_extended_thread,THR0001430,thread_exists,1,
7,P3_extended_thread,THR0001430,three_or_more_patient_incoming,1,incoming=3
7,P3_extended_thread,THR0001430,four_or_more_message_exchanges,1,in+out=7
7,P3_extended_thread,THR0001430,spans_at_least_3_days,1,span_days=9.07
7,P3_extended_thread,THR0001430,no_visit_between,1,intervening_visits=0
7,P4_result_misrouted,MSG0001578,message_exists,1,
7,P4_result_misrouted,MSG0001578,is_result,1,
7,P4_result_misrouted,MSG0001578,recipient_not_ordering,1,
7,P4_result_misrouted,MSG0001578,recipient_not_covering,1,cover=None
7,P4_result_misrouted,MSG0001583,message_exists,1,
7,P4_result_misrouted,MSG0001583,is_result,1,
7,P4_result_misrouted,MSG0001583,recipient_not_ordering,1,
7,P4_result_misrouted,MSG0001583,recipient_not_covering,1,cover=None
7,P2_unread_cc,MSG0001607,message_exists,1,
7,P2_unread_cc,MSG0001607,is_cc,1,
7,P2_unread_cc,MSG0001607,no_access_event,1,accesses=0
7,P2_unread_cc,MSG0001608,message_exists,1,
7,P2_unread_cc,MSG0001608,is_cc,1,
7,P2_unread_cc,MSG0001608,no_access_event,1,accesses=0
7,P2_unread_cc,MSG0001611,message_exists,1,
7,P2_unread_cc,MSG0001611,is_cc,1,
7,P2_unread_cc,MSG0001611,no_access_event,1,accesses=0
7,P1_thank_you,MSG0001653,message_exists,1,
7,P1_thank_you,MSG0001653,patient_originated_portal_message,1,
7,P1_thank_you,MSG0001653,is_reply_to_prior_outbound,1,
7,P1_thank_you,MSG0001653,thread_ending,1,later_messages=0
7,P1_thank_you,MSG0001653,accessed_and_completed,1,
7,P2_unread_cc,MSG0001692,message_exists,1,
7,P2_unread_cc,MSG0001692,is_cc,1,
7,P2_unread_cc,MSG0001692,no_access_event,1,accesses=0
7,P2_unread_cc,MSG0001694,message_exists,1,
7,P2_unread_cc,MSG0001694,is_cc,1,
7,P2_unread_cc,MSG0001694,no_access_event,1,accesses=0
7,P2_unread_cc,MSG0001771,message_exists,1,
7,P2_unread_cc,MSG0001771,is_cc,1,
7,P2_unread_cc,MSG0001771,no_access_event,1,accesses=0
7,P2_unread_cc,MSG0001857,message_exists,1,
7,P2_unread_cc,MSG0001857,is_cc,1,
7,P2_unread_cc,MSG0001857,no_access_event,1,accesses=0
7,P7_pingpong,MSG0001893,message_exists,1,
7,P7_pingpong,MSG0001893,at_least_two_staff_to_provider_forwards,1,staff_to_provider=2
7,P7_pingpong,MSG0001893,at_least_two_provider_to_staff_forwards,1,provider_to_staff=2
7,P7_pingpong,MSG0001893,two_or_more_round_trips,1,roundtrips=2
7,P2_unread_cc,MSG0001938,message_exists,1,
7,P2_unread_cc,MSG0001938,is_cc,1,
7,P2_unread_cc,MSG0001938,no_access_event,1,accesses=0
7,P2_unread_cc,MSG0001943,message_exists,1,
7,P2_unread_cc,MSG0001943,is_cc,1,
7,P2_unread_cc,MSG0001943,no_access_event,1,accesses=0
7,P8_nonclinical_misrouted,MSG0001986,message_exists,1,
7,P8_nonclinical_misrouted,MSG0001986,nonclinical_category,1,category=cancellation
7,P8_nonclinical_misrouted,MSG0001986,reaches_provider,1,provider_forwards=1
7,P8_nonclinical_misrouted,MSG0001990,message_exists,1,
7,P8_nonclinical_misrouted,MSG0001990,nonclinical_category,1,category=appointment_request
7,P8_nonclinical_misrouted,MSG0001990,reaches_provider,1,provider_forwards=1
7,P4_result_misrouted,MSG0001994,message_exists,1,
7,P4_result_misrouted,MSG0001994,is_result,1,
7,P4_result_misrouted,MSG0001994,recipient_not_ordering,1,
7,P4_result_misrouted,MSG0001994,recipient_not_covering,1,cover=None
7,P2_unread_cc,MSG0002031,message_exists,1,
7,P2_unread_cc,MSG0002031,is_cc,1,
7,P2_unread_cc,MSG0002031,no_access_event,1,accesses=0
7,P2_unread_cc,MSG0002038,message_exists,1,
7,P2_unread_cc,MSG0002038,is_cc,1,
7,P2_unread_cc,MSG0002038,no_access_event,1,accesses=0
7,P2_unread_cc,MSG0002039,message_exists,1,
7,P2_unread_cc,MSG0002039,is_cc,1,
7,P2_unread_cc,MSG0002039,no_access_event,1,accesses=0
7,P8_nonclinical_misrouted,MSG0002075,message_exists,1,
7,P8_nonclinical_misrouted,MSG0002075,nonclinical_category,1,category=appointment_request
7,P8_nonclinical_misrouted,MSG0002075,reaches_provider,1,provider_forwards=1
7,P2_unread_cc,MSG0002101,message_exists,1,
7,P2_unread_cc,MSG0002101,is_cc,1,
7,P2_unread_cc,MSG0002101,no_access_event,1,accesses=0
7,P2_unread_cc,MSG0002106,message_exists,1,
7,P2_unread_cc,MSG0002106,is_cc,1,
7,P2_unread_cc,MSG0002106,no_access_event,1,accesses=0
7,P2_unread_cc,MSG0002107,message_exists,1,
7,P2_unread_cc,MSG0002107,is_cc,1,
7,P2_unread_cc,MSG0002107,no_access_event,1,accesses=0
7,P2_unread_cc,MSG0002108,message_exists,1,
7,P2_unread_cc,MSG0002108,is_cc,1,
7,P2_unread_cc,MSG0002108,no_access_event,1,accesses=0
7,P4_result_misrouted,MSG0002154,message_exists,1,
7,P4_result_misrouted,MSG0002154,is_result,1,
7,P4_result_misrouted,MSG0002154,recipient_not_ordering,1,
7,P4_result_misrouted,MSG0002154,recipient_not_covering,1,cover=None
7,P2_unread_cc,MSG0002178,message_exists,1,
7,P2_unread_cc,MSG0002178,is_cc,1,
7,P2_unread_cc,MSG0002178,no_access_event,1,accesses=0
7,P2_unread_cc,MSG0002180,message_exists,1,
7,P2_unread_cc,MSG0002180,is_cc,1,
7,P2_unread_cc,MSG0002180,no_access_event,1,accesses=0
7,P2_unread_cc,MSG0002308,message_exists,1,
7,P2_unread_cc,MSG0002308,is_cc,1,
7,P2_unread_cc,MSG0002308,no_access_event,1,accesses=0
7,P2_unread_cc,MSG0002310,message_exists,1,
7,P2_unread_cc,MSG0002310,is_cc,1,
7,P2_unread_cc,MSG0002310,no_access_event,1,accesses=0
7,P2_unread_cc,MSG0002399,message_exists,1,
7,P2_unread_cc,MSG0002399,is_cc,1,
7,P2_unread_cc,MSG0002399,no_access_event,1,accesses=0
7,P2_unread_cc,MSG0002405,message_exists,1,
7,P2_unread_cc,MSG0002405,is_cc,1,
7,P2_unread_cc,MSG0002405,no_access_event,1,accesses=0
7,P2_unread_cc,MSG0002406,message_exists,1,
7,P2_unread_cc,MSG0002406,is_cc,1,
7,P2_unread_cc,MSG0002406,no_access_event,1,accesses=0
7,P2_unread_cc,MSG0002410,message_exists,1,
7,P2_unread_cc,MSG0002410,is_cc,1,
7,P2_unread_cc,MSG0002410,no_access_event,1,accesses=0
7,P1_thank_you,MSG0002478,message_exists,1,
7,P1_thank_you,MSG0002478,patient_originated_portal_message,1,
7,P1_thank_you,MSG0002478,is_reply_to_prior_outbound,1,
7,P1_thank_you,MSG0002478,thread_ending,1,later_messages=0
7,P1_thank_you,MSG0002478,accessed_and_completed,1,
7,P4_result_misrouted,MSG0002525,message_exists,1,
7,P4_result_misrouted,MSG0002525,is_result,1,
7,P4_result_misrouted,MSG0002525,recipient_not_ordering,1,
7,P4_result_misrouted,MSG0002525,recipient_not_covering,1,cover=None
7,P2_unread_cc,MSG0002581,message_exists,1,
7,P2_unread_cc,MSG0002581,is_cc,1,
7,P2_unread_cc,MSG0002581,no_access_event,1,accesses=0
7,P2_unread_cc,MSG0002587,message_exists,1,
7,P2_unread_cc,MSG0002587,is_cc,1,
7,P2_unread_cc,MSG0002587,no_access_event,1,accesses=0
7,P2_unread_cc,MSG0002589,message_exists,1,
7,P2_unread_cc,MSG0002589,is_cc,1,
7,P2_unread_cc,MSG0002589,no_access_event,1,accesses=0
7,P2_unread_cc,MSG0002647,message_exists,1,
7,P2_unread_cc,MSG0002647,is_cc,1,
7,P2_unread_cc,MSG0002647,no_access_event,1,accesses=0
7,P2_unread_cc,MSG0002654,message_exists,1,
7,P2_unread_cc,MSG0002654,is_cc,1,
7,P2_unread_cc,MSG0002654,no_access_event,1,accesses=0
7,P2_unread_cc,MSG0002658,message_exists,1,
7,P2_unread_cc,MSG0002658,is_cc,1,
7,P2_unread_cc,MSG0002658,no_access_event,1,accesses=0
7,P3_extended_thread,THR0002562,thread_exists,1,
7,P3_extended_thread,THR0002562,three_or_more_patient_incoming,1,incoming=3
7,P3_extended_thread,THR0002562,four_or_more_message_exchanges,1,in+out=6
7,P3_extended_thread,THR0002562,spans_at_least_3_days,1,span_days=7.76
7,P3_extended_thread,THR0002562,no_visit_between,1,intervening_visits=0
7,P2_unread_cc,MSG0002741,message_exists,1,
7,P2_unread_cc,MSG0002741,is_cc,1,
7,P2_unread_cc,MSG0002741,no_access_event,1,accesses=0
7,P4_result_misrouted,MSG0002796,message_exists,1,
7,P4_result_misrouted,MSG0002796,is_result,1,
7,P4_result_misrouted,MSG0002796,recipient_not_ordering,1,
7,P4_result_misrouted,MSG0002796,recipient_not_covering,1,cover=None
7,P2_unread_cc,MSG0002832,message_exists,1,
7,P2_unread_cc,MSG0002832,is_cc,1,
7,P2_unread_cc,MSG0002832,no_access_event,1,accesses=0
7,P2_unread_cc,MSG0002833,message_exists,1,
7,P2_unread_cc,MSG0002833,is_cc,1,
7,P2_unread_cc,MSG0002833,no_access_event,1,accesses=0
7,P2_unread_cc,MSG0002837,message_exists,1,
7,P2_unread_cc,MSG0002837,is_cc,1,
7,P2_unread_cc,MSG0002837,no_access_event,1,accesses=0
7,P2_unread_cc,MSG0002901,message_exists,1,
7,P2_unread_cc,MSG0002901,is_cc,1,
7,P2_unread_cc,MSG0002901,no_access_event,1,accesses=0
7,P4_result_misrouted,MSG0002952,message_exists,1,
7,P4_result_misrouted,MSG0002952,is_result,1,
7,P4_result_misrouted,MSG0002952,recipient_not_ordering,1,
7,P4_result_misrouted,MSG0002952,recipient_not_covering,1,cover=None
7,P2_unread_cc,MSG0002976,message_exists,1,
7,P2_unread_cc,MSG0002976,is_cc,1,
7,P2_unread_cc,MSG0002976,no_access_event,1,accesses=0
7,P2_unread_cc,MSG0002980,message_exists,1,
7,P2_unread_cc,MSG0002980,is_cc,1,
7,P2_unread_cc,MSG0002980,no_access_event,1,accesses=0
7,P2_unread_cc,MSG0002981,message_exists,1,
7,P2_unread_cc,MSG0002981,is_cc,1,
7,P2_unread_cc,MSG0002981,no_access_event,1,accesses=0
7,P2_unread_cc,MSG0002983,message_exists,1,
7,P2_unread_cc,MSG0002983,is_cc,1,
7,P2_unread_cc,MSG0002983,no_access_event,1,accesses=0
7,P4_result_misrouted,MSG0003052,message_exists,1,
7,P4_result_misrouted,MSG0003052,is_result,1,
7,P4_result_misrouted,MSG0003052,recipient_not_ordering,1,
7,P4_result_misrouted,MSG0003052,recipient_not_covering,1,cover=None
7,P2_unread_cc,MSG0003074,message_exists,1,
7,P2_unread_cc,MSG0003074,is_cc,1,
7,P2_unread_cc,MSG0003074,no_access_event,1,accesses=0
7,P4_result_misrouted,MSG0003125,message_exists,1,
7,P4_result_misrouted,MSG0003125,is_result,1,
7,P4_result_misrouted,MSG0003125,recipient_not_ordering,1,
7,P4_result_misrouted,MSG0003125,recipient_not_covering,1,cover=None
7,P2_unread_cc,MSG0003142,message_exists,1,
7,P2_unread_cc,MSG0003142,is_cc,1,
7,P2_unread_cc,MSG0003142,no_access_event,1,accesses=0
7,P2_unread_cc,MSG0003144,message_exists,1,
7,P2_unread_cc,MSG0003144,is_cc,1,
7,P2_unread_cc,MSG0003144,no_access_event,1,accesses=0
7,P2_unread_cc,MSG0003148,message_exists,1,
7,P2_unread_cc,MSG0003148,is_cc,1,
7,P2_unread_cc,MSG0003148,no_access_event,1,accesses=0
7,P4_result_misrouted,MSG0003189,message_exists,1,
7,P4_result_misrouted,MSG0003189,is_result,1,
7,P4_result_misrouted,MSG0003189,recipient_not_ordering,1,
7,P4_result_misrouted,MSG0003189,recipient_not_covering,1,cover=None
7,P4_result_misrouted,MSG0003193,message_exists,1,
7,P4_result_misrouted,MSG0003193,is_result,1,
7,P4_result_misrouted,MSG0003193,recipient_not_ordering,1,
7,P4_result_misrouted,MSG0003193,recipient_not_covering,1,cover=None
7,P2_unread_cc,MSG0003209,message_exists,1,
7,P2_unread_cc,MSG0003209,is_cc,1,
7,P2_unread_cc,MSG0003209,no_access_event,1,accesses=0
7,P2_unread_cc,MSG0003210,message_exists,1,
7,P2_unread_cc,MSG0003210,is_cc,1,
7,P2_unread_cc,MSG0003210,no_access_event,1,accesses=0
7,P2_unread_cc,MSG0003214,message_exists,1,
7,P2_unread_cc,MSG0003214,is_cc,1,
7,P2_unread_cc,MSG0003214,no_access_event,1,accesses=0
7,P2_unread_cc,MSG0003217,message_exists,1,
7,P2_unread_cc,MSG0003217,is_cc,1,
7,P2_unread_cc,MSG0003217,no_access_event,1,accesses=0
7,P4_result_misrouted,MSG0003284,message_exists,1,
7,P4_result_misrouted,MSG0003284,is_result,1,
7,P4_result_misrouted,MSG0003284,recipient_not_ordering,1,
7,P4_result_misrouted,MSG0003284,recipient_not_covering,1,cover=None
7,P2_unread_cc,MSG0003305,message_exists,1,
7,P2_unread_cc,MSG0003305,is_cc,1,
7,P2_unread_cc,MSG0003305,no_access_event,1,accesses=0
7,P2_unread_cc,MSG0003307,message_exists,1,
7,P2_unread_cc,MSG0003307,is_cc,1,
7,P2_unread_cc,MSG0003307,no_access_event,1,accesses=0
7,P2_unread_cc,MSG0003310,message_exists,1,
7,P2_unread_cc,MSG0003310,is_cc,1,
7,P2_unread_cc,MSG0003310,no_access_event,1,accesses=0
7,P2_unread_cc,MSG0003311,message_exists,1,
7,P2_unread_cc,MSG0003311,is_cc,1,
7,P2_unread_cc,MSG0003311,no_access_event,1,accesses=0
7,P2_unread_cc,MSG0003313,message_exists,1,
7,P2_unread_cc,MSG0003313,is_cc,1,
7,P2_unread_cc,MSG0003313,no_access_event,1,accesses=0
7,P2_unread_cc,MSG0003321,message_exists,1,
7,P2_unread_cc,MSG0003321,is_cc,1,
7,P2_unread_cc,MSG0003321,no_access_event,1,accesses=0
7,P2_unread_cc,MSG0003322,message_exists,1,
7,P2_unread_cc,MSG0003322,is_cc,1,
7,P2_unread_cc,MSG0003322,no_access_event,1,accesses=0
7,P1_thank_you,MSG0003360,message_exists,1,
7,P1_thank_you,MSG0003360,patient_originated_portal_message,1,
7,P1_thank_you,MSG0003360,is_reply_to_prior_outbound,1,
7,P1_thank_you,MSG0003360,thread_ending,1,later_messages=0
7,P1_thank_you,MSG0003360,accessed_and_completed,1,
7,P2_unread_cc,MSG0003402,message_exists,1,
7,P2_unread_cc,MSG0003402,is_cc,1,
7,P2_unread_cc,MSG0003402,no_access_event,1,accesses=0
7,P3_extended_thread,THR0003288,thread_exists,1,
7,P3_extended_thread,THR0003288,three_or_more_patient_incoming,1,incoming=3
7,P3_extended_thread,THR0003288,four_or_more_message_exchanges,1,in+out=6
7,P3_extended_thread,THR0003288,spans_at_least_3_days,1,span_days=5.98
7,P3_extended_thread,THR0003288,no_visit_between,1,intervening_visits=0
7,P2_unread_cc,MSG0003492,message_exists,1,
7,P2_unread_cc,MSG0003492,is_cc,1,
7,P2_unread_cc,MSG0003492,no_access_event,1,accesses=0
7,P4_result_misrouted,MSG0003525,message_exists,1,
7,P4_result_misrouted,MSG0003525,is_result,1,
7,P4_result_misrouted,MSG0003525,recipient_not_ordering,1,
7,P4_result_misrouted,MSG0003525,recipient_not_covering,1,cover=None
7,P2_unread_cc,MSG0003564,message_exists,1,
7,P2_unread_cc,MSG0003564,is_cc,1,
7,P2_unread_cc,MSG0003564,no_access_event,1,accesses=0
7,P2_unread_cc,MSG0003580,message_exists,1,
7,P2_unread_cc,MSG0003580,is_cc,1,
7,P2_unread_cc,MSG0003580,no_access_event,1,accesses=0
7,P7_pingpong,MSG0003618,message_exists,1,
7,P7_pingpong,MSG0003618,at_least_two_staff_to_provider_forwards,1,staff_to_provider=2
7,P7_pingpong,MSG0003618,at_least_two_provider_to_staff_forwards,1,provider_to_staff=2
7,P7_pingpong,MSG0003618,two_or_more_round_trips,1,roundtrips=2
7,P4_result_misrouted,MSG0003621,message_exists,1,
7,P4_result_misrouted,MSG0003621,is_result,1,
7,P4_result_misrouted,MSG0003621,recipient_not_ordering,1,
7,P4_result_misrouted,MSG0003621,recipient_not_covering,1,cover=None
7,P2_unread_cc,MSG0003661,message_exists,1,
7,P2_unread_cc,MSG0003661,is_cc,1,
7,P2_unread_cc,MSG0003661,no_access_event,1,accesses=0
7,P2_unread_cc,MSG0003664,message_exists,1,
7,P2_unread_cc,MSG0003664,is_cc,1,
7,P2_unread_cc,MSG0003664,no_access_event,1,accesses=0
7,P2_unread_cc,MSG0003755,message_exists,1,
7,P2_unread_cc,MSG0003755,is_cc,1,
7,P2_unread_cc,MSG0003755,no_access_event,1,accesses=0
7,P4_result_misrouted,MSG0003886,message_exists,1,
7,P4_result_misrouted,MSG0003886,is_result,1,
7,P4_result_misrouted,MSG0003886,recipient_not_ordering,1,
7,P4_result_misrouted,MSG0003886,recipient_not_covering,1,cover=None
7,P4_result_misrouted,MSG0003897,message_exists,1,
7,P4_result_misrouted,MSG0003897,is_result,1,
7,P4_result_misrouted,MSG0003897,recipient_not_ordering,1,
7,P4_result_misrouted,MSG0003897,recipient_not_covering,1,cover=None
7,P2_unread_cc,MSG0004006,message_exists,1,
7,P2_unread_cc,MSG0004006,is_cc,1,
7,P2_unread_cc,MSG0004006,no_access_event,1,accesses=0
7,P2_unread_cc,MSG0004007,message_exists,1,
7,P2_unread_cc,MSG0004007,is_cc,1,
7,P2_unread_cc,MSG0004007,no_access_event,1,accesses=0
7,P2_unread_cc,MSG0004008,message_exists,1,
7,P2_unread_cc,MSG0004008,is_cc,1,
7,P2_unread_cc,MSG0004008,no_access_event,1,accesses=0
7,P7_pingpong,MSG0004051,message_exists,1,
7,P7_pingpong,MSG0004051,at_least_two_staff_to_provider_forwards,1,staff_to_provider=2
7,P7_pingpong,MSG0004051,at_least_two_provider_to_staff_forwards,1,provider_to_staff=2
7,P7_pingpong,MSG0004051,two_or_more_round_trips,1,roundtrips=2
7,P2_unread_cc,MSG0004085,message_exists,1,
7,P2_unread_cc,MSG0004085,is_cc,1,
7,P2_unread_cc,MSG0004085,no_access_event,1,accesses=0
7,P2_unread_cc,MSG0004086,message_exists,1,
7,P2_unread_cc,MSG0004086,is_cc,1,
7,P2_unread_cc,MSG0004086,no_access_event,1,accesses=0
7,P2_unread_cc,MSG0004088,message_exists,1,
7,P2_unread_cc,MSG0004088,is_cc,1,
7,P2_unread_cc,MSG0004088,no_access_event,1,accesses=0
7,P1_thank_you,MSG0004120,message_exists,1,
7,P1_thank_you,MSG0004120,patient_originated_portal_message,1,
7,P1_thank_you,MSG0004120,is_reply_to_prior_outbound,1,
7,P1_thank_you,MSG0004120,thread_ending,1,later_messages=0
7,P1_thank_you,MSG0004120,accessed_and_completed,1,
7,P2_unread_cc,MSG0004176,message_exists,1,
7,P2_unread_cc,MSG0004176,is_cc,1,
7,P2_unread_cc,MSG0004176,no_access_event,1,accesses=0
7,P2_unread_cc,MSG0004180,message_exists,1,
7,P2_unread_cc,MSG0004180,is_cc,1,
7,P2_unread_cc,MSG0004180,no_access_event,1,accesses=0
7,P2_unread_cc,MSG0004181,message_exists,1,
7,P2_unread_cc,MSG0004181,is_cc,1,
7,P2_unread_cc,MSG0004181,no_access_event,1,accesses=0
7,P2_unread_cc,MSG0004182,message_exists,1,
7,P2_unread_cc,MSG0004182,is_cc,1,
7,P2_unread_cc,MSG0004182,no_access_event,1,accesses=0
7,P3_extended_thread,THR0003991,thread_exists,1,
7,P3_extended_thread,THR0003991,three_or_more_patient_incoming,1,incoming=4
7,P3_extended_thread,THR0003991,four_or_more_message_exchanges,1,in+out=7
7,P3_extended_thread,THR0003991,spans_at_least_3_days,1,span_days=6.89
7,P3_extended_thread,THR0003991,no_visit_between,1,intervening_visits=0
7,P1_thank_you,MSG0004210,message_exists,1,
7,P1_thank_you,MSG0004210,patient_originated_portal_message,1,
7,P1_thank_you,MSG0004210,is_reply_to_prior_outbound,1,
7,P1_thank_you,MSG0004210,thread_ending,1,later_messages=0
7,P1_thank_you,MSG0004210,accessed_and_completed,1,
7,P2_unread_cc,MSG0004248,message_exists,1,
7,P2_unread_cc,MSG0004248,is_cc,1,
7,P2_unread_cc,MSG0004248,no_access_event,1,accesses=0
7,P7_pingpong,MSG0004288,message_exists,1,
7,P7_pingpong,MSG0004288,at_least_two_staff_to_provider_forwards,1,staff_to_provider=2
7,P7_pingpong,MSG0004288,at_least_two_provider_to_staff_forwards,1,provider_to_staff=2
7,P7_pingpong,MSG0004288,two_or_more_round_trips,1,roundtrips=2
7,P2_unread_cc,MSG0004320,message_exists,1,
7,P2_unread_cc,MSG0004320,is_cc,1,
7,P2_unread_cc,MSG0004320,no_access_event,1,accesses=0
7,P2_unread_cc,MSG0004322,message_exists,1,
7,P2_unread_cc,MSG0004322,is_cc,1,
7,P2_unread_cc,MSG0004322,no_access_event,1,accesses=0
7,P1_thank_you,MSG0004364,message_exists,1,
7,P1_thank_you,MSG0004364,patient_originated_portal_message,1,
7,P1_thank_you,MSG0004364,is_reply_to_prior_outbound,1,
7,P1_thank_you,MSG0004364,thread_ending,1,later_messages=0
7,P1_thank_you,MSG0004364,accessed_and_completed,1,
7,P3_extended_thread,THR0004139,thread_exists,1,
7,P3_extended_thread,THR0004139,three_or_more_patient_incoming,1,incoming=3
7,P3_extended_thread,THR0004139,four_or_more_message_exchanges,1,in+out=6
7,P3_extended_thread,THR0004139,spans_at_least_3_days,1,span_days=7.16
7,P3_extended_thread,THR0004139,no_visit_between,1,intervening_visits=0
7,P2_unread_cc,MSG0004426,message_exists,1,
7,P2_unread_cc,MSG0004426,is_cc,1,
7,P2_unread_cc,MSG0004426,no_access_event,1,accesses=0
7,P2_unread_cc,MSG0004428,message_exists,1,
7,P2_unread_cc,MSG0004428,is_cc,1,
7,P2_unread_cc,MSG0004428,no_access_event,1,accesses=0
7,P2_unread_cc,MSG0004432,message_exists,1,
7,P2_unread_cc,MSG0004432,is_cc,1,
7,P2_unread_cc,MSG0004432,no_access_event,1,accesses=0
7,P8_nonclinical_misrouted,MSG0004454,message_exists,1,
7,P8_nonclinical_misrouted,MSG0004454,nonclinical_category,1,category=cancellation
7,P8_nonclinical_misrouted,MSG0004454,reaches_provider,1,provider_forwards=1
7,P2_unread_cc,MSG0004497,message_exists,1,
7,P2_unread_cc,MSG0004497,is_cc,1,
7,P2_unread_cc,MSG0004497,no_access_event,1,accesses=0
7,P2_unread_cc,MSG0004504,message_exists,1,
7,P2_unread_cc,MSG0004504,is_cc,1,
7,P2_unread_cc,MSG0004504,no_access_event,1,accesses=0
7,P2_unread_cc,MSG0004507,message_exists,1,
7,P2_unread_cc,MSG0004507,is_cc,1,
7,P2_unread_cc,MSG0004507,no_access_event,1,accesses=0
7,P2_unread_cc,MSG0004508,message_exists,1,
7,P2_unread_cc,MSG0004508,is_cc,1,
7,P2_unread_cc,MSG0004508,no_access_event,1,accesses=0
7,P4_result_misrouted,MSG0004552,message_exists,1,
7,P4_result_misrouted,MSG0004552,is_result,1,
7,P4_result_misrouted,MSG0004552,recipient_not_ordering,1,
7,P4_result_misrouted,MSG0004552,recipient_not_covering,1,cover=None
7,P4_result_misrouted,MSG0004557,message_exists,1,
7,P4_result_misrouted,MSG0004557,is_result,1,
7,P4_result_misrouted,MSG0004557,recipient_not_ordering,1,
7,P4_result_misrouted,MSG0004557,recipient_not_covering,1,cover=None
7,P2_unread_cc,MSG0004585,message_exists,1,
7,P2_unread_cc,MSG0004585,is_cc,1,
7,P2_unread_cc,MSG0004585,no_access_event,1,accesses=0
7,P2_unread_cc,MSG0004587,message_exists,1,
7,P2_unread_cc,MSG0004587,is_cc,1,
7,P2_unread_cc,MSG0004587,no_access_event,1,accesses=0
7,P2_unread_cc,MSG0004589,message_exists,1,
7,P2_unread_cc,MSG0004589,is_cc,1,
7,P2_unread_cc,MSG0004589,no_access_event,1,accesses=0
7,P2_unread_cc,MSG0004671,message_exists,1,
7,P2_unread_cc,MSG0004671,is_cc,1,
7,P2_unread_cc,MSG0004671,no_access_event,1,accesses=0
7,P4_result_misrouted,MSG0004816,message_exists,1,
7,P4_result_misrouted,MSG0004816,is_result,1,
7,P4_result_misrouted,MSG0004816,recipient_not_ordering,1,
7,P4_result_misrouted,MSG0004816,recipient_not_covering,1,cover=None
7,P4_result_misrouted,MSG0004817,message_exists,1,
7,P4_result_misrouted,MSG0004817,is_result,1,
7,P4_result_misrouted,MSG0004817,recipient_not_ordering,1,
7,P4_result_misrouted,MSG0004817,recipient_not_covering,1,cover=None
7,P4_result_misrouted,MSG0004822,message_exists,1,
7,P4_result_misrouted,MSG0004822,is_result,1,
7,P4_result_misrouted,MSG0004822,recipient_not_ordering,1,
7,P4_result_misrouted,MSG0004822,recipient_not_covering,1,cover=None
7,P2_unread_cc,MSG0004843,message_exists,1,
7,P2_unread_cc,MSG0004843,is_cc,1,
7,P2_unread_cc,MSG0004843,no_access_event,1,accesses=0
7,P2_unread_cc,MSG0004844,message_exists,1,
7,P2_unread_cc,MSG0004844,is_cc,1,
7,P2_unread_cc,MSG0004844,no_access_event,1,accesses=0
7,P2_unread_cc,MSG0004850,message_exists,1,
7,P2_unread_cc,MSG0004850,is_cc,1,
7,P2_unread_cc,MSG0004850,no_access_event,1,accesses=0
7,P2_unread_cc,MSG0004854,message_exists,1,
7,P2_unread_cc,MSG0004854,is_cc,1,
7,P2_unread_cc,MSG0004854,no_access_event,1,accesses=0
7,P2_unread_cc,MSG0004855,message_exists,1,
7,P2_unread_cc,MSG0004855,is_cc,1,
7,P2_unread_cc,MSG0004855,no_access_event,1,accesses=0
7,P1_thank_you,MSG0004878,message_exists,1,
7,P1_thank_you,MSG0004878,patient_originated_portal_message,1,
7,P1_thank_you,MSG0004878,is_reply_to_prior_outbound,1,
7,P1_thank_you,MSG0004878,thread_ending,1,later_messages=0
7,P1_thank_you,MSG0004878,accessed_and_completed,1,
7,P7_pingpong,MSG0004879,message_exists,1,
7,P7_pingpong,MSG0004879,at_least_two_staff_to_provider_forwards,1,staff_to_provider=2
7,P7_pingpong,MSG0004879,at_least_two_provider_to_staff_forwards,1,provider_to_staff=2
7,P7_pingpong,MSG0004879,two_or_more_round_trips,1,roundtrips=2
7,P4_result_misrouted,MSG0004895,message_exists,1,
7,P4_result_misrouted,MSG0004895,is_result,1,
7,P4_result_misrouted,MSG0004895,recipient_not_ordering,1,
7,P4_result_misrouted,MSG0004895,recipient_not_covering,1,cover=None
7,P2_unread_cc,MSG0004928,message_exists,1,
7,P2_unread_cc,MSG0004928,is_cc,1,
7,P2_unread_cc,MSG0004928,no_access_event,1,accesses=0
7,P2_unread_cc,MSG0004934,message_exists,1,
7,P2_unread_cc,MSG0004934,is_cc,1,
7,P2_unread_cc,MSG0004934,no_access_event,1,accesses=0
7,P4_result_misrouted,MSG0005059,message_exists,1,
7,P4_result_misrouted,MSG0005059,is_result,1,
7,P4_result_misrouted,MSG0005059,recipient_not_ordering,1,
7,P4_result_misrouted,MSG0005059,recipient_not_covering,1,cover=None
7,P2_unread_cc,MSG0005088,message_exists,1,
7,P2_unread_cc,MSG0005088,is_cc,1,
7,P2_unread_cc,MSG0005088,no_access_event,1,accesses=0
7,P2_unread_cc,MSG0005093,message_exists,1,
7,P2_unread_cc,MSG0005093,is_cc,1,
7,P2_unread_cc,MSG0005093,no_access_event,1,accesses=0
7,P2_unread_cc,MSG0005094,message_exists,1,
7,P2_unread_cc,MSG0005094,is_cc,1,
7,P2_unread_cc,MSG0005094,no_access_event,1,accesses=0
7,P2_unread_cc,MSG0005095,message_exists,1,
7,P2_unread_cc,MSG0005095,is_cc,1,
7,P2_unread_cc,MSG0005095,no_access_event,1,accesses=0
7,P2_unread_cc,MSG0005096,message_exists,1,
7,P2_unread_cc,MSG0005096,is_cc,1,
7,P2_unread_cc,MSG0005096,no_access_event,1,accesses=0
7,P4_result_misrouted,MSG0005143,message_exists,1,
7,P4_result_misrouted,MSG0005143,is_result,1,
7,P4_result_misrouted,MSG0005143,recipient_not_ordering,1,
7,P4_result_misrouted,MSG0005143,recipient_not_covering,1,cover=None
7,P7_pingpong,MSG0005152,message_exists,1,
7,P7_pingpong,MSG0005152,at_least_two_staff_to_provider_forwards,1,staff_to_provider=2
7,P7_pingpong,MSG0005152,at_least_two_provider_to_staff_forwards,1,provider_to_staff=2
7,P7_pingpong,MSG0005152,two_or_more_round_trips,1,roundtrips=2
7,P3_extended_thread,THR0004917,thread_exists,1,
7,P3_extended_thread,THR0004917,three_or_more_patient_incoming,1,incoming=3
7,P3_extended_thread,THR0004917,four_or_more_message_exchanges,1,in+out=6
7,P3_extended_thread,THR0004917,spans_at_least_3_days,1,span_days=8.00
7,P3_extended_thread,THR0004917,no_visit_between,1,intervening_visits=0
8,P8_nonclinical_misrouted,MSG0000014,message_exists,1,
8,P8_nonclinical_misrouted,MSG0000014,nonclinical_category,1,category=appointment_request
8,P8_nonclinical_misrouted,MSG0000014,reaches_provider,1,provider_forwards=1
8,P2_unread_cc,MSG0000054,message_exists,1,
8,P2_unread_cc,MSG0000054,is_cc,1,
8,P2_unread_cc,MSG0000054,no_access_event,1,accesses=0
8,P2_unread_cc,MSG0000060,message_exists,1,
8,P2_unread_cc,MSG0000060,is_cc,1,
8,P2_unread_cc,MSG0000060,no_access_event,1,accesses=0
8,P2_unread_cc,MSG0000061,message_exists,1,
8,P2_unread_cc,MSG0000061,is_cc,1,
8,P2_unread_cc,MSG0000061,no_access_event,1,accesses=0
8,P2_unread_cc,MSG0000062,message_exists,1,
8,P2_unread_cc,MSG0000062,is_cc,1,
8,P2_unread_cc,MSG0000062,no_access_event,1,accesses=0
8,P2_unread_cc,MSG0000063,message_exists,1,
8,P2_unread_cc,MSG0000063,is_cc,1,
8,P2_unread_cc,MSG0000063,no_access_event,1,accesses=0
8,P2_unread_cc,MSG0000066,message_exists,1,
8,P2_unread_cc,MSG0000066,is_cc,1,
8,P2_unread_cc,MSG0000066,no_access_event,1,accesses=0
8,P2_unread_cc,MSG0000135,message_exists,1,
8,P2_unread_cc,MSG0000135,is_cc,1,
8,P2_unread_cc,MSG0000135,no_access_event,1,accesses=0
8,P2_unread_cc,MSG0000138,message_exists,1,
8,P2_unread_cc,MSG0000138,is_cc,1,
8,P2_unread_cc,MSG0000138,no_access_event,1,accesses=0
8,P2_unread_cc,MSG0000204,message_exists,1,
8,P2_unread_cc,MSG0000204,is_cc,1,
8,P2_unread_cc,MSG0000204,no_access_event,1,accesses=0
8,P8_nonclinical_misrouted,MSG0000251,message_exists,1,
8,P8_nonclinical_misrouted,MSG0000251,nonclinical_category,1,category=appointment_request
8,P8_nonclinical_misrouted,MSG0000251,reaches_provider,1,provider_forwards=1
8,P2_unread_cc,MSG0000289,message_exists,1,
8,P2_unread_cc,MSG0000289,is_cc,1,
8,P2_unread_cc,MSG0000289,no_access_event,1,accesses=0
8,P2_unread_cc,MSG0000291,message_exists,1,
8,P2_unread_cc,MSG0000291,is_cc,1,
8,P2_unread_cc,MSG0000291,no_access_event,1,accesses=0
8,P2_unread_cc,MSG0000376,message_exists,1,
8,P2_unread_cc,MSG0000376,is_cc,1,
8,P2_unread_cc,MSG0000376,no_access_event,1,accesses=0
8,P2_unread_cc,MSG0000377,message_exists,1,
8,P2_unread_cc,MSG0000377,is_cc,1,
8,P2_unread_cc,MSG0000377,no_access_event,1,accesses=0
8,P2_unread_cc,MSG0000378,message_exists,1,
8,P2_unread_cc,MSG0000378,is_cc,1,
8,P2_unread_cc,MSG0000378,no_access_event,1,accesses=0
8,P7_pingpong,MSG0000404,message_exists,1,
8,P7_pingpong,MSG0000404,at_least_two_staff_to_provider_forwards,1,staff_to_provider=2
8,P7_pingpong,MSG0000404,at_least_two_provider_to_staff_forwards,1,provider_to_staff=2
8,P7_pingpong,MSG0000404,two_or_more_round_trips,1,roundtrips=2
8,P2_unread_cc,MSG0000445,message_exists,1,
8,P2_unread_cc,MSG0000445,is_cc,1,
8,P2_unread_cc,MSG0000445,no_access_event,1,accesses=0
8,P2_unread_cc,MSG0000447,message_exists,1,
8,P2_unread_cc,MSG0000447,is_cc,1,
8,P2_unread_cc,MSG0000447,no_access_event,1,accesses=0
8,P2_unread_cc,MSG0000448,message_exists,1,
8,P2_unread_cc,MSG0000448,is_cc,1,
8,P2_unread_cc,MSG0000448,no_access_event,1,accesses=0
8,P2_unread_cc,MSG0000449,message_exists,1,
8,P2_unread_cc,MSG0000449,is_cc,1,
8,P2_unread_cc,MSG0000449,no_access_event,1,accesses=0
8,P2_unread_cc,MSG0000452,message_exists,1,
8,P2_unread_cc,MSG0000452,is_cc,1,
8,P2_unread_cc,MSG0000452,no_access_event,1,accesses=0
8,P4_result_misrouted,MSG0000506,message_exists,1,
8,P4_result_misrouted,MSG0000506,is_result,1,
8,P4_result_misrouted,MSG0000506,recipient_not_ordering,1,
8,P4_result_misrouted,MSG0000506,recipient_not_covering,1,cover=None
8,P2_unread_cc,MSG0000522,message_exists,1,
8,P2_unread_cc,MSG0000522,is_cc,1,
8,P2_unread_cc,MSG0000522,no_access_event,1,accesses=0
8,P2_unread_cc,MSG0000528,message_exists,1,
8,P2_unread_cc,MSG0000528,is_cc,1,
8,P2_unread_cc,MSG0000528,no_access_event,1,accesses=0
8,P2_unread_cc,MSG0000529,message_exists,1,
8,P2_unread_cc,MSG0000529,is_cc,1,
8,P2_unread_cc,MSG0000529,no_access_event,1,accesses=0
8,P1_thank_you,MSG0000566,message_exists,1,
8,P1_thank_you,MSG0000566,patient_originated_portal_message,1,
8,P1_thank_you,MSG0000566,is_reply_to_prior_outbound,1,
8,P1_thank_you,MSG0000566,thread_ending,1,later_messages=0
8,P1_thank_you,MSG0000566,accessed_and_completed,1,
8,P8_nonclinical_misrouted,MSG0000569,message_exists,1,
8,P8_nonclinical_misrouted,MSG0000569,nonclinical_category,1,category=appointment_request
8,P8_nonclinical_misrouted,MSG0000569,reaches_provider,1,provider_forwards=1
8,P2_unread_cc,MSG0000606,message_exists,1,
8,P2_unread_cc,MSG0000606,is_cc,1,
8,P2_unread_cc,MSG0000606,no_access_event,1,accesses=0
8,P2_unread_cc,MSG0000610,message_exists,1,
8,P2_unread_cc,MSG0000610,is_cc,1,
8,P2_unread_cc,MSG0000610,no_access_event,1,accesses=0
8,P2_unread_cc,MSG0000613,message_exists,1,
8,P2_unread_cc,MSG0000613,is_cc,1,
8,P2_unread_cc,MSG0000613,no_access_event,1,accesses=0
8,P4_result_misrouted,MSG0000660,message_exists,1,
8,P4_result_misrouted,MSG0000660,is_result,1,
8,P4_result_misrouted,MSG0000660,recipient_not_ordering,1,
8,P4_result_misrouted,MSG0000660,recipient_not_covering,1,cover=None
8,P2_unread_cc,MSG0000674,message_exists,1,
8,P2_unread_cc,MSG0000674,is_cc,1,
8,P2_unread_cc,MSG0000674,no_access_event,1,accesses=0
8,P2_unread_cc,MSG0000677,message_exists,1,
8,P2_unread_cc,MSG0000677,is_cc,1,
8,P2_unread_cc,MSG0000677,no_access_event,1,accesses=0
8,P2_unread_cc,MSG0000753,message_exists,1,
8,P2_unread_cc,MSG0000753,is_cc,1,
8,P2_unread_cc,MSG0000753,no_access_event,1,accesses=0
8,P2_unread_cc,MSG0000754,message_exists,1,
8,P2_unread_cc,MSG0000754,is_cc,1,
8,P2_unread_cc,MSG0000754,no_access_event,1,accesses=0
8,P2_unread_cc,MSG0000756,message_exists,1,
8,P2_unread_cc,MSG0000756,is_cc,1,
8,P2_unread_cc,MSG0000756,no_access_event,1,accesses=0
8,P8_nonclinical_misrouted,MSG0000795,message_exists,1,
8,P8_nonclinical_misrouted,MSG0000795,nonclinical_category,1,category=billing_question
8,P8_nonclinical_misrouted,MSG0000795,reaches_provider,1,provider_forwards=1
8,P4_result_misrouted,MSG0000812,message_exists,1,
8,P4_result_misrouted,MSG0000812,is_result,1,
8,P4_result_misrouted,MSG0000812,recipient_not_ordering,1,
8,P4_result_misrouted,MSG0000812,recipient_not_covering,1,cover=None
8,P2_unread_cc,MSG0000828,message_exists,1,
8,P2_unread_cc,MSG0000828,is_cc,1,
8,P2_unread_cc,MSG0000828,no_access_event,1,accesses=0
8,P2_unread_cc,MSG0000832,message_exists,1,
8,P2_unread_cc,MSG0000832,is_cc,1,
8,P2_unread_cc,MSG0000832,no_access_event,1,accesses=0
8,P2_unread_cc,MSG0000833,message_exists,1,
8,P2_unread_cc,MSG0000833,is_cc,1,
8,P2_unread_cc,MSG0000833,no_access_event,1,accesses=0
8,P4_result_misrouted,MSG0000889,message_exists,1,
8,P4_result_misrouted,MSG0000889,is_result,1,
8,P4_result_misrouted,MSG0000889,recipient_not_ordering,1,
8,P4_result_misrouted,MSG0000889,recipient_not_covering,1,cover=None
8,P2_unread_cc,MSG0000917,message_exists,1,
8,P2_unread_cc,MSG0000917,is_cc,1,
8,P2_unread_cc,MSG0000917,no_access_event,1,accesses=0
8,P4_result_misrouted,MSG0000963,message_exists,1,
8,P4_result_misrouted,MSG0000963,is_result,1,
8,P4_result_misrouted,MSG0000963,recipient_not_ordering,1,
8,P4_result_misrouted,MSG0000963,recipient_not_covering,1,cover=None
8,P4_result_misrouted,MSG0000973,message_exists,1,
8,P4_result_misrouted,MSG0000973,is_result,1,
8,P4_result_misrouted,MSG0000973,recipient_not_ordering,1,
8,P4_result_misrouted,MSG0000973,recipient_not_covering,1,cover=None
8,P2_unread_cc,MSG0000992,message_exists,1,
8,P2_unread_cc,MSG0000992,is_cc,1,
8,P2_unread_cc,MSG0000992,no_access_event,1,accesses=0
8,P2_unread_cc,MSG0000997,message_exists,1,
8,P2_unread_cc,MSG0000997,is_cc,1,
8,P2_unread_cc,MSG0000997,no_access_event,1,accesses=0
8,P2_unread_cc,MSG0000999,message_exists,1,
8,P2_unread_cc,MSG0000999,is_cc,1,
8,P2_unread_cc,MSG0000999,no_access_event,1,accesses=0
8,P2_unread_cc,MSG0001000,message_exists,1,
8,P2_unread_cc,MSG0001000,is_cc,1,
8,P2_unread_cc,MSG0001000,no_access_event,1,accesses=0
8,P2_unread_cc,MSG0001003,message_exists,1,
8,P2_unread_cc,MSG0001003,is_cc,1,
8,P2_unread_cc,MSG0001003,no_access_event,1,accesses=0
8,P7_pingpong,MSG0001114,message_exists,1,
8,P7_pingpong,MSG0001114,at_least_two_staff_to_provider_forwards,1,staff_to_provider=2
8,P7_pingpong,MSG0001114,at_least_two_provider_to_staff_forwards,1,provider_to_staff=2
8,P7_pingpong,MSG0001114,two_or_more_round_trips,1,roundtrips=2
8,P4_result_misrouted,MSG0001129,message_exists,1,
8,P4_result_misrouted,MSG0001129,is_result,1,
8,P4_result_misrouted,MSG0001129,recipient_not_ordering,1,
8,P4_result_misrouted,MSG0001129,recipient_not_covering,1,cover=None
8,P4_result_misrouted,MSG0001130,message_exists,1,
8,P4_result_misrouted,MSG0001130,is_result,1,
8,P4_result_misrouted,MSG0001130,recipient_not_ordering,1,
8,P4_result_misrouted,MSG0001130,recipient_not_covering,1,cover=None
8,P2_unread_cc,MSG0001158,message_exists,1,
8,P2_unread_cc,MSG0001158,is_cc,1,
8,P2_unread_cc,MSG0001158,no_access_event,1,accesses=0
8,P2_unread_cc,MSG0001168,message_exists,1,
8,P2_unread_cc,MSG0001168,is_cc,1,
8,P2_unread_cc,MSG0001168,no_access_event,1,accesses=0
8,P8_nonclinical_misrouted,MSG0001275,message_exists,1,
8,P8_nonclinical_misrouted,MSG0001275,nonclinical_category,1,category=appointment_request
8,P8_nonclinical_misrouted,MSG0001275,reaches_provider,1,provider_forwards=1
8,P7_pingpong,MSG0001285,message_exists,1,
8,P7_pingpong,MSG0001285,at_least_two_staff_to_provider_forwards,1,staff_to_provider=2
8,P7_pingpong,MSG0001285,at_least_two_provider_to_staff_forwards,1,provider_to_staff=2
8,P7_pingpong,MSG0001285,two_or_more_round_trips,1,roundtrips=2
8,P8_nonclinical_misrouted,MSG0001286,message_exists,1,
8,P8_nonclinical_misrouted,MSG0001286,nonclinical_category,1,category=cancellation
8,P8_nonclinical_misrouted,MSG0001286,reaches_provider,1,provider_forwards=1
8,P3_extended_thread,THR0001301,thread_exists,1,
8,P3_extended_thread,THR0001301,three_or_more_patient_incoming,1,incoming=3
8,P3_extended_thread,THR0001301,four_or_more_message_exchanges,1,in+out=6
8,P3_extended_thread,THR0001301,spans_at_least_3_days,1,span_days=6.89
8,P3_extended_thread,THR0001301,no_visit_between,1,intervening_visits=0
8,P3_extended_thread,THR0001303,thread_exists,1,
8,P3_extended_thread,THR0001303,three_or_more_patient_incoming,1,incoming=3
8,P3_extended_thread,THR0001303,four_or_more_message_exchanges,1,in+out=6
8,P3_extended_thread,THR0001303,spans_at_least_3_days,1,span_days=7.03
8,P3_extended_thread,THR0001303,no_visit_between,1,intervening_visits=0
8,P4_result_misrouted,MSG0001378,message_exists,1,
8,P4_result_misrouted,MSG0001378,is_result,1,
8,P4_result_misrouted,MSG0001378,recipient_not_ordering,1,
8,P4_result_misrouted,MSG0001378,recipient_not_covering,1,cover=None
8,P2_unread_cc,MSG0001404,message_exists,1,
8,P2_unread_cc,MSG0001404,is_cc,1,
8,P2_unread_cc,MSG0001404,no_access_event,1,accesses=0
8,P2_unread_cc,MSG0001408,message_exists,1,
8,P2_unread_cc,MSG0001408,is_cc,1,
8,P2_unread_cc,MSG0001408,no_access_event,1,accesses=0
8,P4_result_misrouted,MSG0001459,message_exists,1,
8,P4_result_misrouted,MSG0001459,is_result,1,
8,P4_result_misrouted,MSG0001459,recipient_not_ordering,1,
8,P4_result_misrouted,MSG0001459,recipient_not_covering,1,cover=None
8,P2_unread_cc,MSG0001486,message_exists,1,
8,P2_unread_cc,MSG0001486,is_cc,1,
8,P2_unread_cc,MSG0001486,no_access_event,1,accesses=0
8,P2_unread_cc,MSG0001488,message_exists,1,
8,P2_unread_cc,MSG0001488,is_cc,1,
8,P2_unread_cc,MSG0001488,no_access_event,1,accesses=0
8,P2_unread_cc,MSG0001489,message_exists,1,
8,P2_unread_cc,MSG0001489,is_cc,1,
8,P2_unread_cc,MSG0001489,no_access_event,1,accesses=0
8,P2_unread_cc,MSG0001491,message_exists,1,
8,P2_unread_cc,MSG0001491,is_cc,1,
8,P2_unread_cc,MSG0001491,no_access_event,1,accesses=0
8,P7_pingpong,MSG0001518,message_exists,1,
8,P7_pingpong,MSG0001518,at_least_two_staff_to_provider_forwards,1,staff_to_provider=2
8,P7_pingpong,MSG0001518,at_least_two_provider_to_staff_forwards,1,provider_to_staff=2
8,P7_pingpong,MSG0001518,two_or_more_round_trips,1,roundtrips=2
8,P4_result_misrouted,MSG0001541,message_exists,1,
8,P4_result_misrouted,MSG0001541,is_result,1,
8,P4_result_misrouted,MSG0001541,recipient_not_ordering,1,
8,P4_result_misrouted,MSG0001541,recipient_not_covering,1,cover=None
8,P2_unread_cc,MSG0001570,message_exists,1,
8,P2_unread_cc,MSG0001570,is_cc,1,
8,P2_unread_cc,MSG0001570,no_access_event,1,accesses=0
8,P2_unread_cc,MSG0001578,message_exists,1,
8,P2_unread_cc,MSG0001578,is_cc,1,
8,P2_unread_cc,MSG0001578,no_access_event,1,accesses=0
8,P4_result_misrouted,MSG0001627,message_exists,1,
8,P4_result_misrouted,MSG0001627,is_result,1,
8,P4_result_misrouted,MSG0001627,recipient_not_ordering,1,
8,P4_result_misrouted,MSG0001627,recipient_not_covering,1,cover=None
8,P4_result_misrouted,MSG0001635,message_exists,1,
8,P4_result_misrouted,MSG0001635,is_result,1,
8,P4_result_misrouted,MSG0001635,recipient_not_ordering,1,
8,P4_result_misrouted,MSG0001635,recipient_not_covering,1,cover=None
8,P2_unread_cc,MSG0001654,message_exists,1,
8,P2_unread_cc,MSG0001654,is_cc,1,
8,P2_unread_cc,MSG0001654,no_access_event,1,accesses=0
8,P2_unread_cc,MSG0001732,message_exists,1,
8,P2_unread_cc,MSG0001732,is_cc,1,
8,P2_unread_cc,MSG0001732,no_access_event,1,accesses=0
8,P2_unread_cc,MSG0001733,message_exists,1,
8,P2_unread_cc,MSG0001733,is_cc,1,
8,P2_unread_cc,MSG0001733,no_access_event,1,accesses=0
8,P4_result_misrouted,MSG0001773,message_exists,1,
8,P4_result_misrouted,MSG0001773,is_result,1,
8,P4_result_misrouted,MSG0001773,recipient_not_ordering,1,
8,P4_result_misrouted,MSG0001773,recipient_not_covering,1,cover=None
8,P4_result_misrouted,MSG0001783,message_exists,1,
8,P4_result_misrouted,MSG0001783,is_result,1,
8,P4_result_misrouted,MSG0001783,recipient_not_ordering,1,
8,P4_result_misrouted,MSG0001783,recipient_not_covering,1,cover=None
8,P4_result_misrouted,MSG0001785,message_exists,1,
8,P4_result_misrouted,MSG0001785,is_result,1,
8,P4_result_misrouted,MSG0001785,recipient_not_ordering,1,
8,P4_result_misrouted,MSG0001785,recipient_not_covering,1,cover=None
8,P2_unread_cc,MSG0001802,message_exists,1,
8,P2_unread_cc,MSG0001802,is_cc,1,
8,P2_unread_cc,MSG0001802,no_access_event,1,accesses=0
8,P4_result_misrouted,MSG0001847,message_exists,1,
8,P4_result_misrouted,MSG0001847,is_result,1,
8,P4_result_misrouted,MSG0001847,recipient_not_ordering,1,
8,P4_result_misrouted,MSG0001847,recipient_not_covering,1,cover=None
8,P4_result_misrouted,MSG0001851,message_exists,1,
8,P4_result_misrouted,MSG0001851,is_result,1,
8,P4_result_misrouted,MSG0001851,recipient_not_ordering,1,
8,P4_result_misrouted,MSG0001851,recipient_not_covering,1,cover=None
8,P2_unread_cc,MSG0001959,message_exists,1,
8,P2_unread_cc,MSG0001959,is_cc,1,
8,P2_unread_cc,MSG0001959,no_access_event,1,accesses=0
8,P2_unread_cc,MSG0001964,message_exists,1,
8,P2_unread_cc,MSG0001964,is_cc,1,
8,P2_unread_cc,MSG0001964,no_access_event,1,accesses=0
8,P4_result_misrouted,MSG0002027,message_exists,1,
8,P4_result_misrouted,MSG0002027,is_result,1,
8,P4_result_misrouted,MSG0002027,recipient_not_ordering,1,
8,P4_result_misrouted,MSG0002027,recipient_not_covering,1,cover=None
8,P2_unread_cc,MSG0002043,message_exists,1,
8,P2_unread_cc,MSG0002043,is_cc,1,
8,P2_unread_cc,MSG0002043,no_access_event,1,accesses=0
8,P2_unread_cc,MSG0002044,message_exists,1,
8,P2_unread_cc,MSG0002044,is_cc,1,
8,P2_unread_cc,MSG0002044,no_access_event,1,accesses=0
8,P2_unread_cc,MSG0002046,message_exists,1,
8,P2_unread_cc,MSG0002046,is_cc,1,
8,P2_unread_cc,MSG0002046,no_access_event,1,accesses=0
8,P2_unread_cc,MSG0002048,message_exists,1,
8,P2_unread_cc,MSG0002048,is_cc,1,
8,P2_unread_cc,MSG0002048,no_access_event,1,accesses=0
8,P2_unread_cc,MSG0002050,message_exists,1,
8,P2_unread_cc,MSG0002050,is_cc,1,
8,P2_unread_cc,MSG0002050,no_access_event,1,accesses=0
8,P2_unread_cc,MSG0002051,message_exists,1,
8,P2_unread_cc,MSG0002051,is_cc,1,
8,P2_unread_cc,MSG0002051,no_access_event,1,accesses=0
8,P2_unread_cc,MSG0002052,message_exists,1,
8,P2_unread_cc,MSG0002052,is_cc,1,
8,P2_unread_cc,MSG0002052,no_access_event,1,accesses=0
8,P2_unread_cc,MSG0002053,message_exists,1,
8,P2_unread_cc,MSG0002053,is_cc,1,
8,P2_unread_cc,MSG0002053,no_access_event,1,accesses=0
8,P8_nonclinical_misrouted,MSG0002092,message_exists,1,
8,P8_nonclinical_misrouted,MSG0002092,nonclinical_category,1,category=appointment_request
8,P8_nonclinical_misrouted,MSG0002092,reaches_provider,1,provider_forwards=1
8,P2_unread_cc,MSG0002138,message_exists,1,
8,P2_unread_cc,MSG0002138,is_cc,1,
8,P2_unread_cc,MSG0002138,no_access_event,1,accesses=0
8,P2_unread_cc,MSG0002141,message_exists,1,
8,P2_unread_cc,MSG0002141,is_cc,1,
8,P2_unread_cc,MSG0002141,no_access_event,1,accesses=0
8,P7_pingpong,MSG0002181,message_exists,1,
8,P7_pingpong,MSG0002181,at_least_two_staff_to_provider_forwards,1,staff_to_provider=2
8,P7_pingpong,MSG0002181,at_least_two_provider_to_staff_forwards,1,provider_to_staff=2
8,P7_pingpong,MSG0002181,two_or_more_round_trips,1,roundtrips=2
8,P4_result_misrouted,MSG0002183,message_exists,1,
8,P4_result_misrouted,MSG0002183,is_result,1,
8,P4_result_misrouted,MSG0002183,recipient_not_ordering,1,
8,P4_result_misrouted,MSG0002183,recipient_not_covering,1,cover=None
8,P2_unread_cc,MSG0002213,message_exists,1,
8,P2_unread_cc,MSG0002213,is_cc,1,
8,P2_unread_cc,MSG0002213,no_access_event,1,accesses=0
8,P2_unread_cc,MSG0002214,message_exists,1,
8,P2_unread_cc,MSG0002214,is_cc,1,
8,P2_unread_cc,MSG0002214,no_access_event,1,accesses=0
8,P2_unread_cc,MSG0002217,message_exists,1,
8,P2_unread_cc,MSG0002217,is_cc,1,
8,P2_unread_cc,MSG0002217,no_access_event,1,accesses=0
8,P2_unread_cc,MSG0002220,message_exists,1,
8,P2_unread_cc,MSG0002220,is_cc,1,
8,P2_unread_cc,MSG0002220,no_access_event,1,accesses=0
8,P2_unread_cc,MSG0002221,message_exists,1,
8,P2_unread_cc,MSG0002221,is_cc,1,
8,P2_unread_cc,MSG0002221,no_access_event,1,accesses=0
8,P2_unread_cc,MSG0002352,message_exists,1,
8,P2_unread_cc,MSG0002352,is_cc,1,
8,P2_unread_cc,MSG0002352,no_access_event,1,accesses=0
8,P2_unread_cc,MSG0002355,message_exists,1,
8,P2_unread_cc,MSG0002355,is_cc,1,
8,P2_unread_cc,MSG0002355,no_access_event,1,accesses=0
8,P2_unread_cc,MSG0002357,message_exists,1,
8,P2_unread_cc,MSG0002357,is_cc,1,
8,P2_unread_cc,MSG0002357,no_access_event,1,accesses=0
8,P2_unread_cc,MSG0002358,message_exists,1,
8,P2_unread_cc,MSG0002358,is_cc,1,
8,P2_unread_cc,MSG0002358,no_access_event,1,accesses=0
8,P4_result_misrouted,MSG0002408,message_exists,1,
8,P4_result_misrouted,MSG0002408,is_result,1,
8,P4_result_misrouted,MSG0002408,recipient_not_ordering,1,
8,P4_result_misrouted,MSG0002408,recipient_not_covering,1,cover=None
8,P2_unread_cc,MSG0002440,message_exists,1,
8,P2_unread_cc,MSG0002440,is_cc,1,
8,P2_unread_cc,MSG0002440,no_access_event,1,accesses=0
8,P2_unread_cc,MSG0002441,message_exists,1,
8,P2_unread_cc,MSG0002441,is_cc,1,
8,P2_unread_cc,MSG0002441,no_access_event,1,accesses=0
8,P2_unread_cc,MSG0002442,message_exists,1,
8,P2_unread_cc,MSG0002442,is_cc,1,
8,P2_unread_cc,MSG0002442,no_access_event,1,accesses=0
8,P2_unread_cc,MSG0002443,message_exists,1,
8,P2_unread_cc,MSG0002443,is_cc,1,
8,P2_unread_cc,MSG0002443,no_access_event,1,accesses=0
8,P2_unread_cc,MSG0002444,message_exists,1,
8,P2_unread_cc,MSG0002444,is_cc,1,
8,P2_unread_cc,MSG0002444,no_access_event,1,accesses=0
8,P8_nonclinical_misrouted,MSG0002490,message_exists,1,
8,P8_nonclinical_misrouted,MSG0002490,nonclinical_category,1,category=appointment_request
8,P8_nonclinical_misrouted,MSG0002490,reaches_provider,1,provider_forwards=1
8,P2_unread_cc,MSG0002614,message_exists,1,
8,P2_unread_cc,MSG0002614,is_cc,1,
8,P2_unread_cc,MSG0002614,no_access_event,1,accesses=0
8,P2_unread_cc,MSG0002619,message_exists,1,
8,P2_unread_cc,MSG0002619,is_cc,1,
8,P2_unread_cc,MSG0002619,no_access_event,1,accesses=0
8,P7_pingpong,MSG0002651,message_exists,1,
8,P7_pingpong,MSG0002651,at_least_two_staff_to_provider_forwards,1,staff_to_provider=2
8,P7_pingpong,MSG0002651,at_least_two_provider_to_staff_forwards,1,provider_to_staff=2
8,P7_pingpong,MSG0002651,two_or_more_round_trips,1,roundtrips=2
8,P2_unread_cc,MSG0002689,message_exists,1,
8,P2_unread_cc,MSG0002689,is_cc,1,
8,P2_unread_cc,MSG0002689,no_access_event,1,accesses=0
8,P2_unread_cc,MSG0002691,message_exists,1,
8,P2_unread_cc,MSG0002691,is_cc,1,
8,P2_unread_cc,MSG0002691,no_access_event,1,accesses=0
8,P2_unread_cc,MSG0002694,message_exists,1,
8,P2_unread_cc,MSG0002694,is_cc,1,
8,P2_unread_cc,MSG0002694,no_access_event,1,accesses=0
8,P8_nonclinical_misrouted,MSG0002739,message_exists,1,
8,P8_nonclinical_misrouted,MSG0002739,nonclinical_category,1,category=appointment_request
8,P8_nonclinical_misrouted,MSG0002739,reaches_provider,1,provider_forwards=1
8,P4_result_misrouted,MSG0002742,message_exists,1,
8,P4_result_misrouted,MSG0002742,is_result,1,
8,P4_result_misrouted,MSG0002742,recipient_not_ordering,1,
8,P4_result_misrouted,MSG0002742,recipient_not_covering,1,cover=None
8,P4_result_misrouted,MSG0002754,message_exists,1,
8,P4_result_misrouted,MSG0002754,is_result,1,
8,P4_result_misrouted,MSG0002754,recipient_not_ordering,1,
8,P4_result_misrouted,MSG0002754,recipient_not_covering,1,cover=None
8,P2_unread_cc,MSG0002766,message_exists,1,
8,P2_unread_cc,MSG0002766,is_cc,1,
8,P2_unread_cc,MSG0002766,no_access_event,1,accesses=0
8,P2_unread_cc,MSG0002768,message_exists,1,
8,P2_unread_cc,MSG0002768,is_cc,1,
8,P2_unread_cc,MSG0002768,no_access_event,1,accesses=0
8,P2_unread_cc,MSG0002773,message_exists,1,
8,P2_unread_cc,MSG0002773,is_cc,1,
8,P2_unread_cc,MSG0002773,no_access_event,1,accesses=0
8,P2_unread_cc,MSG0002843,message_exists,1,
8,P2_unread_cc,MSG0002843,is_cc,1,
8,P2_unread_cc,MSG0002843,no_access_event,1,accesses=0
8,P2_unread_cc,MSG0002844,message_exists,1,
8,P2_unread_cc,MSG0002844,is_cc,1,
8,P2_unread_cc,MSG0002844,no_access_event,1,accesses=0
8,P7_pingpong,MSG0002876,message_exists,1,
8,P7_pingpong,MSG0002876,at_least_two_staff_to_provider_forwards,1,staff_to_provider=2
8,P7_pingpong,MSG0002876,at_least_two_provider_to_staff_forwards,1,provider_to_staff=2
8,P7_pingpong,MSG0002876,two_or_more_round_trips,1,roundtrips=2
8,P2_unread_cc,MSG0002917,message_exists,1,
8,P2_unread_cc,MSG0002917,is_cc,1,
8,P2_unread_cc,MSG0002917,no_access_event,1,accesses=0
8,P2_unread_cc,MSG0002919,message_exists,1,
8,P2_unread_cc,MSG0002919,is_cc,1,
8,P2_unread_cc,MSG0002919,no_access_event,1,accesses=0
8,P2_unread_cc,MSG0002921,message_exists,1,
8,P2_unread_cc,MSG0002921,is_cc,1,
8,P2_unread_cc,MSG0002921,no_access_event,1,accesses=0
8,P2_unread_cc,MSG0002922,message_exists,1,
8,P2_unread_cc,MSG0002922,is_cc,1,
8,P2_unread_cc,MSG0002922,no_access_event,1,accesses=0
8,P1_thank_you,MSG0002962,message_exists,1,
8,P1_thank_you,MSG0002962,patient_originated_portal_message,1,
8,P1_thank_you,MSG0002962,is_reply_to_prior_outbound,1,
8,P1_thank_you,MSG0002962,thread_ending,1,later_messages=0
8,P1_thank_you,MSG0002962,accessed_and_completed,1,
8,P4_result_misrouted,MSG0003051,message_exists,1,
8,P4_result_misrouted,MSG0003051,is_result,1,
8,P4_result_misrouted,MSG0003051,recipient_not_ordering,1,
8,P4_result_misrouted,MSG0003051,recipient_not_covering,1,cover=None
8,P2_unread_cc,MSG0003077,message_exists,1,
8,P2_unread_cc,MSG0003077,is_cc,1,
8,P2_unread_cc,MSG0003077,no_access_event,1,accesses=0
8,P2_unread_cc,MSG0003079,message_exists,1,
8,P2_unread_cc,MSG0003079,is_cc,1,
8,P2_unread_cc,MSG0003079,no_access_event,1,accesses=0
8,P1_thank_you,MSG0003120,message_exists,1,
8,P1_thank_you,MSG0003120,patient_originated_portal_message,1,
8,P1_thank_you,MSG0003120,is_reply_to_prior_outbound,1,
8,P1_thank_you,MSG0003120,thread_ending,1,later_messages=0
8,P1_thank_you,MSG0003120,accessed_and_completed,1,
8,P4_result_misrouted,MSG0003132,message_exists,1,
8,P4_result_misrouted,MSG0003132,is_result,1,
8,P4_result_misrouted,MSG0003132,recipient_not_ordering,1,
8,P4_result_misrouted,MSG0003132,recipient_not_covering,1,cover=None
8,P4_result_misrouted,MSG0003136,message_exists,1,
8,P4_result_misrouted,MSG0003136,is_result,1,
8,P4_result_misrouted,MSG0003136,recipient_not_ordering,1,
8,P4_result_misrouted,MSG0003136,recipient_not_covering,1,cover=None
8,P2_unread_cc,MSG0003155,message_exists,1,
8,P2_unread_cc,MSG0003155,is_cc,1,
8,P2_unread_cc,MSG0003155,no_access_event,1,accesses=0
8,P2_unread_cc,MSG0003161,message_exists,1,
8,P2_unread_cc,MSG0003161,is_cc,1,
8,P2_unread_cc,MSG0003161,no_access_event,1,accesses=0
8,P2_unread_cc,MSG0003225,message_exists,1,
8,P2_unread_cc,MSG0003225,is_cc,1,
8,P2_unread_cc,MSG0003225,no_access_event,1,accesses=0
8,P1_thank_you,MSG0003267,message_exists,1,
8,P1_thank_you,MSG0003267,patient_originated_portal_message,1,
8,P1_thank_you,MSG0003267,is_reply_to_prior_outbound,1,
8,P1_thank_you,MSG0003267,thread_ending,1,later_messages=0
8,P1_thank_you,MSG0003267,accessed_and_completed,1,
8,P4_result_misrouted,MSG0003289,message_exists,1,
8,P4_result_misrouted,MSG0003289,is_result,1,
8,P4_result_misrouted,MSG0003289,recipient_not_ordering,1,
8,P4_result_misrouted,MSG0003289,recipient_not_covering,1,cover=None
8,P2_unread_cc,MSG0003318,message_exists,1,
8,P2_unread_cc,MSG0003318,is_cc,1,
8,P2_unread_cc,MSG0003318,no_access_event,1,accesses=0
8,P4_result_misrouted,MSG0003371,message_exists,1,
8,P4_result_misrouted,MSG0003371,is_result,1,
8,P4_result_misrouted,MSG0003371,recipient_not_ordering,1,
8,P4_result_misrouted,MSG0003371,recipient_not_covering,1,cover=None
8,P4_result_misrouted,MSG0003373,message_exists,1,
8,P4_result_misrouted,MSG0003373,is_result,1,
8,P4_result_misrouted,MSG0003373,recipient_not_ordering,1,
8,P4_result_misrouted,MSG0003373,recipient_not_covering,1,cover=None
8,P2_unread_cc,MSG0003470,message_exists,1,
8,P2_unread_cc,MSG0003470,is_cc,1,
8,P2_unread_cc,MSG0003470,no_access_event,1,accesses=0
8,P2_unread_cc,MSG0003533,message_exists,1,
8,P2_unread_cc,MSG0003533,is_cc,1,
8,P2_unread_cc,MSG0003533,no_access_event,1,accesses=0
8,P2_unread_cc,MSG0003534,message_exists,1,
8,P2_unread_cc,MSG0003534,is_cc,1,
8,P2_unread_cc,MSG0003534,no_access_event,1,accesses=0
8,P2_unread_cc,MSG0003539,message_exists,1,
8,P2_unread_cc,MSG0003539,is_cc,1,
8,P2_unread_cc,MSG0003539,no_access_event,1,accesses=0
8,P1_thank_you,MSG0003568,message_exists,1,
8,P1_thank_you,MSG0003568,patient_originated_portal_message,1,
8,P1_thank_you,MSG0003568,is_reply_to_prior_outbound,1,
8,P1_thank_you,MSG0003568,thread_ending,1,later_messages=0
8,P1_thank_you,MSG0003568,accessed_and_completed,1,
8,P2_unread_cc,MSG0003608,message_exists,1,
8,P2_unread_cc,MSG0003608,is_cc,1,
8,P2_unread_cc,MSG0003608,no_access_event,1,accesses=0
8,P2_unread_cc,MSG0003613,message_exists,1,
8,P2_unread_cc,MSG0003613,is_cc,1,
8,P2_unread_cc,MSG0003613,no_access_event,1,accesses=0
8,P2_unread_cc,MSG0003614,message_exists,1,
8,P2_unread_cc,MSG0003614,is_cc,1,
8,P2_unread_cc,MSG0003614,no_access_event,1,accesses=0
8,P7_pingpong,MSG0003648,message_exists,1,
8,P7_pingpong,MSG0003648,at_least_two_staff_to_provider_forwards,1,staff_to_provider=2
8,P7_pingpong,MSG0003648,at_least_two_provider_to_staff_forwards,1,provider_to_staff=2
8,P7_pingpong,MSG0003648,two_or_more_round_trips,1,roundtrips=2
8,P2_unread_cc,MSG0003681,message_exists,1,
8,P2_unread_cc,MSG0003681,is_cc,1,
8,P2_unread_cc,MSG0003681,no_access_event,1,accesses=0
8,P2_unread_cc,MSG0003684,message_exists,1,
8,P2_unread_cc,MSG0003684,is_cc,1,
8,P2_unread_cc,MSG0003684,no_access_event,1,accesses=0
8,P2_unread_cc,MSG0003685,message_exists,1,
8,P2_unread_cc,MSG0003685,is_cc,1,
8,P2_unread_cc,MSG0003685,no_access_event,1,accesses=0
8,P2_unread_cc,MSG0003687,message_exists,1,
8,P2_unread_cc,MSG0003687,is_cc,1,
8,P2_unread_cc,MSG0003687,no_access_event,1,accesses=0
8,P3_extended_thread,THR0003522,thread_exists,1,
8,P3_extended_thread,THR0003522,three_or_more_patient_incoming,1,incoming=3
8,P3_extended_thread,THR0003522,four_or_more_message_exchanges,1,in+out=6
8,P3_extended_thread,THR0003522,spans_at_least_3_days,1,span_days=5.86
8,P3_extended_thread,THR0003522,no_visit_between,1,intervening_visits=0
8,P4_result_misrouted,MSG0003846,message_exists,1,
8,P4_result_misrouted,MSG0003846,is_result,1,
8,P4_result_misrouted,MSG0003846,recipient_not_ordering,1,
8,P4_result_misrouted,MSG0003846,recipient_not_covering,1,cover=None
8,P2_unread_cc,MSG0003865,message_exists,1,
8,P2_unread_cc,MSG0003865,is_cc,1,
8,P2_unread_cc,MSG0003865,no_access_event,1,accesses=0
8,P2_unread_cc,MSG0003867,message_exists,1,
8,P2_unread_cc,MSG0003867,is_cc,1,
8,P2_unread_cc,MSG0003867,no_access_event,1,accesses=0
8,P2_unread_cc,MSG0003868,message_exists,1,
8,P2_unread_cc,MSG0003868,is_cc,1,
8,P2_unread_cc,MSG0003868,no_access_event,1,accesses=0
8,P2_unread_cc,MSG0003869,message_exists,1,
8,P2_unread_cc,MSG0003869,is_cc,1,
8,P2_unread_cc,MSG0003869,no_access_event,1,accesses=0
8,P8_nonclinical_misrouted,MSG0003917,message_exists,1,
8,P8_nonclinical_misrouted,MSG0003917,nonclinical_category,1,category=billing_question
8,P8_nonclinical_misrouted,MSG0003917,reaches_provider,1,provider_forwards=1
8,P2_unread_cc,MSG0003968,message_exists,1,
8,P2_unread_cc,MSG0003968,is_cc,1,
8,P2_unread_cc,MSG0003968,no_access_event,1,accesses=0
8,P2_unread_cc,MSG0003969,message_exists,1,
8,P2_unread_cc,MSG0003969,is_cc,1,
8,P2_unread_cc,MSG0003969,no_access_event,1,accesses=0
8,P2_unread_cc,MSG0003971,message_exists,1,
8,P2_unread_cc,MSG0003971,is_cc,1,
8,P2_unread_cc,MSG0003971,no_access_event,1,accesses=0
8,P3_extended_thread,THR0003775,thread_exists,1,
8,P3_extended_thread,THR0003775,three_or_more_patient_incoming,1,incoming=3
8,P3_extended_thread,THR0003775,four_or_more_message_exchanges,1,in+out=6
8,P3_extended_thread,THR0003775,spans_at_least_3_days,1,span_days=7.25
8,P3_extended_thread,THR0003775,no_visit_between,1,intervening_visits=0
8,P7_pingpong,MSG0004006,message_exists,1,
8,P7_pingpong,MSG0004006,at_least_two_staff_to_provider_forwards,1,staff_to_provider=2
8,P7_pingpong,MSG0004006,at_least_two_provider_to_staff_forwards,1,provider_to_staff=2
8,P7_pingpong,MSG0004006,two_or_more_round_trips,1,roundtrips=2
8,P2_unread_cc,MSG0004060,message_exists,1,
8,P2_unread_cc,MSG0004060,is_cc,1,
8,P2_unread_cc,MSG0004060,no_access_event,1,accesses=0
8,P2_unread_cc,MSG0004068,message_exists,1,
8,P2_unread_cc,MSG0004068,is_cc,1,
8,P2_unread_cc,MSG0004068,no_access_event,1,accesses=0
8,P2_unread_cc,MSG0004069,message_exists,1,
8,P2_unread_cc,MSG0004069,is_cc,1,
8,P2_unread_cc,MSG0004069,no_access_event,1,accesses=0
8,P2_unread_cc,MSG0004147,message_exists,1,
8,P2_unread_cc,MSG0004147,is_cc,1,
8,P2_unread_cc,MSG0004147,no_access_event,1,accesses=0
8,P7_pingpong,MSG0004181,message_exists,1,
8,P7_pingpong,MSG0004181,at_least_two_staff_to_provider_forwards,1,staff_to_provider=2
8,P7_pingpong,MSG0004181,at_least_two_provider_to_staff_forwards,1,provider_to_staff=2
8,P7_pingpong,MSG0004181,two_or_more_round_trips,1,roundtrips=2
8,P8_nonclinical_misrouted,MSG0004183,message_exists,1,
8,P8_nonclinical_misrouted,MSG0004183,nonclinical_category,1,category=appointment_request
8,P8_nonclinical_misrouted,MSG0004183,reaches_provider,1,provider_forwards=1
8,P4_result_misrouted,MSG0004199,message_exists,1,
8,P4_result_misrouted,MSG0004199,is_result,1,
8,P4_result_misrouted,MSG0004199,recipient_not_ordering,1,
8,P4_result_misrouted,MSG0004199,recipient_not_covering,1,cover=None
8,P2_unread_cc,MSG0004215,message_exists,1,
8,P2_unread_cc,MSG0004215,is_cc,1,
8,P2_unread_cc,MSG0004215,no_access_event,1,accesses=0
8,P2_unread_cc,MSG0004216,message_exists,1,
8,P2_unread_cc,MSG0004216,is_cc,1,
8,P2_unread_cc,MSG0004216,no_access_event,1,accesses=0
8,P4_result_misrouted,MSG0004266,message_exists,1,
8,P4_result_misrouted,MSG0004266,is_result,1,
8,P4_result_misrouted,MSG0004266,recipient_not_ordering,1,
8,P4_result_misrouted,MSG0004266,recipient_not_covering,1,cover=None
8,P2_unread_cc,MSG0004283,message_exists,1,
8,P2_unread_cc,MSG0004283,is_cc,1,
8,P2_unread_cc,MSG0004283,no_access_event,1,accesses=0
8,P2_unread_cc,MSG0004285,message_exists,1,
8,P2_unread_cc,MSG0004285,is_cc,1,
8,P2_unread_cc,MSG0004285,no_access_event,1,accesses=0
8,P2_unread_cc,MSG0004286,message_exists,1,
8,P2_unread_cc,MSG0004286,is_cc,1,
8,P2_unread_cc,MSG0004286,no_access_event,1,accesses=0
8,P2_unread_cc,MSG0004287,message_exists,1,
8,P2_unread_cc,MSG0004287,is_cc,1,
8,P2_unread_cc,MSG0004287,no_access_event,1,accesses=0
8,P2_unread_cc,MSG0004378,message_exists,1,
8,P2_unread_cc,MSG0004378,is_cc,1,
8,P2_unread_cc,MSG0004378,no_access_event,1,accesses=0
8,P2_unread_cc,MSG0004379,message_exists,1,
8,P2_unread_cc,MSG0004379,is_cc,1,
8,P2_unread_cc,MSG0004379,no_access_event,1,accesses=0
8,P2_unread_cc,MSG0004384,message_exists,1,
8,P2_unread_cc,MSG0004384,is_cc,1,
8,P2_unread_cc,MSG0004384,no_access_event,1,accesses=0
8,P8_nonclinical_misrouted,MSG0004422,message_exists,1,
8,P8_nonclinical_misrouted,MSG0004422,nonclinical_category,1,category=appointment_request
8,P8_nonclinical_misrouted,MSG0004422,reaches_provider,1,provider_forwards=1
8,P2_unread_cc,MSG0004453,message_exists,1,
8,P2_unread_cc,MSG0004453,is_cc,1,
8,P2_unread_cc,MSG0004453,no_access_event,1,accesses=0
8,P2_unread_cc,MSG0004454,message_exists,1,
8,P2_unread_cc,MSG0004454,is_cc,1,
8,P2_unread_cc,MSG0004454,no_access_event,1,accesses=0
8,P2_unread_cc,MSG0004458,message_exists,1,
8,P2_unread_cc,MSG0004458,is_cc,1,
8,P2_unread_cc,MSG0004458,no_access_event,1,accesses=0
8,P1_thank_you,MSG0004511,message_exists,1,
8,P1_thank_you,MSG0004511,patient_originated_portal_message,1,
8,P1_thank_you,MSG0004511,is_reply_to_prior_outbound,1,
8,P1_thank_you,MSG0004511,thread_ending,1,later_messages=0
8,P1_thank_you,MSG0004511,accessed_and_completed,1,
8,P4_result_misrouted,MSG0004529,message_exists,1,
8,P4_result_misrouted,MSG0004529,is_result,1,
8,P4_result_misrouted,MSG0004529,recipient_not_ordering,1,
8,P4_result_misrouted,MSG0004529,recipient_not_covering,1,cover=None
8,P2_unread_cc,MSG0004548,message_exists,1,
8,P2_unread_cc,MSG0004548,is_cc,1,
8,P2_unread_cc,MSG0004548,no_access_event,1,accesses=0
8,P2_unread_cc,MSG0004550,message_exists,1,
8,P2_unread_cc,MSG0004550,is_cc,1,
8,P2_unread_cc,MSG0004550,no_access_event,1,accesses=0
8,P2_unread_cc,MSG0004625,message_exists,1,
8,P2_unread_cc,MSG0004625,is_cc,1,
8,P2_unread_cc,MSG0004625,no_access_event,1,accesses=0
8,P2_unread_cc,MSG0004627,message_exists,1,
8,P2_unread_cc,MSG0004627,is_cc,1,
8,P2_unread_cc,MSG0004627,no_access_event,1,accesses=0
8,P2_unread_cc,MSG0004703,message_exists,1,
8,P2_unread_cc,MSG0004703,is_cc,1,
8,P2_unread_cc,MSG0004703,no_access_event,1,accesses=0
8,P2_unread_cc,MSG0004705,message_exists,1,
8,P2_unread_cc,MSG0004705,is_cc,1,
8,P2_unread_cc,MSG0004705,no_access_event,1,accesses=0
8,P2_unread_cc,MSG0004706,message_exists,1,
8,P2_unread_cc,MSG0004706,is_cc,1,
8,P2_unread_cc,MSG0004706,no_access_event,1,accesses=0
8,P2_unread_cc,MSG0004708,message_exists,1,
8,P2_unread_cc,MSG0004708,is_cc,1,
8,P2_unread_cc,MSG0004708,no_access_event,1,accesses=0
8,P2_unread_cc,MSG0004709,message_exists,1,
8,P2_unread_cc,MSG0004709,is_cc,1,
8,P2_unread_cc,MSG0004709,no_access_event,1,accesses=0
8,P2_unread_cc,MSG0004711,message_exists,1,
8,P2_unread_cc,MSG0004711,is_cc,1,
8,P2_unread_cc,MSG0004711,no_access_event,1,accesses=0
8,P2_unread_cc,MSG0004713,message_exists,1,
8,P2_unread_cc,MSG0004713,is_cc,1,
8,P2_unread_cc,MSG0004713,no_access_event,1,accesses=0
8,P7_pingpong,MSG0004754,message_exists,1,
8,P7_pingpong,MSG0004754,at_least_two_staff_to_provider_forwards,1,staff_to_provider=2
8,P7_pingpong,MSG0004754,at_least_two_provider_to_staff_forwards,1,provider_to_staff=2
8,P7_pingpong,MSG0004754,two_or_more_round_trips,1,roundtrips=2
8,P1_thank_you,MSG0004759,message_exists,1,
8,P1_thank_you,MSG0004759,patient_originated_portal_message,1,
8,P1_thank_you,MSG0004759,is_reply_to_prior_outbound,1,
8,P1_thank_you,MSG0004759,thread_ending,1,later_messages=0
8,P1_thank_you,MSG0004759,accessed_and_completed,1,
8,P2_unread_cc,MSG0004803,message_exists,1,
8,P2_unread_cc,MSG0004803,is_cc,1,
8,P2_unread_cc,MSG0004803,no_access_event,1,accesses=0
8,P2_unread_cc,MSG0004806,message_exists,1,
8,P2_unread_cc,MSG0004806,is_cc,1,
8,P2_unread_cc,MSG0004806,no_access_event,1,accesses=0
8,P2_unread_cc,MSG0004808,message_exists,1,
8,P2_unread_cc,MSG0004808,is_cc,1,
8,P2_unread_cc,MSG0004808,no_access_event,1,accesses=0
8,P2_unread_cc,MSG0004811,message_exists,1,
8,P2_unread_cc,MSG0004811,is_cc,1,
8,P2_unread_cc,MSG0004811,no_access_event,1,accesses=0
8,P7_pingpong,MSG0004847,message_exists,1,
8,P7_pingpong,MSG0004847,at_least_two_staff_to_provider_forwards,1,staff_to_provider=2
8,P7_pingpong,MSG0004847,at_least_two_provider_to_staff_forwards,1,provider_to_staff=2
8,P7_pingpong,MSG0004847,two_or_more_round_trips,1,roundtrips=2
8,P4_result_misrouted,MSG0004872,message_exists,1,
8,P4_result_misrouted,MSG0004872,is_result,1,
8,P4_result_misrouted,MSG0004872,recipient_not_ordering,1,
8,P4_result_misrouted,MSG0004872,recipient_not_covering,1,cover=None
8,P2_unread_cc,MSG0004887,message_exists,1,
8,P2_unread_cc,MSG0004887,is_cc,1,
8,P2_unread_cc,MSG0004887,no_access_event,1,accesses=0
8,P2_unread_cc,MSG0004893,message_exists,1,
8,P2_unread_cc,MSG0004893,is_cc,1,
8,P2_unread_cc,MSG0004893,no_access_event,1,accesses=0
8,P2_unread_cc,MSG0004963,message_exists,1,
8,P2_unread_cc,MSG0004963,is_cc,1,
8,P2_unread_cc,MSG0004963,no_access_event,1,accesses=0
8,P2_unread_cc,MSG0004965,message_exists,1,
8,P2_unread_cc,MSG0004965,is_cc,1,
8,P2_unread_cc,MSG0004965,no_access_event,1,accesses=0
8,P3_extended_thread,THR0004691,thread_exists,1,
8,P3_extended_thread,THR0004691,three_or_more_patient_incoming,1,incoming=3
8,P3_extended_thread,THR0004691,four_or_more_message_exchanges,1,in+out=6
8,P3_extended_thread,THR0004691,spans_at_least_3_days,1,span_days=6.83
8,P3_extended_thread,THR0004691,no_visit_between,1,intervening_visits=0
8,P2_unread_cc,MSG0005036,message_exists,1,
8,P2_unread_cc,MSG0005036,is_cc,1,
8,P2_unread_cc,MSG0005036,no_access_event,1,accesses=0
8,P2_unread_cc,MSG0005037,message_exists,1,
8,P2_unread_cc,MSG0005037,is_cc,1,
8,P2_unread_cc,MSG0005037,no_access_event,1,accesses=0
8,P2_unread_cc,MSG0005038,message_exists,1,
8,P2_unread_cc,MSG0005038,is_cc,1,
8,P2_unread_cc,MSG0005038,no_access_event,1,accesses=0
9,P1_thank_you,MSG0000009,message_exists,1,
9,P1_thank_you,MSG0000009,patient_originated_portal_message,1,
9,P1_thank_you,MSG0000009,is_reply_to_prior_outbound,1,
9,P1_thank_you,MSG0000009,thread_ending,1,later_messages=0
9,P1_thank_you,MSG0000009,accessed_and_completed,1,
9,P1_thank_you,MSG0000014,message_exists,1,
9,P1_thank_you,MSG0000014,patient_originated_portal_message,1,
9,P1_thank_you,MSG0000014,is_reply_to_prior_outbound,1,
9,P1_thank_you,MSG0000014,thread_ending,1,later_messages=0
9,P1_thank_you,MSG0000014,accessed_and_completed,1,
9,P2_unread_cc,MSG0000040,message_exists,1,
9,P2_unread_cc,MSG0000040,is_cc,1,
9,P2_unread_cc,MSG0000040,no_access_event,1,accesses=0
9,P2_unread_cc,MSG0000041,message_exists,1,
9,P2_unread_cc,MSG0000041,is_cc,1,
9,P2_unread_cc,MSG0000041,no_access_event,1,accesses=0
9,P2_unread_cc,MSG0000043,message_exists,1,
9,P2_unread_cc,MSG0000043,is_cc,1,
9,P2_unread_cc,MSG0000043,no_access_event,1,accesses=0
9,P2_unread_cc,MSG0000124,message_exists,1,
9,P2_unread_cc,MSG0000124,is_cc,1,
9,P2_unread_cc,MSG0000124,no_access_event,1,accesses=0
9,P1_thank_you,MSG0000163,message_exists,1,
9,P1_thank_you,MSG0000163,patient_originated_portal_message,1,
9,P1_thank_you,MSG0000163,is_reply_to_prior_outbound,1,
9,P1_thank_you,MSG0000163,thread_ending,1,later_messages=0
9,P1_thank_you,MSG0000163,accessed_and_completed,1,
9,P8_nonclinical_misrouted,MSG0000165,message_exists,1,
9,P8_nonclinical_misrouted,MSG0000165,nonclinical_category,1,category=billing_question
9,P8_nonclinical_misrouted,MSG0000165,reaches_provider,1,provider_forwards=1
9,P4_result_misrouted,MSG0000179,message_exists,1,
9,P4_result_misrouted,MSG0000179,is_result,1,
9,P4_result_misrouted,MSG0000179,recipient_not_ordering,1,
9,P4_result_misrouted,MSG0000179,recipient_not_covering,1,cover=None
9,P2_unread_cc,MSG0000199,message_exists,1,
9,P2_unread_cc,MSG0000199,is_cc,1,
9,P2_unread_cc,MSG0000199,no_access_event,1,accesses=0
9,P2_unread_cc,MSG0000202,message_exists,1,
9,P2_unread_cc,MSG0000202,is_cc,1,
9,P2_unread_cc,MSG0000202,no_access_event,1,accesses=0
9,P2_unread_cc,MSG0000204,message_exists,1,
9,P2_unread_cc,MSG0000204,is_cc,1,
9,P2_unread_cc,MSG0000204,no_access_event,1,accesses=0
9,P2_unread_cc,MSG0000208,message_exists,1,
9,P2_unread_cc,MSG0000208,is_cc,1,
9,P2_unread_cc,MSG0000208,no_access_event,1,accesses=0
9,P2_unread_cc,MSG0000284,message_exists,1,
9,P2_unread_cc,MSG0000284,is_cc,1,
9,P2_unread_cc,MSG0000284,no_access_event,1,accesses=0
9,P2_unread_cc,MSG0000285,message_exists,1,
9,P2_unread_cc,MSG0000285,is_cc,1,
9,P2_unread_cc,MSG0000285,no_access_event,1,accesses=0
9,P2_unread_cc,MSG0000289,message_exists,1,
9,P2_unread_cc,MSG0000289,is_cc,1,
9,P2_unread_cc,MSG0000289,no_access_event,1,accesses=0
9,P2_unread_cc,MSG0000292,message_exists,1,
9,P2_unread_cc,MSG0000292,is_cc,1,
9,P2_unread_cc,MSG0000292,no_access_event,1,accesses=0
9,P1_thank_you,MSG0000324,message_exists,1,
9,P1_thank_you,MSG0000324,patient_originated_portal_message,1,
9,P1_thank_you,MSG0000324,is_reply_to_prior_outbound,1,
9,P1_thank_you,MSG0000324,thread_ending,1,later_messages=0
9,P1_thank_you,MSG0000324,accessed_and_completed,1,
9,P4_result_misrouted,MSG0000345,message_exists,1,
9,P4_result_misrouted,MSG0000345,is_result,1,
9,P4_result_misrouted,MSG0000345,recipient_not_ordering,1,
9,P4_result_misrouted,MSG0000345,recipient_not_covering,1,cover=None
9,P2_unread_cc,MSG0000371,message_exists,1,
9,P2_unread_cc,MSG0000371,is_cc,1,
9,P2_unread_cc,MSG0000371,no_access_event,1,accesses=0
9,P3_extended_thread,THR0000385,thread_exists,1,
9,P3_extended_thread,THR0000385,three_or_more_patient_incoming,1,incoming=3
9,P3_extended_thread,THR0000385,four_or_more_message_exchanges,1,in+out=6
9,P3_extended_thread,THR0000385,spans_at_least_3_days,1,span_days=9.10
9,P3_extended_thread,THR0000385,no_visit_between,1,intervening_visits=0
9,P1_thank_you,MSG0000425,message_exists,1,
9,P1_thank_you,MSG0000425,patient_originated_portal_message,1,
9,P1_thank_you,MSG0000425,is_reply_to_prior_outbound,1,
9,P1_thank_you,MSG0000425,thread_ending,1,later_messages=0
9,P1_thank_you,MSG0000425,accessed_and_completed,1,
9,P3_extended_thread,THR0000388,thread_exists,1,
9,P3_extended_thread,THR0000388,three_or_more_patient_incoming,1,incoming=3
9,P3_extended_thread,THR0000388,four_or_more_message_exchanges,1,in+out=6
9,P3_extended_thread,THR0000388,spans_at_least_3_days,1,span_days=6.28
9,P3_extended_thread,THR0000388,no_visit_between,1,intervening_visits=0
9,P4_result_misrouted,MSG0000446,message_exists,1,
9,P4_result_misrouted,MSG0000446,is_result,1,
9,P4_result_misrouted,MSG0000446,recipient_not_ordering,1,
9,P4_result_misrouted,MSG0000446,recipient_not_covering,1,cover=None
9,P2_unread_cc,MSG0000472,message_exists,1,
9,P2_unread_cc,MSG0000472,is_cc,1,
9,P2_unread_cc,MSG0000472,no_access_event,1,accesses=0
9,P2_unread_cc,MSG0000474,message_exists,1,
9,P2_unread_cc,MSG0000474,is_cc,1,
9,P2_unread_cc,MSG0000474,no_access_event,1,accesses=0
9,P2_unread_cc,MSG0000475,message_exists,1,
9,P2_unread_cc,MSG0000475,is_cc,1,
9,P2_unread_cc,MSG0000475,no_access_event,1,accesses=0
9,P2_unread_cc,MSG0000479,message_exists,1,
9,P2_unread_cc,MSG0000479,is_cc,1,
9,P2_unread_cc,MSG0000479,no_access_event,1,accesses=0
9,P2_unread_cc,MSG0000551,message_exists,1,
9,P2_unread_cc,MSG0000551,is_cc,1,
9,P2_unread_cc,MSG0000551,no_access_event,1,accesses=0
9,P2_unread_cc,MSG0000557,message_exists,1,
9,P2_unread_cc,MSG0000557,is_cc,1,
9,P2_unread_cc,MSG0000557,no_access_event,1,accesses=0
9,P2_unread_cc,MSG0000643,message_exists,1,
9,P2_unread_cc,MSG0000643,is_cc,1,
9,P2_unread_cc,MSG0000643,no_access_event,1,accesses=0
9,P2_unread_cc,MSG0000644,message_exists,1,
9,P2_unread_cc,MSG0000644,is_cc,1,
9,P2_unread_cc,MSG0000644,no_access_event,1,accesses=0
9,P7_pingpong,MSG0000678,message_exists,1,
9,P7_pingpong,MSG0000678,at_least_two_staff_to_provider_forwards,1,staff_to_provider=2
9,P7_pingpong,MSG0000678,at_least_two_provider_to_staff_forwards,1,provider_to_staff=2
9,P7_pingpong,MSG0000678,two_or_more_round_trips,1,roundtrips=2
9,P2_unread_cc,MSG0000720,message_exists,1,
9,P2_unread_cc,MSG0000720,is_cc,1,
9,P2_unread_cc,MSG0000720,no_access_event,1,accesses=0
9,P4_result_misrouted,MSG0000766,message_exists,1,
9,P4_result_misrouted,MSG0000766,is_result,1,
9,P4_result_misrouted,MSG0000766,recipient_not_ordering,1,
9,P4_result_misrouted,MSG0000766,recipient_not_covering,1,cover=None
9,P2_unread_cc,MSG0000790,message_exists,1,
9,P2_unread_cc,MSG0000790,is_cc,1,
9,P2_unread_cc,MSG0000790,no_access_event,1,accesses=0
9,P2_unread_cc,MSG0000792,message_exists,1,
9,P2_unread_cc,MSG0000792,is_cc,1,
9,P2_unread_cc,MSG0000792,no_access_event,1,accesses=0
9,P2_unread_cc,MSG0000793,message_exists,1,
9,P2_unread_cc,MSG0000793,is_cc,1,
9,P2_unread_cc,MSG0000793,no_access_event,1,accesses=0
9,P2_unread_cc,MSG0000794,message_exists,1,
9,P2_unread_cc,MSG0000794,is_cc,1,
9,P2_unread_cc,MSG0000794,no_access_event,1,accesses=0
9,P2_unread_cc,MSG0000849,message_exists,1,
9,P2_unread_cc,MSG0000849,is_cc,1,
9,P2_unread_cc,MSG0000849,no_access_event,1,accesses=0
9,P2_unread_cc,MSG0000850,message_exists,1,
9,P2_unread_cc,MSG0000850,is_cc,1,
9,P2_unread_cc,MSG0000850,no_access_event,1,accesses=0
9,P2_unread_cc,MSG0000851,message_exists,1,
9,P2_unread_cc,MSG0000851,is_cc,1,
9,P2_unread_cc,MSG0000851,no_access_event,1,accesses=0
9,P2_unread_cc,MSG0000854,message_exists,1,
9,P2_unread_cc,MSG0000854,is_cc,1,
9,P2_unread_cc,MSG0000854,no_access_event,1,accesses=0
9,P4_result_misrouted,MSG0000883,message_exists,1,
9,P4_result_misrouted,MSG0000883,is_result,1,
9,P4_result_misrouted,MSG0000883,recipient_not_ordering,1,
9,P4_result_misrouted,MSG0000883,recipient_not_covering,1,cover=None
9,P2_unread_cc,MSG0000917,message_exists,1,
9,P2_unread_cc,MSG0000917,is_cc,1,
9,P2_unread_cc,MSG0000917,no_access_event,1,accesses=0
9,P2_unread_cc,MSG0000920,message_exists,1,
9,P2_unread_cc,MSG0000920,is_cc,1,
9,P2_unread_cc,MSG0000920,no_access_event,1,accesses=0
9,P2_unread_cc,MSG0000925,message_exists,1,
9,P2_unread_cc,MSG0000925,is_cc,1,
9,P2_unread_cc,MSG0000925,no_access_event,1,accesses=0
9,P2_unread_cc,MSG0000999,message_exists,1,
9,P2_unread_cc,MSG0000999,is_cc,1,
9,P2_unread_cc,MSG0000999,no_access_event,1,accesses=0
9,P2_unread_cc,MSG0001076,message_exists,1,
9,P2_unread_cc,MSG0001076,is_cc,1,
9,P2_unread_cc,MSG0001076,no_access_event,1,accesses=0
9,P2_unread_cc,MSG0001078,message_exists,1,
9,P2_unread_cc,MSG0001078,is_cc,1,
9,P2_unread_cc,MSG0001078,no_access_event,1,accesses=0
9,P2_unread_cc,MSG0001079,message_exists,1,
9,P2_unread_cc,MSG0001079,is_cc,1,
9,P2_unread_cc,MSG0001079,no_access_event,1,accesses=0
9,P2_unread_cc,MSG0001163,message_exists,1,
9,P2_unread_cc,MSG0001163,is_cc,1,
9,P2_unread_cc,MSG0001163,no_access_event,1,accesses=0
9,P2_unread_cc,MSG0001170,message_exists,1,
9,P2_unread_cc,MSG0001170,is_cc,1,
9,P2_unread_cc,MSG0001170,no_access_event,1,accesses=0
9,P2_unread_cc,MSG0001173,message_exists,1,
9,P2_unread_cc,MSG0001173,is_cc,1,
9,P2_unread_cc,MSG0001173,no_access_event,1,accesses=0
9,P2_unread_cc,MSG0001174,message_exists,1,
9,P2_unread_cc,MSG0001174,is_cc,1,
9,P2_unread_cc,MSG0001174,no_access_event,1,accesses=0
9,P3_extended_thread,THR0001209,thread_exists,1,
9,P3_extended_thread,THR0001209,three_or_more_patient_incoming,1,incoming=3
9,P3_extended_thread,THR0001209,four_or_more_message_exchanges,1,in+out=6
9,P3_extended_thread,THR0001209,spans_at_least_3_days,1,span_days=4.99
9,P3_extended_thread,THR0001209,no_visit_between,1,intervening_visits=0
9,P1_thank_you,MSG0001309,message_exists,1,
9,P1_thank_you,MSG0001309,patient_originated_portal_message,1,
9,P1_thank_you,MSG0001309,is_reply_to_prior_outbound,1,
9,P1_thank_you,MSG0001309,thread_ending,1,later_messages=0
9,P1_thank_you,MSG0001309,accessed_and_completed,1,
9,P4_result_misrouted,MSG0001316,message_exists,1,
9,P4_result_misrouted,MSG0001316,is_result,1,
9,P4_result_misrouted,MSG0001316,recipient_not_ordering,1,
9,P4_result_misrouted,MSG0001316,recipient_not_covering,1,cover=None
9,P4_result_misrouted,MSG0001317,message_exists,1,
9,P4_result_misrouted,MSG0001317,is_result,1,
9,P4_result_misrouted,MSG0001317,recipient_not_ordering,1,
9,P4_result_misrouted,MSG0001317,recipient_not_covering,1,cover=None
9,P2_unread_cc,MSG0001342,message_exists,1,
9,P2_unread_cc,MSG0001342,is_cc,1,
9,P2_unread_cc,MSG0001342,no_access_event,1,accesses=0
9,P2_unread_cc,MSG0001344,message_exists,1,
9,P2_unread_cc,MSG0001344,is_cc,1,
9,P2_unread_cc,MSG0001344,no_access_event,1,accesses=0
9,P2_unread_cc,MSG0001345,message_exists,1,
9,P2_unread_cc,MSG0001345,is_cc,1,
9,P2_unread_cc,MSG0001345,no_access_event,1,accesses=0
9,P2_unread_cc,MSG0001346,message_exists,1,
9,P2_unread_cc,MSG0001346,is_cc,1,
9,P2_unread_cc,MSG0001346,no_access_event,1,accesses=0
9,P2_unread_cc,MSG0001350,message_exists,1,
9,P2_unread_cc,MSG0001350,is_cc,1,
9,P2_unread_cc,MSG0001350,no_access_event,1,accesses=0
9,P2_unread_cc,MSG0001431,message_exists,1,
9,P2_unread_cc,MSG0001431,is_cc,1,
9,P2_unread_cc,MSG0001431,no_access_event,1,accesses=0
9,P4_result_misrouted,MSG0001477,message_exists,1,
9,P4_result_misrouted,MSG0001477,is_result,1,
9,P4_result_misrouted,MSG0001477,recipient_not_ordering,1,
9,P4_result_misrouted,MSG0001477,recipient_not_covering,1,cover=None
9,P2_unread_cc,MSG0001503,message_exists,1,
9,P2_unread_cc,MSG0001503,is_cc,1,
9,P2_unread_cc,MSG0001503,no_access_event,1,accesses=0
9,P2_unread_cc,MSG0001506,message_exists,1,
9,P2_unread_cc,MSG0001506,is_cc,1,
9,P2_unread_cc,MSG0001506,no_access_event,1,accesses=0
9,P2_unread_cc,MSG0001508,message_exists,1,
9,P2_unread_cc,MSG0001508,is_cc,1,
9,P2_unread_cc,MSG0001508,no_access_event,1,accesses=0
9,P3_extended_thread,THR0001445,thread_exists,1,
9,P3_extended_thread,THR0001445,three_or_more_patient_incoming,1,incoming=3
9,P3_extended_thread,THR0001445,four_or_more_message_exchanges,1,in+out=6
9,P3_extended_thread,THR0001445,spans_at_least_3_days,1,span_days=6.16
9,P3_extended_thread,THR0001445,no_visit_between,1,intervening_visits=0
9,P1_thank_you,MSG0001543,message_exists,1,
9,P1_thank_you,MSG0001543,patient_originated_portal_message,1,
9,P1_thank_you,MSG0001543,is_reply_to_prior_outbound,1,
9,P1_thank_you,MSG0001543,thread_ending,1,later_messages=0
9,P1_thank_you,MSG0001543,accessed_and_completed,1,
9,P7_pingpong,MSG0001548,message_exists,1,
9,P7_pingpong,MSG0001548,at_least_two_staff_to_provider_forwards,1,staff_to_provider=2
9,P7_pingpong,MSG0001548,at_least_two_provider_to_staff_forwards,1,provider_to_staff=2
9,P7_pingpong,MSG0001548,two_or_more_round_trips,1,roundtrips=2
9,P2_unread_cc,MSG0001654,message_exists,1,
9,P2_unread_cc,MSG0001654,is_cc,1,
9,P2_unread_cc,MSG0001654,no_access_event,1,accesses=0
9,P2_unread_cc,MSG0001725,message_exists,1,
9,P2_unread_cc,MSG0001725,is_cc,1,
9,P2_unread_cc,MSG0001725,no_access_event,1,accesses=0
9,P2_unread_cc,MSG0001726,message_exists,1,
9,P2_unread_cc,MSG0001726,is_cc,1,
9,P2_unread_cc,MSG0001726,no_access_event,1,accesses=0
9,P2_unread_cc,MSG0001729,message_exists,1,
9,P2_unread_cc,MSG0001729,is_cc,1,
9,P2_unread_cc,MSG0001729,no_access_event,1,accesses=0
9,P2_unread_cc,MSG0001730,message_exists,1,
9,P2_unread_cc,MSG0001730,is_cc,1,
9,P2_unread_cc,MSG0001730,no_access_event,1,accesses=0
9,P1_thank_you,MSG0001767,message_exists,1,
9,P1_thank_you,MSG0001767,patient_originated_portal_message,1,
9,P1_thank_you,MSG0001767,is_reply_to_prior_outbound,1,
9,P1_thank_you,MSG0001767,thread_ending,1,later_messages=0
9,P1_thank_you,MSG0001767,accessed_and_completed,1,
9,P4_result_misrouted,MSG0001777,message_exists,1,
9,P4_result_misrouted,MSG0001777,is_result,1,
9,P4_result_misrouted,MSG0001777,recipient_not_ordering,1,
9,P4_result_misrouted,MSG0001777,recipient_not_covering,1,cover=None
9,P2_unread_cc,MSG0001808,message_exists,1,
9,P2_unread_cc,MSG0001808,is_cc,1,
9,P2_unread_cc,MSG0001808,no_access_event,1,accesses=0
9,P2_unread_cc,MSG0001809,message_exists,1,
9,P2_unread_cc,MSG0001809,is_cc,1,
9,P2_unread_cc,MSG0001809,no_access_event,1,accesses=0
9,P2_unread_cc,MSG0001810,message_exists,1,
9,P2_unread_cc,MSG0001810,is_cc,1,
9,P2_unread_cc,MSG0001810,no_access_event,1,accesses=0
9,P2_unread_cc,MSG0001812,message_exists,1,
9,P2_unread_cc,MSG0001812,is_cc,1,
9,P2_unread_cc,MSG0001812,no_access_event,1,accesses=0
9,P2_unread_cc,MSG0001814,message_exists,1,
9,P2_unread_cc,MSG0001814,is_cc,1,
9,P2_unread_cc,MSG0001814,no_access_event,1,accesses=0
9,P4_result_misrouted,MSG0001858,message_exists,1,
9,P4_result_misrouted,MSG0001858,is_result,1,
9,P4_result_misrouted,MSG0001858,recipient_not_ordering,1,
9,P4_result_misrouted,MSG0001858,recipient_not_covering,1,cover=None
9,P2_unread_cc,MSG0001884,message_exists,1,
9,P2_unread_cc,MSG0001884,is_cc,1,
9,P2_unread_cc,MSG0001884,no_access_event,1,accesses=0
9,P2_unread_cc,MSG0001888,message_exists,1,
9,P2_unread_cc,MSG0001888,is_cc,1,
9,P2_unread_cc,MSG0001888,no_access_event,1,accesses=0
9,P2_unread_cc,MSG0001889,message_exists,1,
9,P2_unread_cc,MSG0001889,is_cc,1,
9,P2_unread_cc,MSG0001889,no_access_event,1,accesses=0
9,P2_unread_cc,MSG0001957,message_exists,1,
9,P2_unread_cc,MSG0001957,is_cc,1,
9,P2_unread_cc,MSG0001957,no_access_event,1,accesses=0
9,P2_unread_cc,MSG0001959,message_exists,1,
9,P2_unread_cc,MSG0001959,is_cc,1,
9,P2_unread_cc,MSG0001959,no_access_event,1,accesses=0
9,P2_unread_cc,MSG0001960,message_exists,1,
9,P2_unread_cc,MSG0001960,is_cc,1,
9,P2_unread_cc,MSG0001960,no_access_event,1,accesses=0
9,P2_unread_cc,MSG0001969,message_exists,1,
9,P2_unread_cc,MSG0001969,is_cc,1,
9,P2_unread_cc,MSG0001969,no_access_event,1,accesses=0
9,P8_nonclinical_misrouted,MSG0002010,message_exists,1,
9,P8_nonclinical_misrouted,MSG0002010,nonclinical_category,1,category=appointment_request
9,P8_nonclinical_misrouted,MSG0002010,reaches_provider,1,provider_forwards=1
9,P7_pingpong,MSG0002013,message_exists,1,
9,P7_pingpong,MSG0002013,at_least_two_staff_to_provider_forwards,1,staff_to_provider=2
9,P7_pingpong,MSG0002013,at_least_two_provider_to_staff_forwards,1,provider_to_staff=2
9,P7_pingpong,MSG0002013,two_or_more_round_trips,1,roundtrips=2
9,P4_result_misrouted,MSG0002028,message_exists,1,
9,P4_result_misrouted,MSG0002028,is_result,1,
9,P4_result_misrouted,MSG0002028,recipient_not_ordering,1,
9,P4_result_misrouted,MSG0002028,recipient_not_covering,1,cover=None
9,P2_unread_cc,MSG0002048,message_exists,1,
9,P2_unread_cc,MSG0002048,is_cc,1,
9,P2_unread_cc,MSG0002048,no_access_event,1,accesses=0
9,P2_unread_cc,MSG0002050,message_exists,1,
9,P2_unread_cc,MSG0002050,is_cc,1,
9,P2_unread_cc,MSG0002050,no_access_event,1,accesses=0
9,P2_unread_cc,MSG0002195,message_exists,1,
9,P2_unread_cc,MSG0002195,is_cc,1,
9,P2_unread_cc,MSG0002195,no_access_event,1,accesses=0
9,P2_unread_cc,MSG0002198,message_exists,1,
9,P2_unread_cc,MSG0002198,is_cc,1,
9,P2_unread_cc,MSG0002198,no_access_event,1,accesses=0
9,P2_unread_cc,MSG0002200,message_exists,1,
9,P2_unread_cc,MSG0002200,is_cc,1,
9,P2_unread_cc,MSG0002200,no_access_event,1,accesses=0
9,P4_result_misrouted,MSG0002259,message_exists,1,
9,P4_result_misrouted,MSG0002259,is_result,1,
9,P4_result_misrouted,MSG0002259,recipient_not_ordering,1,
9,P4_result_misrouted,MSG0002259,recipient_not_covering,1,cover=None
9,P4_result_misrouted,MSG0002264,message_exists,1,
9,P4_result_misrouted,MSG0002264,is_result,1,
9,P4_result_misrouted,MSG0002264,recipient_not_ordering,1,
9,P4_result_misrouted,MSG0002264,recipient_not_covering,1,cover=None
9,P2_unread_cc,MSG0002291,message_exists,1,
9,P2_unread_cc,MSG0002291,is_cc,1,
9,P2_unread_cc,MSG0002291,no_access_event,1,accesses=0
9,P2_unread_cc,MSG0002292,message_exists,1,
9,P2_unread_cc,MSG0002292,is_cc,1,
9,P2_unread_cc,MSG0002292,no_access_event,1,accesses=0
9,P2_unread_cc,MSG0002377,message_exists,1,
9,P2_unread_cc,MSG0002377,is_cc,1,
9,P2_unread_cc,MSG0002377,no_access_event,1,accesses=0
9,P2_unread_cc,MSG0002453,message_exists,1,
9,P2_unread_cc,MSG0002453,is_cc,1,
9,P2_unread_cc,MSG0002453,no_access_event,1,accesses=0
9,P2_unread_cc,MSG0002455,message_exists,1,
9,P2_unread_cc,MSG0002455,is_cc,1,
9,P2_unread_cc,MSG0002455,no_access_event,1,accesses=0
9,P2_unread_cc,MSG0002456,message_exists,1,
9,P2_unread_cc,MSG0002456,is_cc,1,
9,P2_unread_cc,MSG0002456,no_access_event,1,accesses=0
9,P4_result_misrouted,MSG0002575,message_exists,1,
9,P4_result_misrouted,MSG0002575,is_result,1,
9,P4_result_misrouted,MSG0002575,recipient_not_ordering,1,
9,P4_result_misrouted,MSG0002575,recipient_not_covering,1,cover=None
9,P2_unread_cc,MSG0002594,message_exists,1,
9,P2_unread_cc,MSG0002594,is_cc,1,
9,P2_unread_cc,MSG0002594,no_access_event,1,accesses=0
9,P2_unread_cc,MSG0002597,message_exists,1,
9,P2_unread_cc,MSG0002597,is_cc,1,
9,P2_unread_cc,MSG0002597,no_access_event,1,accesses=0
9,P2_unread_cc,MSG0002601,message_exists,1,
9,P2_unread_cc,MSG0002601,is_cc,1,
9,P2_unread_cc,MSG0002601,no_access_event,1,accesses=0
9,P2_unread_cc,MSG0002668,message_exists,1,
9,P2_unread_cc,MSG0002668,is_cc,1,
9,P2_unread_cc,MSG0002668,no_access_event,1,accesses=0
9,P2_unread_cc,MSG0002671,message_exists,1,
9,P2_unread_cc,MSG0002671,is_cc,1,
9,P2_unread_cc,MSG0002671,no_access_event,1,accesses=0
9,P2_unread_cc,MSG0002677,message_exists,1,
9,P2_unread_cc,MSG0002677,is_cc,1,
9,P2_unread_cc,MSG0002677,no_access_event,1,accesses=0
9,P3_extended_thread,THR0002563,thread_exists,1,
9,P3_extended_thread,THR0002563,three_or_more_patient_incoming,1,incoming=3
9,P3_extended_thread,THR0002563,four_or_more_message_exchanges,1,in+out=6
9,P3_extended_thread,THR0002563,spans_at_least_3_days,1,span_days=9.72
9,P3_extended_thread,THR0002563,no_visit_between,1,intervening_visits=0
9,P2_unread_cc,MSG0002751,message_exists,1,
9,P2_unread_cc,MSG0002751,is_cc,1,
9,P2_unread_cc,MSG0002751,no_access_event,1,accesses=0
9,P2_unread_cc,MSG0002752,message_exists,1,
9,P2_unread_cc,MSG0002752,is_cc,1,
9,P2_unread_cc,MSG0002752,no_access_event,1,accesses=0
9,P3_extended_thread,THR0002638,thread_exists,1,
9,P3_extended_thread,THR0002638,three_or_more_patient_incoming,1,incoming=3
9,P3_extended_thread,THR0002638,four_or_more_message_exchanges,1,in+out=6
9,P3_extended_thread,THR0002638,spans_at_least_3_days,1,span_days=6.15
9,P3_extended_thread,THR0002638,no_visit_between,1,intervening_visits=0
9,P4_result_misrouted,MSG0002807,message_exists,1,
9,P4_result_misrouted,MSG0002807,is_result,1,
9,P4_result_misrouted,MSG0002807,recipient_not_ordering,1,
9,P4_result_misrouted,MSG0002807,recipient_not_covering,1,cover=None
9,P2_unread_cc,MSG0002840,message_exists,1,
9,P2_unread_cc,MSG0002840,is_cc,1,
9,P2_unread_cc,MSG0002840,no_access_event,1,accesses=0
9,P2_unread_cc,MSG0002906,message_exists,1,
9,P2_unread_cc,MSG0002906,is_cc,1,
9,P2_unread_cc,MSG0002906,no_access_event,1,accesses=0
9,P2_unread_cc,MSG0002908,message_exists,1,
9,P2_unread_cc,MSG0002908,is_cc,1,
9,P2_unread_cc,MSG0002908,no_access_event,1,accesses=0
9,P1_thank_you,MSG0002940,message_exists,1,
9,P1_thank_you,MSG0002940,patient_originated_portal_message,1,
9,P1_thank_you,MSG0002940,is_reply_to_prior_outbound,1,
9,P1_thank_you,MSG0002940,thread_ending,1,later_messages=0
9,P1_thank_you,MSG0002940,accessed_and_completed,1,
9,P2_unread_cc,MSG0002987,message_exists,1,
9,P2_unread_cc,MSG0002987,is_cc,1,
9,P2_unread_cc,MSG0002987,no_access_event,1,accesses=0
9,P2_unread_cc,MSG0002991,message_exists,1,
9,P2_unread_cc,MSG0002991,is_cc,1,
9,P2_unread_cc,MSG0002991,no_access_event,1,accesses=0
9,P2_unread_cc,MSG0002994,message_exists,1,
9,P2_unread_cc,MSG0002994,is_cc,1,
9,P2_unread_cc,MSG0002994,no_access_event,1,accesses=0
9,P2_unread_cc,MSG0003064,message_exists,1,
9,P2_unread_cc,MSG0003064,is_cc,1,
9,P2_unread_cc,MSG0003064,no_access_event,1,accesses=0
9,P2_unread_cc,MSG0003065,message_exists,1,
9,P2_unread_cc,MSG0003065,is_cc,1,
9,P2_unread_cc,MSG0003065,no_access_event,1,accesses=0
9,P2_unread_cc,MSG0003068,message_exists,1,
9,P2_unread_cc,MSG0003068,is_cc,1,
9,P2_unread_cc,MSG0003068,no_access_event,1,accesses=0
9,P2_unread_cc,MSG0003069,message_exists,1,
9,P2_unread_cc,MSG0003069,is_cc,1,
9,P2_unread_cc,MSG0003069,no_access_event,1,accesses=0
9,P2_unread_cc,MSG0003142,message_exists,1,
9,P2_unread_cc,MSG0003142,is_cc,1,
9,P2_unread_cc,MSG0003142,no_access_event,1,accesses=0
9,P2_unread_cc,MSG0003143,message_exists,1,
9,P2_unread_cc,MSG0003143,is_cc,1,
9,P2_unread_cc,MSG0003143,no_access_event,1,accesses=0
9,P2_unread_cc,MSG0003144,message_exists,1,
9,P2_unread_cc,MSG0003144,is_cc,1,
9,P2_unread_cc,MSG0003144,no_access_event,1,accesses=0
9,P2_unread_cc,MSG0003146,message_exists,1,
9,P2_unread_cc,MSG0003146,is_cc,1,
9,P2_unread_cc,MSG0003146,no_access_event,1,accesses=0
9,P7_pingpong,MSG0003190,message_exists,1,
9,P7_pingpong,MSG0003190,at_least_two_staff_to_provider_forwards,1,staff_to_provider=2
9,P7_pingpong,MSG0003190,at_least_two_provider_to_staff_forwards,1,provider_to_staff=2
9,P7_pingpong,MSG0003190,two_or_more_round_trips,1,roundtrips=2
9,P4_result_misrouted,MSG0003195,message_exists,1,
9,P4_result_misrouted,MSG0003195,is_result,1,
9,P4_result_misrouted,MSG0003195,recipient_not_ordering,1,
9,P4_result_misrouted,MSG0003195,recipient_not_covering,1,cover=None
9,P8_nonclinical_misrouted,MSG0003251,message_exists,1,
9,P8_nonclinical_misrouted,MSG0003251,nonclinical_category,1,category=cancellation
9,P8_nonclinical_misrouted,MSG0003251,reaches_provider,1,provider_forwards=1
9,P1_thank_you,MSG0003256,message_exists,1,
9,P1_thank_you,MSG0003256,patient_originated_portal_message,1,
9,P1_thank_you,MSG0003256,is_reply_to_prior_outbound,1,
9,P1_thank_you,MSG0003256,thread_ending,1,later_messages=0
9,P1_thank_you,MSG0003256,accessed_and_completed,1,
9,P7_pingpong,MSG0003260,message_exists,1,
9,P7_pingpong,MSG0003260,at_least_two_staff_to_provider_forwards,1,staff_to_provider=2
9,P7_pingpong,MSG0003260,at_least_two_provider_to_staff_forwards,1,provider_to_staff=2
9,P7_pingpong,MSG0003260,two_or_more_round_trips,1,roundtrips=2
9,P7_pingpong,MSG0003262,message_exists,1,
9,P7_pingpong,MSG0003262,at_least_two_staff_to_provider_forwards,1,staff_to_provider=2
9,P7_pingpong,MSG0003262,at_least_two_provider_to_staff_forwards,1,provider_to_staff=2
9,P7_pingpong,MSG0003262,two_or_more_round_trips,1,roundtrips=2
9,P2_unread_cc,MSG0003299,message_exists,1,
9,P2_unread_cc,MSG0003299,is_cc,1,
9,P2_unread_cc,MSG0003299,no_access_event,1,accesses=0
9,P7_pingpong,MSG0003328,message_exists,1,
9,P7_pingpong,MSG0003328,at_least_two_staff_to_provider_forwards,1,staff_to_provider=2
9,P7_pingpong,MSG0003328,at_least_two_provider_to_staff_forwards,1,provider_to_staff=2
9,P7_pingpong,MSG0003328,two_or_more_round_trips,1,roundtrips=2
9,P2_unread_cc,MSG0003361,message_exists,1,
9,P2_unread_cc,MSG0003361,is_cc,1,
9,P2_unread_cc,MSG0003361,no_access_event,1,accesses=0
9,P2_unread_cc,MSG0003437,message_exists,1,
9,P2_unread_cc,MSG0003437,is_cc,1,
9,P2_unread_cc,MSG0003437,no_access_event,1,accesses=0
9,P2_unread_cc,MSG0003440,message_exists,1,
9,P2_unread_cc,MSG0003440,is_cc,1,
9,P2_unread_cc,MSG0003440,no_access_event,1,accesses=0
9,P2_unread_cc,MSG0003445,message_exists,1,
9,P2_unread_cc,MSG0003445,is_cc,1,
9,P2_unread_cc,MSG0003445,no_access_event,1,accesses=0
9,P2_unread_cc,MSG0003513,message_exists,1,
9,P2_unread_cc,MSG0003513,is_cc,1,
9,P2_unread_cc,MSG0003513,no_access_event,1,accesses=0
9,P7_pingpong,MSG0003546,message_exists,1,
9,P7_pingpong,MSG0003546,at_least_two_staff_to_provider_forwards,1,staff_to_provider=2
9,P7_pingpong,MSG0003546,at_least_two_provider_to_staff_forwards,1,provider_to_staff=2
9,P7_pingpong,MSG0003546,two_or_more_round_trips,1,roundtrips=2
9,P2_unread_cc,MSG0003588,message_exists,1,
9,P2_unread_cc,MSG0003588,is_cc,1,
9,P2_unread_cc,MSG0003588,no_access_event,1,accesses=0
9,P2_unread_cc,MSG0003589,message_exists,1,
9,P2_unread_cc,MSG0003589,is_cc,1,
9,P2_unread_cc,MSG0003589,no_access_event,1,accesses=0
9,P2_unread_cc,MSG0003590,message_exists,1,
9,P2_unread_cc,MSG0003590,is_cc,1,
9,P2_unread_cc,MSG0003590,no_access_event,1,accesses=0
9,P4_result_misrouted,MSG0003625,message_exists,1,
9,P4_result_misrouted,MSG0003625,is_result,1,
9,P4_result_misrouted,MSG0003625,recipient_not_ordering,1,
9,P4_result_misrouted,MSG0003625,recipient_not_covering,1,cover=None
9,P4_result_misrouted,MSG0003627,message_exists,1,
9,P4_result_misrouted,MSG0003627,is_result,1,
9,P4_result_misrouted,MSG0003627,recipient_not_ordering,1,
9,P4_result_misrouted,MSG0003627,recipient_not_covering,1,cover=None
9,P4_result_misrouted,MSG0003637,message_exists,1,
9,P4_result_misrouted,MSG0003637,is_result,1,
9,P4_result_misrouted,MSG0003637,recipient_not_ordering,1,
9,P4_result_misrouted,MSG0003637,recipient_not_covering,1,cover=None
9,P2_unread_cc,MSG0003661,message_exists,1,
9,P2_unread_cc,MSG0003661,is_cc,1,
9,P2_unread_cc,MSG0003661,no_access_event,1,accesses=0
9,P7_pingpong,MSG0003770,message_exists,1,
9,P7_pingpong,MSG0003770,at_least_two_staff_to_provider_forwards,1,staff_to_provider=2
9,P7_pingpong,MSG0003770,at_least_two_provider_to_staff_forwards,1,provider_to_staff=2
9,P7_pingpong,MSG0003770,two_or_more_round_trips,1,roundtrips=2
9,P2_unread_cc,MSG0003811,message_exists,1,
9,P2_unread_cc,MSG0003811,is_cc,1,
9,P2_unread_cc,MSG0003811,no_access_event,1,accesses=0
9,P2_unread_cc,MSG0003813,message_exists,1,
9,P2_unread_cc,MSG0003813,is_cc,1,
9,P2_unread_cc,MSG0003813,no_access_event,1,accesses=0
9,P2_unread_cc,MSG0003816,message_exists,1,
9,P2_unread_cc,MSG0003816,is_cc,1,
9,P2_unread_cc,MSG0003816,no_access_event,1,accesses=0
9,P2_unread_cc,MSG0003818,message_exists,1,
9,P2_unread_cc,MSG0003818,is_cc,1,
9,P2_unread_cc,MSG0003818,no_access_event,1,accesses=0
9,P2_unread_cc,MSG0003887,message_exists,1,
9,P2_unread_cc,MSG0003887,is_cc,1,
9,P2_unread_cc,MSG0003887,no_access_event,1,accesses=0
9,P2_unread_cc,MSG0003892,message_exists,1,
9,P2_unread_cc,MSG0003892,is_cc,1,
9,P2_unread_cc,MSG0003892,no_access_event,1,accesses=0
9,P2_unread_cc,MSG0003893,message_exists,1,
9,P2_unread_cc,MSG0003893,is_cc,1,
9,P2_unread_cc,MSG0003893,no_access_event,1,accesses=0
9,P2_unread_cc,MSG0003962,message_exists,1,
9,P2_unread_cc,MSG0003962,is_cc,1,
9,P2_unread_cc,MSG0003962,no_access_event,1,accesses=0
9,P2_unread_cc,MSG0003963,message_exists,1,
9,P2_unread_cc,MSG0003963,is_cc,1,
9,P2_unread_cc,MSG0003963,no_access_event,1,accesses=0
9,P1_thank_you,MSG0004011,message_exists,1,
9,P1_thank_you,MSG0004011,patient_originated_portal_message,1,
9,P1_thank_you,MSG0004011,is_reply_to_prior_outbound,1,
9,P1_thank_you,MSG0004011,thread_ending,1,later_messages=0
9,P1_thank_you,MSG0004011,accessed_and_completed,1,
9,P4_result_misrouted,MSG0004023,message_exists,1,
9,P4_result_misrouted,MSG0004023,is_result,1,
9,P4_result_misrouted,MSG0004023,recipient_not_ordering,1,
9,P4_result_misrouted,MSG0004023,recipient_not_covering,1,cover=None
9,P4_result_misrouted,MSG0004029,message_exists,1,
9,P4_result_misrouted,MSG0004029,is_result,1,
9,P4_result_misrouted,MSG0004029,recipient_not_ordering,1,
9,P4_result_misrouted,MSG0004029,recipient_not_covering,1,cover=None
9,P2_unread_cc,MSG0004057,message_exists,1,
9,P2_unread_cc,MSG0004057,is_cc,1,
9,P2_unread_cc,MSG0004057,no_access_event,1,accesses=0
9,P7_pingpong,MSG0004099,message_exists,1,
9,P7_pingpong,MSG0004099,at_least_two_staff_to_provider_forwards,1,staff_to_provider=2
9,P7_pingpong,MSG0004099,at_least_two_provider_to_staff_forwards,1,provider_to_staff=2
9,P7_pingpong,MSG0004099,two_or_more_round_trips,1,roundtrips=2
9,P2_unread_cc,MSG0004131,message_exists,1,
9,P2_unread_cc,MSG0004131,is_cc,1,
9,P2_unread_cc,MSG0004131,no_access_event,1,accesses=0
9,P2_unread_cc,MSG0004134,message_exists,1,
9,P2_unread_cc,MSG0004134,is_cc,1,
9,P2_unread_cc,MSG0004134,no_access_event,1,accesses=0
9,P2_unread_cc,MSG0004208,message_exists,1,
9,P2_unread_cc,MSG0004208,is_cc,1,
9,P2_unread_cc,MSG0004208,no_access_event,1,accesses=0
9,P2_unread_cc,MSG0004215,message_exists,1,
9,P2_unread_cc,MSG0004215,is_cc,1,
9,P2_unread_cc,MSG0004215,no_access_event,1,accesses=0
9,P1_thank_you,MSG0004239,message_exists,1,
9,P1_thank_you,MSG0004239,patient_originated_portal_message,1,
9,P1_thank_you,MSG0004239,is_reply_to_prior_outbound,1,
9,P1_thank_you,MSG0004239,thread_ending,1,later_messages=0
9,P1_thank_you,MSG0004239,accessed_and_completed,1,
9,P8_nonclinical_misrouted,MSG0004242,message_exists,1,
9,P8_nonclinical_misrouted,MSG0004242,nonclinical_category,1,category=cancellation
9,P8_nonclinical_misrouted,MSG0004242,reaches_provider,1,provider_forwards=1
9,P2_unread_cc,MSG0004282,message_exists,1,
9,P2_unread_cc,MSG0004282,is_cc,1,
9,P2_unread_cc,MSG0004282,no_access_event,1,accesses=0
9,P2_unread_cc,MSG0004283,message_exists,1,
9,P2_unread_cc,MSG0004283,is_cc,1,
9,P2_unread_cc,MSG0004283,no_access_event,1,accesses=0
9,P2_unread_cc,MSG0004287,message_exists,1,
9,P2_unread_cc,MSG0004287,is_cc,1,
9,P2_unread_cc,MSG0004287,no_access_event,1,accesses=0
9,P4_result_misrouted,MSG0004351,message_exists,1,
9,P4_result_misrouted,MSG0004351,is_result,1,
9,P4_result_misrouted,MSG0004351,recipient_not_ordering,1,
9,P4_result_misrouted,MSG0004351,recipient_not_covering,1,cover=None
9,P2_unread_cc,MSG0004377,message_exists,1,
9,P2_unread_cc,MSG0004377,is_cc,1,
9,P2_unread_cc,MSG0004377,no_access_event,1,accesses=0
9,P8_nonclinical_misrouted,MSG0004414,message_exists,1,
9,P8_nonclinical_misrouted,MSG0004414,nonclinical_category,1,category=appointment_request
9,P8_nonclinical_misrouted,MSG0004414,reaches_provider,1,provider_forwards=1
9,P2_unread_cc,MSG0004448,message_exists,1,
9,P2_unread_cc,MSG0004448,is_cc,1,
9,P2_unread_cc,MSG0004448,no_access_event,1,accesses=0
9,P2_unread_cc,MSG0004527,message_exists,1,
9,P2_unread_cc,MSG0004527,is_cc,1,
9,P2_unread_cc,MSG0004527,no_access_event,1,accesses=0
9,P2_unread_cc,MSG0004529,message_exists,1,
9,P2_unread_cc,MSG0004529,is_cc,1,
9,P2_unread_cc,MSG0004529,no_access_event,1,accesses=0
9,P1_thank_you,MSG0004566,message_exists,1,
9,P1_thank_you,MSG0004566,patient_originated_portal_message,1,
9,P1_thank_you,MSG0004566,is_reply_to_prior_outbound,1,
9,P1_thank_you,MSG0004566,thread_ending,1,later_messages=0
9,P1_thank_you,MSG0004566,accessed_and_completed,1,
9,P1_thank_you,MSG0004569,message_exists,1,
9,P1_thank_you,MSG0004569,patient_originated_portal_message,1,
9,P1_thank_you,MSG0004569,is_reply_to_prior_outbound,1,
9,P1_thank_you,MSG0004569,thread_ending,1,later_messages=0
9,P1_thank_you,MSG0004569,accessed_and_completed,1,
9,P1_thank_you,MSG0004574,message_exists,1,
9,P1_thank_you,MSG0004574,patient_originated_portal_message,1,
9,P1_thank_you,MSG0004574,is_reply_to_prior_outbound,1,
9,P1_thank_you,MSG0004574,thread_ending,1,later_messages=0
9,P1_thank_you,MSG0004574,accessed_and_completed,1,
9,P7_pingpong,MSG0004577,message_exists,1,
9,P7_pingpong,MSG0004577,at_least_two_staff_to_provider_forwards,1,staff_to_provider=2
9,P7_pingpong,MSG0004577,at_least_two_provider_to_staff_forwards,1,provider_to_staff=2
9,P7_pingpong,MSG0004577,two_or_more_round_trips,1,roundtrips=2
9,P4_result_misrouted,MSG0004583,message_exists,1,
9,P4_result_misrouted,MSG0004583,is_result,1,
9,P4_result_misrouted,MSG0004583,recipient_not_ordering,1,
9,P4_result_misrouted,MSG0004583,recipient_not_covering,1,cover=None
9,P2_unread_cc,MSG0004618,message_exists,1,
9,P2_unread_cc,MSG0004618,is_cc,1,
9,P2_unread_cc,MSG0004618,no_access_event,1,accesses=0
9,P2_unread_cc,MSG0004622,message_exists,1,
9,P2_unread_cc,MSG0004622,is_cc,1,
9,P2_unread_cc,MSG0004622,no_access_event,1,accesses=0
9,P3_extended_thread,THR0004423,thread_exists,1,
9,P3_extended_thread,THR0004423,three_or_more_patient_incoming,1,incoming=3
9,P3_extended_thread,THR0004423,four_or_more_message_exchanges,1,in+out=6
9,P3_extended_thread,THR0004423,spans_at_least_3_days,1,span_days=5.81
9,P3_extended_thread,THR0004423,no_visit_between,1,intervening_visits=0
9,P7_pingpong,MSG0004678,message_exists,1,
9,P7_pingpong,MSG0004678,at_least_two_staff_to_provider_forwards,1,staff_to_provider=2
9,P7_pingpong,MSG0004678,at_least_two_provider_to_staff_forwards,1,provider_to_staff=2
9,P7_pingpong,MSG0004678,two_or_more_round_trips,1,roundtrips=2
9,P2_unread_cc,MSG0004716,message_exists,1,
9,P2_unread_cc,MSG0004716,is_cc,1,
9,P2_unread_cc,MSG0004716,no_access_event,1,accesses=0
9,P2_unread_cc,MSG0004717,message_exists,1,
9,P2_unread_cc,MSG0004717,is_cc,1,
9,P2_unread_cc,MSG0004717,no_access_event,1,accesses=0
9,P2_unread_cc,MSG0004719,message_exists,1,
9,P2_unread_cc,MSG0004719,is_cc,1,
9,P2_unread_cc,MSG0004719,no_access_event,1,accesses=0
9,P2_unread_cc,MSG0004808,message_exists,1,
9,P2_unread_cc,MSG0004808,is_cc,1,
9,P2_unread_cc,MSG0004808,no_access_event,1,accesses=0
9,P7_pingpong,MSG0004851,message_exists,1,
9,P7_pingpong,MSG0004851,at_least_two_staff_to_provider_forwards,1,staff_to_provider=2
9,P7_pingpong,MSG0004851,at_least_two_provider_to_staff_forwards,1,provider_to_staff=2
9,P7_pingpong,MSG0004851,two_or_more_round_trips,1,roundtrips=2
9,P2_unread_cc,MSG0004897,message_exists,1,
9,P2_unread_cc,MSG0004897,is_cc,1,
9,P2_unread_cc,MSG0004897,no_access_event,1,accesses=0
9,P7_pingpong,MSG0004930,message_exists,1,
9,P7_pingpong,MSG0004930,at_least_two_staff_to_provider_forwards,1,staff_to_provider=2
9,P7_pingpong,MSG0004930,at_least_two_provider_to_staff_forwards,1,provider_to_staff=2
9,P7_pingpong,MSG0004930,two_or_more_round_trips,1,roundtrips=2
9,P1_thank_you,MSG0004932,message_exists,1,
9,P1_thank_you,MSG0004932,patient_originated_portal_message,1,
9,P1_thank_you,MSG0004932,is_reply_to_prior_outbound,1,
9,P1_thank_you,MSG0004932,thread_ending,1,later_messages=0
9,P1_thank_you,MSG0004932,accessed_and_completed,1,
9,P3_extended_thread,THR0004673,thread_exists,1,
9,P3_extended_thread,THR0004673,three_or_more_patient_incoming,1,incoming=3
9,P3_extended_thread,THR0004673,four_or_more_message_exchanges,1,in+out=6
9,P3_extended_thread,THR0004673,spans_at_least_3_days,1,span_days=5.15
9,P3_extended_thread,THR0004673,no_visit_between,1,intervening_visits=0
9,P2_unread_cc,MSG0004980,message_exists,1,
9,P2_unread_cc,MSG0004980,is_cc,1,
9,P2_unread_cc,MSG0004980,no_access_event,1,accesses=0
9,P2_unread_cc,MSG0004982,message_exists,1,
9,P2_unread_cc,MSG0004982,is_cc,1,
9,P2_unread_cc,MSG0004982,no_access_event,1,accesses=0
9,P2_unread_cc,MSG0004983,message_exists,1,
9,P2_unread_cc,MSG0004983,is_cc,1,
9,P2_unread_cc,MSG0004983,no_access_event,1,accesses=0
9,P2_unread_cc,MSG0004986,message_exists,1,
9,P2_unread_cc,MSG0004986,is_cc,1,
9,P2_unread_cc,MSG0004986,no_access_event,1,accesses=0
10,P7_pingpong,MSG0000003,message_exists,1,
10,P7_pingpong,MSG0000003,at_least_two_staff_to_provider_forwards,1,staff_to_provider=2
10,P7_pingpong,MSG0000003,at_least_two_provider_to_staff_forwards,1,provider_to_staff=2
10,P7_pingpong,MSG0000003,two_or_more_round_trips,1,roundtrips=2
10,P4_result_misrouted,MSG0000006,message_exists,1,
10,P4_result_misrouted,MSG0000006,is_result,1,
10,P4_result_misrouted,MSG0000006,recipient_not_ordering,1,
10,P4_result_misrouted,MSG0000006,recipient_not_covering,1,cover=None
10,P2_unread_cc,MSG0000044,message_exists,1,
10,P2_unread_cc,MSG0000044,is_cc,1,
10,P2_unread_cc,MSG0000044,no_access_event,1,accesses=0
10,P2_unread_cc,MSG0000045,message_exists,1,
10,P2_unread_cc,MSG0000045,is_cc,1,
10,P2_unread_cc,MSG0000045,no_access_event,1,accesses=0
10,P2_unread_cc,MSG0000046,message_exists,1,
10,P2_unread_cc,MSG0000046,is_cc,1,
10,P2_unread_cc,MSG0000046,no_access_event,1,accesses=0
10,P2_unread_cc,MSG0000047,message_exists,1,
10,P2_unread_cc,MSG0000047,is_cc,1,
10,P2_unread_cc,MSG0000047,no_access_event,1,accesses=0
10,P1_thank_you,MSG0000089,message_exists,1,
10,P1_thank_you,MSG0000089,patient_originated_portal_message,1,
10,P1_thank_you,MSG0000089,is_reply_to_prior_outbound,1,
10,P1_thank_you,MSG0000089,thread_ending,1,later_messages=0
10,P1_thank_you,MSG0000089,accessed_and_completed,1,
10,P7_pingpong,MSG0000090,message_exists,1,
10,P7_pingpong,MSG0000090,at_least_two_staff_to_provider_forwards,1,staff_to_provider=2
10,P7_pingpong,MSG0000090,at_least_two_provider_to_staff_forwards,1,provider_to_staff=2
10,P7_pingpong,MSG0000090,two_or_more_round_trips,1,roundtrips=2
10,P4_result_misrouted,MSG0000113,message_exists,1,
10,P4_result_misrouted,MSG0000113,is_result,1,
10,P4_result_misrouted,MSG0000113,recipient_not_ordering,1,
10,P4_result_misrouted,MSG0000113,recipient_not_covering,1,cover=None
10,P2_unread_cc,MSG0000225,message_exists,1,
10,P2_unread_cc,MSG0000225,is_cc,1,
10,P2_unread_cc,MSG0000225,no_access_event,1,accesses=0
10,P4_result_misrouted,MSG0000267,message_exists,1,
10,P4_result_misrouted,MSG0000267,is_result,1,
10,P4_result_misrouted,MSG0000267,recipient_not_ordering,1,
10,P4_result_misrouted,MSG0000267,recipient_not_covering,1,cover=None
10,P2_unread_cc,MSG0000290,message_exists,1,
10,P2_unread_cc,MSG0000290,is_cc,1,
10,P2_unread_cc,MSG0000290,no_access_event,1,accesses=0
10,P2_unread_cc,MSG0000294,message_exists,1,
10,P2_unread_cc,MSG0000294,is_cc,1,
10,P2_unread_cc,MSG0000294,no_access_event,1,accesses=0
10,P2_unread_cc,MSG0000300,message_exists,1,
10,P2_unread_cc,MSG0000300,is_cc,1,
10,P2_unread_cc,MSG0000300,no_access_event,1,accesses=0
10,P1_thank_you,MSG0000334,message_exists,1,
10,P1_thank_you,MSG0000334,patient_originated_portal_message,1,
10,P1_thank_you,MSG0000334,is_reply_to_prior_outbound,1,
10,P1_thank_you,MSG0000334,thread_ending,1,later_messages=0
10,P1_thank_you,MSG0000334,accessed_and_completed,1,
10,P2_unread_cc,MSG0000382,message_exists,1,
10,P2_unread_cc,MSG0000382,is_cc,1,
10,P2_unread_cc,MSG0000382,no_access_event,1,accesses=0
10,P4_result_misrouted,MSG0000433,message_exists,1,
10,P4_result_misrouted,MSG0000433,is_result,1,
10,P4_result_misrouted,MSG0000433,recipient_not_ordering,1,
10,P4_result_misrouted,MSG0000433,recipient_not_covering,1,cover=None
10,P2_unread_cc,MSG0000531,message_exists,1,
10,P2_unread_cc,MSG0000531,is_cc,1,
10,P2_unread_cc,MSG0000531,no_access_event,1,accesses=0
10,P3_extended_thread,THR0000544,thread_exists,1,
10,P3_extended_thread,THR0000544,three_or_more_patient_incoming,1,incoming=3
10,P3_extended_thread,THR0000544,four_or_more_message_exchanges,1,in+out=6
10,P3_extended_thread,THR0000544,spans_at_least_3_days,1,span_days=13.96
10,P3_extended_thread,THR0000544,no_visit_between,1,intervening_visits=0
10,P7_pingpong,MSG0000571,message_exists,1,
10,P7_pingpong,MSG0000571,at_least_two_staff_to_provider_forwards,1,staff_to_provider=2
10,P7_pingpong,MSG0000571,at_least_two_provider_to_staff_forwards,1,provider_to_staff=2
10,P7_pingpong,MSG0000571,two_or_more_round_trips,1,roundtrips=2
10,P7_pingpong,MSG0000573,message_exists,1,
10,P7_pingpong,MSG0000573,at_least_two_staff_to_provider_forwards,1,staff_to_provider=2
10,P7_pingpong,MSG0000573,at_least_two_provider_to_staff_forwards,1,provider_to_staff=2
10,P7_pingpong,MSG0000573,two_or_more_round_trips,1,roundtrips=2
10,P8_nonclinical_misrouted,MSG0000579,message_exists,1,
10,P8_nonclinical_misrouted,MSG0000579,nonclinical_category,1,category=billing_question
10,P8_nonclinical_misrouted,MSG0000579,reaches_provider,1,provider_forwards=1
10,P2_unread_cc,MSG0000622,message_exists,1,
10,P2_unread_cc,MSG0000622,is_cc,1,
10,P2_unread_cc,MSG0000622,no_access_event,1,accesses=0
10,P2_unread_cc,MSG0000623,message_exists,1,
10,P2_unread_cc,MSG0000623,is_cc,1,
10,P2_unread_cc,MSG0000623,no_access_event,1,accesses=0
10,P2_unread_cc,MSG0000624,message_exists,1,
10,P2_unread_cc,MSG0000624,is_cc,1,
10,P2_unread_cc,MSG0000624,no_access_event,1,accesses=0
10,P2_unread_cc,MSG0000626,message_exists,1,
10,P2_unread_cc,MSG0000626,is_cc,1,
10,P2_unread_cc,MSG0000626,no_access_event,1,accesses=0
10,P2_unread_cc,MSG0000627,message_exists,1,
10,P2_unread_cc,MSG0000627,is_cc,1,
10,P2_unread_cc,MSG0000627,no_access_event,1,accesses=0
10,P4_result_misrouted,MSG0000681,message_exists,1,
10,P4_result_misrouted,MSG0000681,is_result,1,
10,P4_result_misrouted,MSG0000681,recipient_not_ordering,1,
10,P4_result_misrouted,MSG0000681,recipient_not_covering,1,cover=None
10,P4_result_misrouted,MSG0000688,message_exists,1,
10,P4_result_misrouted,MSG0000688,is_result,1,
10,P4_result_misrouted,MSG0000688,recipient_not_ordering,1,
10,P4_result_misrouted,MSG0000688,recipient_not_covering,1,cover=None
10,P2_unread_cc,MSG0000718,message_exists,1,
10,P2_unread_cc,MSG0000718,is_cc,1,
10,P2_unread_cc,MSG0000718,no_access_event,1,accesses=0
10,P2_unread_cc,MSG0000719,message_exists,1,
10,P2_unread_cc,MSG0000719,is_cc,1,
10,P2_unread_cc,MSG0000719,no_access_event,1,accesses=0
10,P2_unread_cc,MSG0000723,message_exists,1,
10,P2_unread_cc,MSG0000723,is_cc,1,
10,P2_unread_cc,MSG0000723,no_access_event,1,accesses=0
10,P2_unread_cc,MSG0000803,message_exists,1,
10,P2_unread_cc,MSG0000803,is_cc,1,
10,P2_unread_cc,MSG0000803,no_access_event,1,accesses=0
10,P4_result_misrouted,MSG0000850,message_exists,1,
10,P4_result_misrouted,MSG0000850,is_result,1,
10,P4_result_misrouted,MSG0000850,recipient_not_ordering,1,
10,P4_result_misrouted,MSG0000850,recipient_not_covering,1,cover=None
10,P2_unread_cc,MSG0000864,message_exists,1,
10,P2_unread_cc,MSG0000864,is_cc,1,
10,P2_unread_cc,MSG0000864,no_access_event,1,accesses=0
10,P2_unread_cc,MSG0000866,message_exists,1,
10,P2_unread_cc,MSG0000866,is_cc,1,
10,P2_unread_cc,MSG0000866,no_access_event,1,accesses=0
10,P2_unread_cc,MSG0000953,message_exists,1,
10,P2_unread_cc,MSG0000953,is_cc,1,
10,P2_unread_cc,MSG0000953,no_access_event,1,accesses=0
10,P2_unread_cc,MSG0000960,message_exists,1,
10,P2_unread_cc,MSG0000960,is_cc,1,
10,P2_unread_cc,MSG0000960,no_access_event,1,accesses=0
10,P2_unread_cc,MSG0000961,message_exists,1,
10,P2_unread_cc,MSG0000961,is_cc,1,
10,P2_unread_cc,MSG0000961,no_access_event,1,accesses=0
10,P2_unread_cc,MSG0000962,message_exists,1,
10,P2_unread_cc,MSG0000962,is_cc,1,
10,P2_unread_cc,MSG0000962,no_access_event,1,accesses=0
10,P4_result_misrouted,MSG0001004,message_exists,1,
10,P4_result_misrouted,MSG0001004,is_result,1,
10,P4_result_misrouted,MSG0001004,recipient_not_ordering,1,
10,P4_result_misrouted,MSG0001004,recipient_not_covering,1,cover=None
10,P2_unread_cc,MSG0001031,message_exists,1,
10,P2_unread_cc,MSG0001031,is_cc,1,
10,P2_unread_cc,MSG0001031,no_access_event,1,accesses=0
10,P2_unread_cc,MSG0001035,message_exists,1,
10,P2_unread_cc,MSG0001035,is_cc,1,
10,P2_unread_cc,MSG0001035,no_access_event,1,accesses=0
10,P2_unread_cc,MSG0001041,message_exists,1,
10,P2_unread_cc,MSG0001041,is_cc,1,
10,P2_unread_cc,MSG0001041,no_access_event,1,accesses=0
10,P2_unread_cc,MSG0001042,message_exists,1,
10,P2_unread_cc,MSG0001042,is_cc,1,
10,P2_unread_cc,MSG0001042,no_access_event,1,accesses=0
10,P7_pingpong,MSG0001075,message_exists,1,
10,P7_pingpong,MSG0001075,at_least_two_staff_to_provider_forwards,1,staff_to_provider=2
10,P7_pingpong,MSG0001075,at_least_two_provider_to_staff_forwards,1,provider_to_staff=2
10,P7_pingpong,MSG0001075,two_or_more_round_trips,1,roundtrips=2
10,P7_pingpong,MSG0001080,message_exists,1,
10,P7_pingpong,MSG0001080,at_least_two_staff_to_provider_forwards,1,staff_to_provider=2
10,P7_pingpong,MSG0001080,at_least_two_provider_to_staff_forwards,1,provider_to_staff=2
10,P7_pingpong,MSG0001080,two_or_more_round_trips,1,roundtrips=2
10,P4_result_misrouted,MSG0001088,message_exists,1,
10,P4_result_misrouted,MSG0001088,is_result,1,
10,P4_result_misrouted,MSG0001088,recipient_not_ordering,1,
10,P4_result_misrouted,MSG0001088,recipient_not_covering,1,cover=None
10,P2_unread_cc,MSG0001110,message_exists,1,
10,P2_unread_cc,MSG0001110,is_cc,1,
10,P2_unread_cc,MSG0001110,no_access_event,1,accesses=0
10,P2_unread_cc,MSG0001112,message_exists,1,
10,P2_unread_cc,MSG0001112,is_cc,1,
10,P2_unread_cc,MSG0001112,no_access_event,1,accesses=0
10,P4_result_misrouted,MSG0001161,message_exists,1,
10,P4_result_misrouted,MSG0001161,is_result,1,
10,P4_result_misrouted,MSG0001161,recipient_not_ordering,1,
10,P4_result_misrouted,MSG0001161,recipient_not_covering,1,cover=None
10,P2_unread_cc,MSG0001184,message_exists,1,
10,P2_unread_cc,MSG0001184,is_cc,1,
10,P2_unread_cc,MSG0001184,no_access_event,1,accesses=0
10,P3_extended_thread,THR0001165,thread_exists,1,
10,P3_extended_thread,THR0001165,three_or_more_patient_incoming,1,incoming=3
10,P3_extended_thread,THR0001165,four_or_more_message_exchanges,1,in+out=6
10,P3_extended_thread,THR0001165,spans_at_least_3_days,1,span_days=8.67
10,P3_extended_thread,THR0001165,no_visit_between,1,intervening_visits=0
10,P3_extended_thread,THR0001182,thread_exists,1,
10,P3_extended_thread,THR0001182,three_or_more_patient_incoming,1,incoming=3
10,P3_extended_thread,THR0001182,four_or_more_message_exchanges,1,in+out=7
10,P3_extended_thread,THR0001182,spans_at_least_3_days,1,span_days=9.05
10,P3_extended_thread,THR0001182,no_visit_between,1,intervening_visits=0
10,P8_nonclinical_misrouted,MSG0001258,message_exists,1,
10,P8_nonclinical_misrouted,MSG0001258,nonclinical_category,1,category=appointment_request
10,P8_nonclinical_misrouted,MSG0001258,reaches_provider,1,provider_forwards=1
10,P1_thank_you,MSG0001340,message_exists,1,
10,P1_thank_you,MSG0001340,patient_originated_portal_message,1,
10,P1_thank_you,MSG0001340,is_reply_to_prior_outbound,1,
10,P1_thank_you,MSG0001340,thread_ending,1,later_messages=0
10,P1_thank_you,MSG0001340,accessed_and_completed,1,
10,P7_pingpong,MSG0001346,message_exists,1,
10,P7_pingpong,MSG0001346,at_least_two_staff_to_provider_forwards,1,staff_to_provider=2
10,P7_pingpong,MSG0001346,at_least_two_provider_to_staff_forwards,1,provider_to_staff=2
10,P7_pingpong,MSG0001346,two_or_more_round_trips,1,roundtrips=2
10,P4_result_misrouted,MSG0001358,message_exists,1,
10,P4_result_misrouted,MSG0001358,is_result,1,
10,P4_result_misrouted,MSG0001358,recipient_not_ordering,1,
10,P4_result_misrouted,MSG0001358,recipient_not_covering,1,cover=None
10,P2_unread_cc,MSG0001380,message_exists,1,
10,P2_unread_cc,MSG0001380,is_cc,1,
10,P2_unread_cc,MSG0001380,no_access_event,1,accesses=0
10,P2_unread_cc,MSG0001381,message_exists,1,
10,P2_unread_cc,MSG0001381,is_cc,1,
10,P2_unread_cc,MSG0001381,no_access_event,1,accesses=0
10,P2_unread_cc,MSG0001383,message_exists,1,
10,P2_unread_cc,MSG0001383,is_cc,1,
10,P2_unread_cc,MSG0001383,no_access_event,1,accesses=0
10,P1_thank_you,MSG0001423,message_exists,1,
10,P1_thank_you,MSG0001423,patient_originated_portal_message,1,
10,P1_thank_you,MSG0001423,is_reply_to_prior_outbound,1,
10,P1_thank_you,MSG0001423,thread_ending,1,later_messages=0
10,P1_thank_you,MSG0001423,accessed_and_completed,1,
10,P2_unread_cc,MSG0001459,message_exists,1,
10,P2_unread_cc,MSG0001459,is_cc,1,
10,P2_unread_cc,MSG0001459,no_access_event,1,accesses=0
10,P2_unread_cc,MSG0001460,message_exists,1,
10,P2_unread_cc,MSG0001460,is_cc,1,
10,P2_unread_cc,MSG0001460,no_access_event,1,accesses=0
10,P1_thank_you,MSG0001497,message_exists,1,
10,P1_thank_you,MSG0001497,patient_originated_portal_message,1,
10,P1_thank_you,MSG0001497,is_reply_to_prior_outbound,1,
10,P1_thank_you,MSG0001497,thread_ending,1,later_messages=0
10,P1_thank_you,MSG0001497,accessed_and_completed,1,
10,P2_unread_cc,MSG0001540,message_exists,1,
10,P2_unread_cc,MSG0001540,is_cc,1,
10,P2_unread_cc,MSG0001540,no_access_event,1,accesses=0
10,P2_unread_cc,MSG0001541,message_exists,1,
10,P2_unread_cc,MSG0001541,is_cc,1,
10,P2_unread_cc,MSG0001541,no_access_event,1,accesses=0
10,P1_thank_you,MSG0001590,message_exists,1,
10,P1_thank_you,MSG0001590,patient_originated_portal_message,1,
10,P1_thank_you,MSG0001590,is_reply_to_prior_outbound,1,
10,P1_thank_you,MSG0001590,thread_ending,1,later_messages=0
10,P1_thank_you,MSG0001590,accessed_and_completed,1,
10,P4_result_misrouted,MSG0001619,message_exists,1,
10,P4_result_misrouted,MSG0001619,is_result,1,
10,P4_result_misrouted,MSG0001619,recipient_not_ordering,1,
10,P4_result_misrouted,MSG0001619,recipient_not_covering,1,cover=None
10,P2_unread_cc,MSG0001642,message_exists,1,
10,P2_unread_cc,MSG0001642,is_cc,1,
10,P2_unread_cc,MSG0001642,no_access_event,1,accesses=0
10,P2_unread_cc,MSG0001650,message_exists,1,
10,P2_unread_cc,MSG0001650,is_cc,1,
10,P2_unread_cc,MSG0001650,no_access_event,1,accesses=0
10,P2_unread_cc,MSG0001716,message_exists,1,
10,P2_unread_cc,MSG0001716,is_cc,1,
10,P2_unread_cc,MSG0001716,no_access_event,1,accesses=0
10,P2_unread_cc,MSG0001718,message_exists,1,
10,P2_unread_cc,MSG0001718,is_cc,1,
10,P2_unread_cc,MSG0001718,no_access_event,1,accesses=0
10,P8_nonclinical_misrouted,MSG0001757,message_exists,1,
10,P8_nonclinical_misrouted,MSG0001757,nonclinical_category,1,category=billing_question
10,P8_nonclinical_misrouted,MSG0001757,reaches_provider,1,provider_forwards=1
10,P2_unread_cc,MSG0001802,message_exists,1,
10,P2_unread_cc,MSG0001802,is_cc,1,
10,P2_unread_cc,MSG0001802,no_access_event,1,accesses=0
10,P2_unread_cc,MSG0001806,message_exists,1,
10,P2_unread_cc,MSG0001806,is_cc,1,
10,P2_unread_cc,MSG0001806,no_access_event,1,accesses=0
10,P2_unread_cc,MSG0001809,message_exists,1,
10,P2_unread_cc,MSG0001809,is_cc,1,
10,P2_unread_cc,MSG0001809,no_access_event,1,accesses=0
10,P2_unread_cc,MSG0001881,message_exists,1,
10,P2_unread_cc,MSG0001881,is_cc,1,
10,P2_unread_cc,MSG0001881,no_access_event,1,accesses=0
10,P2_unread_cc,MSG0001886,message_exists,1,
10,P2_unread_cc,MSG0001886,is_cc,1,
10,P2_unread_cc,MSG0001886,no_access_event,1,accesses=0
10,P2_unread_cc,MSG0001887,message_exists,1,
10,P2_unread_cc,MSG0001887,is_cc,1,
10,P2_unread_cc,MSG0001887,no_access_event,1,accesses=0
10,P2_unread_cc,MSG0001888,message_exists,1,
10,P2_unread_cc,MSG0001888,is_cc,1,
10,P2_unread_cc,MSG0001888,no_access_event,1,accesses=0
10,P2_unread_cc,MSG0001889,message_exists,1,
10,P2_unread_cc,MSG0001889,is_cc,1,
10,P2_unread_cc,MSG0001889,no_access_event,1,accesses=0
10,P2_unread_cc,MSG0001950,message_exists,1,
10,P2_unread_cc,MSG0001950,is_cc,1,
10,P2_unread_cc,MSG0001950,no_access_event,1,accesses=0
10,P2_unread_cc,MSG0001956,message_exists,1,
10,P2_unread_cc,MSG0001956,is_cc,1,
10,P2_unread_cc,MSG0001956,no_access_event,1,accesses=0
10,P2_unread_cc,MSG0002035,message_exists,1,
10,P2_unread_cc,MSG0002035,is_cc,1,
10,P2_unread_cc,MSG0002035,no_access_event,1,accesses=0
10,P2_unread_cc,MSG0002036,message_exists,1,
10,P2_unread_cc,MSG0002036,is_cc,1,
10,P2_unread_cc,MSG0002036,no_access_event,1,accesses=0
10,P2_unread_cc,MSG0002041,message_exists,1,
10,P2_unread_cc,MSG0002041,is_cc,1,
10,P2_unread_cc,MSG0002041,no_access_event,1,accesses=0
10,P2_unread_cc,MSG0002043,message_exists,1,
10,P2_unread_cc,MSG0002043,is_cc,1,
10,P2_unread_cc,MSG0002043,no_access_event,1,accesses=0
10,P2_unread_cc,MSG0002116,message_exists,1,
10,P2_unread_cc,MSG0002116,is_cc,1,
10,P2_unread_cc,MSG0002116,no_access_event,1,accesses=0
10,P2_unread_cc,MSG0002125,message_exists,1,
10,P2_unread_cc,MSG0002125,is_cc,1,
10,P2_unread_cc,MSG0002125,no_access_event,1,accesses=0
10,P2_unread_cc,MSG0002128,message_exists,1,
10,P2_unread_cc,MSG0002128,is_cc,1,
10,P2_unread_cc,MSG0002128,no_access_event,1,accesses=0
10,P2_unread_cc,MSG0002131,message_exists,1,
10,P2_unread_cc,MSG0002131,is_cc,1,
10,P2_unread_cc,MSG0002131,no_access_event,1,accesses=0
10,P8_nonclinical_misrouted,MSG0002172,message_exists,1,
10,P8_nonclinical_misrouted,MSG0002172,nonclinical_category,1,category=cancellation
10,P8_nonclinical_misrouted,MSG0002172,reaches_provider,1,provider_forwards=1
10,P4_result_misrouted,MSG0002187,message_exists,1,
10,P4_result_misrouted,MSG0002187,is_result,1,
10,P4_result_misrouted,MSG0002187,recipient_not_ordering,1,
10,P4_result_misrouted,MSG0002187,recipient_not_covering,1,cover=None
10,P2_unread_cc,MSG0002212,message_exists,1,
10,P2_unread_cc,MSG0002212,is_cc,1,
10,P2_unread_cc,MSG0002212,no_access_event,1,accesses=0
10,P2_unread_cc,MSG0002219,message_exists,1,
10,P2_unread_cc,MSG0002219,is_cc,1,
10,P2_unread_cc,MSG0002219,no_access_event,1,accesses=0
10,P1_thank_you,MSG0002263,message_exists,1,
10,P1_thank_you,MSG0002263,patient_originated_portal_message,1,
10,P1_thank_you,MSG0002263,is_reply_to_prior_outbound,1,
10,P1_thank_you,MSG0002263,thread_ending,1,later_messages=0
10,P1_thank_you,MSG0002263,accessed_and_completed,1,
10,P1_thank_you,MSG0002266,message_exists,1,
10,P1_thank_you,MSG0002266,patient_originated_portal_message,1,
10,P1_thank_you,MSG0002266,is_reply_to_prior_outbound,1,
10,P1_thank_you,MSG0002266,thread_ending,1,later_messages=0
10,P1_thank_you,MSG0002266,accessed_and_completed,1,
10,P1_thank_you,MSG0002271,message_exists,1,
10,P1_thank_you,MSG0002271,patient_originated_portal_message,1,
10,P1_thank_you,MSG0002271,is_reply_to_prior_outbound,1,
10,P1_thank_you,MSG0002271,thread_ending,1,later_messages=0
10,P1_thank_you,MSG0002271,accessed_and_completed,1,
10,P2_unread_cc,MSG0002308,message_exists,1,
10,P2_unread_cc,MSG0002308,is_cc,1,
10,P2_unread_cc,MSG0002308,no_access_event,1,accesses=0
10,P2_unread_cc,MSG0002372,message_exists,1,
10,P2_unread_cc,MSG0002372,is_cc,1,
10,P2_unread_cc,MSG0002372,no_access_event,1,accesses=0
10,P2_unread_cc,MSG0002377,message_exists,1,
10,P2_unread_cc,MSG0002377,is_cc,1,
10,P2_unread_cc,MSG0002377,no_access_event,1,accesses=0
10,P2_unread_cc,MSG0002380,message_exists,1,
10,P2_unread_cc,MSG0002380,is_cc,1,
10,P2_unread_cc,MSG0002380,no_access_event,1,accesses=0
10,P4_result_misrouted,MSG0002426,message_exists,1,
10,P4_result_misrouted,MSG0002426,is_result,1,
10,P4_result_misrouted,MSG0002426,recipient_not_ordering,1,
10,P4_result_misrouted,MSG0002426,recipient_not_covering,1,cover=None
10,P2_unread_cc,MSG0002447,message_exists,1,
10,P2_unread_cc,MSG0002447,is_cc,1,
10,P2_unread_cc,MSG0002447,no_access_event,1,accesses=0
10,P2_unread_cc,MSG0002455,message_exists,1,
10,P2_unread_cc,MSG0002455,is_cc,1,
10,P2_unread_cc,MSG0002455,no_access_event,1,accesses=0
10,P2_unread_cc,MSG0002542,message_exists,1,
10,P2_unread_cc,MSG0002542,is_cc,1,
10,P2_unread_cc,MSG0002542,no_access_event,1,accesses=0
10,P3_extended_thread,THR0002491,thread_exists,1,
10,P3_extended_thread,THR0002491,three_or_more_patient_incoming,1,incoming=3
10,P3_extended_thread,THR0002491,four_or_more_message_exchanges,1,in+out=6
10,P3_extended_thread,THR0002491,spans_at_least_3_days,1,span_days=4.92
10,P3_extended_thread,THR0002491,no_visit_between,1,intervening_visits=0
10,P1_thank_you,MSG0002660,message_exists,1,
10,P1_thank_you,MSG0002660,patient_originated_portal_message,1,
10,P1_thank_you,MSG0002660,is_reply_to_prior_outbound,1,
10,P1_thank_you,MSG0002660,thread_ending,1,later_messages=0
10,P1_thank_you,MSG0002660,accessed_and_completed,1,
10,P2_unread_cc,MSG0002714,message_exists,1,
10,P2_unread_cc,MSG0002714,is_cc,1,
10,P2_unread_cc,MSG0002714,no_access_event,1,accesses=0
10,P2_unread_cc,MSG0002716,message_exists,1,
10,P2_unread_cc,MSG0002716,is_cc,1,
10,P2_unread_cc,MSG0002716,no_access_event,1,accesses=0
10,P2_unread_cc,MSG0002718,message_exists,1,
10,P2_unread_cc,MSG0002718,is_cc,1,
10,P2_unread_cc,MSG0002718,no_access_event,1,accesses=0
10,P7_pingpong,MSG0002750,message_exists,1,
10,P7_pingpong,MSG0002750,at_least_two_staff_to_provider_forwards,1,staff_to_provider=2
10,P7_pingpong,MSG0002750,at_least_two_provider_to_staff_forwards,1,provider_to_staff=2
10,P7_pingpong,MSG0002750,two_or_more_round_trips,1,roundtrips=2
10,P8_nonclinical_misrouted,MSG0002760,message_exists,1,
10,P8_nonclinical_misrouted,MSG0002760,nonclinical_category,1,category=billing_question
10,P8_nonclinical_misrouted,MSG0002760,reaches_provider,1,provider_forwards=1
10,P4_result_misrouted,MSG0002765,message_exists,1,
10,P4_result_misrouted,MSG0002765,is_result,1,
10,P4_result_misrouted,MSG0002765,recipient_not_ordering,1,
10,P4_result_misrouted,MSG0002765,recipient_not_covering,1,cover=None
10,P2_unread_cc,MSG0002792,message_exists,1,
10,P2_unread_cc,MSG0002792,is_cc,1,
10,P2_unread_cc,MSG0002792,no_access_event,1,accesses=0
10,P2_unread_cc,MSG0002796,message_exists,1,
10,P2_unread_cc,MSG0002796,is_cc,1,
10,P2_unread_cc,MSG0002796,no_access_event,1,accesses=0
10,P2_unread_cc,MSG0002854,message_exists,1,
10,P2_unread_cc,MSG0002854,is_cc,1,
10,P2_unread_cc,MSG0002854,no_access_event,1,accesses=0
10,P2_unread_cc,MSG0002856,message_exists,1,
10,P2_unread_cc,MSG0002856,is_cc,1,
10,P2_unread_cc,MSG0002856,no_access_event,1,accesses=0
10,P2_unread_cc,MSG0002861,message_exists,1,
10,P2_unread_cc,MSG0002861,is_cc,1,
10,P2_unread_cc,MSG0002861,no_access_event,1,accesses=0
10,P2_unread_cc,MSG0002864,message_exists,1,
10,P2_unread_cc,MSG0002864,is_cc,1,
10,P2_unread_cc,MSG0002864,no_access_event,1,accesses=0
10,P2_unread_cc,MSG0002941,message_exists,1,
10,P2_unread_cc,MSG0002941,is_cc,1,
10,P2_unread_cc,MSG0002941,no_access_event,1,accesses=0
10,P8_nonclinical_misrouted,MSG0002974,message_exists,1,
10,P8_nonclinical_misrouted,MSG0002974,nonclinical_category,1,category=appointment_request
10,P8_nonclinical_misrouted,MSG0002974,reaches_provider,1,provider_forwards=1
10,P4_result_misrouted,MSG0002987,message_exists,1,
10,P4_result_misrouted,MSG0002987,is_result,1,
10,P4_result_misrouted,MSG0002987,recipient_not_ordering,1,
10,P4_result_misrouted,MSG0002987,recipient_not_covering,1,cover=None
10,P2_unread_cc,MSG0003010,message_exists,1,
10,P2_unread_cc,MSG0003010,is_cc,1,
10,P2_unread_cc,MSG0003010,no_access_event,1,accesses=0
10,P2_unread_cc,MSG0003012,message_exists,1,
10,P2_unread_cc,MSG0003012,is_cc,1,
10,P2_unread_cc,MSG0003012,no_access_event,1,accesses=0
10,P2_unread_cc,MSG0003015,message_exists,1,
10,P2_unread_cc,MSG0003015,is_cc,1,
10,P2_unread_cc,MSG0003015,no_access_event,1,accesses=0
10,P2_unread_cc,MSG0003018,message_exists,1,
10,P2_unread_cc,MSG0003018,is_cc,1,
10,P2_unread_cc,MSG0003018,no_access_event,1,accesses=0
10,P7_pingpong,MSG0003078,message_exists,1,
10,P7_pingpong,MSG0003078,at_least_two_staff_to_provider_forwards,1,staff_to_provider=2
10,P7_pingpong,MSG0003078,at_least_two_provider_to_staff_forwards,1,provider_to_staff=2
10,P7_pingpong,MSG0003078,two_or_more_round_trips,1,roundtrips=2
10,P4_result_misrouted,MSG0003086,message_exists,1,
10,P4_result_misrouted,MSG0003086,is_result,1,
10,P4_result_misrouted,MSG0003086,recipient_not_ordering,1,
10,P4_result_misrouted,MSG0003086,recipient_not_covering,1,cover=None
10,P2_unread_cc,MSG0003111,message_exists,1,
10,P2_unread_cc,MSG0003111,is_cc,1,
10,P2_unread_cc,MSG0003111,no_access_event,1,accesses=0
10,P2_unread_cc,MSG0003116,message_exists,1,
10,P2_unread_cc,MSG0003116,is_cc,1,
10,P2_unread_cc,MSG0003116,no_access_event,1,accesses=0
10,P4_result_misrouted,MSG0003155,message_exists,1,
10,P4_result_misrouted,MSG0003155,is_result,1,
10,P4_result_misrouted,MSG0003155,recipient_not_ordering,1,
10,P4_result_misrouted,MSG0003155,recipient_not_covering,1,cover=None
10,P2_unread_cc,MSG0003178,message_exists,1,
10,P2_unread_cc,MSG0003178,is_cc,1,
10,P2_unread_cc,MSG0003178,no_access_event,1,accesses=0
10,P2_unread_cc,MSG0003185,message_exists,1,
10,P2_unread_cc,MSG0003185,is_cc,1,
10,P2_unread_cc,MSG0003185,no_access_event,1,accesses=0
10,P1_thank_you,MSG0003221,message_exists,1,
10,P1_thank_you,MSG0003221,patient_originated_portal_message,1,
10,P1_thank_you,MSG0003221,is_reply_to_prior_outbound,1,
10,P1_thank_you,MSG0003221,thread_ending,1,later_messages=0
10,P1_thank_you,MSG0003221,accessed_and_completed,1,
10,P1_thank_you,MSG0003233,message_exists,1,
10,P1_thank_you,MSG0003233,patient_originated_portal_message,1,
10,P1_thank_you,MSG0003233,is_reply_to_prior_outbound,1,
10,P1_thank_you,MSG0003233,thread_ending,1,later_messages=0
10,P1_thank_you,MSG0003233,accessed_and_completed,1,
10,P7_pingpong,MSG0003234,message_exists,1,
10,P7_pingpong,MSG0003234,at_least_two_staff_to_provider_forwards,1,staff_to_provider=2
10,P7_pingpong,MSG0003234,at_least_two_provider_to_staff_forwards,1,provider_to_staff=2
10,P7_pingpong,MSG0003234,two_or_more_round_trips,1,roundtrips=2
10,P2_unread_cc,MSG0003276,message_exists,1,
10,P2_unread_cc,MSG0003276,is_cc,1,
10,P2_unread_cc,MSG0003276,no_access_event,1,accesses=0
10,P2_unread_cc,MSG0003277,message_exists,1,
10,P2_unread_cc,MSG0003277,is_cc,1,
10,P2_unread_cc,MSG0003277,no_access_event,1,accesses=0
10,P2_unread_cc,MSG0003344,message_exists,1,
10,P2_unread_cc,MSG0003344,is_cc,1,
10,P2_unread_cc,MSG0003344,no_access_event,1,accesses=0
10,P2_unread_cc,MSG0003352,message_exists,1,
10,P2_unread_cc,MSG0003352,is_cc,1,
10,P2_unread_cc,MSG0003352,no_access_event,1,accesses=0
10,P2_unread_cc,MSG0003425,message_exists,1,
10,P2_unread_cc,MSG0003425,is_cc,1,
10,P2_unread_cc,MSG0003425,no_access_event,1,accesses=0
10,P2_unread_cc,MSG0003426,message_exists,1,
10,P2_unread_cc,MSG0003426,is_cc,1,
10,P2_unread_cc,MSG0003426,no_access_event,1,accesses=0
10,P2_unread_cc,MSG0003431,message_exists,1,
10,P2_unread_cc,MSG0003431,is_cc,1,
10,P2_unread_cc,MSG0003431,no_access_event,1,accesses=0
10,P2_unread_cc,MSG0003432,message_exists,1,
10,P2_unread_cc,MSG0003432,is_cc,1,
10,P2_unread_cc,MSG0003432,no_access_event,1,accesses=0
10,P4_result_misrouted,MSG0003473,message_exists,1,
10,P4_result_misrouted,MSG0003473,is_result,1,
10,P4_result_misrouted,MSG0003473,recipient_not_ordering,1,
10,P4_result_misrouted,MSG0003473,recipient_not_covering,1,cover=None
10,P2_unread_cc,MSG0003501,message_exists,1,
10,P2_unread_cc,MSG0003501,is_cc,1,
10,P2_unread_cc,MSG0003501,no_access_event,1,accesses=0
10,P2_unread_cc,MSG0003503,message_exists,1,
10,P2_unread_cc,MSG0003503,is_cc,1,
10,P2_unread_cc,MSG0003503,no_access_event,1,accesses=0
10,P2_unread_cc,MSG0003504,message_exists,1,
10,P2_unread_cc,MSG0003504,is_cc,1,
10,P2_unread_cc,MSG0003504,no_access_event,1,accesses=0
10,P2_unread_cc,MSG0003505,message_exists,1,
10,P2_unread_cc,MSG0003505,is_cc,1,
10,P2_unread_cc,MSG0003505,no_access_event,1,accesses=0
10,P1_thank_you,MSG0003552,message_exists,1,
10,P1_thank_you,MSG0003552,patient_originated_portal_message,1,
10,P1_thank_you,MSG0003552,is_reply_to_prior_outbound,1,
10,P1_thank_you,MSG0003552,thread_ending,1,later_messages=0
10,P1_thank_you,MSG0003552,accessed_and_completed,1,
10,P8_nonclinical_misrouted,MSG0003558,message_exists,1,
10,P8_nonclinical_misrouted,MSG0003558,nonclinical_category,1,category=appointment_request
10,P8_nonclinical_misrouted,MSG0003558,reaches_provider,1,provider_forwards=1
10,P4_result_misrouted,MSG0003561,message_exists,1,
10,P4_result_misrouted,MSG0003561,is_result,1,
10,P4_result_misrouted,MSG0003561,recipient_not_ordering,1,
10,P4_result_misrouted,MSG0003561,recipient_not_covering,1,cover=None
10,P2_unread_cc,MSG0003608,message_exists,1,
10,P2_unread_cc,MSG0003608,is_cc,1,
10,P2_unread_cc,MSG0003608,no_access_event,1,accesses=0
10,P2_unread_cc,MSG0003609,message_exists,1,
10,P2_unread_cc,MSG0003609,is_cc,1,
10,P2_unread_cc,MSG0003609,no_access_event,1,accesses=0
10,P4_result_misrouted,MSG0003657,message_exists,1,
10,P4_result_misrouted,MSG0003657,is_result,1,
10,P4_result_misrouted,MSG0003657,recipient_not_ordering,1,
10,P4_result_misrouted,MSG0003657,recipient_not_covering,1,cover=None
10,P2_unread_cc,MSG0003685,message_exists,1,
10,P2_unread_cc,MSG0003685,is_cc,1,
10,P2_unread_cc,MSG0003685,no_access_event,1,accesses=0
10,P4_result_misrouted,MSG0003727,message_exists,1,
10,P4_result_misrouted,MSG0003727,is_result,1,
10,P4_result_misrouted,MSG0003727,recipient_not_ordering,1,
10,P4_result_misrouted,MSG0003727,recipient_not_covering,1,cover=None
10,P2_unread_cc,MSG0003762,message_exists,1,
10,P2_unread_cc,MSG0003762,is_cc,1,
10,P2_unread_cc,MSG0003762,no_access_event,1,accesses=0
10,P2_unread_cc,MSG0003773,message_exists,1,
10,P2_unread_cc,MSG0003773,is_cc,1,
10,P2_unread_cc,MSG0003773,no_access_event,1,accesses=0
10,P4_result_misrouted,MSG0003831,message_exists,1,
10,P4_result_misrouted,MSG0003831,is_result,1,
10,P4_result_misrouted,MSG0003831,recipient_not_ordering,1,
10,P4_result_misrouted,MSG0003831,recipient_not_covering,1,cover=None
10,P2_unread_cc,MSG0003855,message_exists,1,
10,P2_unread_cc,MSG0003855,is_cc,1,
10,P2_unread_cc,MSG0003855,no_access_event,1,accesses=0
10,P7_pingpong,MSG0003889,message_exists,1,
10,P7_pingpong,MSG0003889,at_least_two_staff_to_provider_forwards,1,staff_to_provider=2
10,P7_pingpong,MSG0003889,at_least_two_provider_to_staff_forwards,1,provider_to_staff=2
10,P7_pingpong,MSG0003889,two_or_more_round_trips,1,roundtrips=2
10,P3_extended_thread,THR0003711,thread_exists,1,
10,P3_extended_thread,THR0003711,three_or_more_patient_incoming,1,incoming=3
10,P3_extended_thread,THR0003711,four_or_more_message_exchanges,1,in+out=6
10,P3_extended_thread,THR0003711,spans_at_least_3_days,1,span_days=7.86
10,P3_extended_thread,THR0003711,no_visit_between,1,intervening_visits=0
10,P1_thank_you,MSG0003983,message_exists,1,
10,P1_thank_you,MSG0003983,patient_originated_portal_message,1,
10,P1_thank_you,MSG0003983,is_reply_to_prior_outbound,1,
10,P1_thank_you,MSG0003983,thread_ending,1,later_messages=0
10,P1_thank_you,MSG0003983,accessed_and_completed,1,
10,P7_pingpong,MSG0003989,message_exists,1,
10,P7_pingpong,MSG0003989,at_least_two_staff_to_provider_forwards,1,staff_to_provider=2
10,P7_pingpong,MSG0003989,at_least_two_provider_to_staff_forwards,1,provider_to_staff=2
10,P7_pingpong,MSG0003989,two_or_more_round_trips,1,roundtrips=2
10,P7_pingpong,MSG0003990,message_exists,1,
10,P7_pingpong,MSG0003990,at_least_two_staff_to_provider_forwards,1,staff_to_provider=2
10,P7_pingpong,MSG0003990,at_least_two_provider_to_staff_forwards,1,provider_to_staff=2
10,P7_pingpong,MSG0003990,two_or_more_round_trips,1,roundtrips=2
10,P2_unread_cc,MSG0004019,message_exists,1,
10,P2_unread_cc,MSG0004019,is_cc,1,
10,P2_unread_cc,MSG0004019,no_access_event,1,accesses=0
10,P2_unread_cc,MSG0004022,message_exists,1,
10,P2_unread_cc,MSG0004022,is_cc,1,
10,P2_unread_cc,MSG0004022,no_access_event,1,accesses=0
10,P2_unread_cc,MSG0004024,message_exists,1,
10,P2_unread_cc,MSG0004024,is_cc,1,
10,P2_unread_cc,MSG0004024,no_access_event,1,accesses=0
10,P7_pingpong,MSG0004063,message_exists,1,
10,P7_pingpong,MSG0004063,at_least_two_staff_to_provider_forwards,1,staff_to_provider=2
10,P7_pingpong,MSG0004063,at_least_two_provider_to_staff_forwards,1,provider_to_staff=2
10,P7_pingpong,MSG0004063,two_or_more_round_trips,1,roundtrips=2
10,P7_pingpong,MSG0004067,message_exists,1,
10,P7_pingpong,MSG0004067,at_least_two_staff_to_provider_forwards,1,staff_to_provider=2
10,P7_pingpong,MSG0004067,at_least_two_provider_to_staff_forwards,1,provider_to_staff=2
10,P7_pingpong,MSG0004067,two_or_more_round_trips,1,roundtrips=2
10,P4_result_misrouted,MSG0004086,message_exists,1,
10,P4_result_misrouted,MSG0004086,is_result,1,
10,P4_result_misrouted,MSG0004086,recipient_not_ordering,1,
10,P4_result_misrouted,MSG0004086,recipient_not_covering,1,cover=None
10,P4_result_misrouted,MSG0004094,message_exists,1,
10,P4_result_misrouted,MSG0004094,is_result,1,
10,P4_result_misrouted,MSG0004094,recipient_not_ordering,1,
10,P4_result_misrouted,MSG0004094,recipient_not_covering,1,cover=None
10,P2_unread_cc,MSG0004111,message_exists,1,
10,P2_unread_cc,MSG0004111,is_cc,1,
10,P2_unread_cc,MSG0004111,no_access_event,1,accesses=0
10,P2_unread_cc,MSG0004112,message_exists,1,
10,P2_unread_cc,MSG0004112,is_cc,1,
10,P2_unread_cc,MSG0004112,no_access_event,1,accesses=0
10,P2_unread_cc,MSG0004115,message_exists,1,
10,P2_unread_cc,MSG0004115,is_cc,1,
10,P2_unread_cc,MSG0004115,no_access_event,1,accesses=0
10,P2_unread_cc,MSG0004116,message_exists,1,
10,P2_unread_cc,MSG0004116,is_cc,1,
10,P2_unread_cc,MSG0004116,no_access_event,1,accesses=0
10,P2_unread_cc,MSG0004121,message_exists,1,
10,P2_unread_cc,MSG0004121,is_cc,1,
10,P2_unread_cc,MSG0004121,no_access_event,1,accesses=0
10,P2_unread_cc,MSG0004205,message_exists,1,
10,P2_unread_cc,MSG0004205,is_cc,1,
10,P2_unread_cc,MSG0004205,no_access_event,1,accesses=0
10,P1_thank_you,MSG0004242,message_exists,1,
10,P1_thank_you,MSG0004242,patient_originated_portal_message,1,
10,P1_thank_you,MSG0004242,is_reply_to_prior_outbound,1,
10,P1_thank_you,MSG0004242,thread_ending,1,later_messages=0
10,P1_thank_you,MSG0004242,accessed_and_completed,1,
10,P7_pingpong,MSG0004245,message_exists,1,
10,P7_pingpong,MSG0004245,at_least_two_staff_to_provider_forwards,1,staff_to_provider=2
10,P7_pingpong,MSG0004245,at_least_two_provider_to_staff_forwards,1,provider_to_staff=2
10,P7_pingpong,MSG0004245,two_or_more_round_trips,1,roundtrips=2
10,P4_result_misrouted,MSG0004256,message_exists,1,
10,P4_result_misrouted,MSG0004256,is_result,1,
10,P4_result_misrouted,MSG0004256,recipient_not_ordering,1,
10,P4_result_misrouted,MSG0004256,recipient_not_covering,1,cover=None
10,P2_unread_cc,MSG0004293,message_exists,1,
10,P2_unread_cc,MSG0004293,is_cc,1,
10,P2_unread_cc,MSG0004293,no_access_event,1,accesses=0
10,P2_unread_cc,MSG0004296,message_exists,1,
10,P2_unread_cc,MSG0004296,is_cc,1,
10,P2_unread_cc,MSG0004296,no_access_event,1,accesses=0
10,P2_unread_cc,MSG0004297,message_exists,1,
10,P2_unread_cc,MSG0004297,is_cc,1,
10,P2_unread_cc,MSG0004297,no_access_event,1,accesses=0
10,P2_unread_cc,MSG0004299,message_exists,1,
10,P2_unread_cc,MSG0004299,is_cc,1,
10,P2_unread_cc,MSG0004299,no_access_event,1,accesses=0
10,P2_unread_cc,MSG0004305,message_exists,1,
10,P2_unread_cc,MSG0004305,is_cc,1,
10,P2_unread_cc,MSG0004305,no_access_event,1,accesses=0
10,P7_pingpong,MSG0004332,message_exists,1,
10,P7_pingpong,MSG0004332,at_least_two_staff_to_provider_forwards,1,staff_to_provider=2
10,P7_pingpong,MSG0004332,at_least_two_provider_to_staff_forwards,1,provider_to_staff=2
10,P7_pingpong,MSG0004332,two_or_more_round_trips,1,roundtrips=2
10,P2_unread_cc,MSG0004370,message_exists,1,
10,P2_unread_cc,MSG0004370,is_cc,1,
10,P2_unread_cc,MSG0004370,no_access_event,1,accesses=0
10,P2_unread_cc,MSG0004373,message_exists,1,
10,P2_unread_cc,MSG0004373,is_cc,1,
10,P2_unread_cc,MSG0004373,no_access_event,1,accesses=0
10,P2_unread_cc,MSG0004375,message_exists,1,
10,P2_unread_cc,MSG0004375,is_cc,1,
10,P2_unread_cc,MSG0004375,no_access_event,1,accesses=0
10,P1_thank_you,MSG0004410,message_exists,1,
10,P1_thank_you,MSG0004410,patient_originated_portal_message,1,
10,P1_thank_you,MSG0004410,is_reply_to_prior_outbound,1,
10,P1_thank_you,MSG0004410,thread_ending,1,later_messages=0
10,P1_thank_you,MSG0004410,accessed_and_completed,1,
10,P2_unread_cc,MSG0004445,message_exists,1,
10,P2_unread_cc,MSG0004445,is_cc,1,
10,P2_unread_cc,MSG0004445,no_access_event,1,accesses=0
10,P2_unread_cc,MSG0004518,message_exists,1,
10,P2_unread_cc,MSG0004518,is_cc,1,
10,P2_unread_cc,MSG0004518,no_access_event,1,accesses=0
10,P2_unread_cc,MSG0004519,message_exists,1,
10,P2_unread_cc,MSG0004519,is_cc,1,
10,P2_unread_cc,MSG0004519,no_access_event,1,accesses=0
10,P2_unread_cc,MSG0004599,message_exists,1,
10,P2_unread_cc,MSG0004599,is_cc,1,
10,P2_unread_cc,MSG0004599,no_access_event,1,accesses=0
10,P2_unread_cc,MSG0004605,message_exists,1,
10,P2_unread_cc,MSG0004605,is_cc,1,
10,P2_unread_cc,MSG0004605,no_access_event,1,accesses=0
10,P2_unread_cc,MSG0004606,message_exists,1,
10,P2_unread_cc,MSG0004606,is_cc,1,
10,P2_unread_cc,MSG0004606,no_access_event,1,accesses=0
10,P7_pingpong,MSG0004641,message_exists,1,
10,P7_pingpong,MSG0004641,at_least_two_staff_to_provider_forwards,1,staff_to_provider=2
10,P7_pingpong,MSG0004641,at_least_two_provider_to_staff_forwards,1,provider_to_staff=2
10,P7_pingpong,MSG0004641,two_or_more_round_trips,1,roundtrips=2
10,P2_unread_cc,MSG0004667,message_exists,1,
10,P2_unread_cc,MSG0004667,is_cc,1,
10,P2_unread_cc,MSG0004667,no_access_event,1,accesses=0
10,P2_unread_cc,MSG0004673,message_exists,1,
10,P2_unread_cc,MSG0004673,is_cc,1,
10,P2_unread_cc,MSG0004673,no_access_event,1,accesses=0
10,P2_unread_cc,MSG0004675,message_exists,1,
10,P2_unread_cc,MSG0004675,is_cc,1,
10,P2_unread_cc,MSG0004675,no_access_event,1,accesses=0
10,P2_unread_cc,MSG0004747,message_exists,1,
10,P2_unread_cc,MSG0004747,is_cc,1,
10,P2_unread_cc,MSG0004747,no_access_event,1,accesses=0
10,P2_unread_cc,MSG0004749,message_exists,1,
10,P2_unread_cc,MSG0004749,is_cc,1,
10,P2_unread_cc,MSG0004749,no_access_event,1,accesses=0
10,P2_unread_cc,MSG0004827,message_exists,1,
10,P2_unread_cc,MSG0004827,is_cc,1,
10,P2_unread_cc,MSG0004827,no_access_event,1,accesses=0
10,P2_unread_cc,MSG0004828,message_exists,1,
10,P2_unread_cc,MSG0004828,is_cc,1,
10,P2_unread_cc,MSG0004828,no_access_event,1,accesses=0
10,P2_unread_cc,MSG0004832,message_exists,1,
10,P2_unread_cc,MSG0004832,is_cc,1,
10,P2_unread_cc,MSG0004832,no_access_event,1,accesses=0
10,P1_thank_you,MSG0004861,message_exists,1,
10,P1_thank_you,MSG0004861,patient_originated_portal_message,1,
10,P1_thank_you,MSG0004861,is_reply_to_prior_outbound,1,
10,P1_thank_you,MSG0004861,thread_ending,1,later_messages=0
10,P1_thank_you,MSG0004861,accessed_and_completed,1,
10,P2_unread_cc,MSG0004916,message_exists,1,
10,P2_unread_cc,MSG0004916,is_cc,1,
10,P2_unread_cc,MSG0004916,no_access_event,1,accesses=0
10,P2_unread_cc,MSG0004918,message_exists,1,
10,P2_unread_cc,MSG0004918,is_cc,1,
10,P2_unread_cc,MSG0004918,no_access_event,1,accesses=0
10,P2_unread_cc,MSG0004921,message_exists,1,
10,P2_unread_cc,MSG0004921,is_cc,1,
10,P2_unread_cc,MSG0004921,no_access_event,1,accesses=0
10,P2_unread_cc,MSG0004922,message_exists,1,
10,P2_unread_cc,MSG0004922,is_cc,1,
10,P2_unread_cc,MSG0004922,no_access_event,1,accesses=0
10,P2_unread_cc,MSG0005006,message_exists,1,
10,P2_unread_cc,MSG0005006,is_cc,1,
10,P2_unread_cc,MSG0005006,no_access_event,1,accesses=0
10,P2_unread_cc,MSG0005071,message_exists,1,
10,P2_unread_cc,MSG0005071,is_cc,1,
10,P2_unread_cc,MSG0005071,no_access_event,1,accesses=0
10,P2_unread_cc,MSG0005144,message_exists,1,
10,P2_unread_cc,MSG0005144,is_cc,1,
10,P2_unread_cc,MSG0005144,no_access_event,1,accesses=0
10,P2_unread_cc,MSG0005146,message_exists,1,
10,P2_unread_cc,MSG0005146,is_cc,1,
10,P2_unread_cc,MSG0005146,no_access_event,1,accesses=0
10,P2_unread_cc,MSG0005151,message_exists,1,
10,P2_unread_cc,MSG0005151,is_cc,1,
10,P2_unread_cc,MSG0005151,no_access_event,1,accesses=0
10,P2_unread_cc,MSG0005153,message_exists,1,
10,P2_unread_cc,MSG0005153,is_cc,1,
10,P2_unread_cc,MSG0005153,no_access_event,1,accesses=0
10,P2_unread_cc,MSG0005155,message_exists,1,
10,P2_unread_cc,MSG0005155,is_cc,1,
10,P2_unread_cc,MSG0005155,no_access_event,1,accesses=0
10,P3_extended_thread,THR0004914,thread_exists,1,
10,P3_extended_thread,THR0004914,three_or_more_patient_incoming,1,incoming=3
10,P3_extended_thread,THR0004914,four_or_more_message_exchanges,1,in+out=7
10,P3_extended_thread,THR0004914,spans_at_least_3_days,1,span_days=9.04
10,P3_extended_thread,THR0004914,no_visit_between,1,intervening_visits=0
11,P2_unread_cc,MSG0000038,message_exists,1,
11,P2_unread_cc,MSG0000038,is_cc,1,
11,P2_unread_cc,MSG0000038,no_access_event,1,accesses=0
11,P2_unread_cc,MSG0000039,message_exists,1,
11,P2_unread_cc,MSG0000039,is_cc,1,
11,P2_unread_cc,MSG0000039,no_access_event,1,accesses=0
11,P2_unread_cc,MSG0000114,message_exists,1,
11,P2_unread_cc,MSG0000114,is_cc,1,
11,P2_unread_cc,MSG0000114,no_access_event,1,accesses=0
11,P2_unread_cc,MSG0000193,message_exists,1,
11,P2_unread_cc,MSG0000193,is_cc,1,
11,P2_unread_cc,MSG0000193,no_access_event,1,accesses=0
11,P2_unread_cc,MSG0000194,message_exists,1,
11,P2_unread_cc,MSG0000194,is_cc,1,
11,P2_unread_cc,MSG0000194,no_access_event,1,accesses=0
11,P4_result_misrouted,MSG0000254,message_exists,1,
11,P4_result_misrouted,MSG0000254,is_result,1,
11,P4_result_misrouted,MSG0000254,recipient_not_ordering,1,
11,P4_result_misrouted,MSG0000254,recipient_not_covering,1,cover=None
11,P2_unread_cc,MSG0000272,message_exists,1,
11,P2_unread_cc,MSG0000272,is_cc,1,
11,P2_unread_cc,MSG0000272,no_access_event,1,accesses=0
11,P2_unread_cc,MSG0000277,message_exists,1,
11,P2_unread_cc,MSG0000277,is_cc,1,
11,P2_unread_cc,MSG0000277,no_access_event,1,accesses=0
11,P2_unread_cc,MSG0000278,message_exists,1,
11,P2_unread_cc,MSG0000278,is_cc,1,
11,P2_unread_cc,MSG0000278,no_access_event,1,accesses=0
11,P1_thank_you,MSG0000341,message_exists,1,
11,P1_thank_you,MSG0000341,patient_originated_portal_message,1,
11,P1_thank_you,MSG0000341,is_reply_to_prior_outbound,1,
11,P1_thank_you,MSG0000341,thread_ending,1,later_messages=0
11,P1_thank_you,MSG0000341,accessed_and_completed,1,
11,P7_pingpong,MSG0000342,message_exists,1,
11,P7_pingpong,MSG0000342,at_least_two_staff_to_provider_forwards,1,staff_to_provider=2
11,P7_pingpong,MSG0000342,at_least_two_provider_to_staff_forwards,1,provider_to_staff=2
11,P7_pingpong,MSG0000342,two_or_more_round_trips,1,roundtrips=2
11,P2_unread_cc,MSG0000382,message_exists,1,
11,P2_unread_cc,MSG0000382,is_cc,1,
11,P2_unread_cc,MSG0000382,no_access_event,1,accesses=0
11,P1_thank_you,MSG0000420,message_exists,1,
11,P1_thank_you,MSG0000420,patient_originated_portal_message,1,
11,P1_thank_you,MSG0000420,is_reply_to_prior_outbound,1,
11,P1_thank_you,MSG0000420,thread_ending,1,later_messages=0
11,P1_thank_you,MSG0000420,accessed_and_completed,1,
11,P4_result_misrouted,MSG0000448,message_exists,1,
11,P4_result_misrouted,MSG0000448,is_result,1,
11,P4_result_misrouted,MSG0000448,recipient_not_ordering,1,
11,P4_result_misrouted,MSG0000448,recipient_not_covering,1,cover=None
11,P4_result_misrouted,MSG0000540,message_exists,1,
11,P4_result_misrouted,MSG0000540,is_result,1,
11,P4_result_misrouted,MSG0000540,recipient_not_ordering,1,
11,P4_result_misrouted,MSG0000540,recipient_not_covering,1,cover=None
11,P2_unread_cc,MSG0000556,message_exists,1,
11,P2_unread_cc,MSG0000556,is_cc,1,
11,P2_unread_cc,MSG0000556,no_access_event,1,accesses=0
11,P1_thank_you,MSG0000590,message_exists,1,
11,P1_thank_you,MSG0000590,patient_originated_portal_message,1,
11,P1_thank_you,MSG0000590,is_reply_to_prior_outbound,1,
11,P1_thank_you,MSG0000590,thread_ending,1,later_messages=0
11,P1_thank_you,MSG0000590,accessed_and_completed,1,
11,P4_result_misrouted,MSG0000605,message_exists,1,
11,P4_result_misrouted,MSG0000605,is_result,1,
11,P4_result_misrouted,MSG0000605,recipient_not_ordering,1,
11,P4_result_misrouted,MSG0000605,recipient_not_covering,1,cover=None
11,P4_result_misrouted,MSG0000609,message_exists,1,
11,P4_result_misrouted,MSG0000609,is_result,1,
11,P4_result_misrouted,MSG0000609,recipient_not_ordering,1,
11,P4_result_misrouted,MSG0000609,recipient_not_covering,1,cover=None
11,P2_unread_cc,MSG0000627,message_exists,1,
11,P2_unread_cc,MSG0000627,is_cc,1,
11,P2_unread_cc,MSG0000627,no_access_event,1,accesses=0
11,P2_unread_cc,MSG0000631,message_exists,1,
11,P2_unread_cc,MSG0000631,is_cc,1,
11,P2_unread_cc,MSG0000631,no_access_event,1,accesses=0
11,P2_unread_cc,MSG0000632,message_exists,1,
11,P2_unread_cc,MSG0000632,is_cc,1,
11,P2_unread_cc,MSG0000632,no_access_event,1,accesses=0
11,P2_unread_cc,MSG0000633,message_exists,1,
11,P2_unread_cc,MSG0000633,is_cc,1,
11,P2_unread_cc,MSG0000633,no_access_event,1,accesses=0
11,P2_unread_cc,MSG0000634,message_exists,1,
11,P2_unread_cc,MSG0000634,is_cc,1,
11,P2_unread_cc,MSG0000634,no_access_event,1,accesses=0
11,P2_unread_cc,MSG0000635,message_exists,1,
11,P2_unread_cc,MSG0000635,is_cc,1,
11,P2_unread_cc,MSG0000635,no_access_event,1,accesses=0
11,P2_unread_cc,MSG0000724,message_exists,1,
11,P2_unread_cc,MSG0000724,is_cc,1,
11,P2_unread_cc,MSG0000724,no_access_event,1,accesses=0
11,P2_unread_cc,MSG0000726,message_exists,1,
11,P2_unread_cc,MSG0000726,is_cc,1,
11,P2_unread_cc,MSG0000726,no_access_event,1,accesses=0
11,P2_unread_cc,MSG0000791,message_exists,1,
11,P2_unread_cc,MSG0000791,is_cc,1,
11,P2_unread_cc,MSG0000791,no_access_event,1,accesses=0
11,P2_unread_cc,MSG0000794,message_exists,1,
11,P2_unread_cc,MSG0000794,is_cc,1,
11,P2_unread_cc,MSG0000794,no_access_event,1,accesses=0
11,P7_pingpong,MSG0000842,message_exists,1,
11,P7_pingpong,MSG0000842,at_least_two_staff_to_provider_forwards,1,staff_to_provider=2
11,P7_pingpong,MSG0000842,at_least_two_provider_to_staff_forwards,1,provider_to_staff=2
11,P7_pingpong,MSG0000842,two_or_more_round_trips,1,roundtrips=2
11,P2_unread_cc,MSG0000871,message_exists,1,
11,P2_unread_cc,MSG0000871,is_cc,1,
11,P2_unread_cc,MSG0000871,no_access_event,1,accesses=0
11,P4_result_misrouted,MSG0000928,message_exists,1,
11,P4_result_misrouted,MSG0000928,is_result,1,
11,P4_result_misrouted,MSG0000928,recipient_not_ordering,1,
11,P4_result_misrouted,MSG0000928,recipient_not_covering,1,cover=None
11,P2_unread_cc,MSG0000948,message_exists,1,
11,P2_unread_cc,MSG0000948,is_cc,1,
11,P2_unread_cc,MSG0000948,no_access_event,1,accesses=0
11,P2_unread_cc,MSG0000949,message_exists,1,
11,P2_unread_cc,MSG0000949,is_cc,1,
11,P2_unread_cc,MSG0000949,no_access_event,1,accesses=0
11,P2_unread_cc,MSG0000951,message_exists,1,
11,P2_unread_cc,MSG0000951,is_cc,1,
11,P2_unread_cc,MSG0000951,no_access_event,1,accesses=0
11,P4_result_misrouted,MSG0000985,message_exists,1,
11,P4_result_misrouted,MSG0000985,is_result,1,
11,P4_result_misrouted,MSG0000985,recipient_not_ordering,1,
11,P4_result_misrouted,MSG0000985,recipient_not_covering,1,cover=None
11,P2_unread_cc,MSG0001012,message_exists,1,
11,P2_unread_cc,MSG0001012,is_cc,1,
11,P2_unread_cc,MSG0001012,no_access_event,1,accesses=0
11,P2_unread_cc,MSG0001021,message_exists,1,
11,P2_unread_cc,MSG0001021,is_cc,1,
11,P2_unread_cc,MSG0001021,no_access_event,1,accesses=0
11,P1_thank_you,MSG0001061,message_exists,1,
11,P1_thank_you,MSG0001061,patient_originated_portal_message,1,
11,P1_thank_you,MSG0001061,is_reply_to_prior_outbound,1,
11,P1_thank_you,MSG0001061,thread_ending,1,later_messages=0
11,P1_thank_you,MSG0001061,accessed_and_completed,1,
11,P2_unread_cc,MSG0001199,message_exists,1,
11,P2_unread_cc,MSG0001199,is_cc,1,
11,P2_unread_cc,MSG0001199,no_access_event,1,accesses=0
11,P2_unread_cc,MSG0001201,message_exists,1,
11,P2_unread_cc,MSG0001201,is_cc,1,
11,P2_unread_cc,MSG0001201,no_access_event,1,accesses=0
11,P2_unread_cc,MSG0001202,message_exists,1,
11,P2_unread_cc,MSG0001202,is_cc,1,
11,P2_unread_cc,MSG0001202,no_access_event,1,accesses=0
11,P4_result_misrouted,MSG0001277,message_exists,1,
11,P4_result_misrouted,MSG0001277,is_result,1,
11,P4_result_misrouted,MSG0001277,recipient_not_ordering,1,
11,P4_result_misrouted,MSG0001277,recipient_not_covering,1,cover=None
11,P4_result_misrouted,MSG0001332,message_exists,1,
11,P4_result_misrouted,MSG0001332,is_result,1,
11,P4_result_misrouted,MSG0001332,recipient_not_ordering,1,
11,P4_result_misrouted,MSG0001332,recipient_not_covering,1,cover=None
11,P2_unread_cc,MSG0001363,message_exists,1,
11,P2_unread_cc,MSG0001363,is_cc,1,
11,P2_unread_cc,MSG0001363,no_access_event,1,accesses=0
11,P2_unread_cc,MSG0001369,message_exists,1,
11,P2_unread_cc,MSG0001369,is_cc,1,
11,P2_unread_cc,MSG0001369,no_access_event,1,accesses=0
11,P8_nonclinical_misrouted,MSG0001398,message_exists,1,
11,P8_nonclinical_misrouted,MSG0001398,nonclinical_category,1,category=billing_question
11,P8_nonclinical_misrouted,MSG0001398,reaches_provider,1,provider_forwards=1
11,P2_unread_cc,MSG0001433,message_exists,1,
11,P2_unread_cc,MSG0001433,is_cc,1,
11,P2_unread_cc,MSG0001433,no_access_event,1,accesses=0
11,P2_unread_cc,MSG0001435,message_exists,1,
11,P2_unread_cc,MSG0001435,is_cc,1,
11,P2_unread_cc,MSG0001435,no_access_event,1,accesses=0
11,P2_unread_cc,MSG0001437,message_exists,1,
11,P2_unread_cc,MSG0001437,is_cc,1,
11,P2_unread_cc,MSG0001437,no_access_event,1,accesses=0
11,P2_unread_cc,MSG0001439,message_exists,1,
11,P2_unread_cc,MSG0001439,is_cc,1,
11,P2_unread_cc,MSG0001439,no_access_event,1,accesses=0
11,P2_unread_cc,MSG0001442,message_exists,1,
11,P2_unread_cc,MSG0001442,is_cc,1,
11,P2_unread_cc,MSG0001442,no_access_event,1,accesses=0
11,P2_unread_cc,MSG0001527,message_exists,1,
11,P2_unread_cc,MSG0001527,is_cc,1,
11,P2_unread_cc,MSG0001527,no_access_event,1,accesses=0
11,P2_unread_cc,MSG0001529,message_exists,1,
11,P2_unread_cc,MSG0001529,is_cc,1,
11,P2_unread_cc,MSG0001529,no_access_event,1,accesses=0
11,P2_unread_cc,MSG0001585,message_exists,1,
11,P2_unread_cc,MSG0001585,is_cc,1,
11,P2_unread_cc,MSG0001585,no_access_event,1,accesses=0
11,P2_unread_cc,MSG0001586,message_exists,1,
11,P2_unread_cc,MSG0001586,is_cc,1,
11,P2_unread_cc,MSG0001586,no_access_event,1,accesses=0
11,P2_unread_cc,MSG0001588,message_exists,1,
11,P2_unread_cc,MSG0001588,is_cc,1,
11,P2_unread_cc,MSG0001588,no_access_event,1,accesses=0
11,P2_unread_cc,MSG0001674,message_exists,1,
11,P2_unread_cc,MSG0001674,is_cc,1,
11,P2_unread_cc,MSG0001674,no_access_event,1,accesses=0
11,P2_unread_cc,MSG0001680,message_exists,1,
11,P2_unread_cc,MSG0001680,is_cc,1,
11,P2_unread_cc,MSG0001680,no_access_event,1,accesses=0
11,P2_unread_cc,MSG0001682,message_exists,1,
11,P2_unread_cc,MSG0001682,is_cc,1,
11,P2_unread_cc,MSG0001682,no_access_event,1,accesses=0
11,P2_unread_cc,MSG0001685,message_exists,1,
11,P2_unread_cc,MSG0001685,is_cc,1,
11,P2_unread_cc,MSG0001685,no_access_event,1,accesses=0
11,P4_result_misrouted,MSG0001740,message_exists,1,
11,P4_result_misrouted,MSG0001740,is_result,1,
11,P4_result_misrouted,MSG0001740,recipient_not_ordering,1,
11,P4_result_misrouted,MSG0001740,recipient_not_covering,1,cover=None
11,P2_unread_cc,MSG0001762,message_exists,1,
11,P2_unread_cc,MSG0001762,is_cc,1,
11,P2_unread_cc,MSG0001762,no_access_event,1,accesses=0
11,P3_extended_thread,THR0001712,thread_exists,1,
11,P3_extended_thread,THR0001712,three_or_more_patient_incoming,1,incoming=3
11,P3_extended_thread,THR0001712,four_or_more_message_exchanges,1,in+out=6
11,P3_extended_thread,THR0001712,spans_at_least_3_days,1,span_days=11.92
11,P3_extended_thread,THR0001712,no_visit_between,1,intervening_visits=0
11,P2_unread_cc,MSG0001852,message_exists,1,
11,P2_unread_cc,MSG0001852,is_cc,1,
11,P2_unread_cc,MSG0001852,no_access_event,1,accesses=0
11,P2_unread_cc,MSG0001856,message_exists,1,
11,P2_unread_cc,MSG0001856,is_cc,1,
11,P2_unread_cc,MSG0001856,no_access_event,1,accesses=0
11,P2_unread_cc,MSG0001859,message_exists,1,
11,P2_unread_cc,MSG0001859,is_cc,1,
11,P2_unread_cc,MSG0001859,no_access_event,1,accesses=0
11,P2_unread_cc,MSG0001862,message_exists,1,
11,P2_unread_cc,MSG0001862,is_cc,1,
11,P2_unread_cc,MSG0001862,no_access_event,1,accesses=0
11,P2_unread_cc,MSG0001864,message_exists,1,
11,P2_unread_cc,MSG0001864,is_cc,1,
11,P2_unread_cc,MSG0001864,no_access_event,1,accesses=0
11,P2_unread_cc,MSG0001866,message_exists,1,
11,P2_unread_cc,MSG0001866,is_cc,1,
11,P2_unread_cc,MSG0001866,no_access_event,1,accesses=0
11,P4_result_misrouted,MSG0001914,message_exists,1,
11,P4_result_misrouted,MSG0001914,is_result,1,
11,P4_result_misrouted,MSG0001914,recipient_not_ordering,1,
11,P4_result_misrouted,MSG0001914,recipient_not_covering,1,cover=None
11,P2_unread_cc,MSG0002014,message_exists,1,
11,P2_unread_cc,MSG0002014,is_cc,1,
11,P2_unread_cc,MSG0002014,no_access_event,1,accesses=0
11,P1_thank_you,MSG0002040,message_exists,1,
11,P1_thank_you,MSG0002040,patient_originated_portal_message,1,
11,P1_thank_you,MSG0002040,is_reply_to_prior_outbound,1,
11,P1_thank_you,MSG0002040,thread_ending,1,later_messages=0
11,P1_thank_you,MSG0002040,accessed_and_completed,1,
11,P2_unread_cc,MSG0002081,message_exists,1,
11,P2_unread_cc,MSG0002081,is_cc,1,
11,P2_unread_cc,MSG0002081,no_access_event,1,accesses=0
11,P7_pingpong,MSG0002109,message_exists,1,
11,P7_pingpong,MSG0002109,at_least_two_staff_to_provider_forwards,1,staff_to_provider=2
11,P7_pingpong,MSG0002109,at_least_two_provider_to_staff_forwards,1,provider_to_staff=2
11,P7_pingpong,MSG0002109,two_or_more_round_trips,1,roundtrips=2
11,P4_result_misrouted,MSG0002123,message_exists,1,
11,P4_result_misrouted,MSG0002123,is_result,1,
11,P4_result_misrouted,MSG0002123,recipient_not_ordering,1,
11,P4_result_misrouted,MSG0002123,recipient_not_covering,1,cover=None
11,P2_unread_cc,MSG0002151,message_exists,1,
11,P2_unread_cc,MSG0002151,is_cc,1,
11,P2_unread_cc,MSG0002151,no_access_event,1,accesses=0
11,P2_unread_cc,MSG0002158,message_exists,1,
11,P2_unread_cc,MSG0002158,is_cc,1,
11,P2_unread_cc,MSG0002158,no_access_event,1,accesses=0
11,P2_unread_cc,MSG0002159,message_exists,1,
11,P2_unread_cc,MSG0002159,is_cc,1,
11,P2_unread_cc,MSG0002159,no_access_event,1,accesses=0
11,P2_unread_cc,MSG0002238,message_exists,1,
11,P2_unread_cc,MSG0002238,is_cc,1,
11,P2_unread_cc,MSG0002238,no_access_event,1,accesses=0
11,P2_unread_cc,MSG0002240,message_exists,1,
11,P2_unread_cc,MSG0002240,is_cc,1,
11,P2_unread_cc,MSG0002240,no_access_event,1,accesses=0
11,P2_unread_cc,MSG0002251,message_exists,1,
11,P2_unread_cc,MSG0002251,is_cc,1,
11,P2_unread_cc,MSG0002251,no_access_event,1,accesses=0
11,P2_unread_cc,MSG0002323,message_exists,1,
11,P2_unread_cc,MSG0002323,is_cc,1,
11,P2_unread_cc,MSG0002323,no_access_event,1,accesses=0
11,P2_unread_cc,MSG0002324,message_exists,1,
11,P2_unread_cc,MSG0002324,is_cc,1,
11,P2_unread_cc,MSG0002324,no_access_event,1,accesses=0
11,P2_unread_cc,MSG0002330,message_exists,1,
11,P2_unread_cc,MSG0002330,is_cc,1,
11,P2_unread_cc,MSG0002330,no_access_event,1,accesses=0
11,P4_result_misrouted,MSG0002390,message_exists,1,
11,P4_result_misrouted,MSG0002390,is_result,1,
11,P4_result_misrouted,MSG0002390,recipient_not_ordering,1,
11,P4_result_misrouted,MSG0002390,recipient_not_covering,1,cover=None
11,P2_unread_cc,MSG0002415,message_exists,1,
11,P2_unread_cc,MSG0002415,is_cc,1,
11,P2_unread_cc,MSG0002415,no_access_event,1,accesses=0
11,P2_unread_cc,MSG0002416,message_exists,1,
11,P2_unread_cc,MSG0002416,is_cc,1,
11,P2_unread_cc,MSG0002416,no_access_event,1,accesses=0
11,P2_unread_cc,MSG0002419,message_exists,1,
11,P2_unread_cc,MSG0002419,is_cc,1,
11,P2_unread_cc,MSG0002419,no_access_event,1,accesses=0
11,P2_unread_cc,MSG0002497,message_exists,1,
11,P2_unread_cc,MSG0002497,is_cc,1,
11,P2_unread_cc,MSG0002497,no_access_event,1,accesses=0
11,P2_unread_cc,MSG0002500,message_exists,1,
11,P2_unread_cc,MSG0002500,is_cc,1,
11,P2_unread_cc,MSG0002500,no_access_event,1,accesses=0
11,P2_unread_cc,MSG0002501,message_exists,1,
11,P2_unread_cc,MSG0002501,is_cc,1,
11,P2_unread_cc,MSG0002501,no_access_event,1,accesses=0
11,P2_unread_cc,MSG0002503,message_exists,1,
11,P2_unread_cc,MSG0002503,is_cc,1,
11,P2_unread_cc,MSG0002503,no_access_event,1,accesses=0
11,P3_extended_thread,THR0002505,thread_exists,1,
11,P3_extended_thread,THR0002505,three_or_more_patient_incoming,1,incoming=3
11,P3_extended_thread,THR0002505,four_or_more_message_exchanges,1,in+out=6
11,P3_extended_thread,THR0002505,spans_at_least_3_days,1,span_days=7.22
11,P3_extended_thread,THR0002505,no_visit_between,1,intervening_visits=0
11,P2_unread_cc,MSG0002678,message_exists,1,
11,P2_unread_cc,MSG0002678,is_cc,1,
11,P2_unread_cc,MSG0002678,no_access_event,1,accesses=0
11,P2_unread_cc,MSG0002679,message_exists,1,
11,P2_unread_cc,MSG0002679,is_cc,1,
11,P2_unread_cc,MSG0002679,no_access_event,1,accesses=0
11,P1_thank_you,MSG0002711,message_exists,1,
11,P1_thank_you,MSG0002711,patient_originated_portal_message,1,
11,P1_thank_you,MSG0002711,is_reply_to_prior_outbound,1,
11,P1_thank_you,MSG0002711,thread_ending,1,later_messages=0
11,P1_thank_you,MSG0002711,accessed_and_completed,1,
11,P4_result_misrouted,MSG0002724,message_exists,1,
11,P4_result_misrouted,MSG0002724,is_result,1,
11,P4_result_misrouted,MSG0002724,recipient_not_ordering,1,
11,P4_result_misrouted,MSG0002724,recipient_not_covering,1,cover=None
11,P4_result_misrouted,MSG0002726,message_exists,1,
11,P4_result_misrouted,MSG0002726,is_result,1,
11,P4_result_misrouted,MSG0002726,recipient_not_ordering,1,
11,P4_result_misrouted,MSG0002726,recipient_not_covering,1,cover=None
11,P4_result_misrouted,MSG0002727,message_exists,1,
11,P4_result_misrouted,MSG0002727,is_result,1,
11,P4_result_misrouted,MSG0002727,recipient_not_ordering,1,
11,P4_result_misrouted,MSG0002727,recipient_not_covering,1,cover=None
11,P4_result_misrouted,MSG0002732,message_exists,1,
11,P4_result_misrouted,MSG0002732,is_result,1,
11,P4_result_misrouted,MSG0002732,recipient_not_ordering,1,
11,P4_result_misrouted,MSG0002732,recipient_not_covering,1,cover=None
11,P2_unread_cc,MSG0002752,message_exists,1,
11,P2_unread_cc,MSG0002752,is_cc,1,
11,P2_unread_cc,MSG0002752,no_access_event,1,accesses=0
11,P2_unread_cc,MSG0002755,message_exists,1,
11,P2_unread_cc,MSG0002755,is_cc,1,
11,P2_unread_cc,MSG0002755,no_access_event,1,accesses=0
11,P2_unread_cc,MSG0002758,message_exists,1,
11,P2_unread_cc,MSG0002758,is_cc,1,
11,P2_unread_cc,MSG0002758,no_access_event,1,accesses=0
11,P2_unread_cc,MSG0002761,message_exists,1,
11,P2_unread_cc,MSG0002761,is_cc,1,
11,P2_unread_cc,MSG0002761,no_access_event,1,accesses=0
11,P3_extended_thread,THR0002663,thread_exists,1,
11,P3_extended_thread,THR0002663,three_or_more_patient_incoming,1,incoming=3
11,P3_extended_thread,THR0002663,four_or_more_message_exchanges,1,in+out=6
11,P3_extended_thread,THR0002663,spans_at_least_3_days,1,span_days=7.98
11,P3_extended_thread,THR0002663,no_visit_between,1,intervening_visits=0
11,P4_result_misrouted,MSG0002817,message_exists,1,
11,P4_result_misrouted,MSG0002817,is_result,1,
11,P4_result_misrouted,MSG0002817,recipient_not_ordering,1,
11,P4_result_misrouted,MSG0002817,recipient_not_covering,1,cover=None
11,P2_unread_cc,MSG0002829,message_exists,1,
11,P2_unread_cc,MSG0002829,is_cc,1,
11,P2_unread_cc,MSG0002829,no_access_event,1,accesses=0
11,P2_unread_cc,MSG0002830,message_exists,1,
11,P2_unread_cc,MSG0002830,is_cc,1,
11,P2_unread_cc,MSG0002830,no_access_event,1,accesses=0
11,P2_unread_cc,MSG0002836,message_exists,1,
11,P2_unread_cc,MSG0002836,is_cc,1,
11,P2_unread_cc,MSG0002836,no_access_event,1,accesses=0
11,P4_result_misrouted,MSG0002887,message_exists,1,
11,P4_result_misrouted,MSG0002887,is_result,1,
11,P4_result_misrouted,MSG0002887,recipient_not_ordering,1,
11,P4_result_misrouted,MSG0002887,recipient_not_covering,1,cover=None
11,P2_unread_cc,MSG0002975,message_exists,1,
11,P2_unread_cc,MSG0002975,is_cc,1,
11,P2_unread_cc,MSG0002975,no_access_event,1,accesses=0
11,P2_unread_cc,MSG0002984,message_exists,1,
11,P2_unread_cc,MSG0002984,is_cc,1,
11,P2_unread_cc,MSG0002984,no_access_event,1,accesses=0
11,P3_extended_thread,THR0002874,thread_exists,1,
11,P3_extended_thread,THR0002874,three_or_more_patient_incoming,1,incoming=3
11,P3_extended_thread,THR0002874,four_or_more_message_exchanges,1,in+out=6
11,P3_extended_thread,THR0002874,spans_at_least_3_days,1,span_days=5.60
11,P3_extended_thread,THR0002874,no_visit_between,1,intervening_visits=0
11,P4_result_misrouted,MSG0003036,message_exists,1,
11,P4_result_misrouted,MSG0003036,is_result,1,
11,P4_result_misrouted,MSG0003036,recipient_not_ordering,1,
11,P4_result_misrouted,MSG0003036,recipient_not_covering,1,cover=None
11,P2_unread_cc,MSG0003063,message_exists,1,
11,P2_unread_cc,MSG0003063,is_cc,1,
11,P2_unread_cc,MSG0003063,no_access_event,1,accesses=0
11,P2_unread_cc,MSG0003066,message_exists,1,
11,P2_unread_cc,MSG0003066,is_cc,1,
11,P2_unread_cc,MSG0003066,no_access_event,1,accesses=0
11,P2_unread_cc,MSG0003067,message_exists,1,
11,P2_unread_cc,MSG0003067,is_cc,1,
11,P2_unread_cc,MSG0003067,no_access_event,1,accesses=0
11,P2_unread_cc,MSG0003074,message_exists,1,
11,P2_unread_cc,MSG0003074,is_cc,1,
11,P2_unread_cc,MSG0003074,no_access_event,1,accesses=0
11,P2_unread_cc,MSG0003146,message_exists,1,
11,P2_unread_cc,MSG0003146,is_cc,1,
11,P2_unread_cc,MSG0003146,no_access_event,1,accesses=0
11,P2_unread_cc,MSG0003147,message_exists,1,
11,P2_unread_cc,MSG0003147,is_cc,1,
11,P2_unread_cc,MSG0003147,no_access_event,1,accesses=0
11,P2_unread_cc,MSG0003148,message_exists,1,
11,P2_unread_cc,MSG0003148,is_cc,1,
11,P2_unread_cc,MSG0003148,no_access_event,1,accesses=0
11,P7_pingpong,MSG0003179,message_exists,1,
11,P7_pingpong,MSG0003179,at_least_two_staff_to_provider_forwards,1,staff_to_provider=2
11,P7_pingpong,MSG0003179,at_least_two_provider_to_staff_forwards,1,provider_to_staff=2
11,P7_pingpong,MSG0003179,two_or_more_round_trips,1,roundtrips=2
11,P2_unread_cc,MSG0003208,message_exists,1,
11,P2_unread_cc,MSG0003208,is_cc,1,
11,P2_unread_cc,MSG0003208,no_access_event,1,accesses=0
11,P2_unread_cc,MSG0003209,message_exists,1,
11,P2_unread_cc,MSG0003209,is_cc,1,
11,P2_unread_cc,MSG0003209,no_access_event,1,accesses=0
11,P2_unread_cc,MSG0003211,message_exists,1,
11,P2_unread_cc,MSG0003211,is_cc,1,
11,P2_unread_cc,MSG0003211,no_access_event,1,accesses=0
11,P2_unread_cc,MSG0003215,message_exists,1,
11,P2_unread_cc,MSG0003215,is_cc,1,
11,P2_unread_cc,MSG0003215,no_access_event,1,accesses=0
11,P2_unread_cc,MSG0003216,message_exists,1,
11,P2_unread_cc,MSG0003216,is_cc,1,
11,P2_unread_cc,MSG0003216,no_access_event,1,accesses=0
11,P7_pingpong,MSG0003260,message_exists,1,
11,P7_pingpong,MSG0003260,at_least_two_staff_to_provider_forwards,1,staff_to_provider=2
11,P7_pingpong,MSG0003260,at_least_two_provider_to_staff_forwards,1,provider_to_staff=2
11,P7_pingpong,MSG0003260,two_or_more_round_trips,1,roundtrips=2
11,P2_unread_cc,MSG0003303,message_exists,1,
11,P2_unread_cc,MSG0003303,is_cc,1,
11,P2_unread_cc,MSG0003303,no_access_event,1,accesses=0
11,P2_unread_cc,MSG0003306,message_exists,1,
11,P2_unread_cc,MSG0003306,is_cc,1,
11,P2_unread_cc,MSG0003306,no_access_event,1,accesses=0
11,P2_unread_cc,MSG0003309,message_exists,1,
11,P2_unread_cc,MSG0003309,is_cc,1,
11,P2_unread_cc,MSG0003309,no_access_event,1,accesses=0
11,P2_unread_cc,MSG0003311,message_exists,1,
11,P2_unread_cc,MSG0003311,is_cc,1,
11,P2_unread_cc,MSG0003311,no_access_event,1,accesses=0
11,P2_unread_cc,MSG0003381,message_exists,1,
11,P2_unread_cc,MSG0003381,is_cc,1,
11,P2_unread_cc,MSG0003381,no_access_event,1,accesses=0
11,P2_unread_cc,MSG0003382,message_exists,1,
11,P2_unread_cc,MSG0003382,is_cc,1,
11,P2_unread_cc,MSG0003382,no_access_event,1,accesses=0
11,P2_unread_cc,MSG0003384,message_exists,1,
11,P2_unread_cc,MSG0003384,is_cc,1,
11,P2_unread_cc,MSG0003384,no_access_event,1,accesses=0
11,P2_unread_cc,MSG0003387,message_exists,1,
11,P2_unread_cc,MSG0003387,is_cc,1,
11,P2_unread_cc,MSG0003387,no_access_event,1,accesses=0
11,P2_unread_cc,MSG0003392,message_exists,1,
11,P2_unread_cc,MSG0003392,is_cc,1,
11,P2_unread_cc,MSG0003392,no_access_event,1,accesses=0
11,P2_unread_cc,MSG0003393,message_exists,1,
11,P2_unread_cc,MSG0003393,is_cc,1,
11,P2_unread_cc,MSG0003393,no_access_event,1,accesses=0
11,P2_unread_cc,MSG0003481,message_exists,1,
11,P2_unread_cc,MSG0003481,is_cc,1,
11,P2_unread_cc,MSG0003481,no_access_event,1,accesses=0
11,P2_unread_cc,MSG0003482,message_exists,1,
11,P2_unread_cc,MSG0003482,is_cc,1,
11,P2_unread_cc,MSG0003482,no_access_event,1,accesses=0
11,P8_nonclinical_misrouted,MSG0003509,message_exists,1,
11,P8_nonclinical_misrouted,MSG0003509,nonclinical_category,1,category=billing_question
11,P8_nonclinical_misrouted,MSG0003509,reaches_provider,1,provider_forwards=1
11,P8_nonclinical_misrouted,MSG0003511,message_exists,1,
11,P8_nonclinical_misrouted,MSG0003511,nonclinical_category,1,category=billing_question
11,P8_nonclinical_misrouted,MSG0003511,reaches_provider,1,provider_forwards=1
11,P3_extended_thread,THR0003335,thread_exists,1,
11,P3_extended_thread,THR0003335,three_or_more_patient_incoming,1,incoming=3
11,P3_extended_thread,THR0003335,four_or_more_message_exchanges,1,in+out=6
11,P3_extended_thread,THR0003335,spans_at_least_3_days,1,span_days=10.98
11,P3_extended_thread,THR0003335,no_visit_between,1,intervening_visits=0
11,P2_unread_cc,MSG0003561,message_exists,1,
11,P2_unread_cc,MSG0003561,is_cc,1,
11,P2_unread_cc,MSG0003561,no_access_event,1,accesses=0
11,P2_unread_cc,MSG0003562,message_exists,1,
11,P2_unread_cc,MSG0003562,is_cc,1,
11,P2_unread_cc,MSG0003562,no_access_event,1,accesses=0
11,P2_unread_cc,MSG0003565,message_exists,1,
11,P2_unread_cc,MSG0003565,is_cc,1,
11,P2_unread_cc,MSG0003565,no_access_event,1,accesses=0
11,P2_unread_cc,MSG0003567,message_exists,1,
11,P2_unread_cc,MSG0003567,is_cc,1,
11,P2_unread_cc,MSG0003567,no_access_event,1,accesses=0
11,P3_extended_thread,THR0003405,thread_exists,1,
11,P3_extended_thread,THR0003405,three_or_more_patient_incoming,1,incoming=3
11,P3_extended_thread,THR0003405,four_or_more_message_exchanges,1,in+out=6
11,P3_extended_thread,THR0003405,spans_at_least_3_days,1,span_days=5.31
11,P3_extended_thread,THR0003405,no_visit_between,1,intervening_visits=0
11,P7_pingpong,MSG0003600,message_exists,1,
11,P7_pingpong,MSG0003600,at_least_two_staff_to_provider_forwards,1,staff_to_provider=2
11,P7_pingpong,MSG0003600,at_least_two_provider_to_staff_forwards,1,provider_to_staff=2
11,P7_pingpong,MSG0003600,two_or_more_round_trips,1,roundtrips=2
11,P8_nonclinical_misrouted,MSG0003604,message_exists,1,
11,P8_nonclinical_misrouted,MSG0003604,nonclinical_category,1,category=cancellation
11,P8_nonclinical_misrouted,MSG0003604,reaches_provider,1,provider_forwards=1
11,P4_result_misrouted,MSG0003618,message_exists,1,
11,P4_result_misrouted,MSG0003618,is_result,1,
11,P4_result_misrouted,MSG0003618,recipient_not_ordering,1,
11,P4_result_misrouted,MSG0003618,recipient_not_covering,1,cover=None
11,P4_result_misrouted,MSG0003622,message_exists,1,
11,P4_result_misrouted,MSG0003622,is_result,1,
11,P4_result_misrouted,MSG0003622,recipient_not_ordering,1,
11,P4_result_misrouted,MSG0003622,recipient_not_covering,1,cover=None
11,P2_unread_cc,MSG0003649,message_exists,1,
11,P2_unread_cc,MSG0003649,is_cc,1,
11,P2_unread_cc,MSG0003649,no_access_event,1,accesses=0
11,P2_unread_cc,MSG0003650,message_exists,1,
11,P2_unread_cc,MSG0003650,is_cc,1,
11,P2_unread_cc,MSG0003650,no_access_event,1,accesses=0
11,P2_unread_cc,MSG0003729,message_exists,1,
11,P2_unread_cc,MSG0003729,is_cc,1,
11,P2_unread_cc,MSG0003729,no_access_event,1,accesses=0
11,P2_unread_cc,MSG0003730,message_exists,1,
11,P2_unread_cc,MSG0003730,is_cc,1,
11,P2_unread_cc,MSG0003730,no_access_event,1,accesses=0
11,P2_unread_cc,MSG0003732,message_exists,1,
11,P2_unread_cc,MSG0003732,is_cc,1,
11,P2_unread_cc,MSG0003732,no_access_event,1,accesses=0
11,P2_unread_cc,MSG0003733,message_exists,1,
11,P2_unread_cc,MSG0003733,is_cc,1,
11,P2_unread_cc,MSG0003733,no_access_event,1,accesses=0
11,P2_unread_cc,MSG0003735,message_exists,1,
11,P2_unread_cc,MSG0003735,is_cc,1,
11,P2_unread_cc,MSG0003735,no_access_event,1,accesses=0
11,P2_unread_cc,MSG0003737,message_exists,1,
11,P2_unread_cc,MSG0003737,is_cc,1,
11,P2_unread_cc,MSG0003737,no_access_event,1,accesses=0
11,P1_thank_you,MSG0003778,message_exists,1,
11,P1_thank_you,MSG0003778,patient_originated_portal_message,1,
11,P1_thank_you,MSG0003778,is_reply_to_prior_outbound,1,
11,P1_thank_you,MSG0003778,thread_ending,1,later_messages=0
11,P1_thank_you,MSG0003778,accessed_and_completed,1,
11,P7_pingpong,MSG0003781,message_exists,1,
11,P7_pingpong,MSG0003781,at_least_two_staff_to_provider_forwards,1,staff_to_provider=2
11,P7_pingpong,MSG0003781,at_least_two_provider_to_staff_forwards,1,provider_to_staff=2
11,P7_pingpong,MSG0003781,two_or_more_round_trips,1,roundtrips=2
11,P2_unread_cc,MSG0003821,message_exists,1,
11,P2_unread_cc,MSG0003821,is_cc,1,
11,P2_unread_cc,MSG0003821,no_access_event,1,accesses=0
11,P2_unread_cc,MSG0003823,message_exists,1,
11,P2_unread_cc,MSG0003823,is_cc,1,
11,P2_unread_cc,MSG0003823,no_access_event,1,accesses=0
11,P2_unread_cc,MSG0003824,message_exists,1,
11,P2_unread_cc,MSG0003824,is_cc,1,
11,P2_unread_cc,MSG0003824,no_access_event,1,accesses=0
11,P2_unread_cc,MSG0003825,message_exists,1,
11,P2_unread_cc,MSG0003825,is_cc,1,
11,P2_unread_cc,MSG0003825,no_access_event,1,accesses=0
11,P8_nonclinical_misrouted,MSG0003869,message_exists,1,
11,P8_nonclinical_misrouted,MSG0003869,nonclinical_category,1,category=billing_question
11,P8_nonclinical_misrouted,MSG0003869,reaches_provider,1,provider_forwards=1
11,P7_pingpong,MSG0003908,message_exists,1,
11,P7_pingpong,MSG0003908,at_least_two_staff_to_provider_forwards,1,staff_to_provider=2
11,P7_pingpong,MSG0003908,at_least_two_provider_to_staff_forwards,1,provider_to_staff=2
11,P7_pingpong,MSG0003908,two_or_more_round_trips,1,roundtrips=2
11,P8_nonclinical_misrouted,MSG0003944,message_exists,1,
11,P8_nonclinical_misrouted,MSG0003944,nonclinical_category,1,category=cancellation
11,P8_nonclinical_misrouted,MSG0003944,reaches_provider,1,provider_forwards=1
11,P2_unread_cc,MSG0003983,message_exists,1,
11,P2_unread_cc,MSG0003983,is_cc,1,
11,P2_unread_cc,MSG0003983,no_access_event,1,accesses=0
11,P2_unread_cc,MSG0003987,message_exists,1,
11,P2_unread_cc,MSG0003987,is_cc,1,
11,P2_unread_cc,MSG0003987,no_access_event,1,accesses=0
11,P2_unread_cc,MSG0003990,message_exists,1,
11,P2_unread_cc,MSG0003990,is_cc,1,
11,P2_unread_cc,MSG0003990,no_access_event,1,accesses=0
11,P2_unread_cc,MSG0003991,message_exists,1,
11,P2_unread_cc,MSG0003991,is_cc,1,
11,P2_unread_cc,MSG0003991,no_access_event,1,accesses=0
11,P2_unread_cc,MSG0004070,message_exists,1,
11,P2_unread_cc,MSG0004070,is_cc,1,
11,P2_unread_cc,MSG0004070,no_access_event,1,accesses=0
11,P2_unread_cc,MSG0004154,message_exists,1,
11,P2_unread_cc,MSG0004154,is_cc,1,
11,P2_unread_cc,MSG0004154,no_access_event,1,accesses=0
11,P2_unread_cc,MSG0004158,message_exists,1,
11,P2_unread_cc,MSG0004158,is_cc,1,
11,P2_unread_cc,MSG0004158,no_access_event,1,accesses=0
11,P2_unread_cc,MSG0004161,message_exists,1,
11,P2_unread_cc,MSG0004161,is_cc,1,
11,P2_unread_cc,MSG0004161,no_access_event,1,accesses=0
11,P2_unread_cc,MSG0004162,message_exists,1,
11,P2_unread_cc,MSG0004162,is_cc,1,
11,P2_unread_cc,MSG0004162,no_access_event,1,accesses=0
11,P2_unread_cc,MSG0004163,message_exists,1,
11,P2_unread_cc,MSG0004163,is_cc,1,
11,P2_unread_cc,MSG0004163,no_access_event,1,accesses=0
11,P2_unread_cc,MSG0004165,message_exists,1,
11,P2_unread_cc,MSG0004165,is_cc,1,
11,P2_unread_cc,MSG0004165,no_access_event,1,accesses=0
11,P8_nonclinical_misrouted,MSG0004199,message_exists,1,
11,P8_nonclinical_misrouted,MSG0004199,nonclinical_category,1,category=billing_question
11,P8_nonclinical_misrouted,MSG0004199,reaches_provider,1,provider_forwards=1
11,P4_result_misrouted,MSG0004214,message_exists,1,
11,P4_result_misrouted,MSG0004214,is_result,1,
11,P4_result_misrouted,MSG0004214,recipient_not_ordering,1,
11,P4_result_misrouted,MSG0004214,recipient_not_covering,1,cover=None
11,P4_result_misrouted,MSG0004225,message_exists,1,
11,P4_result_misrouted,MSG0004225,is_result,1,
11,P4_result_misrouted,MSG0004225,recipient_not_ordering,1,
11,P4_result_misrouted,MSG0004225,recipient_not_covering,1,cover=None
11,P2_unread_cc,MSG0004240,message_exists,1,
11,P2_unread_cc,MSG0004240,is_cc,1,
11,P2_unread_cc,MSG0004240,no_access_event,1,accesses=0
11,P8_nonclinical_misrouted,MSG0004284,message_exists,1,
11,P8_nonclinical_misrouted,MSG0004284,nonclinical_category,1,category=cancellation
11,P8_nonclinical_misrouted,MSG0004284,reaches_provider,1,provider_forwards=1
11,P7_pingpong,MSG0004287,message_exists,1,
11,P7_pingpong,MSG0004287,at_least_two_staff_to_provider_forwards,1,staff_to_provider=2
11,P7_pingpong,MSG0004287,at_least_two_provider_to_staff_forwards,1,provider_to_staff=2
11,P7_pingpong,MSG0004287,two_or_more_round_trips,1,roundtrips=2
11,P2_unread_cc,MSG0004311,message_exists,1,
11,P2_unread_cc,MSG0004311,is_cc,1,
11,P2_unread_cc,MSG0004311,no_access_event,1,accesses=0
11,P2_unread_cc,MSG0004313,message_exists,1,
11,P2_unread_cc,MSG0004313,is_cc,1,
11,P2_unread_cc,MSG0004313,no_access_event,1,accesses=0
11,P2_unread_cc,MSG0004319,message_exists,1,
11,P2_unread_cc,MSG0004319,is_cc,1,
11,P2_unread_cc,MSG0004319,no_access_event,1,accesses=0
11,P4_result_misrouted,MSG0004368,message_exists,1,
11,P4_result_misrouted,MSG0004368,is_result,1,
11,P4_result_misrouted,MSG0004368,recipient_not_ordering,1,
11,P4_result_misrouted,MSG0004368,recipient_not_covering,1,cover=None
11,P2_unread_cc,MSG0004396,message_exists,1,
11,P2_unread_cc,MSG0004396,is_cc,1,
11,P2_unread_cc,MSG0004396,no_access_event,1,accesses=0
11,P2_unread_cc,MSG0004397,message_exists,1,
11,P2_unread_cc,MSG0004397,is_cc,1,
11,P2_unread_cc,MSG0004397,no_access_event,1,accesses=0
11,P4_result_misrouted,MSG0004514,message_exists,1,
11,P4_result_misrouted,MSG0004514,is_result,1,
11,P4_result_misrouted,MSG0004514,recipient_not_ordering,1,
11,P4_result_misrouted,MSG0004514,recipient_not_covering,1,cover=None
11,P2_unread_cc,MSG0004530,message_exists,1,
11,P2_unread_cc,MSG0004530,is_cc,1,
11,P2_unread_cc,MSG0004530,no_access_event,1,accesses=0
11,P2_unread_cc,MSG0004601,message_exists,1,
11,P2_unread_cc,MSG0004601,is_cc,1,
11,P2_unread_cc,MSG0004601,no_access_event,1,accesses=0
11,P2_unread_cc,MSG0004661,message_exists,1,
11,P2_unread_cc,MSG0004661,is_cc,1,
11,P2_unread_cc,MSG0004661,no_access_event,1,accesses=0
11,P2_unread_cc,MSG0004664,message_exists,1,
11,P2_unread_cc,MSG0004664,is_cc,1,
11,P2_unread_cc,MSG0004664,no_access_event,1,accesses=0
11,P2_unread_cc,MSG0004668,message_exists,1,
11,P2_unread_cc,MSG0004668,is_cc,1,
11,P2_unread_cc,MSG0004668,no_access_event,1,accesses=0
11,P2_unread_cc,MSG0004675,message_exists,1,
11,P2_unread_cc,MSG0004675,is_cc,1,
11,P2_unread_cc,MSG0004675,no_access_event,1,accesses=0
11,P2_unread_cc,MSG0004676,message_exists,1,
11,P2_unread_cc,MSG0004676,is_cc,1,
11,P2_unread_cc,MSG0004676,no_access_event,1,accesses=0
11,P8_nonclinical_misrouted,MSG0004726,message_exists,1,
11,P8_nonclinical_misrouted,MSG0004726,nonclinical_category,1,category=billing_question
11,P8_nonclinical_misrouted,MSG0004726,reaches_provider,1,provider_forwards=1
11,P4_result_misrouted,MSG0004740,message_exists,1,
11,P4_result_misrouted,MSG0004740,is_result,1,
11,P4_result_misrouted,MSG0004740,recipient_not_ordering,1,
11,P4_result_misrouted,MSG0004740,recipient_not_covering,1,cover=None
11,P2_unread_cc,MSG0004764,message_exists,1,
11,P2_unread_cc,MSG0004764,is_cc,1,
11,P2_unread_cc,MSG0004764,no_access_event,1,accesses=0
11,P2_unread_cc,MSG0004771,message_exists,1,
11,P2_unread_cc,MSG0004771,is_cc,1,
11,P2_unread_cc,MSG0004771,no_access_event,1,accesses=0
11,P7_pingpong,MSG0004807,message_exists,1,
11,P7_pingpong,MSG0004807,at_least_two_staff_to_provider_forwards,1,staff_to_provider=2
11,P7_pingpong,MSG0004807,at_least_two_provider_to_staff_forwards,1,provider_to_staff=2
11,P7_pingpong,MSG0004807,two_or_more_round_trips,1,roundtrips=2
11,P4_result_misrouted,MSG0004820,message_exists,1,
11,P4_result_misrouted,MSG0004820,is_result,1,
11,P4_result_misrouted,MSG0004820,recipient_not_ordering,1,
11,P4_result_misrouted,MSG0004820,recipient_not_covering,1,cover=None
11,P2_unread_cc,MSG0004843,message_exists,1,
11,P2_unread_cc,MSG0004843,is_cc,1,
11,P2_unread_cc,MSG0004843,no_access_event,1,accesses=0
11,P2_unread_cc,MSG0004844,message_exists,1,
11,P2_unread_cc,MSG0004844,is_cc,1,
11,P2_unread_cc,MSG0004844,no_access_event,1,accesses=0
11,P2_unread_cc,MSG0004848,message_exists,1,
11,P2_unread_cc,MSG0004848,is_cc,1,
11,P2_unread_cc,MSG0004848,no_access_event,1,accesses=0
11,P2_unread_cc,MSG0004849,message_exists,1,
11,P2_unread_cc,MSG0004849,is_cc,1,
11,P2_unread_cc,MSG0004849,no_access_event,1,accesses=0
11,P2_unread_cc,MSG0004850,message_exists,1,
11,P2_unread_cc,MSG0004850,is_cc,1,
11,P2_unread_cc,MSG0004850,no_access_event,1,accesses=0
11,P8_nonclinical_misrouted,MSG0004884,message_exists,1,
11,P8_nonclinical_misrouted,MSG0004884,nonclinical_category,1,category=cancellation
11,P8_nonclinical_misrouted,MSG0004884,reaches_provider,1,provider_forwards=1
11,P4_result_misrouted,MSG0004892,message_exists,1,
11,P4_result_misrouted,MSG0004892,is_result,1,
11,P4_result_misrouted,MSG0004892,recipient_not_ordering,1,
11,P4_result_misrouted,MSG0004892,recipient_not_covering,1,cover=None
11,P4_result_misrouted,MSG0004895,message_exists,1,
11,P4_result_misrouted,MSG0004895,is_result,1,
11,P4_result_misrouted,MSG0004895,recipient_not_ordering,1,
11,P4_result_misrouted,MSG0004895,recipient_not_covering,1,cover=None
11,P2_unread_cc,MSG0004919,message_exists,1,
11,P2_unread_cc,MSG0004919,is_cc,1,
11,P2_unread_cc,MSG0004919,no_access_event,1,accesses=0
11,P2_unread_cc,MSG0004921,message_exists,1,
11,P2_unread_cc,MSG0004921,is_cc,1,
11,P2_unread_cc,MSG0004921,no_access_event,1,accesses=0
11,P2_unread_cc,MSG0004926,message_exists,1,
11,P2_unread_cc,MSG0004926,is_cc,1,
11,P2_unread_cc,MSG0004926,no_access_event,1,accesses=0
11,P8_nonclinical_misrouted,MSG0004960,message_exists,1,
11,P8_nonclinical_misrouted,MSG0004960,nonclinical_category,1,category=billing_question
11,P8_nonclinical_misrouted,MSG0004960,reaches_provider,1,provider_forwards=1
11,P1_thank_you,MSG0004964,message_exists,1,
11,P1_thank_you,MSG0004964,patient_originated_portal_message,1,
11,P1_thank_you,MSG0004964,is_reply_to_prior_outbound,1,
11,P1_thank_you,MSG0004964,thread_ending,1,later_messages=0
11,P1_thank_you,MSG0004964,accessed_and_completed,1,
11,P4_result_misrouted,MSG0004974,message_exists,1,
11,P4_result_misrouted,MSG0004974,is_result,1,
11,P4_result_misrouted,MSG0004974,recipient_not_ordering,1,
11,P4_result_misrouted,MSG0004974,recipient_not_covering,1,cover=None
11,P2_unread_cc,MSG0005000,message_exists,1,
11,P2_unread_cc,MSG0005000,is_cc,1,
11,P2_unread_cc,MSG0005000,no_access_event,1,accesses=0
11,P2_unread_cc,MSG0005003,message_exists,1,
11,P2_unread_cc,MSG0005003,is_cc,1,
11,P2_unread_cc,MSG0005003,no_access_event,1,accesses=0
11,P2_unread_cc,MSG0005004,message_exists,1,
11,P2_unread_cc,MSG0005004,is_cc,1,
11,P2_unread_cc,MSG0005004,no_access_event,1,accesses=0
11,P2_unread_cc,MSG0005006,message_exists,1,
11,P2_unread_cc,MSG0005006,is_cc,1,
11,P2_unread_cc,MSG0005006,no_access_event,1,accesses=0
11,P2_unread_cc,MSG0005079,message_exists,1,
11,P2_unread_cc,MSG0005079,is_cc,1,
11,P2_unread_cc,MSG0005079,no_access_event,1,accesses=0
11,P2_unread_cc,MSG0005085,message_exists,1,
11,P2_unread_cc,MSG0005085,is_cc,1,
11,P2_unread_cc,MSG0005085,no_access_event,1,accesses=0
11,P2_unread_cc,MSG0005090,message_exists,1,
11,P2_unread_cc,MSG0005090,is_cc,1,
11,P2_unread_cc,MSG0005090,no_access_event,1,accesses=0
11,P2_unread_cc,MSG0005091,message_exists,1,
11,P2_unread_cc,MSG0005091,is_cc,1,
11,P2_unread_cc,MSG0005091,no_access_event,1,accesses=0
12,P2_unread_cc,MSG0000049,message_exists,1,
12,P2_unread_cc,MSG0000049,is_cc,1,
12,P2_unread_cc,MSG0000049,no_access_event,1,accesses=0
12,P2_unread_cc,MSG0000052,message_exists,1,
12,P2_unread_cc,MSG0000052,is_cc,1,
12,P2_unread_cc,MSG0000052,no_access_event,1,accesses=0
12,P2_unread_cc,MSG0000054,message_exists,1,
12,P2_unread_cc,MSG0000054,is_cc,1,
12,P2_unread_cc,MSG0000054,no_access_event,1,accesses=0
12,P2_unread_cc,MSG0000055,message_exists,1,
12,P2_unread_cc,MSG0000055,is_cc,1,
12,P2_unread_cc,MSG0000055,no_access_event,1,accesses=0
12,P4_result_misrouted,MSG0000115,message_exists,1,
12,P4_result_misrouted,MSG0000115,is_result,1,
12,P4_result_misrouted,MSG0000115,recipient_not_ordering,1,
12,P4_result_misrouted,MSG0000115,recipient_not_covering,1,cover=None
12,P2_unread_cc,MSG0000140,message_exists,1,
12,P2_unread_cc,MSG0000140,is_cc,1,
12,P2_unread_cc,MSG0000140,no_access_event,1,accesses=0
12,P2_unread_cc,MSG0000142,message_exists,1,
12,P2_unread_cc,MSG0000142,is_cc,1,
12,P2_unread_cc,MSG0000142,no_access_event,1,accesses=0
12,P2_unread_cc,MSG0000145,message_exists,1,
12,P2_unread_cc,MSG0000145,is_cc,1,
12,P2_unread_cc,MSG0000145,no_access_event,1,accesses=0
12,P4_result_misrouted,MSG0000196,message_exists,1,
12,P4_result_misrouted,MSG0000196,is_result,1,
12,P4_result_misrouted,MSG0000196,recipient_not_ordering,1,
12,P4_result_misrouted,MSG0000196,recipient_not_covering,1,cover=None
12,P2_unread_cc,MSG0000215,message_exists,1,
12,P2_unread_cc,MSG0000215,is_cc,1,
12,P2_unread_cc,MSG0000215,no_access_event,1,accesses=0
12,P1_thank_you,MSG0000332,message_exists,1,
12,P1_thank_you,MSG0000332,patient_originated_portal_message,1,
12,P1_thank_you,MSG0000332,is_reply_to_prior_outbound,1,
12,P1_thank_you,MSG0000332,thread_ending,1,later_messages=0
12,P1_thank_you,MSG0000332,accessed_and_completed,1,
12,P2_unread_cc,MSG0000375,message_exists,1,
12,P2_unread_cc,MSG0000375,is_cc,1,
12,P2_unread_cc,MSG0000375,no_access_event,1,accesses=0
12,P2_unread_cc,MSG0000382,message_exists,1,
12,P2_unread_cc,MSG0000382,is_cc,1,
12,P2_unread_cc,MSG0000382,no_access_event,1,accesses=0
12,P2_unread_cc,MSG0000383,message_exists,1,
12,P2_unread_cc,MSG0000383,is_cc,1,
12,P2_unread_cc,MSG0000383,no_access_event,1,accesses=0
12,P8_nonclinical_misrouted,MSG0000419,message_exists,1,
12,P8_nonclinical_misrouted,MSG0000419,nonclinical_category,1,category=cancellation
12,P8_nonclinical_misrouted,MSG0000419,reaches_provider,1,provider_forwards=1
12,P2_unread_cc,MSG0000456,message_exists,1,
12,P2_unread_cc,MSG0000456,is_cc,1,
12,P2_unread_cc,MSG0000456,no_access_event,1,accesses=0
12,P4_result_misrouted,MSG0000574,message_exists,1,
12,P4_result_misrouted,MSG0000574,is_result,1,
12,P4_result_misrouted,MSG0000574,recipient_not_ordering,1,
12,P4_result_misrouted,MSG0000574,recipient_not_covering,1,cover=None
12,P2_unread_cc,MSG0000598,message_exists,1,
12,P2_unread_cc,MSG0000598,is_cc,1,
12,P2_unread_cc,MSG0000598,no_access_event,1,accesses=0
12,P2_unread_cc,MSG0000600,message_exists,1,
12,P2_unread_cc,MSG0000600,is_cc,1,
12,P2_unread_cc,MSG0000600,no_access_event,1,accesses=0
12,P2_unread_cc,MSG0000601,message_exists,1,
12,P2_unread_cc,MSG0000601,is_cc,1,
12,P2_unread_cc,MSG0000601,no_access_event,1,accesses=0
12,P4_result_misrouted,MSG0000636,message_exists,1,
12,P4_result_misrouted,MSG0000636,is_result,1,
12,P4_result_misrouted,MSG0000636,recipient_not_ordering,1,
12,P4_result_misrouted,MSG0000636,recipient_not_covering,1,cover=None
12,P4_result_misrouted,MSG0000641,message_exists,1,
12,P4_result_misrouted,MSG0000641,is_result,1,
12,P4_result_misrouted,MSG0000641,recipient_not_ordering,1,
12,P4_result_misrouted,MSG0000641,recipient_not_covering,1,cover=None
12,P4_result_misrouted,MSG0000644,message_exists,1,
12,P4_result_misrouted,MSG0000644,is_result,1,
12,P4_result_misrouted,MSG0000644,recipient_not_ordering,1,
12,P4_result_misrouted,MSG0000644,recipient_not_covering,1,cover=None
12,P2_unread_cc,MSG0000674,message_exists,1,
12,P2_unread_cc,MSG0000674,is_cc,1,
12,P2_unread_cc,MSG0000674,no_access_event,1,accesses=0
12,P2_unread_cc,MSG0000677,message_exists,1,
12,P2_unread_cc,MSG0000677,is_cc,1,
12,P2_unread_cc,MSG0000677,no_access_event,1,accesses=0
12,P2_unread_cc,MSG0000680,message_exists,1,
12,P2_unread_cc,MSG0000680,is_cc,1,
12,P2_unread_cc,MSG0000680,no_access_event,1,accesses=0
12,P3_extended_thread,THR0000679,thread_exists,1,
12,P3_extended_thread,THR0000679,three_or_more_patient_incoming,1,incoming=3
12,P3_extended_thread,THR0000679,four_or_more_message_exchanges,1,in+out=6
12,P3_extended_thread,THR0000679,spans_at_least_3_days,1,span_days=5.90
12,P3_extended_thread,THR0000679,no_visit_between,1,intervening_visits=0
12,P1_thank_you,MSG0000726,message_exists,1,
12,P1_thank_you,MSG0000726,patient_originated_portal_message,1,
12,P1_thank_you,MSG0000726,is_reply_to_prior_outbound,1,
12,P1_thank_you,MSG0000726,thread_ending,1,later_messages=0
12,P1_thank_you,MSG0000726,accessed_and_completed,1,
12,P2_unread_cc,MSG0000762,message_exists,1,
12,P2_unread_cc,MSG0000762,is_cc,1,
12,P2_unread_cc,MSG0000762,no_access_event,1,accesses=0
12,P2_unread_cc,MSG0000765,message_exists,1,
12,P2_unread_cc,MSG0000765,is_cc,1,
12,P2_unread_cc,MSG0000765,no_access_event,1,accesses=0
12,P2_unread_cc,MSG0000767,message_exists,1,
12,P2_unread_cc,MSG0000767,is_cc,1,
12,P2_unread_cc,MSG0000767,no_access_event,1,accesses=0
12,P2_unread_cc,MSG0000851,message_exists,1,
12,P2_unread_cc,MSG0000851,is_cc,1,
12,P2_unread_cc,MSG0000851,no_access_event,1,accesses=0
12,P2_unread_cc,MSG0000855,message_exists,1,
12,P2_unread_cc,MSG0000855,is_cc,1,
12,P2_unread_cc,MSG0000855,no_access_event,1,accesses=0
12,P2_unread_cc,MSG0000859,message_exists,1,
12,P2_unread_cc,MSG0000859,is_cc,1,
12,P2_unread_cc,MSG0000859,no_access_event,1,accesses=0
12,P2_unread_cc,MSG0000930,message_exists,1,
12,P2_unread_cc,MSG0000930,is_cc,1,
12,P2_unread_cc,MSG0000930,no_access_event,1,accesses=0
12,P2_unread_cc,MSG0000933,message_exists,1,
12,P2_unread_cc,MSG0000933,is_cc,1,
12,P2_unread_cc,MSG0000933,no_access_event,1,accesses=0
12,P2_unread_cc,MSG0000936,message_exists,1,
12,P2_unread_cc,MSG0000936,is_cc,1,
12,P2_unread_cc,MSG0000936,no_access_event,1,accesses=0
12,P7_pingpong,MSG0000963,message_exists,1,
12,P7_pingpong,MSG0000963,at_least_two_staff_to_provider_forwards,1,staff_to_provider=2
12,P7_pingpong,MSG0000963,at_least_two_provider_to_staff_forwards,1,provider_to_staff=2
12,P7_pingpong,MSG0000963,two_or_more_round_trips,1,roundtrips=2
12,P7_pingpong,MSG0000968,message_exists,1,
12,P7_pingpong,MSG0000968,at_least_two_staff_to_provider_forwards,1,staff_to_provider=2
12,P7_pingpong,MSG0000968,at_least_two_provider_to_staff_forwards,1,provider_to_staff=2
12,P7_pingpong,MSG0000968,two_or_more_round_trips,1,roundtrips=2
12,P4_result_misrouted,MSG0000978,message_exists,1,
12,P4_result_misrouted,MSG0000978,is_result,1,
12,P4_result_misrouted,MSG0000978,recipient_not_ordering,1,
12,P4_result_misrouted,MSG0000978,recipient_not_covering,1,cover=None
12,P4_result_misrouted,MSG0000982,message_exists,1,
12,P4_result_misrouted,MSG0000982,is_result,1,
12,P4_result_misrouted,MSG0000982,recipient_not_ordering,1,
12,P4_result_misrouted,MSG0000982,recipient_not_covering,1,cover=None
12,P2_unread_cc,MSG0000997,message_exists,1,
12,P2_unread_cc,MSG0000997,is_cc,1,
12,P2_unread_cc,MSG0000997,no_access_event,1,accesses=0
12,P2_unread_cc,MSG0001002,message_exists,1,
12,P2_unread_cc,MSG0001002,is_cc,1,
12,P2_unread_cc,MSG0001002,no_access_event,1,accesses=0
12,P2_unread_cc,MSG0001006,message_exists,1,
12,P2_unread_cc,MSG0001006,is_cc,1,
12,P2_unread_cc,MSG0001006,no_access_event,1,accesses=0
12,P1_thank_you,MSG0001044,message_exists,1,
12,P1_thank_you,MSG0001044,patient_originated_portal_message,1,
12,P1_thank_you,MSG0001044,is_reply_to_prior_outbound,1,
12,P1_thank_you,MSG0001044,thread_ending,1,later_messages=0
12,P1_thank_you,MSG0001044,accessed_and_completed,1,
12,P4_result_misrouted,MSG0001053,message_exists,1,
12,P4_result_misrouted,MSG0001053,is_result,1,
12,P4_result_misrouted,MSG0001053,recipient_not_ordering,1,
12,P4_result_misrouted,MSG0001053,recipient_not_covering,1,cover=None
12,P8_nonclinical_misrouted,MSG0001117,message_exists,1,
12,P8_nonclinical_misrouted,MSG0001117,nonclinical_category,1,category=appointment_request
12,P8_nonclinical_misrouted,MSG0001117,reaches_provider,1,provider_forwards=1
12,P8_nonclinical_misrouted,MSG0001222,message_exists,1,
12,P8_nonclinical_misrouted,MSG0001222,nonclinical_category,1,category=billing_question
12,P8_nonclinical_misrouted,MSG0001222,reaches_provider,1,provider_forwards=1
12,P2_unread_cc,MSG0001295,message_exists,1,
12,P2_unread_cc,MSG0001295,is_cc,1,
12,P2_unread_cc,MSG0001295,no_access_event,1,accesses=0
12,P2_unread_cc,MSG0001300,message_exists,1,
12,P2_unread_cc,MSG0001300,is_cc,1,
12,P2_unread_cc,MSG0001300,no_access_event,1,accesses=0
12,P2_unread_cc,MSG0001372,message_exists,1,
12,P2_unread_cc,MSG0001372,is_cc,1,
12,P2_unread_cc,MSG0001372,no_access_event,1,accesses=0
12,P2_unread_cc,MSG0001378,message_exists,1,
12,P2_unread_cc,MSG0001378,is_cc,1,
12,P2_unread_cc,MSG0001378,no_access_event,1,accesses=0
12,P2_unread_cc,MSG0001380,message_exists,1,
12,P2_unread_cc,MSG0001380,is_cc,1,
12,P2_unread_cc,MSG0001380,no_access_event,1,accesses=0
12,P4_result_misrouted,MSG0001424,message_exists,1,
12,P4_result_misrouted,MSG0001424,is_result,1,
12,P4_result_misrouted,MSG0001424,recipient_not_ordering,1,
12,P4_result_misrouted,MSG0001424,recipient_not_covering,1,cover=None
12,P2_unread_cc,MSG0001447,message_exists,1,
12,P2_unread_cc,MSG0001447,is_cc,1,
12,P2_unread_cc,MSG0001447,no_access_event,1,accesses=0
12,P2_unread_cc,MSG0001506,message_exists,1,
12,P2_unread_cc,MSG0001506,is_cc,1,
12,P2_unread_cc,MSG0001506,no_access_event,1,accesses=0
12,P2_unread_cc,MSG0001508,message_exists,1,
12,P2_unread_cc,MSG0001508,is_cc,1,
12,P2_unread_cc,MSG0001508,no_access_event,1,accesses=0
12,P2_unread_cc,MSG0001513,message_exists,1,
12,P2_unread_cc,MSG0001513,is_cc,1,
12,P2_unread_cc,MSG0001513,no_access_event,1,accesses=0
12,P2_unread_cc,MSG0001514,message_exists,1,
12,P2_unread_cc,MSG0001514,is_cc,1,
12,P2_unread_cc,MSG0001514,no_access_event,1,accesses=0
12,P2_unread_cc,MSG0001515,message_exists,1,
12,P2_unread_cc,MSG0001515,is_cc,1,
12,P2_unread_cc,MSG0001515,no_access_event,1,accesses=0
12,P4_result_misrouted,MSG0001576,message_exists,1,
12,P4_result_misrouted,MSG0001576,is_result,1,
12,P4_result_misrouted,MSG0001576,recipient_not_ordering,1,
12,P4_result_misrouted,MSG0001576,recipient_not_covering,1,cover=None
12,P2_unread_cc,MSG0001602,message_exists,1,
12,P2_unread_cc,MSG0001602,is_cc,1,
12,P2_unread_cc,MSG0001602,no_access_event,1,accesses=0
12,P4_result_misrouted,MSG0001663,message_exists,1,
12,P4_result_misrouted,MSG0001663,is_result,1,
12,P4_result_misrouted,MSG0001663,recipient_not_ordering,1,
12,P4_result_misrouted,MSG0001663,recipient_not_covering,1,cover=None
12,P8_nonclinical_misrouted,MSG0001726,message_exists,1,
12,P8_nonclinical_misrouted,MSG0001726,nonclinical_category,1,category=cancellation
12,P8_nonclinical_misrouted,MSG0001726,reaches_provider,1,provider_forwards=1
12,P2_unread_cc,MSG0001763,message_exists,1,
12,P2_unread_cc,MSG0001763,is_cc,1,
12,P2_unread_cc,MSG0001763,no_access_event,1,accesses=0
12,P1_thank_you,MSG0001795,message_exists,1,
12,P1_thank_you,MSG0001795,patient_originated_portal_message,1,
12,P1_thank_you,MSG0001795,is_reply_to_prior_outbound,1,
12,P1_thank_you,MSG0001795,thread_ending,1,later_messages=0
12,P1_thank_you,MSG0001795,accessed_and_completed,1,
12,P4_result_misrouted,MSG0001815,message_exists,1,
12,P4_result_misrouted,MSG0001815,is_result,1,
12,P4_result_misrouted,MSG0001815,recipient_not_ordering,1,
12,P4_result_misrouted,MSG0001815,recipient_not_covering,1,cover=None
12,P2_unread_cc,MSG0001836,message_exists,1,
12,P2_unread_cc,MSG0001836,is_cc,1,
12,P2_unread_cc,MSG0001836,no_access_event,1,accesses=0
12,P8_nonclinical_misrouted,MSG0001870,message_exists,1,
12,P8_nonclinical_misrouted,MSG0001870,nonclinical_category,1,category=cancellation
12,P8_nonclinical_misrouted,MSG0001870,reaches_provider,1,provider_forwards=1
12,P2_unread_cc,MSG0001898,message_exists,1,
12,P2_unread_cc,MSG0001898,is_cc,1,
12,P2_unread_cc,MSG0001898,no_access_event,1,accesses=0
12,P2_unread_cc,MSG0001899,message_exists,1,
12,P2_unread_cc,MSG0001899,is_cc,1,
12,P2_unread_cc,MSG0001899,no_access_event,1,accesses=0
12,P2_unread_cc,MSG0001979,message_exists,1,
12,P2_unread_cc,MSG0001979,is_cc,1,
12,P2_unread_cc,MSG0001979,no_access_event,1,accesses=0
12,P2_unread_cc,MSG0001981,message_exists,1,
12,P2_unread_cc,MSG0001981,is_cc,1,
12,P2_unread_cc,MSG0001981,no_access_event,1,accesses=0
12,P2_unread_cc,MSG0001988,message_exists,1,
12,P2_unread_cc,MSG0001988,is_cc,1,
12,P2_unread_cc,MSG0001988,no_access_event,1,accesses=0
12,P8_nonclinical_misrouted,MSG0002017,message_exists,1,
12,P8_nonclinical_misrouted,MSG0002017,nonclinical_category,1,category=appointment_request
12,P8_nonclinical_misrouted,MSG0002017,reaches_provider,1,provider_forwards=1
12,P2_unread_cc,MSG0002058,message_exists,1,
12,P2_unread_cc,MSG0002058,is_cc,1,
12,P2_unread_cc,MSG0002058,no_access_event,1,accesses=0
12,P2_unread_cc,MSG0002060,message_exists,1,
12,P2_unread_cc,MSG0002060,is_cc,1,
12,P2_unread_cc,MSG0002060,no_access_event,1,accesses=0
12,P2_unread_cc,MSG0002061,message_exists,1,
12,P2_unread_cc,MSG0002061,is_cc,1,
12,P2_unread_cc,MSG0002061,no_access_event,1,accesses=0
12,P4_result_misrouted,MSG0002128,message_exists,1,
12,P4_result_misrouted,MSG0002128,is_result,1,
12,P4_result_misrouted,MSG0002128,recipient_not_ordering,1,
12,P4_result_misrouted,MSG0002128,recipient_not_covering,1,cover=None
12,P2_unread_cc,MSG0002140,message_exists,1,
12,P2_unread_cc,MSG0002140,is_cc,1,
12,P2_unread_cc,MSG0002140,no_access_event,1,accesses=0
12,P2_unread_cc,MSG0002146,message_exists,1,
12,P2_unread_cc,MSG0002146,is_cc,1,
12,P2_unread_cc,MSG0002146,no_access_event,1,accesses=0
12,P2_unread_cc,MSG0002150,message_exists,1,
12,P2_unread_cc,MSG0002150,is_cc,1,
12,P2_unread_cc,MSG0002150,no_access_event,1,accesses=0
12,P2_unread_cc,MSG0002234,message_exists,1,
12,P2_unread_cc,MSG0002234,is_cc,1,
12,P2_unread_cc,MSG0002234,no_access_event,1,accesses=0
12,P2_unread_cc,MSG0002312,message_exists,1,
12,P2_unread_cc,MSG0002312,is_cc,1,
12,P2_unread_cc,MSG0002312,no_access_event,1,accesses=0
12,P2_unread_cc,MSG0002314,message_exists,1,
12,P2_unread_cc,MSG0002314,is_cc,1,
12,P2_unread_cc,MSG0002314,no_access_event,1,accesses=0
12,P4_result_misrouted,MSG0002370,message_exists,1,
12,P4_result_misrouted,MSG0002370,is_result,1,
12,P4_result_misrouted,MSG0002370,recipient_not_ordering,1,
12,P4_result_misrouted,MSG0002370,recipient_not_covering,1,cover=None
12,P2_unread_cc,MSG0002390,message_exists,1,
12,P2_unread_cc,MSG0002390,is_cc,1,
12,P2_unread_cc,MSG0002390,no_access_event,1,accesses=0
12,P2_unread_cc,MSG0002392,message_exists,1,
12,P2_unread_cc,MSG0002392,is_cc,1,
12,P2_unread_cc,MSG0002392,no_access_event,1,accesses=0
12,P2_unread_cc,MSG0002396,message_exists,1,
12,P2_unread_cc,MSG0002396,is_cc,1,
12,P2_unread_cc,MSG0002396,no_access_event,1,accesses=0
12,P1_thank_you,MSG0002466,message_exists,1,
12,P1_thank_you,MSG0002466,patient_originated_portal_message,1,
12,P1_thank_you,MSG0002466,is_reply_to_prior_outbound,1,
12,P1_thank_you,MSG0002466,thread_ending,1,later_messages=0
12,P1_thank_you,MSG0002466,accessed_and_completed,1,
12,P4_result_misrouted,MSG0002598,message_exists,1,
12,P4_result_misrouted,MSG0002598,is_result,1,
12,P4_result_misrouted,MSG0002598,recipient_not_ordering,1,
12,P4_result_misrouted,MSG0002598,recipient_not_covering,1,cover=None
12,P2_unread_cc,MSG0002620,message_exists,1,
12,P2_unread_cc,MSG0002620,is_cc,1,
12,P2_unread_cc,MSG0002620,no_access_event,1,accesses=0
12,P2_unread_cc,MSG0002623,message_exists,1,
12,P2_unread_cc,MSG0002623,is_cc,1,
12,P2_unread_cc,MSG0002623,no_access_event,1,accesses=0
12,P2_unread_cc,MSG0002626,message_exists,1,
12,P2_unread_cc,MSG0002626,is_cc,1,
12,P2_unread_cc,MSG0002626,no_access_event,1,accesses=0
12,P4_result_misrouted,MSG0002670,message_exists,1,
12,P4_result_misrouted,MSG0002670,is_result,1,
12,P4_result_misrouted,MSG0002670,recipient_not_ordering,1,
12,P4_result_misrouted,MSG0002670,recipient_not_covering,1,cover=None
12,P2_unread_cc,MSG0002692,message_exists,1,
12,P2_unread_cc,MSG0002692,is_cc,1,
12,P2_unread_cc,MSG0002692,no_access_event,1,accesses=0
12,P2_unread_cc,MSG0002694,message_exists,1,
12,P2_unread_cc,MSG0002694,is_cc,1,
12,P2_unread_cc,MSG0002694,no_access_event,1,accesses=0
12,P2_unread_cc,MSG0002698,message_exists,1,
12,P2_unread_cc,MSG0002698,is_cc,1,
12,P2_unread_cc,MSG0002698,no_access_event,1,accesses=0
12,P1_thank_you,MSG0002726,message_exists,1,
12,P1_thank_you,MSG0002726,patient_originated_portal_message,1,
12,P1_thank_you,MSG0002726,is_reply_to_prior_outbound,1,
12,P1_thank_you,MSG0002726,thread_ending,1,later_messages=0
12,P1_thank_you,MSG0002726,accessed_and_completed,1,
12,P4_result_misrouted,MSG0002743,message_exists,1,
12,P4_result_misrouted,MSG0002743,is_result,1,
12,P4_result_misrouted,MSG0002743,recipient_not_ordering,1,
12,P4_result_misrouted,MSG0002743,recipient_not_covering,1,cover=None
12,P4_result_misrouted,MSG0002748,message_exists,1,
12,P4_result_misrouted,MSG0002748,is_result,1,
12,P4_result_misrouted,MSG0002748,recipient_not_ordering,1,
12,P4_result_misrouted,MSG0002748,recipient_not_covering,1,cover=None
12,P2_unread_cc,MSG0002838,message_exists,1,
12,P2_unread_cc,MSG0002838,is_cc,1,
12,P2_unread_cc,MSG0002838,no_access_event,1,accesses=0
12,P2_unread_cc,MSG0002840,message_exists,1,
12,P2_unread_cc,MSG0002840,is_cc,1,
12,P2_unread_cc,MSG0002840,no_access_event,1,accesses=0
12,P4_result_misrouted,MSG0002876,message_exists,1,
12,P4_result_misrouted,MSG0002876,is_result,1,
12,P4_result_misrouted,MSG0002876,recipient_not_ordering,1,
12,P4_result_misrouted,MSG0002876,recipient_not_covering,1,cover=None
12,P2_unread_cc,MSG0002902,message_exists,1,
12,P2_unread_cc,MSG0002902,is_cc,1,
12,P2_unread_cc,MSG0002902,no_access_event,1,accesses=0
12,P2_unread_cc,MSG0002905,message_exists,1,
12,P2_unread_cc,MSG0002905,is_cc,1,
12,P2_unread_cc,MSG0002905,no_access_event,1,accesses=0
12,P4_result_misrouted,MSG0002947,message_exists,1,
12,P4_result_misrouted,MSG0002947,is_result,1,
12,P4_result_misrouted,MSG0002947,recipient_not_ordering,1,
12,P4_result_misrouted,MSG0002947,recipient_not_covering,1,cover=None
12,P2_unread_cc,MSG0002979,message_exists,1,
12,P2_unread_cc,MSG0002979,is_cc,1,
12,P2_unread_cc,MSG0002979,no_access_event,1,accesses=0
12,P2_unread_cc,MSG0003060,message_exists,1,
12,P2_unread_cc,MSG0003060,is_cc,1,
12,P2_unread_cc,MSG0003060,no_access_event,1,accesses=0
12,P2_unread_cc,MSG0003063,message_exists,1,
12,P2_unread_cc,MSG0003063,is_cc,1,
12,P2_unread_cc,MSG0003063,no_access_event,1,accesses=0
12,P2_unread_cc,MSG0003140,message_exists,1,
12,P2_unread_cc,MSG0003140,is_cc,1,
12,P2_unread_cc,MSG0003140,no_access_event,1,accesses=0
12,P2_unread_cc,MSG0003148,message_exists,1,
12,P2_unread_cc,MSG0003148,is_cc,1,
12,P2_unread_cc,MSG0003148,no_access_event,1,accesses=0
12,P4_result_misrouted,MSG0003184,message_exists,1,
12,P4_result_misrouted,MSG0003184,is_result,1,
12,P4_result_misrouted,MSG0003184,recipient_not_ordering,1,
12,P4_result_misrouted,MSG0003184,recipient_not_covering,1,cover=None
12,P2_unread_cc,MSG0003210,message_exists,1,
12,P2_unread_cc,MSG0003210,is_cc,1,
12,P2_unread_cc,MSG0003210,no_access_event,1,accesses=0
12,P2_unread_cc,MSG0003211,message_exists,1,
12,P2_unread_cc,MSG0003211,is_cc,1,
12,P2_unread_cc,MSG0003211,no_access_event,1,accesses=0
12,P2_unread_cc,MSG0003293,message_exists,1,
12,P2_unread_cc,MSG0003293,is_cc,1,
12,P2_unread_cc,MSG0003293,no_access_event,1,accesses=0
12,P1_thank_you,MSG0003347,message_exists,1,
12,P1_thank_you,MSG0003347,patient_originated_portal_message,1,
12,P1_thank_you,MSG0003347,is_reply_to_prior_outbound,1,
12,P1_thank_you,MSG0003347,thread_ending,1,later_messages=0
12,P1_thank_you,MSG0003347,accessed_and_completed,1,
12,P2_unread_cc,MSG0003397,message_exists,1,
12,P2_unread_cc,MSG0003397,is_cc,1,
12,P2_unread_cc,MSG0003397,no_access_event,1,accesses=0
12,P3_extended_thread,THR0003258,thread_exists,1,
12,P3_extended_thread,THR0003258,three_or_more_patient_incoming,1,incoming=3
12,P3_extended_thread,THR0003258,four_or_more_message_exchanges,1,in+out=7
12,P3_extended_thread,THR0003258,spans_at_least_3_days,1,span_days=11.45
12,P3_extended_thread,THR0003258,no_visit_between,1,intervening_visits=0
12,P2_unread_cc,MSG0003474,message_exists,1,
12,P2_unread_cc,MSG0003474,is_cc,1,
12,P2_unread_cc,MSG0003474,no_access_event,1,accesses=0
12,P2_unread_cc,MSG0003545,message_exists,1,
12,P2_unread_cc,MSG0003545,is_cc,1,
12,P2_unread_cc,MSG0003545,no_access_event,1,accesses=0
12,P2_unread_cc,MSG0003546,message_exists,1,
12,P2_unread_cc,MSG0003546,is_cc,1,
12,P2_unread_cc,MSG0003546,no_access_event,1,accesses=0
12,P4_result_misrouted,MSG0003597,message_exists,1,
12,P4_result_misrouted,MSG0003597,is_result,1,
12,P4_result_misrouted,MSG0003597,recipient_not_ordering,1,
12,P4_result_misrouted,MSG0003597,recipient_not_covering,1,cover=None
12,P4_result_misrouted,MSG0003607,message_exists,1,
12,P4_result_misrouted,MSG0003607,is_result,1,
12,P4_result_misrouted,MSG0003607,recipient_not_ordering,1,
12,P4_result_misrouted,MSG0003607,recipient_not_covering,1,cover=None
12,P2_unread_cc,MSG0003635,message_exists,1,
12,P2_unread_cc,MSG0003635,is_cc,1,
12,P2_unread_cc,MSG0003635,no_access_event,1,accesses=0
12,P4_result_misrouted,MSG0003751,message_exists,1,
12,P4_result_misrouted,MSG0003751,is_result,1,
12,P4_result_misrouted,MSG0003751,recipient_not_ordering,1,
12,P4_result_misrouted,MSG0003751,recipient_not_covering,1,cover=None
12,P4_result_misrouted,MSG0003780,message_exists,1,
12,P4_result_misrouted,MSG0003780,is_result,1,
12,P4_result_misrouted,MSG0003780,recipient_not_ordering,1,
12,P4_result_misrouted,MSG0003780,recipient_not_covering,1,cover=None
12,P2_unread_cc,MSG0003805,message_exists,1,
12,P2_unread_cc,MSG0003805,is_cc,1,
12,P2_unread_cc,MSG0003805,no_access_event,1,accesses=0
12,P2_unread_cc,MSG0003807,message_exists,1,
12,P2_unread_cc,MSG0003807,is_cc,1,
12,P2_unread_cc,MSG0003807,no_access_event,1,accesses=0
12,P8_nonclinical_misrouted,MSG0003846,message_exists,1,
12,P8_nonclinical_misrouted,MSG0003846,nonclinical_category,1,category=cancellation
12,P8_nonclinical_misrouted,MSG0003846,reaches_provider,1,provider_forwards=1
12,P4_result_misrouted,MSG0003853,message_exists,1,
12,P4_result_misrouted,MSG0003853,is_result,1,
12,P4_result_misrouted,MSG0003853,recipient_not_ordering,1,
12,P4_result_misrouted,MSG0003853,recipient_not_covering,1,cover=None
12,P2_unread_cc,MSG0003884,message_exists,1,
12,P2_unread_cc,MSG0003884,is_cc,1,
12,P2_unread_cc,MSG0003884,no_access_event,1,accesses=0
12,P2_unread_cc,MSG0003887,message_exists,1,
12,P2_unread_cc,MSG0003887,is_cc,1,
12,P2_unread_cc,MSG0003887,no_access_event,1,accesses=0
12,P2_unread_cc,MSG0003964,message_exists,1,
12,P2_unread_cc,MSG0003964,is_cc,1,
12,P2_unread_cc,MSG0003964,no_access_event,1,accesses=0
12,P2_unread_cc,MSG0003965,message_exists,1,
12,P2_unread_cc,MSG0003965,is_cc,1,
12,P2_unread_cc,MSG0003965,no_access_event,1,accesses=0
12,P2_unread_cc,MSG0003966,message_exists,1,
12,P2_unread_cc,MSG0003966,is_cc,1,
12,P2_unread_cc,MSG0003966,no_access_event,1,accesses=0
12,P7_pingpong,MSG0004004,message_exists,1,
12,P7_pingpong,MSG0004004,at_least_two_staff_to_provider_forwards,1,staff_to_provider=2
12,P7_pingpong,MSG0004004,at_least_two_provider_to_staff_forwards,1,provider_to_staff=2
12,P7_pingpong,MSG0004004,two_or_more_round_trips,1,roundtrips=2
12,P2_unread_cc,MSG0004044,message_exists,1,
12,P2_unread_cc,MSG0004044,is_cc,1,
12,P2_unread_cc,MSG0004044,no_access_event,1,accesses=0
12,P2_unread_cc,MSG0004045,message_exists,1,
12,P2_unread_cc,MSG0004045,is_cc,1,
12,P2_unread_cc,MSG0004045,no_access_event,1,accesses=0
12,P2_unread_cc,MSG0004047,message_exists,1,
12,P2_unread_cc,MSG0004047,is_cc,1,
12,P2_unread_cc,MSG0004047,no_access_event,1,accesses=0
12,P2_unread_cc,MSG0004131,message_exists,1,
12,P2_unread_cc,MSG0004131,is_cc,1,
12,P2_unread_cc,MSG0004131,no_access_event,1,accesses=0
12,P2_unread_cc,MSG0004133,message_exists,1,
12,P2_unread_cc,MSG0004133,is_cc,1,
12,P2_unread_cc,MSG0004133,no_access_event,1,accesses=0
12,P2_unread_cc,MSG0004134,message_exists,1,
12,P2_unread_cc,MSG0004134,is_cc,1,
12,P2_unread_cc,MSG0004134,no_access_event,1,accesses=0
12,P2_unread_cc,MSG0004136,message_exists,1,
12,P2_unread_cc,MSG0004136,is_cc,1,
12,P2_unread_cc,MSG0004136,no_access_event,1,accesses=0
12,P2_unread_cc,MSG0004138,message_exists,1,
12,P2_unread_cc,MSG0004138,is_cc,1,
12,P2_unread_cc,MSG0004138,no_access_event,1,accesses=0
12,P2_unread_cc,MSG0004139,message_exists,1,
12,P2_unread_cc,MSG0004139,is_cc,1,
12,P2_unread_cc,MSG0004139,no_access_event,1,accesses=0
12,P7_pingpong,MSG0004251,message_exists,1,
12,P7_pingpong,MSG0004251,at_least_two_staff_to_provider_forwards,1,staff_to_provider=2
12,P7_pingpong,MSG0004251,at_least_two_provider_to_staff_forwards,1,provider_to_staff=2
12,P7_pingpong,MSG0004251,two_or_more_round_trips,1,roundtrips=2
12,P8_nonclinical_misrouted,MSG0004255,message_exists,1,
12,P8_nonclinical_misrouted,MSG0004255,nonclinical_category,1,category=appointment_request
12,P8_nonclinical_misrouted,MSG0004255,reaches_provider,1,provider_forwards=1
12,P4_result_misrouted,MSG0004261,message_exists,1,
12,P4_result_misrouted,MSG0004261,is_result,1,
12,P4_result_misrouted,MSG0004261,recipient_not_ordering,1,
12,P4_result_misrouted,MSG0004261,recipient_not_covering,1,cover=None
12,P2_unread_cc,MSG0004289,message_exists,1,
12,P2_unread_cc,MSG0004289,is_cc,1,
12,P2_unread_cc,MSG0004289,no_access_event,1,accesses=0
12,P2_unread_cc,MSG0004290,message_exists,1,
12,P2_unread_cc,MSG0004290,is_cc,1,
12,P2_unread_cc,MSG0004290,no_access_event,1,accesses=0
12,P2_unread_cc,MSG0004292,message_exists,1,
12,P2_unread_cc,MSG0004292,is_cc,1,
12,P2_unread_cc,MSG0004292,no_access_event,1,accesses=0
12,P2_unread_cc,MSG0004294,message_exists,1,
12,P2_unread_cc,MSG0004294,is_cc,1,
12,P2_unread_cc,MSG0004294,no_access_event,1,accesses=0
12,P2_unread_cc,MSG0004297,message_exists,1,
12,P2_unread_cc,MSG0004297,is_cc,1,
12,P2_unread_cc,MSG0004297,no_access_event,1,accesses=0
12,P2_unread_cc,MSG0004298,message_exists,1,
12,P2_unread_cc,MSG0004298,is_cc,1,
12,P2_unread_cc,MSG0004298,no_access_event,1,accesses=0
12,P2_unread_cc,MSG0004299,message_exists,1,
12,P2_unread_cc,MSG0004299,is_cc,1,
12,P2_unread_cc,MSG0004299,no_access_event,1,accesses=0
12,P1_thank_you,MSG0004338,message_exists,1,
12,P1_thank_you,MSG0004338,patient_originated_portal_message,1,
12,P1_thank_you,MSG0004338,is_reply_to_prior_outbound,1,
12,P1_thank_you,MSG0004338,thread_ending,1,later_messages=0
12,P1_thank_you,MSG0004338,accessed_and_completed,1,
12,P4_result_misrouted,MSG0004356,message_exists,1,
12,P4_result_misrouted,MSG0004356,is_result,1,
12,P4_result_misrouted,MSG0004356,recipient_not_ordering,1,
12,P4_result_misrouted,MSG0004356,recipient_not_covering,1,cover=None
12,P2_unread_cc,MSG0004375,message_exists,1,
12,P2_unread_cc,MSG0004375,is_cc,1,
12,P2_unread_cc,MSG0004375,no_access_event,1,accesses=0
12,P2_unread_cc,MSG0004377,message_exists,1,
12,P2_unread_cc,MSG0004377,is_cc,1,
12,P2_unread_cc,MSG0004377,no_access_event,1,accesses=0
12,P2_unread_cc,MSG0004378,message_exists,1,
12,P2_unread_cc,MSG0004378,is_cc,1,
12,P2_unread_cc,MSG0004378,no_access_event,1,accesses=0
12,P8_nonclinical_misrouted,MSG0004410,message_exists,1,
12,P8_nonclinical_misrouted,MSG0004410,nonclinical_category,1,category=billing_question
12,P8_nonclinical_misrouted,MSG0004410,reaches_provider,1,provider_forwards=1
12,P2_unread_cc,MSG0004524,message_exists,1,
12,P2_unread_cc,MSG0004524,is_cc,1,
12,P2_unread_cc,MSG0004524,no_access_event,1,accesses=0
12,P2_unread_cc,MSG0004526,message_exists,1,
12,P2_unread_cc,MSG0004526,is_cc,1,
12,P2_unread_cc,MSG0004526,no_access_event,1,accesses=0
12,P2_unread_cc,MSG0004527,message_exists,1,
12,P2_unread_cc,MSG0004527,is_cc,1,
12,P2_unread_cc,MSG0004527,no_access_event,1,accesses=0
12,P2_unread_cc,MSG0004529,message_exists,1,
12,P2_unread_cc,MSG0004529,is_cc,1,
12,P2_unread_cc,MSG0004529,no_access_event,1,accesses=0
12,P2_unread_cc,MSG0004594,message_exists,1,
12,P2_unread_cc,MSG0004594,is_cc,1,
12,P2_unread_cc,MSG0004594,no_access_event,1,accesses=0
12,P2_unread_cc,MSG0004596,message_exists,1,
12,P2_unread_cc,MSG0004596,is_cc,1,
12,P2_unread_cc,MSG0004596,no_access_event,1,accesses=0
12,P2_unread_cc,MSG0004598,message_exists,1,
12,P2_unread_cc,MSG0004598,is_cc,1,
12,P2_unread_cc,MSG0004598,no_access_event,1,accesses=0
12,P4_result_misrouted,MSG0004655,message_exists,1,
12,P4_result_misrouted,MSG0004655,is_result,1,
12,P4_result_misrouted,MSG0004655,recipient_not_ordering,1,
12,P4_result_misrouted,MSG0004655,recipient_not_covering,1,cover=None
12,P2_unread_cc,MSG0004692,message_exists,1,
12,P2_unread_cc,MSG0004692,is_cc,1,
12,P2_unread_cc,MSG0004692,no_access_event,1,accesses=0
12,P8_nonclinical_misrouted,MSG0004731,message_exists,1,
12,P8_nonclinical_misrouted,MSG0004731,nonclinical_category,1,category=cancellation
12,P8_nonclinical_misrouted,MSG0004731,reaches_provider,1,provider_forwards=1
12,P2_unread_cc,MSG0004765,message_exists,1,
12,P2_unread_cc,MSG0004765,is_cc,1,
12,P2_unread_cc,MSG0004765,no_access_event,1,accesses=0
12,P2_unread_cc,MSG0004772,message_exists,1,
12,P2_unread_cc,MSG0004772,is_cc,1,
12,P2_unread_cc,MSG0004772,no_access_event,1,accesses=0
12,P2_unread_cc,MSG0004841,message_exists,1,
12,P2_unread_cc,MSG0004841,is_cc,1,
12,P2_unread_cc,MSG0004841,no_access_event,1,accesses=0
12,P2_unread_cc,MSG0004918,message_exists,1,
12,P2_unread_cc,MSG0004918,is_cc,1,
12,P2_unread_cc,MSG0004918,no_access_event,1,accesses=0
12,P2_unread_cc,MSG0004920,message_exists,1,
12,P2_unread_cc,MSG0004920,is_cc,1,
12,P2_unread_cc,MSG0004920,no_access_event,1,accesses=0
12,P2_unread_cc,MSG0004922,message_exists,1,
12,P2_unread_cc,MSG0004922,is_cc,1,
12,P2_unread_cc,MSG0004922,no_access_event,1,accesses=0
13,P4_result_misrouted,MSG0000025,message_exists,1,
13,P4_result_misrouted,MSG0000025,is_result,1,
13,P4_result_misrouted,MSG0000025,recipient_not_ordering,1,
13,P4_result_misrouted,MSG0000025,recipient_not_covering,1,cover=None
13,P2_unread_cc,MSG0000045,message_exists,1,
13,P2_unread_cc,MSG0000045,is_cc,1,
13,P2_unread_cc,MSG0000045,no_access_event,1,accesses=0
13,P2_unread_cc,MSG0000048,message_exists,1,
13,P2_unread_cc,MSG0000048,is_cc,1,
13,P2_unread_cc,MSG0000048,no_access_event,1,accesses=0
13,P1_thank_you,MSG0000083,message_exists,1,
13,P1_thank_you,MSG0000083,patient_originated_portal_message,1,
13,P1_thank_you,MSG0000083,is_reply_to_prior_outbound,1,
13,P1_thank_you,MSG0000083,thread_ending,1,later_messages=0
13,P1_thank_you,MSG0000083,accessed_and_completed,1,
13,P2_unread_cc,MSG0000117,message_exists,1,
13,P2_unread_cc,MSG0000117,is_cc,1,
13,P2_unread_cc,MSG0000117,no_access_event,1,accesses=0
13,P2_unread_cc,MSG0000120,message_exists,1,
13,P2_unread_cc,MSG0000120,is_cc,1,
13,P2_unread_cc,MSG0000120,no_access_event,1,accesses=0
13,P4_result_misrouted,MSG0000181,message_exists,1,
13,P4_result_misrouted,MSG0000181,is_result,1,
13,P4_result_misrouted,MSG0000181,recipient_not_ordering,1,
13,P4_result_misrouted,MSG0000181,recipient_not_covering,1,cover=None
13,P2_unread_cc,MSG0000195,message_exists,1,
13,P2_unread_cc,MSG0000195,is_cc,1,
13,P2_unread_cc,MSG0000195,no_access_event,1,accesses=0
13,P2_unread_cc,MSG0000196,message_exists,1,
13,P2_unread_cc,MSG0000196,is_cc,1,
13,P2_unread_cc,MSG0000196,no_access_event,1,accesses=0
13,P2_unread_cc,MSG0000197,message_exists,1,
13,P2_unread_cc,MSG0000197,is_cc,1,
13,P2_unread_cc,MSG0000197,no_access_event,1,accesses=0
13,P2_unread_cc,MSG0000200,message_exists,1,
13,P2_unread_cc,MSG0000200,is_cc,1,
13,P2_unread_cc,MSG0000200,no_access_event,1,accesses=0
13,P2_unread_cc,MSG0000207,message_exists,1,
13,P2_unread_cc,MSG0000207,is_cc,1,
13,P2_unread_cc,MSG0000207,no_access_event,1,accesses=0
13,P2_unread_cc,MSG0000284,message_exists,1,
13,P2_unread_cc,MSG0000284,is_cc,1,
13,P2_unread_cc,MSG0000284,no_access_event,1,accesses=0
13,P1_thank_you,MSG0000325,message_exists,1,
13,P1_thank_you,MSG0000325,patient_originated_portal_message,1,
13,P1_thank_you,MSG0000325,is_reply_to_prior_outbound,1,
13,P1_thank_you,MSG0000325,thread_ending,1,later_messages=0
13,P1_thank_you,MSG0000325,accessed_and_completed,1,
13,P4_result_misrouted,MSG0000338,message_exists,1,
13,P4_result_misrouted,MSG0000338,is_result,1,
13,P4_result_misrouted,MSG0000338,recipient_not_ordering,1,
13,P4_result_misrouted,MSG0000338,recipient_not_covering,1,cover=None
13,P2_unread_cc,MSG0000373,message_exists,1,
13,P2_unread_cc,MSG0000373,is_cc,1,
13,P2_unread_cc,MSG0000373,no_access_event,1,accesses=0
13,P2_unread_cc,MSG0000374,message_exists,1,
13,P2_unread_cc,MSG0000374,is_cc,1,
13,P2_unread_cc,MSG0000374,no_access_event,1,accesses=0
13,P2_unread_cc,MSG0000375,message_exists,1,
13,P2_unread_cc,MSG0000375,is_cc,1,
13,P2_unread_cc,MSG0000375,no_access_event,1,accesses=0
13,P4_result_misrouted,MSG0000426,message_exists,1,
13,P4_result_misrouted,MSG0000426,is_result,1,
13,P4_result_misrouted,MSG0000426,recipient_not_ordering,1,
13,P4_result_misrouted,MSG0000426,recipient_not_covering,1,cover=None
13,P2_unread_cc,MSG0000441,message_exists,1,
13,P2_unread_cc,MSG0000441,is_cc,1,
13,P2_unread_cc,MSG0000441,no_access_event,1,accesses=0
13,P3_extended_thread,THR0000519,thread_exists,1,
13,P3_extended_thread,THR0000519,three_or_more_patient_incoming,1,incoming=3
13,P3_extended_thread,THR0000519,four_or_more_message_exchanges,1,in+out=6
13,P3_extended_thread,THR0000519,spans_at_least_3_days,1,span_days=11.60
13,P3_extended_thread,THR0000519,no_visit_between,1,intervening_visits=0
13,P4_result_misrouted,MSG0000568,message_exists,1,
13,P4_result_misrouted,MSG0000568,is_result,1,
13,P4_result_misrouted,MSG0000568,recipient_not_ordering,1,
13,P4_result_misrouted,MSG0000568,recipient_not_covering,1,cover=None
13,P2_unread_cc,MSG0000600,message_exists,1,
13,P2_unread_cc,MSG0000600,is_cc,1,
13,P2_unread_cc,MSG0000600,no_access_event,1,accesses=0
13,P2_unread_cc,MSG0000601,message_exists,1,
13,P2_unread_cc,MSG0000601,is_cc,1,
13,P2_unread_cc,MSG0000601,no_access_event,1,accesses=0
13,P2_unread_cc,MSG0000604,message_exists,1,
13,P2_unread_cc,MSG0000604,is_cc,1,
13,P2_unread_cc,MSG0000604,no_access_event,1,accesses=0
13,P8_nonclinical_misrouted,MSG0000639,message_exists,1,
13,P8_nonclinical_misrouted,MSG0000639,nonclinical_category,1,category=appointment_request
13,P8_nonclinical_misrouted,MSG0000639,reaches_provider,1,provider_forwards=1
13,P2_unread_cc,MSG0000671,message_exists,1,
13,P2_unread_cc,MSG0000671,is_cc,1,
13,P2_unread_cc,MSG0000671,no_access_event,1,accesses=0
13,P2_unread_cc,MSG0000673,message_exists,1,
13,P2_unread_cc,MSG0000673,is_cc,1,
13,P2_unread_cc,MSG0000673,no_access_event,1,accesses=0
13,P2_unread_cc,MSG0000675,message_exists,1,
13,P2_unread_cc,MSG0000675,is_cc,1,
13,P2_unread_cc,MSG0000675,no_access_event,1,accesses=0
13,P2_unread_cc,MSG0000677,message_exists,1,
13,P2_unread_cc,MSG0000677,is_cc,1,
13,P2_unread_cc,MSG0000677,no_access_event,1,accesses=0
13,P2_unread_cc,MSG0000757,message_exists,1,
13,P2_unread_cc,MSG0000757,is_cc,1,
13,P2_unread_cc,MSG0000757,no_access_event,1,accesses=0
13,P7_pingpong,MSG0000792,message_exists,1,
13,P7_pingpong,MSG0000792,at_least_two_staff_to_provider_forwards,1,staff_to_provider=2
13,P7_pingpong,MSG0000792,at_least_two_provider_to_staff_forwards,1,provider_to_staff=2
13,P7_pingpong,MSG0000792,two_or_more_round_trips,1,roundtrips=2
13,P2_unread_cc,MSG0000823,message_exists,1,
13,P2_unread_cc,MSG0000823,is_cc,1,
13,P2_unread_cc,MSG0000823,no_access_event,1,accesses=0
13,P2_unread_cc,MSG0000825,message_exists,1,
13,P2_unread_cc,MSG0000825,is_cc,1,
13,P2_unread_cc,MSG0000825,no_access_event,1,accesses=0
13,P1_thank_you,MSG0000863,message_exists,1,
13,P1_thank_you,MSG0000863,patient_originated_portal_message,1,
13,P1_thank_you,MSG0000863,is_reply_to_prior_outbound,1,
13,P1_thank_you,MSG0000863,thread_ending,1,later_messages=0
13,P1_thank_you,MSG0000863,accessed_and_completed,1,
13,P7_pingpong,MSG0000870,message_exists,1,
13,P7_pingpong,MSG0000870,at_least_two_staff_to_provider_forwards,1,staff_to_provider=2
13,P7_pingpong,MSG0000870,at_least_two_provider_to_staff_forwards,1,provider_to_staff=2
13,P7_pingpong,MSG0000870,two_or_more_round_trips,1,roundtrips=2
13,P2_unread_cc,MSG0000901,message_exists,1,
13,P2_unread_cc,MSG0000901,is_cc,1,
13,P2_unread_cc,MSG0000901,no_access_event,1,accesses=0
13,P2_unread_cc,MSG0000904,message_exists,1,
13,P2_unread_cc,MSG0000904,is_cc,1,
13,P2_unread_cc,MSG0000904,no_access_event,1,accesses=0
13,P2_unread_cc,MSG0000907,message_exists,1,
13,P2_unread_cc,MSG0000907,is_cc,1,
13,P2_unread_cc,MSG0000907,no_access_event,1,accesses=0
13,P2_unread_cc,MSG0000908,message_exists,1,
13,P2_unread_cc,MSG0000908,is_cc,1,
13,P2_unread_cc,MSG0000908,no_access_event,1,accesses=0
13,P2_unread_cc,MSG0000981,message_exists,1,
13,P2_unread_cc,MSG0000981,is_cc,1,
13,P2_unread_cc,MSG0000981,no_access_event,1,accesses=0
13,P7_pingpong,MSG0001019,message_exists,1,
13,P7_pingpong,MSG0001019,at_least_two_staff_to_provider_forwards,1,staff_to_provider=2
13,P7_pingpong,MSG0001019,at_least_two_provider_to_staff_forwards,1,provider_to_staff=2
13,P7_pingpong,MSG0001019,two_or_more_round_trips,1,roundtrips=2
13,P2_unread_cc,MSG0001069,message_exists,1,
13,P2_unread_cc,MSG0001069,is_cc,1,
13,P2_unread_cc,MSG0001069,no_access_event,1,accesses=0
13,P2_unread_cc,MSG0001127,message_exists,1,
13,P2_unread_cc,MSG0001127,is_cc,1,
13,P2_unread_cc,MSG0001127,no_access_event,1,accesses=0
13,P7_pingpong,MSG0001212,message_exists,1,
13,P7_pingpong,MSG0001212,at_least_two_staff_to_provider_forwards,1,staff_to_provider=2
13,P7_pingpong,MSG0001212,at_least_two_provider_to_staff_forwards,1,provider_to_staff=2
13,P7_pingpong,MSG0001212,two_or_more_round_trips,1,roundtrips=2
13,P4_result_misrouted,MSG0001267,message_exists,1,
13,P4_result_misrouted,MSG0001267,is_result,1,
13,P4_result_misrouted,MSG0001267,recipient_not_ordering,1,
13,P4_result_misrouted,MSG0001267,recipient_not_covering,1,cover=None
13,P2_unread_cc,MSG0001277,message_exists,1,
13,P2_unread_cc,MSG0001277,is_cc,1,
13,P2_unread_cc,MSG0001277,no_access_event,1,accesses=0
13,P2_unread_cc,MSG0001278,message_exists,1,
13,P2_unread_cc,MSG0001278,is_cc,1,
13,P2_unread_cc,MSG0001278,no_access_event,1,accesses=0
13,P2_unread_cc,MSG0001282,message_exists,1,
13,P2_unread_cc,MSG0001282,is_cc,1,
13,P2_unread_cc,MSG0001282,no_access_event,1,accesses=0
13,P2_unread_cc,MSG0001290,message_exists,1,
13,P2_unread_cc,MSG0001290,is_cc,1,
13,P2_unread_cc,MSG0001290,no_access_event,1,accesses=0
13,P4_result_misrouted,MSG0001341,message_exists,1,
13,P4_result_misrouted,MSG0001341,is_result,1,
13,P4_result_misrouted,MSG0001341,recipient_not_ordering,1,
13,P4_result_misrouted,MSG0001341,recipient_not_covering,1,cover=None
13,P2_unread_cc,MSG0001359,message_exists,1,
13,P2_unread_cc,MSG0001359,is_cc,1,
13,P2_unread_cc,MSG0001359,no_access_event,1,accesses=0
13,P2_unread_cc,MSG0001366,message_exists,1,
13,P2_unread_cc,MSG0001366,is_cc,1,
13,P2_unread_cc,MSG0001366,no_access_event,1,accesses=0
13,P4_result_misrouted,MSG0001417,message_exists,1,
13,P4_result_misrouted,MSG0001417,is_result,1,
13,P4_result_misrouted,MSG0001417,recipient_not_ordering,1,
13,P4_result_misrouted,MSG0001417,recipient_not_covering,1,cover=None
13,P2_unread_cc,MSG0001452,message_exists,1,
13,P2_unread_cc,MSG0001452,is_cc,1,
13,P2_unread_cc,MSG0001452,no_access_event,1,accesses=0
13,P2_unread_cc,MSG0001458,message_exists,1,
13,P2_unread_cc,MSG0001458,is_cc,1,
13,P2_unread_cc,MSG0001458,no_access_event,1,accesses=0
13,P2_unread_cc,MSG0001525,message_exists,1,
13,P2_unread_cc,MSG0001525,is_cc,1,
13,P2_unread_cc,MSG0001525,no_access_event,1,accesses=0
13,P2_unread_cc,MSG0001526,message_exists,1,
13,P2_unread_cc,MSG0001526,is_cc,1,
13,P2_unread_cc,MSG0001526,no_access_event,1,accesses=0
13,P1_thank_you,MSG0001561,message_exists,1,
13,P1_thank_you,MSG0001561,patient_originated_portal_message,1,
13,P1_thank_you,MSG0001561,is_reply_to_prior_outbound,1,
13,P1_thank_you,MSG0001561,thread_ending,1,later_messages=0
13,P1_thank_you,MSG0001561,accessed_and_completed,1,
13,P8_nonclinical_misrouted,MSG0001574,message_exists,1,
13,P8_nonclinical_misrouted,MSG0001574,nonclinical_category,1,category=appointment_request
13,P8_nonclinical_misrouted,MSG0001574,reaches_provider,1,provider_forwards=1
13,P2_unread_cc,MSG0001604,message_exists,1,
13,P2_unread_cc,MSG0001604,is_cc,1,
13,P2_unread_cc,MSG0001604,no_access_event,1,accesses=0
13,P2_unread_cc,MSG0001608,message_exists,1,
13,P2_unread_cc,MSG0001608,is_cc,1,
13,P2_unread_cc,MSG0001608,no_access_event,1,accesses=0
13,P7_pingpong,MSG0001635,message_exists,1,
13,P7_pingpong,MSG0001635,at_least_two_staff_to_provider_forwards,1,staff_to_provider=2
13,P7_pingpong,MSG0001635,at_least_two_provider_to_staff_forwards,1,provider_to_staff=2
13,P7_pingpong,MSG0001635,two_or_more_round_trips,1,roundtrips=2
13,P4_result_misrouted,MSG0001638,message_exists,1,
13,P4_result_misrouted,MSG0001638,is_result,1,
13,P4_result_misrouted,MSG0001638,recipient_not_ordering,1,
13,P4_result_misrouted,MSG0001638,recipient_not_covering,1,cover=None
13,P2_unread_cc,MSG0001668,message_exists,1,
13,P2_unread_cc,MSG0001668,is_cc,1,
13,P2_unread_cc,MSG0001668,no_access_event,1,accesses=0
13,P2_unread_cc,MSG0001669,message_exists,1,
13,P2_unread_cc,MSG0001669,is_cc,1,
13,P2_unread_cc,MSG0001669,no_access_event,1,accesses=0
13,P4_result_misrouted,MSG0001719,message_exists,1,
13,P4_result_misrouted,MSG0001719,is_result,1,
13,P4_result_misrouted,MSG0001719,recipient_not_ordering,1,
13,P4_result_misrouted,MSG0001719,recipient_not_covering,1,cover=None
13,P1_thank_you,MSG0001782,message_exists,1,
13,P1_thank_you,MSG0001782,patient_originated_portal_message,1,
13,P1_thank_you,MSG0001782,is_reply_to_prior_outbound,1,
13,P1_thank_you,MSG0001782,thread_ending,1,later_messages=0
13,P1_thank_you,MSG0001782,accessed_and_completed,1,
13,P2_unread_cc,MSG0001819,message_exists,1,
13,P2_unread_cc,MSG0001819,is_cc,1,
13,P2_unread_cc,MSG0001819,no_access_event,1,accesses=0
13,P4_result_misrouted,MSG0001877,message_exists,1,
13,P4_result_misrouted,MSG0001877,is_result,1,
13,P4_result_misrouted,MSG0001877,recipient_not_ordering,1,
13,P4_result_misrouted,MSG0001877,recipient_not_covering,1,cover=None
13,P2_unread_cc,MSG0001898,message_exists,1,
13,P2_unread_cc,MSG0001898,is_cc,1,
13,P2_unread_cc,MSG0001898,no_access_event,1,accesses=0
13,P2_unread_cc,MSG0001900,message_exists,1,
13,P2_unread_cc,MSG0001900,is_cc,1,
13,P2_unread_cc,MSG0001900,no_access_event,1,accesses=0
13,P2_unread_cc,MSG0001902,message_exists,1,
13,P2_unread_cc,MSG0001902,is_cc,1,
13,P2_unread_cc,MSG0001902,no_access_event,1,accesses=0
13,P2_unread_cc,MSG0001908,message_exists,1,
13,P2_unread_cc,MSG0001908,is_cc,1,
13,P2_unread_cc,MSG0001908,no_access_event,1,accesses=0
13,P1_thank_you,MSG0001938,message_exists,1,
13,P1_thank_you,MSG0001938,patient_originated_portal_message,1,
13,P1_thank_you,MSG0001938,is_reply_to_prior_outbound,1,
13,P1_thank_you,MSG0001938,thread_ending,1,later_messages=0
13,P1_thank_you,MSG0001938,accessed_and_completed,1,
13,P2_unread_cc,MSG0001972,message_exists,1,
13,P2_unread_cc,MSG0001972,is_cc,1,
13,P2_unread_cc,MSG0001972,no_access_event,1,accesses=0
13,P2_unread_cc,MSG0001975,message_exists,1,
13,P2_unread_cc,MSG0001975,is_cc,1,
13,P2_unread_cc,MSG0001975,no_access_event,1,accesses=0
13,P2_unread_cc,MSG0001979,message_exists,1,
13,P2_unread_cc,MSG0001979,is_cc,1,
13,P2_unread_cc,MSG0001979,no_access_event,1,accesses=0
13,P2_unread_cc,MSG0002047,message_exists,1,
13,P2_unread_cc,MSG0002047,is_cc,1,
13,P2_unread_cc,MSG0002047,no_access_event,1,accesses=0
13,P2_unread_cc,MSG0002050,message_exists,1,
13,P2_unread_cc,MSG0002050,is_cc,1,
13,P2_unread_cc,MSG0002050,no_access_event,1,accesses=0
13,P2_unread_cc,MSG0002053,message_exists,1,
13,P2_unread_cc,MSG0002053,is_cc,1,
13,P2_unread_cc,MSG0002053,no_access_event,1,accesses=0
13,P2_unread_cc,MSG0002054,message_exists,1,
13,P2_unread_cc,MSG0002054,is_cc,1,
13,P2_unread_cc,MSG0002054,no_access_event,1,accesses=0
13,P2_unread_cc,MSG0002056,message_exists,1,
13,P2_unread_cc,MSG0002056,is_cc,1,
13,P2_unread_cc,MSG0002056,no_access_event,1,accesses=0
13,P2_unread_cc,MSG0002057,message_exists,1,
13,P2_unread_cc,MSG0002057,is_cc,1,
13,P2_unread_cc,MSG0002057,no_access_event,1,accesses=0
13,P1_thank_you,MSG0002093,message_exists,1,
13,P1_thank_you,MSG0002093,patient_originated_portal_message,1,
13,P1_thank_you,MSG0002093,is_reply_to_prior_outbound,1,
13,P1_thank_you,MSG0002093,thread_ending,1,later_messages=0
13,P1_thank_you,MSG0002093,accessed_and_completed,1,
13,P8_nonclinical_misrouted,MSG0002095,message_exists,1,
13,P8_nonclinical_misrouted,MSG0002095,nonclinical_category,1,category=cancellation
13,P8_nonclinical_misrouted,MSG0002095,reaches_provider,1,provider_forwards=1
13,P4_result_misrouted,MSG0002120,message_exists,1,
13,P4_result_misrouted,MSG0002120,is_result,1,
13,P4_result_misrouted,MSG0002120,recipient_not_ordering,1,
13,P4_result_misrouted,MSG0002120,recipient_not_covering,1,cover=None
13,P2_unread_cc,MSG0002136,message_exists,1,
13,P2_unread_cc,MSG0002136,is_cc,1,
13,P2_unread_cc,MSG0002136,no_access_event,1,accesses=0
13,P4_result_misrouted,MSG0002194,message_exists,1,
13,P4_result_misrouted,MSG0002194,is_result,1,
13,P4_result_misrouted,MSG0002194,recipient_not_ordering,1,
13,P4_result_misrouted,MSG0002194,recipient_not_covering,1,cover=None
13,P2_unread_cc,MSG0002216,message_exists,1,
13,P2_unread_cc,MSG0002216,is_cc,1,
13,P2_unread_cc,MSG0002216,no_access_event,1,accesses=0
13,P2_unread_cc,MSG0002219,message_exists,1,
13,P2_unread_cc,MSG0002219,is_cc,1,
13,P2_unread_cc,MSG0002219,no_access_event,1,accesses=0
13,P4_result_misrouted,MSG0002264,message_exists,1,
13,P4_result_misrouted,MSG0002264,is_result,1,
13,P4_result_misrouted,MSG0002264,recipient_not_ordering,1,
13,P4_result_misrouted,MSG0002264,recipient_not_covering,1,cover=None
13,P2_unread_cc,MSG0002292,message_exists,1,
13,P2_unread_cc,MSG0002292,is_cc,1,
13,P2_unread_cc,MSG0002292,no_access_event,1,accesses=0
13,P2_unread_cc,MSG0002377,message_exists,1,
13,P2_unread_cc,MSG0002377,is_cc,1,
13,P2_unread_cc,MSG0002377,no_access_event,1,accesses=0
13,P2_unread_cc,MSG0002379,message_exists,1,
13,P2_unread_cc,MSG0002379,is_cc,1,
13,P2_unread_cc,MSG0002379,no_access_event,1,accesses=0
13,P2_unread_cc,MSG0002383,message_exists,1,
13,P2_unread_cc,MSG0002383,is_cc,1,
13,P2_unread_cc,MSG0002383,no_access_event,1,accesses=0
13,P7_pingpong,MSG0002512,message_exists,1,
13,P7_pingpong,MSG0002512,at_least_two_staff_to_provider_forwards,1,staff_to_provider=2
13,P7_pingpong,MSG0002512,at_least_two_provider_to_staff_forwards,1,provider_to_staff=2
13,P7_pingpong,MSG0002512,two_or_more_round_trips,1,roundtrips=2
13,P2_unread_cc,MSG0002552,message_exists,1,
13,P2_unread_cc,MSG0002552,is_cc,1,
13,P2_unread_cc,MSG0002552,no_access_event,1,accesses=0
13,P2_unread_cc,MSG0002553,message_exists,1,
13,P2_unread_cc,MSG0002553,is_cc,1,
13,P2_unread_cc,MSG0002553,no_access_event,1,accesses=0
13,P2_unread_cc,MSG0002555,message_exists,1,
13,P2_unread_cc,MSG0002555,is_cc,1,
13,P2_unread_cc,MSG0002555,no_access_event,1,accesses=0
13,P2_unread_cc,MSG0002557,message_exists,1,
13,P2_unread_cc,MSG0002557,is_cc,1,
13,P2_unread_cc,MSG0002557,no_access_event,1,accesses=0
13,P2_unread_cc,MSG0002631,message_exists,1,
13,P2_unread_cc,MSG0002631,is_cc,1,
13,P2_unread_cc,MSG0002631,no_access_event,1,accesses=0
13,P2_unread_cc,MSG0002632,message_exists,1,
13,P2_unread_cc,MSG0002632,is_cc,1,
13,P2_unread_cc,MSG0002632,no_access_event,1,accesses=0
13,P2_unread_cc,MSG0002634,message_exists,1,
13,P2_unread_cc,MSG0002634,is_cc,1,
13,P2_unread_cc,MSG0002634,no_access_event,1,accesses=0
13,P2_unread_cc,MSG0002639,message_exists,1,
13,P2_unread_cc,MSG0002639,is_cc,1,
13,P2_unread_cc,MSG0002639,no_access_event,1,accesses=0
13,P2_unread_cc,MSG0002647,message_exists,1,
13,P2_unread_cc,MSG0002647,is_cc,1,
13,P2_unread_cc,MSG0002647,no_access_event,1,accesses=0
13,P4_result_misrouted,MSG0002692,message_exists,1,
13,P4_result_misrouted,MSG0002692,is_result,1,
13,P4_result_misrouted,MSG0002692,recipient_not_ordering,1,
13,P4_result_misrouted,MSG0002692,recipient_not_covering,1,cover=None
13,P2_unread_cc,MSG0002716,message_exists,1,
13,P2_unread_cc,MSG0002716,is_cc,1,
13,P2_unread_cc,MSG0002716,no_access_event,1,accesses=0
13,P2_unread_cc,MSG0002719,message_exists,1,
13,P2_unread_cc,MSG0002719,is_cc,1,
13,P2_unread_cc,MSG0002719,no_access_event,1,accesses=0
13,P2_unread_cc,MSG0002787,message_exists,1,
13,P2_unread_cc,MSG0002787,is_cc,1,
13,P2_unread_cc,MSG0002787,no_access_event,1,accesses=0
13,P2_unread_cc,MSG0002788,message_exists,1,
13,P2_unread_cc,MSG0002788,is_cc,1,
13,P2_unread_cc,MSG0002788,no_access_event,1,accesses=0
13,P1_thank_you,MSG0002828,message_exists,1,
13,P1_thank_you,MSG0002828,patient_originated_portal_message,1,
13,P1_thank_you,MSG0002828,is_reply_to_prior_outbound,1,
13,P1_thank_you,MSG0002828,thread_ending,1,later_messages=0
13,P1_thank_you,MSG0002828,accessed_and_completed,1,
13,P7_pingpong,MSG0002836,message_exists,1,
13,P7_pingpong,MSG0002836,at_least_two_staff_to_provider_forwards,1,staff_to_provider=2
13,P7_pingpong,MSG0002836,at_least_two_provider_to_staff_forwards,1,provider_to_staff=2
13,P7_pingpong,MSG0002836,two_or_more_round_trips,1,roundtrips=2
13,P2_unread_cc,MSG0002882,message_exists,1,
13,P2_unread_cc,MSG0002882,is_cc,1,
13,P2_unread_cc,MSG0002882,no_access_event,1,accesses=0
13,P2_unread_cc,MSG0002884,message_exists,1,
13,P2_unread_cc,MSG0002884,is_cc,1,
13,P2_unread_cc,MSG0002884,no_access_event,1,accesses=0
13,P2_unread_cc,MSG0002885,message_exists,1,
13,P2_unread_cc,MSG0002885,is_cc,1,
13,P2_unread_cc,MSG0002885,no_access_event,1,accesses=0
13,P2_unread_cc,MSG0002889,message_exists,1,
13,P2_unread_cc,MSG0002889,is_cc,1,
13,P2_unread_cc,MSG0002889,no_access_event,1,accesses=0
13,P3_extended_thread,THR0002775,thread_exists,1,
13,P3_extended_thread,THR0002775,three_or_more_patient_incoming,1,incoming=3
13,P3_extended_thread,THR0002775,four_or_more_message_exchanges,1,in+out=6
13,P3_extended_thread,THR0002775,spans_at_least_3_days,1,span_days=5.74
13,P3_extended_thread,THR0002775,no_visit_between,1,intervening_visits=0
13,P2_unread_cc,MSG0002978,message_exists,1,
13,P2_unread_cc,MSG0002978,is_cc,1,
13,P2_unread_cc,MSG0002978,no_access_event,1,accesses=0
13,P2_unread_cc,MSG0002979,message_exists,1,
13,P2_unread_cc,MSG0002979,is_cc,1,
13,P2_unread_cc,MSG0002979,no_access_event,1,accesses=0
13,P2_unread_cc,MSG0003078,message_exists,1,
13,P2_unread_cc,MSG0003078,is_cc,1,
13,P2_unread_cc,MSG0003078,no_access_event,1,accesses=0
13,P2_unread_cc,MSG0003081,message_exists,1,
13,P2_unread_cc,MSG0003081,is_cc,1,
13,P2_unread_cc,MSG0003081,no_access_event,1,accesses=0
13,P3_extended_thread,THR0002938,thread_exists,1,
13,P3_extended_thread,THR0002938,three_or_more_patient_incoming,1,incoming=3
13,P3_extended_thread,THR0002938,four_or_more_message_exchanges,1,in+out=6
13,P3_extended_thread,THR0002938,spans_at_least_3_days,1,span_days=5.03
13,P3_extended_thread,THR0002938,no_visit_between,1,intervening_visits=0
13,P2_unread_cc,MSG0003150,message_exists,1,
13,P2_unread_cc,MSG0003150,is_cc,1,
13,P2_unread_cc,MSG0003150,no_access_event,1,accesses=0
13,P2_unread_cc,MSG0003152,message_exists,1,
13,P2_unread_cc,MSG0003152,is_cc,1,
13,P2_unread_cc,MSG0003152,no_access_event,1,accesses=0
13,P2_unread_cc,MSG0003159,message_exists,1,
13,P2_unread_cc,MSG0003159,is_cc,1,
13,P2_unread_cc,MSG0003159,no_access_event,1,accesses=0
13,P2_unread_cc,MSG0003161,message_exists,1,
13,P2_unread_cc,MSG0003161,is_cc,1,
13,P2_unread_cc,MSG0003161,no_access_event,1,accesses=0
13,P2_unread_cc,MSG0003224,message_exists,1,
13,P2_unread_cc,MSG0003224,is_cc,1,
13,P2_unread_cc,MSG0003224,no_access_event,1,accesses=0
13,P2_unread_cc,MSG0003227,message_exists,1,
13,P2_unread_cc,MSG0003227,is_cc,1,
13,P2_unread_cc,MSG0003227,no_access_event,1,accesses=0
13,P4_result_misrouted,MSG0003259,message_exists,1,
13,P4_result_misrouted,MSG0003259,is_result,1,
13,P4_result_misrouted,MSG0003259,recipient_not_ordering,1,
13,P4_result_misrouted,MSG0003259,recipient_not_covering,1,cover=None
13,P4_result_misrouted,MSG0003272,message_exists,1,
13,P4_result_misrouted,MSG0003272,is_result,1,
13,P4_result_misrouted,MSG0003272,recipient_not_ordering,1,
13,P4_result_misrouted,MSG0003272,recipient_not_covering,1,cover=None
13,P2_unread_cc,MSG0003295,message_exists,1,
13,P2_unread_cc,MSG0003295,is_cc,1,
13,P2_unread_cc,MSG0003295,no_access_event,1,accesses=0
13,P2_unread_cc,MSG0003298,message_exists,1,
13,P2_unread_cc,MSG0003298,is_cc,1,
13,P2_unread_cc,MSG0003298,no_access_event,1,accesses=0
13,P1_thank_you,MSG0003340,message_exists,1,
13,P1_thank_you,MSG0003340,patient_originated_portal_message,1,
13,P1_thank_you,MSG0003340,is_reply_to_prior_outbound,1,
13,P1_thank_you,MSG0003340,thread_ending,1,later_messages=0
13,P1_thank_you,MSG0003340,accessed_and_completed,1,
13,P2_unread_cc,MSG0003382,message_exists,1,
13,P2_unread_cc,MSG0003382,is_cc,1,
13,P2_unread_cc,MSG0003382,no_access_event,1,accesses=0
13,P2_unread_cc,MSG0003384,message_exists,1,
13,P2_unread_cc,MSG0003384,is_cc,1,
13,P2_unread_cc,MSG0003384,no_access_event,1,accesses=0
13,P2_unread_cc,MSG0003385,message_exists,1,
13,P2_unread_cc,MSG0003385,is_cc,1,
13,P2_unread_cc,MSG0003385,no_access_event,1,accesses=0
13,P2_unread_cc,MSG0003386,message_exists,1,
13,P2_unread_cc,MSG0003386,is_cc,1,
13,P2_unread_cc,MSG0003386,no_access_event,1,accesses=0
13,P2_unread_cc,MSG0003389,message_exists,1,
13,P2_unread_cc,MSG0003389,is_cc,1,
13,P2_unread_cc,MSG0003389,no_access_event,1,accesses=0
13,P2_unread_cc,MSG0003461,message_exists,1,
13,P2_unread_cc,MSG0003461,is_cc,1,
13,P2_unread_cc,MSG0003461,no_access_event,1,accesses=0
13,P2_unread_cc,MSG0003466,message_exists,1,
13,P2_unread_cc,MSG0003466,is_cc,1,
13,P2_unread_cc,MSG0003466,no_access_event,1,accesses=0
13,P2_unread_cc,MSG0003468,message_exists,1,
13,P2_unread_cc,MSG0003468,is_cc,1,
13,P2_unread_cc,MSG0003468,no_access_event,1,accesses=0
13,P2_unread_cc,MSG0003471,message_exists,1,
13,P2_unread_cc,MSG0003471,is_cc,1,
13,P2_unread_cc,MSG0003471,no_access_event,1,accesses=0
13,P2_unread_cc,MSG0003472,message_exists,1,
13,P2_unread_cc,MSG0003472,is_cc,1,
13,P2_unread_cc,MSG0003472,no_access_event,1,accesses=0
13,P2_unread_cc,MSG0003547,message_exists,1,
13,P2_unread_cc,MSG0003547,is_cc,1,
13,P2_unread_cc,MSG0003547,no_access_event,1,accesses=0
13,P2_unread_cc,MSG0003549,message_exists,1,
13,P2_unread_cc,MSG0003549,is_cc,1,
13,P2_unread_cc,MSG0003549,no_access_event,1,accesses=0
13,P2_unread_cc,MSG0003552,message_exists,1,
13,P2_unread_cc,MSG0003552,is_cc,1,
13,P2_unread_cc,MSG0003552,no_access_event,1,accesses=0
13,P2_unread_cc,MSG0003553,message_exists,1,
13,P2_unread_cc,MSG0003553,is_cc,1,
13,P2_unread_cc,MSG0003553,no_access_event,1,accesses=0
13,P2_unread_cc,MSG0003558,message_exists,1,
13,P2_unread_cc,MSG0003558,is_cc,1,
13,P2_unread_cc,MSG0003558,no_access_event,1,accesses=0
13,P7_pingpong,MSG0003596,message_exists,1,
13,P7_pingpong,MSG0003596,at_least_two_staff_to_provider_forwards,1,staff_to_provider=2
13,P7_pingpong,MSG0003596,at_least_two_provider_to_staff_forwards,1,provider_to_staff=2
13,P7_pingpong,MSG0003596,two_or_more_round_trips,1,roundtrips=2
13,P8_nonclinical_misrouted,MSG0003600,message_exists,1,
13,P8_nonclinical_misrouted,MSG0003600,nonclinical_category,1,category=appointment_request
13,P8_nonclinical_misrouted,MSG0003600,reaches_provider,1,provider_forwards=1
13,P2_unread_cc,MSG0003623,message_exists,1,
13,P2_unread_cc,MSG0003623,is_cc,1,
13,P2_unread_cc,MSG0003623,no_access_event,1,accesses=0
13,P2_unread_cc,MSG0003624,message_exists,1,
13,P2_unread_cc,MSG0003624,is_cc,1,
13,P2_unread_cc,MSG0003624,no_access_event,1,accesses=0
13,P1_thank_you,MSG0003658,message_exists,1,
13,P1_thank_you,MSG0003658,patient_originated_portal_message,1,
13,P1_thank_you,MSG0003658,is_reply_to_prior_outbound,1,
13,P1_thank_you,MSG0003658,thread_ending,1,later_messages=0
13,P1_thank_you,MSG0003658,accessed_and_completed,1,
13,P2_unread_cc,MSG0003697,message_exists,1,
13,P2_unread_cc,MSG0003697,is_cc,1,
13,P2_unread_cc,MSG0003697,no_access_event,1,accesses=0
13,P2_unread_cc,MSG0003701,message_exists,1,
13,P2_unread_cc,MSG0003701,is_cc,1,
13,P2_unread_cc,MSG0003701,no_access_event,1,accesses=0
13,P2_unread_cc,MSG0003702,message_exists,1,
13,P2_unread_cc,MSG0003702,is_cc,1,
13,P2_unread_cc,MSG0003702,no_access_event,1,accesses=0
13,P4_result_misrouted,MSG0003728,message_exists,1,
13,P4_result_misrouted,MSG0003728,is_result,1,
13,P4_result_misrouted,MSG0003728,recipient_not_ordering,1,
13,P4_result_misrouted,MSG0003728,recipient_not_covering,1,cover=None
13,P4_result_misrouted,MSG0003772,message_exists,1,
13,P4_result_misrouted,MSG0003772,is_result,1,
13,P4_result_misrouted,MSG0003772,recipient_not_ordering,1,
13,P4_result_misrouted,MSG0003772,recipient_not_covering,1,cover=None
13,P4_result_misrouted,MSG0003859,message_exists,1,
13,P4_result_misrouted,MSG0003859,is_result,1,
13,P4_result_misrouted,MSG0003859,recipient_not_ordering,1,
13,P4_result_misrouted,MSG0003859,recipient_not_covering,1,cover=None
13,P2_unread_cc,MSG0003875,message_exists,1,
13,P2_unread_cc,MSG0003875,is_cc,1,
13,P2_unread_cc,MSG0003875,no_access_event,1,accesses=0
13,P2_unread_cc,MSG0003877,message_exists,1,
13,P2_unread_cc,MSG0003877,is_cc,1,
13,P2_unread_cc,MSG0003877,no_access_event,1,accesses=0
13,P2_unread_cc,MSG0003878,message_exists,1,
13,P2_unread_cc,MSG0003878,is_cc,1,
13,P2_unread_cc,MSG0003878,no_access_event,1,accesses=0
13,P2_unread_cc,MSG0003883,message_exists,1,
13,P2_unread_cc,MSG0003883,is_cc,1,
13,P2_unread_cc,MSG0003883,no_access_event,1,accesses=0
13,P2_unread_cc,MSG0003886,message_exists,1,
13,P2_unread_cc,MSG0003886,is_cc,1,
13,P2_unread_cc,MSG0003886,no_access_event,1,accesses=0
13,P2_unread_cc,MSG0003961,message_exists,1,
13,P2_unread_cc,MSG0003961,is_cc,1,
13,P2_unread_cc,MSG0003961,no_access_event,1,accesses=0
13,P2_unread_cc,MSG0003966,message_exists,1,
13,P2_unread_cc,MSG0003966,is_cc,1,
13,P2_unread_cc,MSG0003966,no_access_event,1,accesses=0
13,P1_thank_you,MSG0003995,message_exists,1,
13,P1_thank_you,MSG0003995,patient_originated_portal_message,1,
13,P1_thank_you,MSG0003995,is_reply_to_prior_outbound,1,
13,P1_thank_you,MSG0003995,thread_ending,1,later_messages=0
13,P1_thank_you,MSG0003995,accessed_and_completed,1,
13,P1_thank_you,MSG0003998,message_exists,1,
13,P1_thank_you,MSG0003998,patient_originated_portal_message,1,
13,P1_thank_you,MSG0003998,is_reply_to_prior_outbound,1,
13,P1_thank_you,MSG0003998,thread_ending,1,later_messages=0
13,P1_thank_you,MSG0003998,accessed_and_completed,1,
13,P4_result_misrouted,MSG0004021,message_exists,1,
13,P4_result_misrouted,MSG0004021,is_result,1,
13,P4_result_misrouted,MSG0004021,recipient_not_ordering,1,
13,P4_result_misrouted,MSG0004021,recipient_not_covering,1,cover=None
13,P2_unread_cc,MSG0004048,message_exists,1,
13,P2_unread_cc,MSG0004048,is_cc,1,
13,P2_unread_cc,MSG0004048,no_access_event,1,accesses=0
13,P2_unread_cc,MSG0004051,message_exists,1,
13,P2_unread_cc,MSG0004051,is_cc,1,
13,P2_unread_cc,MSG0004051,no_access_event,1,accesses=0
13,P2_unread_cc,MSG0004054,message_exists,1,
13,P2_unread_cc,MSG0004054,is_cc,1,
13,P2_unread_cc,MSG0004054,no_access_event,1,accesses=0
13,P2_unread_cc,MSG0004057,message_exists,1,
13,P2_unread_cc,MSG0004057,is_cc,1,
13,P2_unread_cc,MSG0004057,no_access_event,1,accesses=0
13,P2_unread_cc,MSG0004059,message_exists,1,
13,P2_unread_cc,MSG0004059,is_cc,1,
13,P2_unread_cc,MSG0004059,no_access_event,1,accesses=0
13,P2_unread_cc,MSG0004123,message_exists,1,
13,P2_unread_cc,MSG0004123,is_cc,1,
13,P2_unread_cc,MSG0004123,no_access_event,1,accesses=0
13,P4_result_misrouted,MSG0004177,message_exists,1,
13,P4_result_misrouted,MSG0004177,is_result,1,
13,P4_result_misrouted,MSG0004177,recipient_not_ordering,1,
13,P4_result_misrouted,MSG0004177,recipient_not_covering,1,cover=None
13,P4_result_misrouted,MSG0004184,message_exists,1,
13,P4_result_misrouted,MSG0004184,is_result,1,
13,P4_result_misrouted,MSG0004184,recipient_not_ordering,1,
13,P4_result_misrouted,MSG0004184,recipient_not_covering,1,cover=None
13,P2_unread_cc,MSG0004205,message_exists,1,
13,P2_unread_cc,MSG0004205,is_cc,1,
13,P2_unread_cc,MSG0004205,no_access_event,1,accesses=0
13,P2_unread_cc,MSG0004206,message_exists,1,
13,P2_unread_cc,MSG0004206,is_cc,1,
13,P2_unread_cc,MSG0004206,no_access_event,1,accesses=0
13,P2_unread_cc,MSG0004208,message_exists,1,
13,P2_unread_cc,MSG0004208,is_cc,1,
13,P2_unread_cc,MSG0004208,no_access_event,1,accesses=0
13,P2_unread_cc,MSG0004209,message_exists,1,
13,P2_unread_cc,MSG0004209,is_cc,1,
13,P2_unread_cc,MSG0004209,no_access_event,1,accesses=0
13,P2_unread_cc,MSG0004211,message_exists,1,
13,P2_unread_cc,MSG0004211,is_cc,1,
13,P2_unread_cc,MSG0004211,no_access_event,1,accesses=0
13,P3_extended_thread,THR0004012,thread_exists,1,
13,P3_extended_thread,THR0004012,three_or_more_patient_incoming,1,incoming=3
13,P3_extended_thread,THR0004012,four_or_more_message_exchanges,1,in+out=6
13,P3_extended_thread,THR0004012,spans_at_least_3_days,1,span_days=5.92
13,P3_extended_thread,THR0004012,no_visit_between,1,intervening_visits=0
13,P4_result_misrouted,MSG0004260,message_exists,1,
13,P4_result_misrouted,MSG0004260,is_result,1,
13,P4_result_misrouted,MSG0004260,recipient_not_ordering,1,
13,P4_result_misrouted,MSG0004260,recipient_not_covering,1,cover=None
13,P2_unread_cc,MSG0004297,message_exists,1,
13,P2_unread_cc,MSG0004297,is_cc,1,
13,P2_unread_cc,MSG0004297,no_access_event,1,accesses=0
13,P2_unread_cc,MSG0004300,message_exists,1,
13,P2_unread_cc,MSG0004300,is_cc,1,
13,P2_unread_cc,MSG0004300,no_access_event,1,accesses=0
13,P4_result_misrouted,MSG0004338,message_exists,1,
13,P4_result_misrouted,MSG0004338,is_result,1,
13,P4_result_misrouted,MSG0004338,recipient_not_ordering,1,
13,P4_result_misrouted,MSG0004338,recipient_not_covering,1,cover=None
13,P2_unread_cc,MSG0004366,message_exists,1,
13,P2_unread_cc,MSG0004366,is_cc,1,
13,P2_unread_cc,MSG0004366,no_access_event,1,accesses=0
13,P2_unread_cc,MSG0004368,message_exists,1,
13,P2_unread_cc,MSG0004368,is_cc,1,
13,P2_unread_cc,MSG0004368,no_access_event,1,accesses=0
13,P2_unread_cc,MSG0004369,message_exists,1,
13,P2_unread_cc,MSG0004369,is_cc,1,
13,P2_unread_cc,MSG0004369,no_access_event,1,accesses=0
13,P2_unread_cc,MSG0004435,message_exists,1,
13,P2_unread_cc,MSG0004435,is_cc,1,
13,P2_unread_cc,MSG0004435,no_access_event,1,accesses=0
13,P3_extended_thread,THR0004232,thread_exists,1,
13,P3_extended_thread,THR0004232,three_or_more_patient_incoming,1,incoming=3
13,P3_extended_thread,THR0004232,four_or_more_message_exchanges,1,in+out=6
13,P3_extended_thread,THR0004232,spans_at_least_3_days,1,span_days=8.87
13,P3_extended_thread,THR0004232,no_visit_between,1,intervening_visits=0
13,P7_pingpong,MSG0004473,message_exists,1,
13,P7_pingpong,MSG0004473,at_least_two_staff_to_provider_forwards,1,staff_to_provider=2
13,P7_pingpong,MSG0004473,at_least_two_provider_to_staff_forwards,1,provider_to_staff=2
13,P7_pingpong,MSG0004473,two_or_more_round_trips,1,roundtrips=2
13,P4_result_misrouted,MSG0004552,message_exists,1,
13,P4_result_misrouted,MSG0004552,is_result,1,
13,P4_result_misrouted,MSG0004552,recipient_not_ordering,1,
13,P4_result_misrouted,MSG0004552,recipient_not_covering,1,cover=None
13,P2_unread_cc,MSG0004590,message_exists,1,
13,P2_unread_cc,MSG0004590,is_cc,1,
13,P2_unread_cc,MSG0004590,no_access_event,1,accesses=0
13,P2_unread_cc,MSG0004593,message_exists,1,
13,P2_unread_cc,MSG0004593,is_cc,1,
13,P2_unread_cc,MSG0004593,no_access_event,1,accesses=0
13,P2_unread_cc,MSG0004649,message_exists,1,
13,P2_unread_cc,MSG0004649,is_cc,1,
13,P2_unread_cc,MSG0004649,no_access_event,1,accesses=0
13,P2_unread_cc,MSG0004652,message_exists,1,
13,P2_unread_cc,MSG0004652,is_cc,1,
13,P2_unread_cc,MSG0004652,no_access_event,1,accesses=0
13,P2_unread_cc,MSG0004653,message_exists,1,
13,P2_unread_cc,MSG0004653,is_cc,1,
13,P2_unread_cc,MSG0004653,no_access_event,1,accesses=0
13,P4_result_misrouted,MSG0004723,message_exists,1,
13,P4_result_misrouted,MSG0004723,is_result,1,
13,P4_result_misrouted,MSG0004723,recipient_not_ordering,1,
13,P4_result_misrouted,MSG0004723,recipient_not_covering,1,cover=None
13,P2_unread_cc,MSG0004749,message_exists,1,
13,P2_unread_cc,MSG0004749,is_cc,1,
13,P2_unread_cc,MSG0004749,no_access_event,1,accesses=0
13,P2_unread_cc,MSG0004750,message_exists,1,
13,P2_unread_cc,MSG0004750,is_cc,1,
13,P2_unread_cc,MSG0004750,no_access_event,1,accesses=0
13,P2_unread_cc,MSG0004752,message_exists,1,
13,P2_unread_cc,MSG0004752,is_cc,1,
13,P2_unread_cc,MSG0004752,no_access_event,1,accesses=0
13,P2_unread_cc,MSG0004824,message_exists,1,
13,P2_unread_cc,MSG0004824,is_cc,1,
13,P2_unread_cc,MSG0004824,no_access_event,1,accesses=0
13,P2_unread_cc,MSG0004825,message_exists,1,
13,P2_unread_cc,MSG0004825,is_cc,1,
13,P2_unread_cc,MSG0004825,no_access_event,1,accesses=0
13,P2_unread_cc,MSG0004826,message_exists,1,
13,P2_unread_cc,MSG0004826,is_cc,1,
13,P2_unread_cc,MSG0004826,no_access_event,1,accesses=0
13,P7_pingpong,MSG0004871,message_exists,1,
13,P7_pingpong,MSG0004871,at_least_two_staff_to_provider_forwards,1,staff_to_provider=2
13,P7_pingpong,MSG0004871,at_least_two_provider_to_staff_forwards,1,provider_to_staff=2
13,P7_pingpong,MSG0004871,two_or_more_round_trips,1,roundtrips=2
13,P4_result_misrouted,MSG0004875,message_exists,1,
13,P4_result_misrouted,MSG0004875,is_result,1,
13,P4_result_misrouted,MSG0004875,recipient_not_ordering,1,
13,P4_result_misrouted,MSG0004875,recipient_not_covering,1,cover=None
13,P2_unread_cc,MSG0004905,message_exists,1,
13,P2_unread_cc,MSG0004905,is_cc,1,
13,P2_unread_cc,MSG0004905,no_access_event,1,accesses=0
13,P2_unread_cc,MSG0004909,message_exists,1,
13,P2_unread_cc,MSG0004909,is_cc,1,
13,P2_unread_cc,MSG0004909,no_access_event,1,accesses=0
13,P2_unread_cc,MSG0004910,message_exists,1,
13,P2_unread_cc,MSG0004910,is_cc,1,
13,P2_unread_cc,MSG0004910,no_access_event,1,accesses=0
13,P2_unread_cc,MSG0004911,message_exists,1,
13,P2_unread_cc,MSG0004911,is_cc,1,
13,P2_unread_cc,MSG0004911,no_access_event,1,accesses=0
13,P4_result_misrouted,MSG0004963,message_exists,1,
13,P4_result_misrouted,MSG0004963,is_result,1,
13,P4_result_misrouted,MSG0004963,recipient_not_ordering,1,
13,P4_result_misrouted,MSG0004963,recipient_not_covering,1,cover=None
13,P2_unread_cc,MSG0004991,message_exists,1,
13,P2_unread_cc,MSG0004991,is_cc,1,
13,P2_unread_cc,MSG0004991,no_access_event,1,accesses=0
13,P2_unread_cc,MSG0004997,message_exists,1,
13,P2_unread_cc,MSG0004997,is_cc,1,
13,P2_unread_cc,MSG0004997,no_access_event,1,accesses=0
13,P8_nonclinical_misrouted,MSG0005026,message_exists,1,
13,P8_nonclinical_misrouted,MSG0005026,nonclinical_category,1,category=cancellation
13,P8_nonclinical_misrouted,MSG0005026,reaches_provider,1,provider_forwards=1
14,P1_thank_you,MSG0000003,message_exists,1,
14,P1_thank_you,MSG0000003,patient_originated_portal_message,1,
14,P1_thank_you,MSG0000003,is_reply_to_prior_outbound,1,
14,P1_thank_you,MSG0000003,thread_ending,1,later_messages=0
14,P1_thank_you,MSG0000003,accessed_and_completed,1,
14,P4_result_misrouted,MSG0000037,message_exists,1,
14,P4_result_misrouted,MSG0000037,is_result,1,
14,P4_result_misrouted,MSG0000037,recipient_not_ordering,1,
14,P4_result_misrouted,MSG0000037,recipient_not_covering,1,cover=None
14,P2_unread_cc,MSG0000057,message_exists,1,
14,P2_unread_cc,MSG0000057,is_cc,1,
14,P2_unread_cc,MSG0000057,no_access_event,1,accesses=0
14,P2_unread_cc,MSG0000058,message_exists,1,
14,P2_unread_cc,MSG0000058,is_cc,1,
14,P2_unread_cc,MSG0000058,no_access_event,1,accesses=0
14,P8_nonclinical_misrouted,MSG0000098,message_exists,1,
14,P8_nonclinical_misrouted,MSG0000098,nonclinical_category,1,category=appointment_request
14,P8_nonclinical_misrouted,MSG0000098,reaches_provider,1,provider_forwards=1
14,P4_result_misrouted,MSG0000110,message_exists,1,
14,P4_result_misrouted,MSG0000110,is_result,1,
14,P4_result_misrouted,MSG0000110,recipient_not_ordering,1,
14,P4_result_misrouted,MSG0000110,recipient_not_covering,1,cover=None
14,P2_unread_cc,MSG0000138,message_exists,1,
14,P2_unread_cc,MSG0000138,is_cc,1,
14,P2_unread_cc,MSG0000138,no_access_event,1,accesses=0
14,P2_unread_cc,MSG0000144,message_exists,1,
14,P2_unread_cc,MSG0000144,is_cc,1,
14,P2_unread_cc,MSG0000144,no_access_event,1,accesses=0
14,P2_unread_cc,MSG0000222,message_exists,1,
14,P2_unread_cc,MSG0000222,is_cc,1,
14,P2_unread_cc,MSG0000222,no_access_event,1,accesses=0
14,P3_extended_thread,THR0000242,thread_exists,1,
14,P3_extended_thread,THR0000242,three_or_more_patient_incoming,1,incoming=3
14,P3_extended_thread,THR0000242,four_or_more_message_exchanges,1,in+out=6
14,P3_extended_thread,THR0000242,spans_at_least_3_days,1,span_days=5.98
14,P3_extended_thread,THR0000242,no_visit_between,1,intervening_visits=0
14,P4_result_misrouted,MSG0000284,message_exists,1,
14,P4_result_misrouted,MSG0000284,is_result,1,
14,P4_result_misrouted,MSG0000284,recipient_not_ordering,1,
14,P4_result_misrouted,MSG0000284,recipient_not_covering,1,cover=None
14,P2_unread_cc,MSG0000310,message_exists,1,
14,P2_unread_cc,MSG0000310,is_cc,1,
14,P2_unread_cc,MSG0000310,no_access_event,1,accesses=0
14,P2_unread_cc,MSG0000311,message_exists,1,
14,P2_unread_cc,MSG0000311,is_cc,1,
14,P2_unread_cc,MSG0000311,no_access_event,1,accesses=0
14,P2_unread_cc,MSG0000318,message_exists,1,
14,P2_unread_cc,MSG0000318,is_cc,1,
14,P2_unread_cc,MSG0000318,no_access_event,1,accesses=0
14,P4_result_misrouted,MSG0000366,message_exists,1,
14,P4_result_misrouted,MSG0000366,is_result,1,
14,P4_result_misrouted,MSG0000366,recipient_not_ordering,1,
14,P4_result_misrouted,MSG0000366,recipient_not_covering,1,cover=None
14,P2_unread_cc,MSG0000393,message_exists,1,
14,P2_unread_cc,MSG0000393,is_cc,1,
14,P2_unread_cc,MSG0000393,no_access_event,1,accesses=0
14,P2_unread_cc,MSG0000394,message_exists,1,
14,P2_unread_cc,MSG0000394,is_cc,1,
14,P2_unread_cc,MSG0000394,no_access_event,1,accesses=0
14,P2_unread_cc,MSG0000490,message_exists,1,
14,P2_unread_cc,MSG0000490,is_cc,1,
14,P2_unread_cc,MSG0000490,no_access_event,1,accesses=0
14,P2_unread_cc,MSG0000491,message_exists,1,
14,P2_unread_cc,MSG0000491,is_cc,1,
14,P2_unread_cc,MSG0000491,no_access_event,1,accesses=0
14,P2_unread_cc,MSG0000492,message_exists,1,
14,P2_unread_cc,MSG0000492,is_cc,1,
14,P2_unread_cc,MSG0000492,no_access_event,1,accesses=0
14,P2_unread_cc,MSG0000494,message_exists,1,
14,P2_unread_cc,MSG0000494,is_cc,1,
14,P2_unread_cc,MSG0000494,no_access_event,1,accesses=0
14,P2_unread_cc,MSG0000495,message_exists,1,
14,P2_unread_cc,MSG0000495,is_cc,1,
14,P2_unread_cc,MSG0000495,no_access_event,1,accesses=0
14,P1_thank_you,MSG0000531,message_exists,1,
14,P1_thank_you,MSG0000531,patient_originated_portal_message,1,
14,P1_thank_you,MSG0000531,is_reply_to_prior_outbound,1,
14,P1_thank_you,MSG0000531,thread_ending,1,later_messages=0
14,P1_thank_you,MSG0000531,accessed_and_completed,1,
14,P4_result_misrouted,MSG0000547,message_exists,1,
14,P4_result_misrouted,MSG0000547,is_result,1,
14,P4_result_misrouted,MSG0000547,recipient_not_ordering,1,
14,P4_result_misrouted,MSG0000547,recipient_not_covering,1,cover=None
14,P2_unread_cc,MSG0000569,message_exists,1,
14,P2_unread_cc,MSG0000569,is_cc,1,
14,P2_unread_cc,MSG0000569,no_access_event,1,accesses=0
14,P2_unread_cc,MSG0000570,message_exists,1,
14,P2_unread_cc,MSG0000570,is_cc,1,
14,P2_unread_cc,MSG0000570,no_access_event,1,accesses=0
14,P7_pingpong,MSG0000616,message_exists,1,
14,P7_pingpong,MSG0000616,at_least_two_staff_to_provider_forwards,1,staff_to_provider=2
14,P7_pingpong,MSG0000616,at_least_two_provider_to_staff_forwards,1,provider_to_staff=2
14,P7_pingpong,MSG0000616,two_or_more_round_trips,1,roundtrips=2
14,P2_unread_cc,MSG0000647,message_exists,1,
14,P2_unread_cc,MSG0000647,is_cc,1,
14,P2_unread_cc,MSG0000647,no_access_event,1,accesses=0
14,P2_unread_cc,MSG0000648,message_exists,1,
14,P2_unread_cc,MSG0000648,is_cc,1,
14,P2_unread_cc,MSG0000648,no_access_event,1,accesses=0
14,P2_unread_cc,MSG0000653,message_exists,1,
14,P2_unread_cc,MSG0000653,is_cc,1,
14,P2_unread_cc,MSG0000653,no_access_event,1,accesses=0
14,P2_unread_cc,MSG0000655,message_exists,1,
14,P2_unread_cc,MSG0000655,is_cc,1,
14,P2_unread_cc,MSG0000655,no_access_event,1,accesses=0
14,P8_nonclinical_misrouted,MSG0000678,message_exists,1,
14,P8_nonclinical_misrouted,MSG0000678,nonclinical_category,1,category=cancellation
14,P8_nonclinical_misrouted,MSG0000678,reaches_provider,1,provider_forwards=1
14,P2_unread_cc,MSG0000710,message_exists,1,
14,P2_unread_cc,MSG0000710,is_cc,1,
14,P2_unread_cc,MSG0000710,no_access_event,1,accesses=0
14,P2_unread_cc,MSG0000712,message_exists,1,
14,P2_unread_cc,MSG0000712,is_cc,1,
14,P2_unread_cc,MSG0000712,no_access_event,1,accesses=0
14,P2_unread_cc,MSG0000783,message_exists,1,
14,P2_unread_cc,MSG0000783,is_cc,1,
14,P2_unread_cc,MSG0000783,no_access_event,1,accesses=0
14,P2_unread_cc,MSG0000784,message_exists,1,
14,P2_unread_cc,MSG0000784,is_cc,1,
14,P2_unread_cc,MSG0000784,no_access_event,1,accesses=0
14,P2_unread_cc,MSG0000785,message_exists,1,
14,P2_unread_cc,MSG0000785,is_cc,1,
14,P2_unread_cc,MSG0000785,no_access_event,1,accesses=0
14,P2_unread_cc,MSG0000786,message_exists,1,
14,P2_unread_cc,MSG0000786,is_cc,1,
14,P2_unread_cc,MSG0000786,no_access_event,1,accesses=0
14,P8_nonclinical_misrouted,MSG0000828,message_exists,1,
14,P8_nonclinical_misrouted,MSG0000828,nonclinical_category,1,category=billing_question
14,P8_nonclinical_misrouted,MSG0000828,reaches_provider,1,provider_forwards=1
14,P7_pingpong,MSG0000830,message_exists,1,
14,P7_pingpong,MSG0000830,at_least_two_staff_to_provider_forwards,1,staff_to_provider=2
14,P7_pingpong,MSG0000830,at_least_two_provider_to_staff_forwards,1,provider_to_staff=2
14,P7_pingpong,MSG0000830,two_or_more_round_trips,1,roundtrips=2
14,P2_unread_cc,MSG0000861,message_exists,1,
14,P2_unread_cc,MSG0000861,is_cc,1,
14,P2_unread_cc,MSG0000861,no_access_event,1,accesses=0
14,P2_unread_cc,MSG0000865,message_exists,1,
14,P2_unread_cc,MSG0000865,is_cc,1,
14,P2_unread_cc,MSG0000865,no_access_event,1,accesses=0
14,P7_pingpong,MSG0000891,message_exists,1,
14,P7_pingpong,MSG0000891,at_least_two_staff_to_provider_forwards,1,staff_to_provider=2
14,P7_pingpong,MSG0000891,at_least_two_provider_to_staff_forwards,1,provider_to_staff=2
14,P7_pingpong,MSG0000891,two_or_more_round_trips,1,roundtrips=2
14,P8_nonclinical_misrouted,MSG0000969,message_exists,1,
14,P8_nonclinical_misrouted,MSG0000969,nonclinical_category,1,category=cancellation
14,P8_nonclinical_misrouted,MSG0000969,reaches_provider,1,provider_forwards=1
14,P2_unread_cc,MSG0000995,message_exists,1,
14,P2_unread_cc,MSG0000995,is_cc,1,
14,P2_unread_cc,MSG0000995,no_access_event,1,accesses=0
14,P2_unread_cc,MSG0000998,message_exists,1,
14,P2_unread_cc,MSG0000998,is_cc,1,
14,P2_unread_cc,MSG0000998,no_access_event,1,accesses=0
14,P2_unread_cc,MSG0001003,message_exists,1,
14,P2_unread_cc,MSG0001003,is_cc,1,
14,P2_unread_cc,MSG0001003,no_access_event,1,accesses=0
14,P2_unread_cc,MSG0001068,message_exists,1,
14,P2_unread_cc,MSG0001068,is_cc,1,
14,P2_unread_cc,MSG0001068,no_access_event,1,accesses=0
14,P2_unread_cc,MSG0001075,message_exists,1,
14,P2_unread_cc,MSG0001075,is_cc,1,
14,P2_unread_cc,MSG0001075,no_access_event,1,accesses=0
14,P2_unread_cc,MSG0001158,message_exists,1,
14,P2_unread_cc,MSG0001158,is_cc,1,
14,P2_unread_cc,MSG0001158,no_access_event,1,accesses=0
14,P4_result_misrouted,MSG0001363,message_exists,1,
14,P4_result_misrouted,MSG0001363,is_result,1,
14,P4_result_misrouted,MSG0001363,recipient_not_ordering,1,
14,P4_result_misrouted,MSG0001363,recipient_not_covering,1,cover=None
14,P2_unread_cc,MSG0001384,message_exists,1,
14,P2_unread_cc,MSG0001384,is_cc,1,
14,P2_unread_cc,MSG0001384,no_access_event,1,accesses=0
14,P2_unread_cc,MSG0001385,message_exists,1,
14,P2_unread_cc,MSG0001385,is_cc,1,
14,P2_unread_cc,MSG0001385,no_access_event,1,accesses=0
14,P8_nonclinical_misrouted,MSG0001428,message_exists,1,
14,P8_nonclinical_misrouted,MSG0001428,nonclinical_category,1,category=cancellation
14,P8_nonclinical_misrouted,MSG0001428,reaches_provider,1,provider_forwards=1
14,P4_result_misrouted,MSG0001437,message_exists,1,
14,P4_result_misrouted,MSG0001437,is_result,1,
14,P4_result_misrouted,MSG0001437,recipient_not_ordering,1,
14,P4_result_misrouted,MSG0001437,recipient_not_covering,1,cover=None
14,P4_result_misrouted,MSG0001438,message_exists,1,
14,P4_result_misrouted,MSG0001438,is_result,1,
14,P4_result_misrouted,MSG0001438,recipient_not_ordering,1,
14,P4_result_misrouted,MSG0001438,recipient_not_covering,1,cover=None
14,P2_unread_cc,MSG0001474,message_exists,1,
14,P2_unread_cc,MSG0001474,is_cc,1,
14,P2_unread_cc,MSG0001474,no_access_event,1,accesses=0
14,P2_unread_cc,MSG0001476,message_exists,1,
14,P2_unread_cc,MSG0001476,is_cc,1,
14,P2_unread_cc,MSG0001476,no_access_event,1,accesses=0
14,P2_unread_cc,MSG0001552,message_exists,1,
14,P2_unread_cc,MSG0001552,is_cc,1,
14,P2_unread_cc,MSG0001552,no_access_event,1,accesses=0
14,P2_unread_cc,MSG0001556,message_exists,1,
14,P2_unread_cc,MSG0001556,is_cc,1,
14,P2_unread_cc,MSG0001556,no_access_event,1,accesses=0
14,P2_unread_cc,MSG0001561,message_exists,1,
14,P2_unread_cc,MSG0001561,is_cc,1,
14,P2_unread_cc,MSG0001561,no_access_event,1,accesses=0
14,P4_result_misrouted,MSG0001605,message_exists,1,
14,P4_result_misrouted,MSG0001605,is_result,1,
14,P4_result_misrouted,MSG0001605,recipient_not_ordering,1,
14,P4_result_misrouted,MSG0001605,recipient_not_covering,1,cover=None
14,P2_unread_cc,MSG0001628,message_exists,1,
14,P2_unread_cc,MSG0001628,is_cc,1,
14,P2_unread_cc,MSG0001628,no_access_event,1,accesses=0
14,P2_unread_cc,MSG0001630,message_exists,1,
14,P2_unread_cc,MSG0001630,is_cc,1,
14,P2_unread_cc,MSG0001630,no_access_event,1,accesses=0
14,P2_unread_cc,MSG0001631,message_exists,1,
14,P2_unread_cc,MSG0001631,is_cc,1,
14,P2_unread_cc,MSG0001631,no_access_event,1,accesses=0
14,P2_unread_cc,MSG0001632,message_exists,1,
14,P2_unread_cc,MSG0001632,is_cc,1,
14,P2_unread_cc,MSG0001632,no_access_event,1,accesses=0
14,P2_unread_cc,MSG0001633,message_exists,1,
14,P2_unread_cc,MSG0001633,is_cc,1,
14,P2_unread_cc,MSG0001633,no_access_event,1,accesses=0
14,P2_unread_cc,MSG0001700,message_exists,1,
14,P2_unread_cc,MSG0001700,is_cc,1,
14,P2_unread_cc,MSG0001700,no_access_event,1,accesses=0
14,P2_unread_cc,MSG0001782,message_exists,1,
14,P2_unread_cc,MSG0001782,is_cc,1,
14,P2_unread_cc,MSG0001782,no_access_event,1,accesses=0
14,P2_unread_cc,MSG0001788,message_exists,1,
14,P2_unread_cc,MSG0001788,is_cc,1,
14,P2_unread_cc,MSG0001788,no_access_event,1,accesses=0
14,P7_pingpong,MSG0001811,message_exists,1,
14,P7_pingpong,MSG0001811,at_least_two_staff_to_provider_forwards,1,staff_to_provider=2
14,P7_pingpong,MSG0001811,at_least_two_provider_to_staff_forwards,1,provider_to_staff=2
14,P7_pingpong,MSG0001811,two_or_more_round_trips,1,roundtrips=2
14,P7_pingpong,MSG0001813,message_exists,1,
14,P7_pingpong,MSG0001813,at_least_two_staff_to_provider_forwards,1,staff_to_provider=2
14,P7_pingpong,MSG0001813,at_least_two_provider_to_staff_forwards,1,provider_to_staff=2
14,P7_pingpong,MSG0001813,two_or_more_round_trips,1,roundtrips=2
14,P2_unread_cc,MSG0001928,message_exists,1,
14,P2_unread_cc,MSG0001928,is_cc,1,
14,P2_unread_cc,MSG0001928,no_access_event,1,accesses=0
14,P2_unread_cc,MSG0001930,message_exists,1,
14,P2_unread_cc,MSG0001930,is_cc,1,
14,P2_unread_cc,MSG0001930,no_access_event,1,accesses=0
14,P2_unread_cc,MSG0001935,message_exists,1,
14,P2_unread_cc,MSG0001935,is_cc,1,
14,P2_unread_cc,MSG0001935,no_access_event,1,accesses=0
14,P4_result_misrouted,MSG0002001,message_exists,1,
14,P4_result_misrouted,MSG0002001,is_result,1,
14,P4_result_misrouted,MSG0002001,recipient_not_ordering,1,
14,P4_result_misrouted,MSG0002001,recipient_not_covering,1,cover=None
14,P2_unread_cc,MSG0002028,message_exists,1,
14,P2_unread_cc,MSG0002028,is_cc,1,
14,P2_unread_cc,MSG0002028,no_access_event,1,accesses=0
14,P2_unread_cc,MSG0002029,message_exists,1,
14,P2_unread_cc,MSG0002029,is_cc,1,
14,P2_unread_cc,MSG0002029,no_access_event,1,accesses=0
14,P2_unread_cc,MSG0002031,message_exists,1,
14,P2_unread_cc,MSG0002031,is_cc,1,
14,P2_unread_cc,MSG0002031,no_access_event,1,accesses=0
14,P2_unread_cc,MSG0002033,message_exists,1,
14,P2_unread_cc,MSG0002033,is_cc,1,
14,P2_unread_cc,MSG0002033,no_access_event,1,accesses=0
14,P2_unread_cc,MSG0002034,message_exists,1,
14,P2_unread_cc,MSG0002034,is_cc,1,
14,P2_unread_cc,MSG0002034,no_access_event,1,accesses=0
14,P2_unread_cc,MSG0002035,message_exists,1,
14,P2_unread_cc,MSG0002035,is_cc,1,
14,P2_unread_cc,MSG0002035,no_access_event,1,accesses=0
14,P2_unread_cc,MSG0002106,message_exists,1,
14,P2_unread_cc,MSG0002106,is_cc,1,
14,P2_unread_cc,MSG0002106,no_access_event,1,accesses=0
14,P3_extended_thread,THR0002042,thread_exists,1,
14,P3_extended_thread,THR0002042,three_or_more_patient_incoming,1,incoming=3
14,P3_extended_thread,THR0002042,four_or_more_message_exchanges,1,in+out=6
14,P3_extended_thread,THR0002042,spans_at_least_3_days,1,span_days=6.00
14,P3_extended_thread,THR0002042,no_visit_between,1,intervening_visits=0
14,P8_nonclinical_misrouted,MSG0002207,message_exists,1,
14,P8_nonclinical_misrouted,MSG0002207,nonclinical_category,1,category=cancellation
14,P8_nonclinical_misrouted,MSG0002207,reaches_provider,1,provider_forwards=1
14,P4_result_misrouted,MSG0002223,message_exists,1,
14,P4_result_misrouted,MSG0002223,is_result,1,
14,P4_result_misrouted,MSG0002223,recipient_not_ordering,1,
14,P4_result_misrouted,MSG0002223,recipient_not_covering,1,cover=None
14,P2_unread_cc,MSG0002238,message_exists,1,
14,P2_unread_cc,MSG0002238,is_cc,1,
14,P2_unread_cc,MSG0002238,no_access_event,1,accesses=0
14,P2_unread_cc,MSG0002242,message_exists,1,
14,P2_unread_cc,MSG0002242,is_cc,1,
14,P2_unread_cc,MSG0002242,no_access_event,1,accesses=0
14,P2_unread_cc,MSG0002308,message_exists,1,
14,P2_unread_cc,MSG0002308,is_cc,1,
14,P2_unread_cc,MSG0002308,no_access_event,1,accesses=0
14,P8_nonclinical_misrouted,MSG0002346,message_exists,1,
14,P8_nonclinical_misrouted,MSG0002346,nonclinical_category,1,category=cancellation
14,P8_nonclinical_misrouted,MSG0002346,reaches_provider,1,provider_forwards=1
14,P2_unread_cc,MSG0002375,message_exists,1,
14,P2_unread_cc,MSG0002375,is_cc,1,
14,P2_unread_cc,MSG0002375,no_access_event,1,accesses=0
14,P2_unread_cc,MSG0002378,message_exists,1,
14,P2_unread_cc,MSG0002378,is_cc,1,
14,P2_unread_cc,MSG0002378,no_access_event,1,accesses=0
14,P2_unread_cc,MSG0002381,message_exists,1,
14,P2_unread_cc,MSG0002381,is_cc,1,
14,P2_unread_cc,MSG0002381,no_access_event,1,accesses=0
14,P1_thank_you,MSG0002419,message_exists,1,
14,P1_thank_you,MSG0002419,patient_originated_portal_message,1,
14,P1_thank_you,MSG0002419,is_reply_to_prior_outbound,1,
14,P1_thank_you,MSG0002419,thread_ending,1,later_messages=0
14,P1_thank_you,MSG0002419,accessed_and_completed,1,
14,P4_result_misrouted,MSG0002532,message_exists,1,
14,P4_result_misrouted,MSG0002532,is_result,1,
14,P4_result_misrouted,MSG0002532,recipient_not_ordering,1,
14,P4_result_misrouted,MSG0002532,recipient_not_covering,1,cover=None
14,P2_unread_cc,MSG0002570,message_exists,1,
14,P2_unread_cc,MSG0002570,is_cc,1,
14,P2_unread_cc,MSG0002570,no_access_event,1,accesses=0
14,P2_unread_cc,MSG0002572,message_exists,1,
14,P2_unread_cc,MSG0002572,is_cc,1,
14,P2_unread_cc,MSG0002572,no_access_event,1,accesses=0
14,P8_nonclinical_misrouted,MSG0002602,message_exists,1,
14,P8_nonclinical_misrouted,MSG0002602,nonclinical_category,1,category=billing_question
14,P8_nonclinical_misrouted,MSG0002602,reaches_provider,1,provider_forwards=1
14,P2_unread_cc,MSG0002647,message_exists,1,
14,P2_unread_cc,MSG0002647,is_cc,1,
14,P2_unread_cc,MSG0002647,no_access_event,1,accesses=0
14,P2_unread_cc,MSG0002649,message_exists,1,
14,P2_unread_cc,MSG0002649,is_cc,1,
14,P2_unread_cc,MSG0002649,no_access_event,1,accesses=0
14,P4_result_misrouted,MSG0002681,message_exists,1,
14,P4_result_misrouted,MSG0002681,is_result,1,
14,P4_result_misrouted,MSG0002681,recipient_not_ordering,1,
14,P4_result_misrouted,MSG0002681,recipient_not_covering,1,cover=None
14,P2_unread_cc,MSG0002706,message_exists,1,
14,P2_unread_cc,MSG0002706,is_cc,1,
14,P2_unread_cc,MSG0002706,no_access_event,1,accesses=0
14,P2_unread_cc,MSG0002713,message_exists,1,
14,P2_unread_cc,MSG0002713,is_cc,1,
14,P2_unread_cc,MSG0002713,no_access_event,1,accesses=0
14,P2_unread_cc,MSG0002715,message_exists,1,
14,P2_unread_cc,MSG0002715,is_cc,1,
14,P2_unread_cc,MSG0002715,no_access_event,1,accesses=0
14,P4_result_misrouted,MSG0002755,message_exists,1,
14,P4_result_misrouted,MSG0002755,is_result,1,
14,P4_result_misrouted,MSG0002755,recipient_not_ordering,1,
14,P4_result_misrouted,MSG0002755,recipient_not_covering,1,cover=None
14,P2_unread_cc,MSG0002779,message_exists,1,
14,P2_unread_cc,MSG0002779,is_cc,1,
14,P2_unread_cc,MSG0002779,no_access_event,1,accesses=0
14,P2_unread_cc,MSG0002917,message_exists,1,
14,P2_unread_cc,MSG0002917,is_cc,1,
14,P2_unread_cc,MSG0002917,no_access_event,1,accesses=0
14,P2_unread_cc,MSG0002921,message_exists,1,
14,P2_unread_cc,MSG0002921,is_cc,1,
14,P2_unread_cc,MSG0002921,no_access_event,1,accesses=0
14,P2_unread_cc,MSG0002923,message_exists,1,
14,P2_unread_cc,MSG0002923,is_cc,1,
14,P2_unread_cc,MSG0002923,no_access_event,1,accesses=0
14,P7_pingpong,MSG0002951,message_exists,1,
14,P7_pingpong,MSG0002951,at_least_two_staff_to_provider_forwards,1,staff_to_provider=2
14,P7_pingpong,MSG0002951,at_least_two_provider_to_staff_forwards,1,provider_to_staff=2
14,P7_pingpong,MSG0002951,two_or_more_round_trips,1,roundtrips=2
14,P4_result_misrouted,MSG0002960,message_exists,1,
14,P4_result_misrouted,MSG0002960,is_result,1,
14,P4_result_misrouted,MSG0002960,recipient_not_ordering,1,
14,P4_result_misrouted,MSG0002960,recipient_not_covering,1,cover=None
14,P4_result_misrouted,MSG0002964,message_exists,1,
14,P4_result_misrouted,MSG0002964,is_result,1,
14,P4_result_misrouted,MSG0002964,recipient_not_ordering,1,
14,P4_result_misrouted,MSG0002964,recipient_not_covering,1,cover=None
14,P2_unread_cc,MSG0002986,message_exists,1,
14,P2_unread_cc,MSG0002986,is_cc,1,
14,P2_unread_cc,MSG0002986,no_access_event,1,accesses=0
14,P2_unread_cc,MSG0002991,message_exists,1,
14,P2_unread_cc,MSG0002991,is_cc,1,
14,P2_unread_cc,MSG0002991,no_access_event,1,accesses=0
14,P2_unread_cc,MSG0002993,message_exists,1,
14,P2_unread_cc,MSG0002993,is_cc,1,
14,P2_unread_cc,MSG0002993,no_access_event,1,accesses=0
14,P2_unread_cc,MSG0002994,message_exists,1,
14,P2_unread_cc,MSG0002994,is_cc,1,
14,P2_unread_cc,MSG0002994,no_access_event,1,accesses=0
14,P2_unread_cc,MSG0003057,message_exists,1,
14,P2_unread_cc,MSG0003057,is_cc,1,
14,P2_unread_cc,MSG0003057,no_access_event,1,accesses=0
14,P2_unread_cc,MSG0003061,message_exists,1,
14,P2_unread_cc,MSG0003061,is_cc,1,
14,P2_unread_cc,MSG0003061,no_access_event,1,accesses=0
14,P2_unread_cc,MSG0003064,message_exists,1,
14,P2_unread_cc,MSG0003064,is_cc,1,
14,P2_unread_cc,MSG0003064,no_access_event,1,accesses=0
14,P7_pingpong,MSG0003096,message_exists,1,
14,P7_pingpong,MSG0003096,at_least_two_staff_to_provider_forwards,1,staff_to_provider=2
14,P7_pingpong,MSG0003096,at_least_two_provider_to_staff_forwards,1,provider_to_staff=2
14,P7_pingpong,MSG0003096,two_or_more_round_trips,1,roundtrips=2
14,P1_thank_you,MSG0003098,message_exists,1,
14,P1_thank_you,MSG0003098,patient_originated_portal_message,1,
14,P1_thank_you,MSG0003098,is_reply_to_prior_outbound,1,
14,P1_thank_you,MSG0003098,thread_ending,1,later_messages=0
14,P1_thank_you,MSG0003098,accessed_and_completed,1,
14,P2_unread_cc,MSG0003133,message_exists,1,
14,P2_unread_cc,MSG0003133,is_cc,1,
14,P2_unread_cc,MSG0003133,no_access_event,1,accesses=0
14,P2_unread_cc,MSG0003134,message_exists,1,
14,P2_unread_cc,MSG0003134,is_cc,1,
14,P2_unread_cc,MSG0003134,no_access_event,1,accesses=0
14,P2_unread_cc,MSG0003135,message_exists,1,
14,P2_unread_cc,MSG0003135,is_cc,1,
14,P2_unread_cc,MSG0003135,no_access_event,1,accesses=0
14,P8_nonclinical_misrouted,MSG0003174,message_exists,1,
14,P8_nonclinical_misrouted,MSG0003174,nonclinical_category,1,category=billing_question
14,P8_nonclinical_misrouted,MSG0003174,reaches_provider,1,provider_forwards=1
14,P2_unread_cc,MSG0003210,message_exists,1,
14,P2_unread_cc,MSG0003210,is_cc,1,
14,P2_unread_cc,MSG0003210,no_access_event,1,accesses=0
14,P3_extended_thread,THR0003093,thread_exists,1,
14,P3_extended_thread,THR0003093,three_or_more_patient_incoming,1,incoming=3
14,P3_extended_thread,THR0003093,four_or_more_message_exchanges,1,in+out=6
14,P3_extended_thread,THR0003093,spans_at_least_3_days,1,span_days=6.75
14,P3_extended_thread,THR0003093,no_visit_between,1,intervening_visits=0
14,P4_result_misrouted,MSG0003262,message_exists,1,
14,P4_result_misrouted,MSG0003262,is_result,1,
14,P4_result_misrouted,MSG0003262,recipient_not_ordering,1,
14,P4_result_misrouted,MSG0003262,recipient_not_covering,1,cover=None
14,P2_unread_cc,MSG0003279,message_exists,1,
14,P2_unread_cc,MSG0003279,is_cc,1,
14,P2_unread_cc,MSG0003279,no_access_event,1,accesses=0
14,P2_unread_cc,MSG0003284,message_exists,1,
14,P2_unread_cc,MSG0003284,is_cc,1,
14,P2_unread_cc,MSG0003284,no_access_event,1,accesses=0
14,P2_unread_cc,MSG0003285,message_exists,1,
14,P2_unread_cc,MSG0003285,is_cc,1,
14,P2_unread_cc,MSG0003285,no_access_event,1,accesses=0
14,P2_unread_cc,MSG0003352,message_exists,1,
14,P2_unread_cc,MSG0003352,is_cc,1,
14,P2_unread_cc,MSG0003352,no_access_event,1,accesses=0
14,P2_unread_cc,MSG0003356,message_exists,1,
14,P2_unread_cc,MSG0003356,is_cc,1,
14,P2_unread_cc,MSG0003356,no_access_event,1,accesses=0
14,P2_unread_cc,MSG0003358,message_exists,1,
14,P2_unread_cc,MSG0003358,is_cc,1,
14,P2_unread_cc,MSG0003358,no_access_event,1,accesses=0
14,P2_unread_cc,MSG0003359,message_exists,1,
14,P2_unread_cc,MSG0003359,is_cc,1,
14,P2_unread_cc,MSG0003359,no_access_event,1,accesses=0
14,P7_pingpong,MSG0003472,message_exists,1,
14,P7_pingpong,MSG0003472,at_least_two_staff_to_provider_forwards,1,staff_to_provider=2
14,P7_pingpong,MSG0003472,at_least_two_provider_to_staff_forwards,1,provider_to_staff=2
14,P7_pingpong,MSG0003472,two_or_more_round_trips,1,roundtrips=2
14,P2_unread_cc,MSG0003506,message_exists,1,
14,P2_unread_cc,MSG0003506,is_cc,1,
14,P2_unread_cc,MSG0003506,no_access_event,1,accesses=0
14,P2_unread_cc,MSG0003509,message_exists,1,
14,P2_unread_cc,MSG0003509,is_cc,1,
14,P2_unread_cc,MSG0003509,no_access_event,1,accesses=0
14,P2_unread_cc,MSG0003514,message_exists,1,
14,P2_unread_cc,MSG0003514,is_cc,1,
14,P2_unread_cc,MSG0003514,no_access_event,1,accesses=0
14,P2_unread_cc,MSG0003516,message_exists,1,
14,P2_unread_cc,MSG0003516,is_cc,1,
14,P2_unread_cc,MSG0003516,no_access_event,1,accesses=0
14,P2_unread_cc,MSG0003586,message_exists,1,
14,P2_unread_cc,MSG0003586,is_cc,1,
14,P2_unread_cc,MSG0003586,no_access_event,1,accesses=0
14,P2_unread_cc,MSG0003589,message_exists,1,
14,P2_unread_cc,MSG0003589,is_cc,1,
14,P2_unread_cc,MSG0003589,no_access_event,1,accesses=0
14,P2_unread_cc,MSG0003593,message_exists,1,
14,P2_unread_cc,MSG0003593,is_cc,1,
14,P2_unread_cc,MSG0003593,no_access_event,1,accesses=0
14,P8_nonclinical_misrouted,MSG0003630,message_exists,1,
14,P8_nonclinical_misrouted,MSG0003630,nonclinical_category,1,category=cancellation
14,P8_nonclinical_misrouted,MSG0003630,reaches_provider,1,provider_forwards=1
14,P4_result_misrouted,MSG0003649,message_exists,1,
14,P4_result_misrouted,MSG0003649,is_result,1,
14,P4_result_misrouted,MSG0003649,recipient_not_ordering,1,
14,P4_result_misrouted,MSG0003649,recipient_not_covering,1,cover=None
14,P3_extended_thread,THR0003491,thread_exists,1,
14,P3_extended_thread,THR0003491,three_or_more_patient_incoming,1,incoming=3
14,P3_extended_thread,THR0003491,four_or_more_message_exchanges,1,in+out=6
14,P3_extended_thread,THR0003491,spans_at_least_3_days,1,span_days=4.84
14,P3_extended_thread,THR0003491,no_visit_between,1,intervening_visits=0
14,P1_thank_you,MSG0003714,message_exists,1,
14,P1_thank_you,MSG0003714,patient_originated_portal_message,1,
14,P1_thank_you,MSG0003714,is_reply_to_prior_outbound,1,
14,P1_thank_you,MSG0003714,thread_ending,1,later_messages=0
14,P1_thank_you,MSG0003714,accessed_and_completed,1,
14,P2_unread_cc,MSG0003756,message_exists,1,
14,P2_unread_cc,MSG0003756,is_cc,1,
14,P2_unread_cc,MSG0003756,no_access_event,1,accesses=0
14,P2_unread_cc,MSG0003758,message_exists,1,
14,P2_unread_cc,MSG0003758,is_cc,1,
14,P2_unread_cc,MSG0003758,no_access_event,1,accesses=0
14,P2_unread_cc,MSG0003762,message_exists,1,
14,P2_unread_cc,MSG0003762,is_cc,1,
14,P2_unread_cc,MSG0003762,no_access_event,1,accesses=0
14,P2_unread_cc,MSG0003763,message_exists,1,
14,P2_unread_cc,MSG0003763,is_cc,1,
14,P2_unread_cc,MSG0003763,no_access_event,1,accesses=0
14,P4_result_misrouted,MSG0003802,message_exists,1,
14,P4_result_misrouted,MSG0003802,is_result,1,
14,P4_result_misrouted,MSG0003802,recipient_not_ordering,1,
14,P4_result_misrouted,MSG0003802,recipient_not_covering,1,cover=None
14,P2_unread_cc,MSG0003842,message_exists,1,
14,P2_unread_cc,MSG0003842,is_cc,1,
14,P2_unread_cc,MSG0003842,no_access_event,1,accesses=0
14,P2_unread_cc,MSG0003846,message_exists,1,
14,P2_unread_cc,MSG0003846,is_cc,1,
14,P2_unread_cc,MSG0003846,no_access_event,1,accesses=0
14,P2_unread_cc,MSG0003847,message_exists,1,
14,P2_unread_cc,MSG0003847,is_cc,1,
14,P2_unread_cc,MSG0003847,no_access_event,1,accesses=0
14,P2_unread_cc,MSG0003913,message_exists,1,
14,P2_unread_cc,MSG0003913,is_cc,1,
14,P2_unread_cc,MSG0003913,no_access_event,1,accesses=0
14,P2_unread_cc,MSG0003914,message_exists,1,
14,P2_unread_cc,MSG0003914,is_cc,1,
14,P2_unread_cc,MSG0003914,no_access_event,1,accesses=0
14,P1_thank_you,MSG0003952,message_exists,1,
14,P1_thank_you,MSG0003952,patient_originated_portal_message,1,
14,P1_thank_you,MSG0003952,is_reply_to_prior_outbound,1,
14,P1_thank_you,MSG0003952,thread_ending,1,later_messages=0
14,P1_thank_you,MSG0003952,accessed_and_completed,1,
14,P2_unread_cc,MSG0003998,message_exists,1,
14,P2_unread_cc,MSG0003998,is_cc,1,
14,P2_unread_cc,MSG0003998,no_access_event,1,accesses=0
14,P2_unread_cc,MSG0004000,message_exists,1,
14,P2_unread_cc,MSG0004000,is_cc,1,
14,P2_unread_cc,MSG0004000,no_access_event,1,accesses=0
14,P2_unread_cc,MSG0004067,message_exists,1,
14,P2_unread_cc,MSG0004067,is_cc,1,
14,P2_unread_cc,MSG0004067,no_access_event,1,accesses=0
14,P2_unread_cc,MSG0004069,message_exists,1,
14,P2_unread_cc,MSG0004069,is_cc,1,
14,P2_unread_cc,MSG0004069,no_access_event,1,accesses=0
14,P2_unread_cc,MSG0004072,message_exists,1,
14,P2_unread_cc,MSG0004072,is_cc,1,
14,P2_unread_cc,MSG0004072,no_access_event,1,accesses=0
14,P2_unread_cc,MSG0004073,message_exists,1,
14,P2_unread_cc,MSG0004073,is_cc,1,
14,P2_unread_cc,MSG0004073,no_access_event,1,accesses=0
14,P2_unread_cc,MSG0004153,message_exists,1,
14,P2_unread_cc,MSG0004153,is_cc,1,
14,P2_unread_cc,MSG0004153,no_access_event,1,accesses=0
14,P2_unread_cc,MSG0004232,message_exists,1,
14,P2_unread_cc,MSG0004232,is_cc,1,
14,P2_unread_cc,MSG0004232,no_access_event,1,accesses=0
14,P2_unread_cc,MSG0004314,message_exists,1,
14,P2_unread_cc,MSG0004314,is_cc,1,
14,P2_unread_cc,MSG0004314,no_access_event,1,accesses=0
14,P2_unread_cc,MSG0004316,message_exists,1,
14,P2_unread_cc,MSG0004316,is_cc,1,
14,P2_unread_cc,MSG0004316,no_access_event,1,accesses=0
14,P4_result_misrouted,MSG0004365,message_exists,1,
14,P4_result_misrouted,MSG0004365,is_result,1,
14,P4_result_misrouted,MSG0004365,recipient_not_ordering,1,
14,P4_result_misrouted,MSG0004365,recipient_not_covering,1,cover=None
14,P2_unread_cc,MSG0004388,message_exists,1,
14,P2_unread_cc,MSG0004388,is_cc,1,
14,P2_unread_cc,MSG0004388,no_access_event,1,accesses=0
14,P2_unread_cc,MSG0004393,message_exists,1,
14,P2_unread_cc,MSG0004393,is_cc,1,
14,P2_unread_cc,MSG0004393,no_access_event,1,accesses=0
14,P2_unread_cc,MSG0004394,message_exists,1,
14,P2_unread_cc,MSG0004394,is_cc,1,
14,P2_unread_cc,MSG0004394,no_access_event,1,accesses=0
14,P1_thank_you,MSG0004434,message_exists,1,
14,P1_thank_you,MSG0004434,patient_originated_portal_message,1,
14,P1_thank_you,MSG0004434,is_reply_to_prior_outbound,1,
14,P1_thank_you,MSG0004434,thread_ending,1,later_messages=0
14,P1_thank_you,MSG0004434,accessed_and_completed,1,
14,P8_nonclinical_misrouted,MSG0004443,message_exists,1,
14,P8_nonclinical_misrouted,MSG0004443,nonclinical_category,1,category=appointment_request
14,P8_nonclinical_misrouted,MSG0004443,reaches_provider,1,provider_forwards=1
14,P4_result_misrouted,MSG0004444,message_exists,1,
14,P4_result_misrouted,MSG0004444,is_result,1,
14,P4_result_misrouted,MSG0004444,recipient_not_ordering,1,
14,P4_result_misrouted,MSG0004444,recipient_not_covering,1,cover=None
14,P2_unread_cc,MSG0004479,message_exists,1,
14,P2_unread_cc,MSG0004479,is_cc,1,
14,P2_unread_cc,MSG0004479,no_access_event,1,accesses=0
14,P2_unread_cc,MSG0004483,message_exists,1,
14,P2_unread_cc,MSG0004483,is_cc,1,
14,P2_unread_cc,MSG0004483,no_access_event,1,accesses=0
14,P2_unread_cc,MSG0004486,message_exists,1,
14,P2_unread_cc,MSG0004486,is_cc,1,
14,P2_unread_cc,MSG0004486,no_access_event,1,accesses=0
14,P2_unread_cc,MSG0004559,message_exists,1,
14,P2_unread_cc,MSG0004559,is_cc,1,
14,P2_unread_cc,MSG0004559,no_access_event,1,accesses=0
14,P2_unread_cc,MSG0004560,message_exists,1,
14,P2_unread_cc,MSG0004560,is_cc,1,
14,P2_unread_cc,MSG0004560,no_access_event,1,accesses=0
14,P2_unread_cc,MSG0004562,message_exists,1,
14,P2_unread_cc,MSG0004562,is_cc,1,
14,P2_unread_cc,MSG0004562,no_access_event,1,accesses=0
14,P2_unread_cc,MSG0004565,message_exists,1,
14,P2_unread_cc,MSG0004565,is_cc,1,
14,P2_unread_cc,MSG0004565,no_access_event,1,accesses=0
14,P7_pingpong,MSG0004597,message_exists,1,
14,P7_pingpong,MSG0004597,at_least_two_staff_to_provider_forwards,1,staff_to_provider=2
14,P7_pingpong,MSG0004597,at_least_two_provider_to_staff_forwards,1,provider_to_staff=2
14,P7_pingpong,MSG0004597,two_or_more_round_trips,1,roundtrips=2
14,P4_result_misrouted,MSG0004616,message_exists,1,
14,P4_result_misrouted,MSG0004616,is_result,1,
14,P4_result_misrouted,MSG0004616,recipient_not_ordering,1,
14,P4_result_misrouted,MSG0004616,recipient_not_covering,1,cover=None
14,P2_unread_cc,MSG0004640,message_exists,1,
14,P2_unread_cc,MSG0004640,is_cc,1,
14,P2_unread_cc,MSG0004640,no_access_event,1,accesses=0
14,P4_result_misrouted,MSG0004683,message_exists,1,
14,P4_result_misrouted,MSG0004683,is_result,1,
14,P4_result_misrouted,MSG0004683,recipient_not_ordering,1,
14,P4_result_misrouted,MSG0004683,recipient_not_covering,1,cover=None
14,P2_unread_cc,MSG0004715,message_exists,1,
14,P2_unread_cc,MSG0004715,is_cc,1,
14,P2_unread_cc,MSG0004715,no_access_event,1,accesses=0
14,P2_unread_cc,MSG0004718,message_exists,1,
14,P2_unread_cc,MSG0004718,is_cc,1,
14,P2_unread_cc,MSG0004718,no_access_event,1,accesses=0
14,P2_unread_cc,MSG0004720,message_exists,1,
14,P2_unread_cc,MSG0004720,is_cc,1,
14,P2_unread_cc,MSG0004720,no_access_event,1,accesses=0
14,P4_result_misrouted,MSG0004775,message_exists,1,
14,P4_result_misrouted,MSG0004775,is_result,1,
14,P4_result_misrouted,MSG0004775,recipient_not_ordering,1,
14,P4_result_misrouted,MSG0004775,recipient_not_covering,1,cover=None
14,P2_unread_cc,MSG0004796,message_exists,1,
14,P2_unread_cc,MSG0004796,is_cc,1,
14,P2_unread_cc,MSG0004796,no_access_event,1,accesses=0
14,P2_unread_cc,MSG0004801,message_exists,1,
14,P2_unread_cc,MSG0004801,is_cc,1,
14,P2_unread_cc,MSG0004801,no_access_event,1,accesses=0
14,P2_unread_cc,MSG0004804,message_exists,1,
14,P2_unread_cc,MSG0004804,is_cc,1,
14,P2_unread_cc,MSG0004804,no_access_event,1,accesses=0
14,P1_thank_you,MSG0004845,message_exists,1,
14,P1_thank_you,MSG0004845,patient_originated_portal_message,1,
14,P1_thank_you,MSG0004845,is_reply_to_prior_outbound,1,
14,P1_thank_you,MSG0004845,thread_ending,1,later_messages=0
14,P1_thank_you,MSG0004845,accessed_and_completed,1,
14,P1_thank_you,MSG0004850,message_exists,1,
14,P1_thank_you,MSG0004850,patient_originated_portal_message,1,
14,P1_thank_you,MSG0004850,is_reply_to_prior_outbound,1,
14,P1_thank_you,MSG0004850,thread_ending,1,later_messages=0
14,P1_thank_you,MSG0004850,accessed_and_completed,1,
14,P2_unread_cc,MSG0004893,message_exists,1,
14,P2_unread_cc,MSG0004893,is_cc,1,
14,P2_unread_cc,MSG0004893,no_access_event,1,accesses=0
14,P8_nonclinical_misrouted,MSG0004942,message_exists,1,
14,P8_nonclinical_misrouted,MSG0004942,nonclinical_category,1,category=billing_question
14,P8_nonclinical_misrouted,MSG0004942,reaches_provider,1,provider_forwards=1
14,P4_result_misrouted,MSG0004947,message_exists,1,
14,P4_result_misrouted,MSG0004947,is_result,1,
14,P4_result_misrouted,MSG0004947,recipient_not_ordering,1,
14,P4_result_misrouted,MSG0004947,recipient_not_covering,1,cover=None
15,P8_nonclinical_misrouted,MSG0000003,message_exists,1,
15,P8_nonclinical_misrouted,MSG0000003,nonclinical_category,1,category=cancellation
15,P8_nonclinical_misrouted,MSG0000003,reaches_provider,1,provider_forwards=1
15,P3_extended_thread,THR0000004,thread_exists,1,
15,P3_extended_thread,THR0000004,three_or_more_patient_incoming,1,incoming=3
15,P3_extended_thread,THR0000004,four_or_more_message_exchanges,1,in+out=7
15,P3_extended_thread,THR0000004,spans_at_least_3_days,1,span_days=8.66
15,P3_extended_thread,THR0000004,no_visit_between,1,intervening_visits=0
15,P7_pingpong,MSG0000029,message_exists,1,
15,P7_pingpong,MSG0000029,at_least_two_staff_to_provider_forwards,1,staff_to_provider=2
15,P7_pingpong,MSG0000029,at_least_two_provider_to_staff_forwards,1,provider_to_staff=2
15,P7_pingpong,MSG0000029,two_or_more_round_trips,1,roundtrips=2
15,P2_unread_cc,MSG0000147,message_exists,1,
15,P2_unread_cc,MSG0000147,is_cc,1,
15,P2_unread_cc,MSG0000147,no_access_event,1,accesses=0
15,P2_unread_cc,MSG0000148,message_exists,1,
15,P2_unread_cc,MSG0000148,is_cc,1,
15,P2_unread_cc,MSG0000148,no_access_event,1,accesses=0
15,P2_unread_cc,MSG0000149,message_exists,1,
15,P2_unread_cc,MSG0000149,is_cc,1,
15,P2_unread_cc,MSG0000149,no_access_event,1,accesses=0
15,P2_unread_cc,MSG0000151,message_exists,1,
15,P2_unread_cc,MSG0000151,is_cc,1,
15,P2_unread_cc,MSG0000151,no_access_event,1,accesses=0
15,P2_unread_cc,MSG0000217,message_exists,1,
15,P2_unread_cc,MSG0000217,is_cc,1,
15,P2_unread_cc,MSG0000217,no_access_event,1,accesses=0
15,P2_unread_cc,MSG0000223,message_exists,1,
15,P2_unread_cc,MSG0000223,is_cc,1,
15,P2_unread_cc,MSG0000223,no_access_event,1,accesses=0
15,P2_unread_cc,MSG0000228,message_exists,1,
15,P2_unread_cc,MSG0000228,is_cc,1,
15,P2_unread_cc,MSG0000228,no_access_event,1,accesses=0
15,P2_unread_cc,MSG0000229,message_exists,1,
15,P2_unread_cc,MSG0000229,is_cc,1,
15,P2_unread_cc,MSG0000229,no_access_event,1,accesses=0
15,P3_extended_thread,THR0000235,thread_exists,1,
15,P3_extended_thread,THR0000235,three_or_more_patient_incoming,1,incoming=3
15,P3_extended_thread,THR0000235,four_or_more_message_exchanges,1,in+out=6
15,P3_extended_thread,THR0000235,spans_at_least_3_days,1,span_days=8.66
15,P3_extended_thread,THR0000235,no_visit_between,1,intervening_visits=0
15,P2_unread_cc,MSG0000298,message_exists,1,
15,P2_unread_cc,MSG0000298,is_cc,1,
15,P2_unread_cc,MSG0000298,no_access_event,1,accesses=0
15,P2_unread_cc,MSG0000299,message_exists,1,
15,P2_unread_cc,MSG0000299,is_cc,1,
15,P2_unread_cc,MSG0000299,no_access_event,1,accesses=0
15,P2_unread_cc,MSG0000301,message_exists,1,
15,P2_unread_cc,MSG0000301,is_cc,1,
15,P2_unread_cc,MSG0000301,no_access_event,1,accesses=0
15,P2_unread_cc,MSG0000305,message_exists,1,
15,P2_unread_cc,MSG0000305,is_cc,1,
15,P2_unread_cc,MSG0000305,no_access_event,1,accesses=0
15,P2_unread_cc,MSG0000308,message_exists,1,
15,P2_unread_cc,MSG0000308,is_cc,1,
15,P2_unread_cc,MSG0000308,no_access_event,1,accesses=0
15,P7_pingpong,MSG0000332,message_exists,1,
15,P7_pingpong,MSG0000332,at_least_two_staff_to_provider_forwards,1,staff_to_provider=2
15,P7_pingpong,MSG0000332,at_least_two_provider_to_staff_forwards,1,provider_to_staff=2
15,P7_pingpong,MSG0000332,two_or_more_round_trips,1,roundtrips=2
15,P4_result_misrouted,MSG0000356,message_exists,1,
15,P4_result_misrouted,MSG0000356,is_result,1,
15,P4_result_misrouted,MSG0000356,recipient_not_ordering,1,
15,P4_result_misrouted,MSG0000356,recipient_not_covering,1,cover=None
15,P4_result_misrouted,MSG0000357,message_exists,1,
15,P4_result_misrouted,MSG0000357,is_result,1,
15,P4_result_misrouted,MSG0000357,recipient_not_ordering,1,
15,P4_result_misrouted,MSG0000357,recipient_not_covering,1,cover=None
15,P2_unread_cc,MSG0000372,message_exists,1,
15,P2_unread_cc,MSG0000372,is_cc,1,
15,P2_unread_cc,MSG0000372,no_access_event,1,accesses=0
15,P2_unread_cc,MSG0000448,message_exists,1,
15,P2_unread_cc,MSG0000448,is_cc,1,
15,P2_unread_cc,MSG0000448,no_access_event,1,accesses=0
15,P2_unread_cc,MSG0000451,message_exists,1,
15,P2_unread_cc,MSG0000451,is_cc,1,
15,P2_unread_cc,MSG0000451,no_access_event,1,accesses=0
15,P4_result_misrouted,MSG0000514,message_exists,1,
15,P4_result_misrouted,MSG0000514,is_result,1,
15,P4_result_misrouted,MSG0000514,recipient_not_ordering,1,
15,P4_result_misrouted,MSG0000514,recipient_not_covering,1,cover=None
15,P2_unread_cc,MSG0000534,message_exists,1,
15,P2_unread_cc,MSG0000534,is_cc,1,
15,P2_unread_cc,MSG0000534,no_access_event,1,accesses=0
15,P8_nonclinical_misrouted,MSG0000570,message_exists,1,
15,P8_nonclinical_misrouted,MSG0000570,nonclinical_category,1,category=cancellation
15,P8_nonclinical_misrouted,MSG0000570,reaches_provider,1,provider_forwards=1
15,P7_pingpong,MSG0000575,message_exists,1,
15,P7_pingpong,MSG0000575,at_least_two_staff_to_provider_forwards,1,staff_to_provider=2
15,P7_pingpong,MSG0000575,at_least_two_provider_to_staff_forwards,1,provider_to_staff=2
15,P7_pingpong,MSG0000575,two_or_more_round_trips,1,roundtrips=2
15,P8_nonclinical_misrouted,MSG0000580,message_exists,1,
15,P8_nonclinical_misrouted,MSG0000580,nonclinical_category,1,category=cancellation
15,P8_nonclinical_misrouted,MSG0000580,reaches_provider,1,provider_forwards=1
15,P2_unread_cc,MSG0000610,message_exists,1,
15,P2_unread_cc,MSG0000610,is_cc,1,
15,P2_unread_cc,MSG0000610,no_access_event,1,accesses=0
15,P3_extended_thread,THR0000607,thread_exists,1,
15,P3_extended_thread,THR0000607,three_or_more_patient_incoming,1,incoming=3
15,P3_extended_thread,THR0000607,four_or_more_message_exchanges,1,in+out=8
15,P3_extended_thread,THR0000607,spans_at_least_3_days,1,span_days=9.10
15,P3_extended_thread,THR0000607,no_visit_between,1,intervening_visits=0
15,P2_unread_cc,MSG0000706,message_exists,1,
15,P2_unread_cc,MSG0000706,is_cc,1,
15,P2_unread_cc,MSG0000706,no_access_event,1,accesses=0
15,P2_unread_cc,MSG0000711,message_exists,1,
15,P2_unread_cc,MSG0000711,is_cc,1,
15,P2_unread_cc,MSG0000711,no_access_event,1,accesses=0
15,P2_unread_cc,MSG0000787,message_exists,1,
15,P2_unread_cc,MSG0000787,is_cc,1,
15,P2_unread_cc,MSG0000787,no_access_event,1,accesses=0
15,P2_unread_cc,MSG0000857,message_exists,1,
15,P2_unread_cc,MSG0000857,is_cc,1,
15,P2_unread_cc,MSG0000857,no_access_event,1,accesses=0
15,P2_unread_cc,MSG0000858,message_exists,1,
15,P2_unread_cc,MSG0000858,is_cc,1,
15,P2_unread_cc,MSG0000858,no_access_event,1,accesses=0
15,P1_thank_you,MSG0000894,message_exists,1,
15,P1_thank_you,MSG0000894,patient_originated_portal_message,1,
15,P1_thank_you,MSG0000894,is_reply_to_prior_outbound,1,
15,P1_thank_you,MSG0000894,thread_ending,1,later_messages=0
15,P1_thank_you,MSG0000894,accessed_and_completed,1,
15,P7_pingpong,MSG0000897,message_exists,1,
15,P7_pingpong,MSG0000897,at_least_two_staff_to_provider_forwards,1,staff_to_provider=2
15,P7_pingpong,MSG0000897,at_least_two_provider_to_staff_forwards,1,provider_to_staff=2
15,P7_pingpong,MSG0000897,two_or_more_round_trips,1,roundtrips=2
15,P4_result_misrouted,MSG0000920,message_exists,1,
15,P4_result_misrouted,MSG0000920,is_result,1,
15,P4_result_misrouted,MSG0000920,recipient_not_ordering,1,
15,P4_result_misrouted,MSG0000920,recipient_not_covering,1,cover=None
15,P2_unread_cc,MSG0000939,message_exists,1,
15,P2_unread_cc,MSG0000939,is_cc,1,
15,P2_unread_cc,MSG0000939,no_access_event,1,accesses=0
15,P4_result_misrouted,MSG0000989,message_exists,1,
15,P4_result_misrouted,MSG0000989,is_result,1,
15,P4_result_misrouted,MSG0000989,recipient_not_ordering,1,
15,P4_result_misrouted,MSG0000989,recipient_not_covering,1,cover=None
15,P2_unread_cc,MSG0001004,message_exists,1,
15,P2_unread_cc,MSG0001004,is_cc,1,
15,P2_unread_cc,MSG0001004,no_access_event,1,accesses=0
15,P2_unread_cc,MSG0001007,message_exists,1,
15,P2_unread_cc,MSG0001007,is_cc,1,
15,P2_unread_cc,MSG0001007,no_access_event,1,accesses=0
15,P2_unread_cc,MSG0001008,message_exists,1,
15,P2_unread_cc,MSG0001008,is_cc,1,
15,P2_unread_cc,MSG0001008,no_access_event,1,accesses=0
15,P2_unread_cc,MSG0001009,message_exists,1,
15,P2_unread_cc,MSG0001009,is_cc,1,
15,P2_unread_cc,MSG0001009,no_access_event,1,accesses=0
15,P2_unread_cc,MSG0001010,message_exists,1,
15,P2_unread_cc,MSG0001010,is_cc,1,
15,P2_unread_cc,MSG0001010,no_access_event,1,accesses=0
15,P2_unread_cc,MSG0001013,message_exists,1,
15,P2_unread_cc,MSG0001013,is_cc,1,
15,P2_unread_cc,MSG0001013,no_access_event,1,accesses=0
15,P2_unread_cc,MSG0001014,message_exists,1,
15,P2_unread_cc,MSG0001014,is_cc,1,
15,P2_unread_cc,MSG0001014,no_access_event,1,accesses=0
15,P2_unread_cc,MSG0001072,message_exists,1,
15,P2_unread_cc,MSG0001072,is_cc,1,
15,P2_unread_cc,MSG0001072,no_access_event,1,accesses=0
15,P2_unread_cc,MSG0001085,message_exists,1,
15,P2_unread_cc,MSG0001085,is_cc,1,
15,P2_unread_cc,MSG0001085,no_access_event,1,accesses=0
15,P2_unread_cc,MSG0001087,message_exists,1,
15,P2_unread_cc,MSG0001087,is_cc,1,
15,P2_unread_cc,MSG0001087,no_access_event,1,accesses=0
15,P2_unread_cc,MSG0001088,message_exists,1,
15,P2_unread_cc,MSG0001088,is_cc,1,
15,P2_unread_cc,MSG0001088,no_access_event,1,accesses=0
15,P8_nonclinical_misrouted,MSG0001123,message_exists,1,
15,P8_nonclinical_misrouted,MSG0001123,nonclinical_category,1,category=billing_question
15,P8_nonclinical_misrouted,MSG0001123,reaches_provider,1,provider_forwards=1
15,P2_unread_cc,MSG0001160,message_exists,1,
15,P2_unread_cc,MSG0001160,is_cc,1,
15,P2_unread_cc,MSG0001160,no_access_event,1,accesses=0
15,P2_unread_cc,MSG0001164,message_exists,1,
15,P2_unread_cc,MSG0001164,is_cc,1,
15,P2_unread_cc,MSG0001164,no_access_event,1,accesses=0
15,P8_nonclinical_misrouted,MSG0001279,message_exists,1,
15,P8_nonclinical_misrouted,MSG0001279,nonclinical_category,1,category=appointment_request
15,P8_nonclinical_misrouted,MSG0001279,reaches_provider,1,provider_forwards=1
15,P4_result_misrouted,MSG0001301,message_exists,1,
15,P4_result_misrouted,MSG0001301,is_result,1,
15,P4_result_misrouted,MSG0001301,recipient_not_ordering,1,
15,P4_result_misrouted,MSG0001301,recipient_not_covering,1,cover=None
15,P2_unread_cc,MSG0001323,message_exists,1,
15,P2_unread_cc,MSG0001323,is_cc,1,
15,P2_unread_cc,MSG0001323,no_access_event,1,accesses=0
15,P2_unread_cc,MSG0001326,message_exists,1,
15,P2_unread_cc,MSG0001326,is_cc,1,
15,P2_unread_cc,MSG0001326,no_access_event,1,accesses=0
15,P2_unread_cc,MSG0001328,message_exists,1,
15,P2_unread_cc,MSG0001328,is_cc,1,
15,P2_unread_cc,MSG0001328,no_access_event,1,accesses=0
15,P2_unread_cc,MSG0001330,message_exists,1,
15,P2_unread_cc,MSG0001330,is_cc,1,
15,P2_unread_cc,MSG0001330,no_access_event,1,accesses=0
15,P2_unread_cc,MSG0001334,message_exists,1,
15,P2_unread_cc,MSG0001334,is_cc,1,
15,P2_unread_cc,MSG0001334,no_access_event,1,accesses=0
15,P4_result_misrouted,MSG0001376,message_exists,1,
15,P4_result_misrouted,MSG0001376,is_result,1,
15,P4_result_misrouted,MSG0001376,recipient_not_ordering,1,
15,P4_result_misrouted,MSG0001376,recipient_not_covering,1,cover=None
15,P2_unread_cc,MSG0001402,message_exists,1,
15,P2_unread_cc,MSG0001402,is_cc,1,
15,P2_unread_cc,MSG0001402,no_access_event,1,accesses=0
15,P2_unread_cc,MSG0001406,message_exists,1,
15,P2_unread_cc,MSG0001406,is_cc,1,
15,P2_unread_cc,MSG0001406,no_access_event,1,accesses=0
15,P2_unread_cc,MSG0001407,message_exists,1,
15,P2_unread_cc,MSG0001407,is_cc,1,
15,P2_unread_cc,MSG0001407,no_access_event,1,accesses=0
15,P2_unread_cc,MSG0001409,message_exists,1,
15,P2_unread_cc,MSG0001409,is_cc,1,
15,P2_unread_cc,MSG0001409,no_access_event,1,accesses=0
15,P2_unread_cc,MSG0001411,message_exists,1,
15,P2_unread_cc,MSG0001411,is_cc,1,
15,P2_unread_cc,MSG0001411,no_access_event,1,accesses=0
15,P7_pingpong,MSG0001456,message_exists,1,
15,P7_pingpong,MSG0001456,at_least_two_staff_to_provider_forwards,1,staff_to_provider=2
15,P7_pingpong,MSG0001456,at_least_two_provider_to_staff_forwards,1,provider_to_staff=2
15,P7_pingpong,MSG0001456,two_or_more_round_trips,1,roundtrips=2
15,P2_unread_cc,MSG0001482,message_exists,1,
15,P2_unread_cc,MSG0001482,is_cc,1,
15,P2_unread_cc,MSG0001482,no_access_event,1,accesses=0
15,P2_unread_cc,MSG0001483,message_exists,1,
15,P2_unread_cc,MSG0001483,is_cc,1,
15,P2_unread_cc,MSG0001483,no_access_event,1,accesses=0
15,P2_unread_cc,MSG0001484,message_exists,1,
15,P2_unread_cc,MSG0001484,is_cc,1,
15,P2_unread_cc,MSG0001484,no_access_event,1,accesses=0
15,P2_unread_cc,MSG0001565,message_exists,1,
15,P2_unread_cc,MSG0001565,is_cc,1,
15,P2_unread_cc,MSG0001565,no_access_event,1,accesses=0
15,P4_result_misrouted,MSG0001605,message_exists,1,
15,P4_result_misrouted,MSG0001605,is_result,1,
15,P4_result_misrouted,MSG0001605,recipient_not_ordering,1,
15,P4_result_misrouted,MSG0001605,recipient_not_covering,1,cover=None
15,P4_result_misrouted,MSG0001615,message_exists,1,
15,P4_result_misrouted,MSG0001615,is_result,1,
15,P4_result_misrouted,MSG0001615,recipient_not_ordering,1,
15,P4_result_misrouted,MSG0001615,recipient_not_covering,1,cover=None
15,P2_unread_cc,MSG0001639,message_exists,1,
15,P2_unread_cc,MSG0001639,is_cc,1,
15,P2_unread_cc,MSG0001639,no_access_event,1,accesses=0
15,P2_unread_cc,MSG0001643,message_exists,1,
15,P2_unread_cc,MSG0001643,is_cc,1,
15,P2_unread_cc,MSG0001643,no_access_event,1,accesses=0
15,P3_extended_thread,THR0001576,thread_exists,1,
15,P3_extended_thread,THR0001576,three_or_more_patient_incoming,1,incoming=3
15,P3_extended_thread,THR0001576,four_or_more_message_exchanges,1,in+out=6
15,P3_extended_thread,THR0001576,spans_at_least_3_days,1,span_days=5.58
15,P3_extended_thread,THR0001576,no_visit_between,1,intervening_visits=0
15,P2_unread_cc,MSG0001714,message_exists,1,
15,P2_unread_cc,MSG0001714,is_cc,1,
15,P2_unread_cc,MSG0001714,no_access_event,1,accesses=0
15,P2_unread_cc,MSG0001717,message_exists,1,
15,P2_unread_cc,MSG0001717,is_cc,1,
15,P2_unread_cc,MSG0001717,no_access_event,1,accesses=0
15,P2_unread_cc,MSG0001803,message_exists,1,
15,P2_unread_cc,MSG0001803,is_cc,1,
15,P2_unread_cc,MSG0001803,no_access_event,1,accesses=0
15,P2_unread_cc,MSG0001804,message_exists,1,
15,P2_unread_cc,MSG0001804,is_cc,1,
15,P2_unread_cc,MSG0001804,no_access_event,1,accesses=0
15,P2_unread_cc,MSG0001810,message_exists,1,
15,P2_unread_cc,MSG0001810,is_cc,1,
15,P2_unread_cc,MSG0001810,no_access_event,1,accesses=0
15,P1_thank_you,MSG0001841,message_exists,1,
15,P1_thank_you,MSG0001841,patient_originated_portal_message,1,
15,P1_thank_you,MSG0001841,is_reply_to_prior_outbound,1,
15,P1_thank_you,MSG0001841,thread_ending,1,later_messages=0
15,P1_thank_you,MSG0001841,accessed_and_completed,1,
15,P2_unread_cc,MSG0001895,message_exists,1,
15,P2_unread_cc,MSG0001895,is_cc,1,
15,P2_unread_cc,MSG0001895,no_access_event,1,accesses=0
15,P2_unread_cc,MSG0001897,message_exists,1,
15,P2_unread_cc,MSG0001897,is_cc,1,
15,P2_unread_cc,MSG0001897,no_access_event,1,accesses=0
15,P2_unread_cc,MSG0001898,message_exists,1,
15,P2_unread_cc,MSG0001898,is_cc,1,
15,P2_unread_cc,MSG0001898,no_access_event,1,accesses=0
15,P3_extended_thread,THR0001828,thread_exists,1,
15,P3_extended_thread,THR0001828,three_or_more_patient_incoming,1,incoming=3
15,P3_extended_thread,THR0001828,four_or_more_message_exchanges,1,in+out=7
15,P3_extended_thread,THR0001828,spans_at_least_3_days,1,span_days=8.61
15,P3_extended_thread,THR0001828,no_visit_between,1,intervening_visits=0
15,P4_result_misrouted,MSG0001969,message_exists,1,
15,P4_result_misrouted,MSG0001969,is_result,1,
15,P4_result_misrouted,MSG0001969,recipient_not_ordering,1,
15,P4_result_misrouted,MSG0001969,recipient_not_covering,1,cover=None
15,P2_unread_cc,MSG0001988,message_exists,1,
15,P2_unread_cc,MSG0001988,is_cc,1,
15,P2_unread_cc,MSG0001988,no_access_event,1,accesses=0
15,P2_unread_cc,MSG0001989,message_exists,1,
15,P2_unread_cc,MSG0001989,is_cc,1,
15,P2_unread_cc,MSG0001989,no_access_event,1,accesses=0
15,P2_unread_cc,MSG0001991,message_exists,1,
15,P2_unread_cc,MSG0001991,is_cc,1,
15,P2_unread_cc,MSG0001991,no_access_event,1,accesses=0
15,P2_unread_cc,MSG0001994,message_exists,1,
15,P2_unread_cc,MSG0001994,is_cc,1,
15,P2_unread_cc,MSG0001994,no_access_event,1,accesses=0
15,P8_nonclinical_misrouted,MSG0002024,message_exists,1,
15,P8_nonclinical_misrouted,MSG0002024,nonclinical_category,1,category=cancellation
15,P8_nonclinical_misrouted,MSG0002024,reaches_provider,1,provider_forwards=1
15,P2_unread_cc,MSG0002059,message_exists,1,
15,P2_unread_cc,MSG0002059,is_cc,1,
15,P2_unread_cc,MSG0002059,no_access_event,1,accesses=0
15,P2_unread_cc,MSG0002063,message_exists,1,
15,P2_unread_cc,MSG0002063,is_cc,1,
15,P2_unread_cc,MSG0002063,no_access_event,1,accesses=0
15,P2_unread_cc,MSG0002131,message_exists,1,
15,P2_unread_cc,MSG0002131,is_cc,1,
15,P2_unread_cc,MSG0002131,no_access_event,1,accesses=0
15,P2_unread_cc,MSG0002132,message_exists,1,
15,P2_unread_cc,MSG0002132,is_cc,1,
15,P2_unread_cc,MSG0002132,no_access_event,1,accesses=0
15,P2_unread_cc,MSG0002134,message_exists,1,
15,P2_unread_cc,MSG0002134,is_cc,1,
15,P2_unread_cc,MSG0002134,no_access_event,1,accesses=0
15,P2_unread_cc,MSG0002136,message_exists,1,
15,P2_unread_cc,MSG0002136,is_cc,1,
15,P2_unread_cc,MSG0002136,no_access_event,1,accesses=0
15,P2_unread_cc,MSG0002137,message_exists,1,
15,P2_unread_cc,MSG0002137,is_cc,1,
15,P2_unread_cc,MSG0002137,no_access_event,1,accesses=0
15,P2_unread_cc,MSG0002140,message_exists,1,
15,P2_unread_cc,MSG0002140,is_cc,1,
15,P2_unread_cc,MSG0002140,no_access_event,1,accesses=0
15,P2_unread_cc,MSG0002141,message_exists,1,
15,P2_unread_cc,MSG0002141,is_cc,1,
15,P2_unread_cc,MSG0002141,no_access_event,1,accesses=0
15,P8_nonclinical_misrouted,MSG0002174,message_exists,1,
15,P8_nonclinical_misrouted,MSG0002174,nonclinical_category,1,category=cancellation
15,P8_nonclinical_misrouted,MSG0002174,reaches_provider,1,provider_forwards=1
15,P2_unread_cc,MSG0002204,message_exists,1,
15,P2_unread_cc,MSG0002204,is_cc,1,
15,P2_unread_cc,MSG0002204,no_access_event,1,accesses=0
15,P2_unread_cc,MSG0002205,message_exists,1,
15,P2_unread_cc,MSG0002205,is_cc,1,
15,P2_unread_cc,MSG0002205,no_access_event,1,accesses=0
15,P2_unread_cc,MSG0002209,message_exists,1,
15,P2_unread_cc,MSG0002209,is_cc,1,
15,P2_unread_cc,MSG0002209,no_access_event,1,accesses=0
15,P4_result_misrouted,MSG0002276,message_exists,1,
15,P4_result_misrouted,MSG0002276,is_result,1,
15,P4_result_misrouted,MSG0002276,recipient_not_ordering,1,
15,P4_result_misrouted,MSG0002276,recipient_not_covering,1,cover=None
15,P2_unread_cc,MSG0002301,message_exists,1,
15,P2_unread_cc,MSG0002301,is_cc,1,
15,P2_unread_cc,MSG0002301,no_access_event,1,accesses=0
15,P2_unread_cc,MSG0002302,message_exists,1,
15,P2_unread_cc,MSG0002302,is_cc,1,
15,P2_unread_cc,MSG0002302,no_access_event,1,accesses=0
15,P8_nonclinical_misrouted,MSG0002343,message_exists,1,
15,P8_nonclinical_misrouted,MSG0002343,nonclinical_category,1,category=cancellation
15,P8_nonclinical_misrouted,MSG0002343,reaches_provider,1,provider_forwards=1
15,P8_nonclinical_misrouted,MSG0002346,message_exists,1,
15,P8_nonclinical_misrouted,MSG0002346,nonclinical_category,1,category=cancellation
15,P8_nonclinical_misrouted,MSG0002346,reaches_provider,1,provider_forwards=1
15,P4_result_misrouted,MSG0002360,message_exists,1,
15,P4_result_misrouted,MSG0002360,is_result,1,
15,P4_result_misrouted,MSG0002360,recipient_not_ordering,1,
15,P4_result_misrouted,MSG0002360,recipient_not_covering,1,cover=None
15,P4_result_misrouted,MSG0002369,message_exists,1,
15,P4_result_misrouted,MSG0002369,is_result,1,
15,P4_result_misrouted,MSG0002369,recipient_not_ordering,1,
15,P4_result_misrouted,MSG0002369,recipient_not_covering,1,cover=None
15,P2_unread_cc,MSG0002391,message_exists,1,
15,P2_unread_cc,MSG0002391,is_cc,1,
15,P2_unread_cc,MSG0002391,no_access_event,1,accesses=0
15,P2_unread_cc,MSG0002392,message_exists,1,
15,P2_unread_cc,MSG0002392,is_cc,1,
15,P2_unread_cc,MSG0002392,no_access_event,1,accesses=0
15,P2_unread_cc,MSG0002396,message_exists,1,
15,P2_unread_cc,MSG0002396,is_cc,1,
15,P2_unread_cc,MSG0002396,no_access_event,1,accesses=0
15,P4_result_misrouted,MSG0002575,message_exists,1,
15,P4_result_misrouted,MSG0002575,is_result,1,
15,P4_result_misrouted,MSG0002575,recipient_not_ordering,1,
15,P4_result_misrouted,MSG0002575,recipient_not_covering,1,cover=None
15,P8_nonclinical_misrouted,MSG0002619,message_exists,1,
15,P8_nonclinical_misrouted,MSG0002619,nonclinical_category,1,category=billing_question
15,P8_nonclinical_misrouted,MSG0002619,reaches_provider,1,provider_forwards=1
15,P2_unread_cc,MSG0002652,message_exists,1,
15,P2_unread_cc,MSG0002652,is_cc,1,
15,P2_unread_cc,MSG0002652,no_access_event,1,accesses=0
15,P2_unread_cc,MSG0002655,message_exists,1,
15,P2_unread_cc,MSG0002655,is_cc,1,
15,P2_unread_cc,MSG0002655,no_access_event,1,accesses=0
15,P2_unread_cc,MSG0002737,message_exists,1,
15,P2_unread_cc,MSG0002737,is_cc,1,
15,P2_unread_cc,MSG0002737,no_access_event,1,accesses=0
15,P2_unread_cc,MSG0002740,message_exists,1,
15,P2_unread_cc,MSG0002740,is_cc,1,
15,P2_unread_cc,MSG0002740,no_access_event,1,accesses=0
15,P2_unread_cc,MSG0002742,message_exists,1,
15,P2_unread_cc,MSG0002742,is_cc,1,
15,P2_unread_cc,MSG0002742,no_access_event,1,accesses=0
15,P2_unread_cc,MSG0002745,message_exists,1,
15,P2_unread_cc,MSG0002745,is_cc,1,
15,P2_unread_cc,MSG0002745,no_access_event,1,accesses=0
15,P4_result_misrouted,MSG0002808,message_exists,1,
15,P4_result_misrouted,MSG0002808,is_result,1,
15,P4_result_misrouted,MSG0002808,recipient_not_ordering,1,
15,P4_result_misrouted,MSG0002808,recipient_not_covering,1,cover=None
15,P4_result_misrouted,MSG0002811,message_exists,1,
15,P4_result_misrouted,MSG0002811,is_result,1,
15,P4_result_misrouted,MSG0002811,recipient_not_ordering,1,
15,P4_result_misrouted,MSG0002811,recipient_not_covering,1,cover=None
15,P2_unread_cc,MSG0002833,message_exists,1,
15,P2_unread_cc,MSG0002833,is_cc,1,
15,P2_unread_cc,MSG0002833,no_access_event,1,accesses=0
15,P2_unread_cc,MSG0002835,message_exists,1,
15,P2_unread_cc,MSG0002835,is_cc,1,
15,P2_unread_cc,MSG0002835,no_access_event,1,accesses=0
15,P2_unread_cc,MSG0002836,message_exists,1,
15,P2_unread_cc,MSG0002836,is_cc,1,
15,P2_unread_cc,MSG0002836,no_access_event,1,accesses=0
15,P2_unread_cc,MSG0002837,message_exists,1,
15,P2_unread_cc,MSG0002837,is_cc,1,
15,P2_unread_cc,MSG0002837,no_access_event,1,accesses=0
15,P2_unread_cc,MSG0002916,message_exists,1,
15,P2_unread_cc,MSG0002916,is_cc,1,
15,P2_unread_cc,MSG0002916,no_access_event,1,accesses=0
15,P2_unread_cc,MSG0002918,message_exists,1,
15,P2_unread_cc,MSG0002918,is_cc,1,
15,P2_unread_cc,MSG0002918,no_access_event,1,accesses=0
15,P2_unread_cc,MSG0002977,message_exists,1,
15,P2_unread_cc,MSG0002977,is_cc,1,
15,P2_unread_cc,MSG0002977,no_access_event,1,accesses=0
15,P2_unread_cc,MSG0003039,message_exists,1,
15,P2_unread_cc,MSG0003039,is_cc,1,
15,P2_unread_cc,MSG0003039,no_access_event,1,accesses=0
15,P2_unread_cc,MSG0003041,message_exists,1,
15,P2_unread_cc,MSG0003041,is_cc,1,
15,P2_unread_cc,MSG0003041,no_access_event,1,accesses=0
15,P2_unread_cc,MSG0003043,message_exists,1,
15,P2_unread_cc,MSG0003043,is_cc,1,
15,P2_unread_cc,MSG0003043,no_access_event,1,accesses=0
15,P2_unread_cc,MSG0003046,message_exists,1,
15,P2_unread_cc,MSG0003046,is_cc,1,
15,P2_unread_cc,MSG0003046,no_access_event,1,accesses=0
15,P2_unread_cc,MSG0003120,message_exists,1,
15,P2_unread_cc,MSG0003120,is_cc,1,
15,P2_unread_cc,MSG0003120,no_access_event,1,accesses=0
15,P4_result_misrouted,MSG0003305,message_exists,1,
15,P4_result_misrouted,MSG0003305,is_result,1,
15,P4_result_misrouted,MSG0003305,recipient_not_ordering,1,
15,P4_result_misrouted,MSG0003305,recipient_not_covering,1,cover=None
15,P2_unread_cc,MSG0003330,message_exists,1,
15,P2_unread_cc,MSG0003330,is_cc,1,
15,P2_unread_cc,MSG0003330,no_access_event,1,accesses=0
15,P2_unread_cc,MSG0003332,message_exists,1,
15,P2_unread_cc,MSG0003332,is_cc,1,
15,P2_unread_cc,MSG0003332,no_access_event,1,accesses=0
15,P2_unread_cc,MSG0003417,message_exists,1,
15,P2_unread_cc,MSG0003417,is_cc,1,
15,P2_unread_cc,MSG0003417,no_access_event,1,accesses=0
15,P2_unread_cc,MSG0003419,message_exists,1,
15,P2_unread_cc,MSG0003419,is_cc,1,
15,P2_unread_cc,MSG0003419,no_access_event,1,accesses=0
15,P2_unread_cc,MSG0003420,message_exists,1,
15,P2_unread_cc,MSG0003420,is_cc,1,
15,P2_unread_cc,MSG0003420,no_access_event,1,accesses=0
15,P1_thank_you,MSG0003456,message_exists,1,
15,P1_thank_you,MSG0003456,patient_originated_portal_message,1,
15,P1_thank_you,MSG0003456,is_reply_to_prior_outbound,1,
15,P1_thank_you,MSG0003456,thread_ending,1,later_messages=0
15,P1_thank_you,MSG0003456,accessed_and_completed,1,
15,P8_nonclinical_misrouted,MSG0003457,message_exists,1,
15,P8_nonclinical_misrouted,MSG0003457,nonclinical_category,1,category=appointment_request
15,P8_nonclinical_misrouted,MSG0003457,reaches_provider,1,provider_forwards=1
15,P8_nonclinical_misrouted,MSG0003461,message_exists,1,
15,P8_nonclinical_misrouted,MSG0003461,nonclinical_category,1,category=billing_question
15,P8_nonclinical_misrouted,MSG0003461,reaches_provider,1,provider_forwards=1
15,P2_unread_cc,MSG0003490,message_exists,1,
15,P2_unread_cc,MSG0003490,is_cc,1,
15,P2_unread_cc,MSG0003490,no_access_event,1,accesses=0
15,P2_unread_cc,MSG0003493,message_exists,1,
15,P2_unread_cc,MSG0003493,is_cc,1,
15,P2_unread_cc,MSG0003493,no_access_event,1,accesses=0
15,P2_unread_cc,MSG0003494,message_exists,1,
15,P2_unread_cc,MSG0003494,is_cc,1,
15,P2_unread_cc,MSG0003494,no_access_event,1,accesses=0
15,P2_unread_cc,MSG0003500,message_exists,1,
15,P2_unread_cc,MSG0003500,is_cc,1,
15,P2_unread_cc,MSG0003500,no_access_event,1,accesses=0
15,P4_result_misrouted,MSG0003551,message_exists,1,
15,P4_result_misrouted,MSG0003551,is_result,1,
15,P4_result_misrouted,MSG0003551,recipient_not_ordering,1,
15,P4_result_misrouted,MSG0003551,recipient_not_covering,1,cover=None
15,P2_unread_cc,MSG0003571,message_exists,1,
15,P2_unread_cc,MSG0003571,is_cc,1,
15,P2_unread_cc,MSG0003571,no_access_event,1,accesses=0
15,P2_unread_cc,MSG0003573,message_exists,1,
15,P2_unread_cc,MSG0003573,is_cc,1,
15,P2_unread_cc,MSG0003573,no_access_event,1,accesses=0
15,P8_nonclinical_misrouted,MSG0003609,message_exists,1,
15,P8_nonclinical_misrouted,MSG0003609,nonclinical_category,1,category=appointment_request
15,P8_nonclinical_misrouted,MSG0003609,reaches_provider,1,provider_forwards=1
15,P1_thank_you,MSG0003611,message_exists,1,
15,P1_thank_you,MSG0003611,patient_originated_portal_message,1,
15,P1_thank_you,MSG0003611,is_reply_to_prior_outbound,1,
15,P1_thank_you,MSG0003611,thread_ending,1,later_messages=0
15,P1_thank_you,MSG0003611,accessed_and_completed,1,
15,P2_unread_cc,MSG0003651,message_exists,1,
15,P2_unread_cc,MSG0003651,is_cc,1,
15,P2_unread_cc,MSG0003651,no_access_event,1,accesses=0
15,P2_unread_cc,MSG0003657,message_exists,1,
15,P2_unread_cc,MSG0003657,is_cc,1,
15,P2_unread_cc,MSG0003657,no_access_event,1,accesses=0
15,P2_unread_cc,MSG0003659,message_exists,1,
15,P2_unread_cc,MSG0003659,is_cc,1,
15,P2_unread_cc,MSG0003659,no_access_event,1,accesses=0
15,P4_result_misrouted,MSG0003702,message_exists,1,
15,P4_result_misrouted,MSG0003702,is_result,1,
15,P4_result_misrouted,MSG0003702,recipient_not_ordering,1,
15,P4_result_misrouted,MSG0003702,recipient_not_covering,1,cover=None
15,P2_unread_cc,MSG0003725,message_exists,1,
15,P2_unread_cc,MSG0003725,is_cc,1,
15,P2_unread_cc,MSG0003725,no_access_event,1,accesses=0
15,P2_unread_cc,MSG0003727,message_exists,1,
15,P2_unread_cc,MSG0003727,is_cc,1,
15,P2_unread_cc,MSG0003727,no_access_event,1,accesses=0
15,P8_nonclinical_misrouted,MSG0003817,message_exists,1,
15,P8_nonclinical_misrouted,MSG0003817,nonclinical_category,1,category=cancellation
15,P8_nonclinical_misrouted,MSG0003817,reaches_provider,1,provider_forwards=1
15,P4_result_misrouted,MSG0003881,message_exists,1,
15,P4_result_misrouted,MSG0003881,is_result,1,
15,P4_result_misrouted,MSG0003881,recipient_not_ordering,1,
15,P4_result_misrouted,MSG0003881,recipient_not_covering,1,cover=None
15,P2_unread_cc,MSG0003905,message_exists,1,
15,P2_unread_cc,MSG0003905,is_cc,1,
15,P2_unread_cc,MSG0003905,no_access_event,1,accesses=0
15,P2_unread_cc,MSG0003912,message_exists,1,
15,P2_unread_cc,MSG0003912,is_cc,1,
15,P2_unread_cc,MSG0003912,no_access_event,1,accesses=0
15,P2_unread_cc,MSG0003991,message_exists,1,
15,P2_unread_cc,MSG0003991,is_cc,1,
15,P2_unread_cc,MSG0003991,no_access_event,1,accesses=0
15,P2_unread_cc,MSG0003994,message_exists,1,
15,P2_unread_cc,MSG0003994,is_cc,1,
15,P2_unread_cc,MSG0003994,no_access_event,1,accesses=0
15,P2_unread_cc,MSG0004073,message_exists,1,
15,P2_unread_cc,MSG0004073,is_cc,1,
15,P2_unread_cc,MSG0004073,no_access_event,1,accesses=0
15,P1_thank_you,MSG0004119,message_exists,1,
15,P1_thank_you,MSG0004119,patient_originated_portal_message,1,
15,P1_thank_you,MSG0004119,is_reply_to_prior_outbound,1,
15,P1_thank_you,MSG0004119,thread_ending,1,later_messages=0
15,P1_thank_you,MSG0004119,accessed_and_completed,1,
15,P2_unread_cc,MSG0004154,message_exists,1,
15,P2_unread_cc,MSG0004154,is_cc,1,
15,P2_unread_cc,MSG0004154,no_access_event,1,accesses=0
15,P2_unread_cc,MSG0004157,message_exists,1,
15,P2_unread_cc,MSG0004157,is_cc,1,
15,P2_unread_cc,MSG0004157,no_access_event,1,accesses=0
15,P2_unread_cc,MSG0004158,message_exists,1,
15,P2_unread_cc,MSG0004158,is_cc,1,
15,P2_unread_cc,MSG0004158,no_access_event,1,accesses=0
15,P2_unread_cc,MSG0004163,message_exists,1,
15,P2_unread_cc,MSG0004163,is_cc,1,
15,P2_unread_cc,MSG0004163,no_access_event,1,accesses=0
15,P2_unread_cc,MSG0004256,message_exists,1,
15,P2_unread_cc,MSG0004256,is_cc,1,
15,P2_unread_cc,MSG0004256,no_access_event,1,accesses=0
15,P2_unread_cc,MSG0004319,message_exists,1,
15,P2_unread_cc,MSG0004319,is_cc,1,
15,P2_unread_cc,MSG0004319,no_access_event,1,accesses=0
15,P4_result_misrouted,MSG0004373,message_exists,1,
15,P4_result_misrouted,MSG0004373,is_result,1,
15,P4_result_misrouted,MSG0004373,recipient_not_ordering,1,
15,P4_result_misrouted,MSG0004373,recipient_not_covering,1,cover=None
15,P2_unread_cc,MSG0004396,message_exists,1,
15,P2_unread_cc,MSG0004396,is_cc,1,
15,P2_unread_cc,MSG0004396,no_access_event,1,accesses=0
15,P2_unread_cc,MSG0004408,message_exists,1,
15,P2_unread_cc,MSG0004408,is_cc,1,
15,P2_unread_cc,MSG0004408,no_access_event,1,accesses=0
15,P2_unread_cc,MSG0004486,message_exists,1,
15,P2_unread_cc,MSG0004486,is_cc,1,
15,P2_unread_cc,MSG0004486,no_access_event,1,accesses=0
15,P2_unread_cc,MSG0004488,message_exists,1,
15,P2_unread_cc,MSG0004488,is_cc,1,
15,P2_unread_cc,MSG0004488,no_access_event,1,accesses=0
15,P2_unread_cc,MSG0004491,message_exists,1,
15,P2_unread_cc,MSG0004491,is_cc,1,
15,P2_unread_cc,MSG0004491,no_access_event,1,accesses=0
15,P4_result_misrouted,MSG0004534,message_exists,1,
15,P4_result_misrouted,MSG0004534,is_result,1,
15,P4_result_misrouted,MSG0004534,recipient_not_ordering,1,
15,P4_result_misrouted,MSG0004534,recipient_not_covering,1,cover=None
15,P2_unread_cc,MSG0004548,message_exists,1,
15,P2_unread_cc,MSG0004548,is_cc,1,
15,P2_unread_cc,MSG0004548,no_access_event,1,accesses=0
15,P3_extended_thread,THR0004354,thread_exists,1,
15,P3_extended_thread,THR0004354,three_or_more_patient_incoming,1,incoming=3
15,P3_extended_thread,THR0004354,four_or_more_message_exchanges,1,in+out=6
15,P3_extended_thread,THR0004354,spans_at_least_3_days,1,span_days=10.99
15,P3_extended_thread,THR0004354,no_visit_between,1,intervening_visits=0
15,P4_result_misrouted,MSG0004617,message_exists,1,
15,P4_result_misrouted,MSG0004617,is_result,1,
15,P4_result_misrouted,MSG0004617,recipient_not_ordering,1,
15,P4_result_misrouted,MSG0004617,recipient_not_covering,1,cover=None
15,P2_unread_cc,MSG0004649,message_exists,1,
15,P2_unread_cc,MSG0004649,is_cc,1,
15,P2_unread_cc,MSG0004649,no_access_event,1,accesses=0
15,P2_unread_cc,MSG0004651,message_exists,1,
15,P2_unread_cc,MSG0004651,is_cc,1,
15,P2_unread_cc,MSG0004651,no_access_event,1,accesses=0
15,P2_unread_cc,MSG0004652,message_exists,1,
15,P2_unread_cc,MSG0004652,is_cc,1,
15,P2_unread_cc,MSG0004652,no_access_event,1,accesses=0
15,P2_unread_cc,MSG0004654,message_exists,1,
15,P2_unread_cc,MSG0004654,is_cc,1,
15,P2_unread_cc,MSG0004654,no_access_event,1,accesses=0
15,P2_unread_cc,MSG0004720,message_exists,1,
15,P2_unread_cc,MSG0004720,is_cc,1,
15,P2_unread_cc,MSG0004720,no_access_event,1,accesses=0
15,P4_result_misrouted,MSG0004772,message_exists,1,
15,P4_result_misrouted,MSG0004772,is_result,1,
15,P4_result_misrouted,MSG0004772,recipient_not_ordering,1,
15,P4_result_misrouted,MSG0004772,recipient_not_covering,1,cover=None
15,P4_result_misrouted,MSG0004777,message_exists,1,
15,P4_result_misrouted,MSG0004777,is_result,1,
15,P4_result_misrouted,MSG0004777,recipient_not_ordering,1,
15,P4_result_misrouted,MSG0004777,recipient_not_covering,1,cover=None
15,P2_unread_cc,MSG0004852,message_exists,1,
15,P2_unread_cc,MSG0004852,is_cc,1,
15,P2_unread_cc,MSG0004852,no_access_event,1,accesses=0
15,P2_unread_cc,MSG0004923,message_exists,1,
15,P2_unread_cc,MSG0004923,is_cc,1,
15,P2_unread_cc,MSG0004923,no_access_event,1,accesses=0
15,P3_extended_thread,THR0004694,thread_exists,1,
15,P3_extended_thread,THR0004694,three_or_more_patient_incoming,1,incoming=3
15,P3_extended_thread,THR0004694,four_or_more_message_exchanges,1,in+out=7
15,P3_extended_thread,THR0004694,spans_at_least_3_days,1,span_days=10.91
15,P3_extended_thread,THR0004694,no_visit_between,1,intervening_visits=0
15,P8_nonclinical_misrouted,MSG0004961,message_exists,1,
15,P8_nonclinical_misrouted,MSG0004961,nonclinical_category,1,category=billing_question
15,P8_nonclinical_misrouted,MSG0004961,reaches_provider,1,provider_forwards=1
15,P4_result_misrouted,MSG0004966,message_exists,1,
15,P4_result_misrouted,MSG0004966,is_result,1,
15,P4_result_misrouted,MSG0004966,recipient_not_ordering,1,
15,P4_result_misrouted,MSG0004966,recipient_not_covering,1,cover=None
15,P2_unread_cc,MSG0004995,message_exists,1,
15,P2_unread_cc,MSG0004995,is_cc,1,
15,P2_unread_cc,MSG0004995,no_access_event,1,accesses=0
15,P2_unread_cc,MSG0004996,message_exists,1,
15,P2_unread_cc,MSG0004996,is_cc,1,
15,P2_unread_cc,MSG0004996,no_access_event,1,accesses=0
15,P2_unread_cc,MSG0004999,message_exists,1,
15,P2_unread_cc,MSG0004999,is_cc,1,
15,P2_unread_cc,MSG0004999,no_access_event,1,accesses=0
16,P1_thank_you,MSG0000008,message_exists,1,
16,P1_thank_you,MSG0000008,patient_originated_portal_message,1,
16,P1_thank_you,MSG0000008,is_reply_to_prior_outbound,1,
16,P1_thank_you,MSG0000008,thread_ending,1,later_messages=0
16,P1_thank_you,MSG0000008,accessed_and_completed,1,
16,P3_extended_thread,THR0000003,thread_exists,1,
16,P3_extended_thread,THR0000003,three_or_more_patient_incoming,1,incoming=3
16,P3_extended_thread,THR0000003,four_or_more_message_exchanges,1,in+out=6
16,P3_extended_thread,THR0000003,spans_at_least_3_days,1,span_days=7.90
16,P3_extended_thread,THR0000003,no_visit_between,1,intervening_visits=0
16,P4_result_misrouted,MSG0000018,message_exists,1,
16,P4_result_misrouted,MSG0000018,is_result,1,
16,P4_result_misrouted,MSG0000018,recipient_not_ordering,1,
16,P4_result_misrouted,MSG0000018,recipient_not_covering,1,cover=None
16,P2_unread_cc,MSG0000054,message_exists,1,
16,P2_unread_cc,MSG0000054,is_cc,1,
16,P2_unread_cc,MSG0000054,no_access_event,1,accesses=0
16,P2_unread_cc,MSG0000055,message_exists,1,
16,P2_unread_cc,MSG0000055,is_cc,1,
16,P2_unread_cc,MSG0000055,no_access_event,1,accesses=0
16,P8_nonclinical_misrouted,MSG0000091,message_exists,1,
16,P8_nonclinical_misrouted,MSG0000091,nonclinical_category,1,category=appointment_request
16,P8_nonclinical_misrouted,MSG0000091,reaches_provider,1,provider_forwards=1
16,P1_thank_you,MSG0000093,message_exists,1,
16,P1_thank_you,MSG0000093,patient_originated_portal_message,1,
16,P1_thank_you,MSG0000093,is_reply_to_prior_outbound,1,
16,P1_thank_you,MSG0000093,thread_ending,1,later_messages=0
16,P1_thank_you,MSG0000093,accessed_and_completed,1,
16,P2_unread_cc,MSG0000138,message_exists,1,
16,P2_unread_cc,MSG0000138,is_cc,1,
16,P2_unread_cc,MSG0000138,no_access_event,1,accesses=0
16,P2_unread_cc,MSG0000139,message_exists,1,
16,P2_unread_cc,MSG0000139,is_cc,1,
16,P2_unread_cc,MSG0000139,no_access_event,1,accesses=0
16,P1_thank_you,MSG0000177,message_exists,1,
16,P1_thank_you,MSG0000177,patient_originated_portal_message,1,
16,P1_thank_you,MSG0000177,is_reply_to_prior_outbound,1,
16,P1_thank_you,MSG0000177,thread_ending,1,later_messages=0
16,P1_thank_you,MSG0000177,accessed_and_completed,1,
16,P8_nonclinical_misrouted,MSG0000180,message_exists,1,
16,P8_nonclinical_misrouted,MSG0000180,nonclinical_category,1,category=appointment_request
16,P8_nonclinical_misrouted,MSG0000180,reaches_provider,1,provider_forwards=1
16,P2_unread_cc,MSG0000212,message_exists,1,
16,P2_unread_cc,MSG0000212,is_cc,1,
16,P2_unread_cc,MSG0000212,no_access_event,1,accesses=0
16,P2_unread_cc,MSG0000214,message_exists,1,
16,P2_unread_cc,MSG0000214,is_cc,1,
16,P2_unread_cc,MSG0000214,no_access_event,1,accesses=0
16,P2_unread_cc,MSG0000216,message_exists,1,
16,P2_unread_cc,MSG0000216,is_cc,1,
16,P2_unread_cc,MSG0000216,no_access_event,1,accesses=0
16,P2_unread_cc,MSG0000286,message_exists,1,
16,P2_unread_cc,MSG0000286,is_cc,1,
16,P2_unread_cc,MSG0000286,no_access_event,1,accesses=0
16,P2_unread_cc,MSG0000289,message_exists,1,
16,P2_unread_cc,MSG0000289,is_cc,1,
16,P2_unread_cc,MSG0000289,no_access_event,1,accesses=0
16,P2_unread_cc,MSG0000293,message_exists,1,
16,P2_unread_cc,MSG0000293,is_cc,1,
16,P2_unread_cc,MSG0000293,no_access_event,1,accesses=0
16,P2_unread_cc,MSG0000294,message_exists,1,
16,P2_unread_cc,MSG0000294,is_cc,1,
16,P2_unread_cc,MSG0000294,no_access_event,1,accesses=0
16,P2_unread_cc,MSG0000297,message_exists,1,
16,P2_unread_cc,MSG0000297,is_cc,1,
16,P2_unread_cc,MSG0000297,no_access_event,1,accesses=0
16,P2_unread_cc,MSG0000300,message_exists,1,
16,P2_unread_cc,MSG0000300,is_cc,1,
16,P2_unread_cc,MSG0000300,no_access_event,1,accesses=0
16,P4_result_misrouted,MSG0000349,message_exists,1,
16,P4_result_misrouted,MSG0000349,is_result,1,
16,P4_result_misrouted,MSG0000349,recipient_not_ordering,1,
16,P4_result_misrouted,MSG0000349,recipient_not_covering,1,cover=None
16,P2_unread_cc,MSG0000378,message_exists,1,
16,P2_unread_cc,MSG0000378,is_cc,1,
16,P2_unread_cc,MSG0000378,no_access_event,1,accesses=0
16,P2_unread_cc,MSG0000383,message_exists,1,
16,P2_unread_cc,MSG0000383,is_cc,1,
16,P2_unread_cc,MSG0000383,no_access_event,1,accesses=0
16,P1_thank_you,MSG0000499,message_exists,1,
16,P1_thank_you,MSG0000499,patient_originated_portal_message,1,
16,P1_thank_you,MSG0000499,is_reply_to_prior_outbound,1,
16,P1_thank_you,MSG0000499,thread_ending,1,later_messages=0
16,P1_thank_you,MSG0000499,accessed_and_completed,1,
16,P2_unread_cc,MSG0000533,message_exists,1,
16,P2_unread_cc,MSG0000533,is_cc,1,
16,P2_unread_cc,MSG0000533,no_access_event,1,accesses=0
16,P2_unread_cc,MSG0000537,message_exists,1,
16,P2_unread_cc,MSG0000537,is_cc,1,
16,P2_unread_cc,MSG0000537,no_access_event,1,accesses=0
16,P8_nonclinical_misrouted,MSG0000568,message_exists,1,
16,P8_nonclinical_misrouted,MSG0000568,nonclinical_category,1,category=appointment_request
16,P8_nonclinical_misrouted,MSG0000568,reaches_provider,1,provider_forwards=1
16,P2_unread_cc,MSG0000602,message_exists,1,
16,P2_unread_cc,MSG0000602,is_cc,1,
16,P2_unread_cc,MSG0000602,no_access_event,1,accesses=0
16,P2_unread_cc,MSG0000603,message_exists,1,
16,P2_unread_cc,MSG0000603,is_cc,1,
16,P2_unread_cc,MSG0000603,no_access_event,1,accesses=0
16,P2_unread_cc,MSG0000609,message_exists,1,
16,P2_unread_cc,MSG0000609,is_cc,1,
16,P2_unread_cc,MSG0000609,no_access_event,1,accesses=0
16,P2_unread_cc,MSG0000614,message_exists,1,
16,P2_unread_cc,MSG0000614,is_cc,1,
16,P2_unread_cc,MSG0000614,no_access_event,1,accesses=0
16,P7_pingpong,MSG0000646,message_exists,1,
16,P7_pingpong,MSG0000646,at_least_two_staff_to_provider_forwards,1,staff_to_provider=2
16,P7_pingpong,MSG0000646,at_least_two_provider_to_staff_forwards,1,provider_to_staff=2
16,P7_pingpong,MSG0000646,two_or_more_round_trips,1,roundtrips=2
16,P2_unread_cc,MSG0000678,message_exists,1,
16,P2_unread_cc,MSG0000678,is_cc,1,
16,P2_unread_cc,MSG0000678,no_access_event,1,accesses=0
16,P2_unread_cc,MSG0000679,message_exists,1,
16,P2_unread_cc,MSG0000679,is_cc,1,
16,P2_unread_cc,MSG0000679,no_access_event,1,accesses=0
16,P2_unread_cc,MSG0000681,message_exists,1,
16,P2_unread_cc,MSG0000681,is_cc,1,
16,P2_unread_cc,MSG0000681,no_access_event,1,accesses=0
16,P2_unread_cc,MSG0000688,message_exists,1,
16,P2_unread_cc,MSG0000688,is_cc,1,
16,P2_unread_cc,MSG0000688,no_access_event,1,accesses=0
16,P8_nonclinical_misrouted,MSG0000729,message_exists,1,
16,P8_nonclinical_misrouted,MSG0000729,nonclinical_category,1,category=appointment_request
16,P8_nonclinical_misrouted,MSG0000729,reaches_provider,1,provider_forwards=1
16,P1_thank_you,MSG0000732,message_exists,1,
16,P1_thank_you,MSG0000732,patient_originated_portal_message,1,
16,P1_thank_you,MSG0000732,is_reply_to_prior_outbound,1,
16,P1_thank_you,MSG0000732,thread_ending,1,later_messages=0
16,P1_thank_you,MSG0000732,accessed_and_completed,1,
16,P2_unread_cc,MSG0000767,message_exists,1,
16,P2_unread_cc,MSG0000767,is_cc,1,
16,P2_unread_cc,MSG0000767,no_access_event,1,accesses=0
16,P2_unread_cc,MSG0000768,message_exists,1,
16,P2_unread_cc,MSG0000768,is_cc,1,
16,P2_unread_cc,MSG0000768,no_access_event,1,accesses=0
16,P2_unread_cc,MSG0000825,message_exists,1,
16,P2_unread_cc,MSG0000825,is_cc,1,
16,P2_unread_cc,MSG0000825,no_access_event,1,accesses=0
16,P2_unread_cc,MSG0000826,message_exists,1,
16,P2_unread_cc,MSG0000826,is_cc,1,
16,P2_unread_cc,MSG0000826,no_access_event,1,accesses=0
16,P2_unread_cc,MSG0000830,message_exists,1,
16,P2_unread_cc,MSG0000830,is_cc,1,
16,P2_unread_cc,MSG0000830,no_access_event,1,accesses=0
16,P2_unread_cc,MSG0000831,message_exists,1,
16,P2_unread_cc,MSG0000831,is_cc,1,
16,P2_unread_cc,MSG0000831,no_access_event,1,accesses=0
16,P2_unread_cc,MSG0000909,message_exists,1,
16,P2_unread_cc,MSG0000909,is_cc,1,
16,P2_unread_cc,MSG0000909,no_access_event,1,accesses=0
16,P2_unread_cc,MSG0000913,message_exists,1,
16,P2_unread_cc,MSG0000913,is_cc,1,
16,P2_unread_cc,MSG0000913,no_access_event,1,accesses=0
16,P2_unread_cc,MSG0000918,message_exists,1,
16,P2_unread_cc,MSG0000918,is_cc,1,
16,P2_unread_cc,MSG0000918,no_access_event,1,accesses=0
16,P2_unread_cc,MSG0000986,message_exists,1,
16,P2_unread_cc,MSG0000986,is_cc,1,
16,P2_unread_cc,MSG0000986,no_access_event,1,accesses=0
16,P2_unread_cc,MSG0000991,message_exists,1,
16,P2_unread_cc,MSG0000991,is_cc,1,
16,P2_unread_cc,MSG0000991,no_access_event,1,accesses=0
16,P2_unread_cc,MSG0000993,message_exists,1,
16,P2_unread_cc,MSG0000993,is_cc,1,
16,P2_unread_cc,MSG0000993,no_access_event,1,accesses=0
16,P2_unread_cc,MSG0001070,message_exists,1,
16,P2_unread_cc,MSG0001070,is_cc,1,
16,P2_unread_cc,MSG0001070,no_access_event,1,accesses=0
16,P2_unread_cc,MSG0001073,message_exists,1,
16,P2_unread_cc,MSG0001073,is_cc,1,
16,P2_unread_cc,MSG0001073,no_access_event,1,accesses=0
16,P2_unread_cc,MSG0001075,message_exists,1,
16,P2_unread_cc,MSG0001075,is_cc,1,
16,P2_unread_cc,MSG0001075,no_access_event,1,accesses=0
16,P2_unread_cc,MSG0001078,message_exists,1,
16,P2_unread_cc,MSG0001078,is_cc,1,
16,P2_unread_cc,MSG0001078,no_access_event,1,accesses=0
16,P2_unread_cc,MSG0001079,message_exists,1,
16,P2_unread_cc,MSG0001079,is_cc,1,
16,P2_unread_cc,MSG0001079,no_access_event,1,accesses=0
16,P2_unread_cc,MSG0001086,message_exists,1,
16,P2_unread_cc,MSG0001086,is_cc,1,
16,P2_unread_cc,MSG0001086,no_access_event,1,accesses=0
16,P3_extended_thread,THR0001234,thread_exists,1,
16,P3_extended_thread,THR0001234,three_or_more_patient_incoming,1,incoming=3
16,P3_extended_thread,THR0001234,four_or_more_message_exchanges,1,in+out=6
16,P3_extended_thread,THR0001234,spans_at_least_3_days,1,span_days=7.64
16,P3_extended_thread,THR0001234,no_visit_between,1,intervening_visits=0
16,P7_pingpong,MSG0001307,message_exists,1,
16,P7_pingpong,MSG0001307,at_least_two_staff_to_provider_forwards,1,staff_to_provider=2
16,P7_pingpong,MSG0001307,at_least_two_provider_to_staff_forwards,1,provider_to_staff=2
16,P7_pingpong,MSG0001307,two_or_more_round_trips,1,roundtrips=2
16,P2_unread_cc,MSG0001350,message_exists,1,
16,P2_unread_cc,MSG0001350,is_cc,1,
16,P2_unread_cc,MSG0001350,no_access_event,1,accesses=0
16,P2_unread_cc,MSG0001434,message_exists,1,
16,P2_unread_cc,MSG0001434,is_cc,1,
16,P2_unread_cc,MSG0001434,no_access_event,1,accesses=0
16,P1_thank_you,MSG0001481,message_exists,1,
16,P1_thank_you,MSG0001481,patient_originated_portal_message,1,
16,P1_thank_you,MSG0001481,is_reply_to_prior_outbound,1,
16,P1_thank_you,MSG0001481,thread_ending,1,later_messages=0
16,P1_thank_you,MSG0001481,accessed_and_completed,1,
16,P2_unread_cc,MSG0001523,message_exists,1,
16,P2_unread_cc,MSG0001523,is_cc,1,
16,P2_unread_cc,MSG0001523,no_access_event,1,accesses=0
16,P2_unread_cc,MSG0001603,message_exists,1,
16,P2_unread_cc,MSG0001603,is_cc,1,
16,P2_unread_cc,MSG0001603,no_access_event,1,accesses=0
16,P2_unread_cc,MSG0001608,message_exists,1,
16,P2_unread_cc,MSG0001608,is_cc,1,
16,P2_unread_cc,MSG0001608,no_access_event,1,accesses=0
16,P2_unread_cc,MSG0001611,message_exists,1,
16,P2_unread_cc,MSG0001611,is_cc,1,
16,P2_unread_cc,MSG0001611,no_access_event,1,accesses=0
16,P2_unread_cc,MSG0001613,message_exists,1,
16,P2_unread_cc,MSG0001613,is_cc,1,
16,P2_unread_cc,MSG0001613,no_access_event,1,accesses=0
16,P2_unread_cc,MSG0001679,message_exists,1,
16,P2_unread_cc,MSG0001679,is_cc,1,
16,P2_unread_cc,MSG0001679,no_access_event,1,accesses=0
16,P2_unread_cc,MSG0001685,message_exists,1,
16,P2_unread_cc,MSG0001685,is_cc,1,
16,P2_unread_cc,MSG0001685,no_access_event,1,accesses=0
16,P4_result_misrouted,MSG0001737,message_exists,1,
16,P4_result_misrouted,MSG0001737,is_result,1,
16,P4_result_misrouted,MSG0001737,recipient_not_ordering,1,
16,P4_result_misrouted,MSG0001737,recipient_not_covering,1,cover=None
16,P2_unread_cc,MSG0001781,message_exists,1,
16,P2_unread_cc,MSG0001781,is_cc,1,
16,P2_unread_cc,MSG0001781,no_access_event,1,accesses=0
16,P2_unread_cc,MSG0001782,message_exists,1,
16,P2_unread_cc,MSG0001782,is_cc,1,
16,P2_unread_cc,MSG0001782,no_access_event,1,accesses=0
16,P4_result_misrouted,MSG0001828,message_exists,1,
16,P4_result_misrouted,MSG0001828,is_result,1,
16,P4_result_misrouted,MSG0001828,recipient_not_ordering,1,
16,P4_result_misrouted,MSG0001828,recipient_not_covering,1,cover=None
16,P2_unread_cc,MSG0001859,message_exists,1,
16,P2_unread_cc,MSG0001859,is_cc,1,
16,P2_unread_cc,MSG0001859,no_access_event,1,accesses=0
16,P2_unread_cc,MSG0001918,message_exists,1,
16,P2_unread_cc,MSG0001918,is_cc,1,
16,P2_unread_cc,MSG0001918,no_access_event,1,accesses=0
16,P2_unread_cc,MSG0001924,message_exists,1,
16,P2_unread_cc,MSG0001924,is_cc,1,
16,P2_unread_cc,MSG0001924,no_access_event,1,accesses=0
16,P7_pingpong,MSG0001965,message_exists,1,
16,P7_pingpong,MSG0001965,at_least_two_staff_to_provider_forwards,1,staff_to_provider=2
16,P7_pingpong,MSG0001965,at_least_two_provider_to_staff_forwards,1,provider_to_staff=2
16,P7_pingpong,MSG0001965,two_or_more_round_trips,1,roundtrips=2
16,P8_nonclinical_misrouted,MSG0001967,message_exists,1,
16,P8_nonclinical_misrouted,MSG0001967,nonclinical_category,1,category=cancellation
16,P8_nonclinical_misrouted,MSG0001967,reaches_provider,1,provider_forwards=1
16,P2_unread_cc,MSG0001992,message_exists,1,
16,P2_unread_cc,MSG0001992,is_cc,1,
16,P2_unread_cc,MSG0001992,no_access_event,1,accesses=0
16,P4_result_misrouted,MSG0002050,message_exists,1,
16,P4_result_misrouted,MSG0002050,is_result,1,
16,P4_result_misrouted,MSG0002050,recipient_not_ordering,1,
16,P4_result_misrouted,MSG0002050,recipient_not_covering,1,cover=None
16,P4_result_misrouted,MSG0002063,message_exists,1,
16,P4_result_misrouted,MSG0002063,is_result,1,
16,P4_result_misrouted,MSG0002063,recipient_not_ordering,1,
16,P4_result_misrouted,MSG0002063,recipient_not_covering,1,cover=None
16,P2_unread_cc,MSG0002080,message_exists,1,
16,P2_unread_cc,MSG0002080,is_cc,1,
16,P2_unread_cc,MSG0002080,no_access_event,1,accesses=0
16,P2_unread_cc,MSG0002169,message_exists,1,
16,P2_unread_cc,MSG0002169,is_cc,1,
16,P2_unread_cc,MSG0002169,no_access_event,1,accesses=0
16,P2_unread_cc,MSG0002171,message_exists,1,
16,P2_unread_cc,MSG0002171,is_cc,1,
16,P2_unread_cc,MSG0002171,no_access_event,1,accesses=0
16,P2_unread_cc,MSG0002174,message_exists,1,
16,P2_unread_cc,MSG0002174,is_cc,1,
16,P2_unread_cc,MSG0002174,no_access_event,1,accesses=0
16,P7_pingpong,MSG0002215,message_exists,1,
16,P7_pingpong,MSG0002215,at_least_two_staff_to_provider_forwards,1,staff_to_provider=2
16,P7_pingpong,MSG0002215,at_least_two_provider_to_staff_forwards,1,provider_to_staff=2
16,P7_pingpong,MSG0002215,two_or_more_round_trips,1,roundtrips=2
16,P8_nonclinical_misrouted,MSG0002216,message_exists,1,
16,P8_nonclinical_misrouted,MSG0002216,nonclinical_category,1,category=billing_question
16,P8_nonclinical_misrouted,MSG0002216,reaches_provider,1,provider_forwards=1
16,P2_unread_cc,MSG0002253,message_exists,1,
16,P2_unread_cc,MSG0002253,is_cc,1,
16,P2_unread_cc,MSG0002253,no_access_event,1,accesses=0
16,P2_unread_cc,MSG0002254,message_exists,1,
16,P2_unread_cc,MSG0002254,is_cc,1,
16,P2_unread_cc,MSG0002254,no_access_event,1,accesses=0
16,P2_unread_cc,MSG0002258,message_exists,1,
16,P2_unread_cc,MSG0002258,is_cc,1,
16,P2_unread_cc,MSG0002258,no_access_event,1,accesses=0
16,P2_unread_cc,MSG0002262,message_exists,1,
16,P2_unread_cc,MSG0002262,is_cc,1,
16,P2_unread_cc,MSG0002262,no_access_event,1,accesses=0
16,P7_pingpong,MSG0002297,message_exists,1,
16,P7_pingpong,MSG0002297,at_least_two_staff_to_provider_forwards,1,staff_to_provider=2
16,P7_pingpong,MSG0002297,at_least_two_provider_to_staff_forwards,1,provider_to_staff=2
16,P7_pingpong,MSG0002297,two_or_more_round_trips,1,roundtrips=2
16,P2_unread_cc,MSG0002329,message_exists,1,
16,P2_unread_cc,MSG0002329,is_cc,1,
16,P2_unread_cc,MSG0002329,no_access_event,1,accesses=0
16,P2_unread_cc,MSG0002331,message_exists,1,
16,P2_unread_cc,MSG0002331,is_cc,1,
16,P2_unread_cc,MSG0002331,no_access_event,1,accesses=0
16,P2_unread_cc,MSG0002334,message_exists,1,
16,P2_unread_cc,MSG0002334,is_cc,1,
16,P2_unread_cc,MSG0002334,no_access_event,1,accesses=0
16,P1_thank_you,MSG0002365,message_exists,1,
16,P1_thank_you,MSG0002365,patient_originated_portal_message,1,
16,P1_thank_you,MSG0002365,is_reply_to_prior_outbound,1,
16,P1_thank_you,MSG0002365,thread_ending,1,later_messages=0
16,P1_thank_you,MSG0002365,accessed_and_completed,1,
16,P2_unread_cc,MSG0002420,message_exists,1,
16,P2_unread_cc,MSG0002420,is_cc,1,
16,P2_unread_cc,MSG0002420,no_access_event,1,accesses=0
16,P3_extended_thread,THR0002332,thread_exists,1,
16,P3_extended_thread,THR0002332,three_or_more_patient_incoming,1,incoming=3
16,P3_extended_thread,THR0002332,four_or_more_message_exchanges,1,in+out=6
16,P3_extended_thread,THR0002332,spans_at_least_3_days,1,span_days=10.63
16,P3_extended_thread,THR0002332,no_visit_between,1,intervening_visits=0
16,P1_thank_you,MSG0002462,message_exists,1,
16,P1_thank_you,MSG0002462,patient_originated_portal_message,1,
16,P1_thank_you,MSG0002462,is_reply_to_prior_outbound,1,
16,P1_thank_you,MSG0002462,thread_ending,1,later_messages=0
16,P1_thank_you,MSG0002462,accessed_and_completed,1,
16,P8_nonclinical_misrouted,MSG0002466,message_exists,1,
16,P8_nonclinical_misrouted,MSG0002466,nonclinical_category,1,category=billing_question
16,P8_nonclinical_misrouted,MSG0002466,reaches_provider,1,provider_forwards=1
16,P4_result_misrouted,MSG0002477,message_exists,1,
16,P4_result_misrouted,MSG0002477,is_result,1,
16,P4_result_misrouted,MSG0002477,recipient_not_ordering,1,
16,P4_result_misrouted,MSG0002477,recipient_not_covering,1,cover=None
16,P4_result_misrouted,MSG0002481,message_exists,1,
16,P4_result_misrouted,MSG0002481,is_result,1,
16,P4_result_misrouted,MSG0002481,recipient_not_ordering,1,
16,P4_result_misrouted,MSG0002481,recipient_not_covering,1,cover=None
16,P2_unread_cc,MSG0002499,message_exists,1,
16,P2_unread_cc,MSG0002499,is_cc,1,
16,P2_unread_cc,MSG0002499,no_access_event,1,accesses=0
16,P2_unread_cc,MSG0002500,message_exists,1,
16,P2_unread_cc,MSG0002500,is_cc,1,
16,P2_unread_cc,MSG0002500,no_access_event,1,accesses=0
16,P2_unread_cc,MSG0002501,message_exists,1,
16,P2_unread_cc,MSG0002501,is_cc,1,
16,P2_unread_cc,MSG0002501,no_access_event,1,accesses=0
16,P7_pingpong,MSG0002536,message_exists,1,
16,P7_pingpong,MSG0002536,at_least_two_staff_to_provider_forwards,1,staff_to_provider=2
16,P7_pingpong,MSG0002536,at_least_two_provider_to_staff_forwards,1,provider_to_staff=2
16,P7_pingpong,MSG0002536,two_or_more_round_trips,1,roundtrips=2
16,P7_pingpong,MSG0002538,message_exists,1,
16,P7_pingpong,MSG0002538,at_least_two_staff_to_provider_forwards,1,staff_to_provider=2
16,P7_pingpong,MSG0002538,at_least_two_provider_to_staff_forwards,1,provider_to_staff=2
16,P7_pingpong,MSG0002538,two_or_more_round_trips,1,roundtrips=2
16,P2_unread_cc,MSG0002669,message_exists,1,
16,P2_unread_cc,MSG0002669,is_cc,1,
16,P2_unread_cc,MSG0002669,no_access_event,1,accesses=0
16,P2_unread_cc,MSG0002670,message_exists,1,
16,P2_unread_cc,MSG0002670,is_cc,1,
16,P2_unread_cc,MSG0002670,no_access_event,1,accesses=0
16,P2_unread_cc,MSG0002671,message_exists,1,
16,P2_unread_cc,MSG0002671,is_cc,1,
16,P2_unread_cc,MSG0002671,no_access_event,1,accesses=0
16,P4_result_misrouted,MSG0002721,message_exists,1,
16,P4_result_misrouted,MSG0002721,is_result,1,
16,P4_result_misrouted,MSG0002721,recipient_not_ordering,1,
16,P4_result_misrouted,MSG0002721,recipient_not_covering,1,cover=None
16,P2_unread_cc,MSG0002758,message_exists,1,
16,P2_unread_cc,MSG0002758,is_cc,1,
16,P2_unread_cc,MSG0002758,no_access_event,1,accesses=0
16,P8_nonclinical_misrouted,MSG0002796,message_exists,1,
16,P8_nonclinical_misrouted,MSG0002796,nonclinical_category,1,category=billing_question
16,P8_nonclinical_misrouted,MSG0002796,reaches_provider,1,provider_forwards=1
16,P2_unread_cc,MSG0002829,message_exists,1,
16,P2_unread_cc,MSG0002829,is_cc,1,
16,P2_unread_cc,MSG0002829,no_access_event,1,accesses=0
16,P2_unread_cc,MSG0002830,message_exists,1,
16,P2_unread_cc,MSG0002830,is_cc,1,
16,P2_unread_cc,MSG0002830,no_access_event,1,accesses=0
16,P2_unread_cc,MSG0002832,message_exists,1,
16,P2_unread_cc,MSG0002832,is_cc,1,
16,P2_unread_cc,MSG0002832,no_access_event,1,accesses=0
16,P2_unread_cc,MSG0002904,message_exists,1,
16,P2_unread_cc,MSG0002904,is_cc,1,
16,P2_unread_cc,MSG0002904,no_access_event,1,accesses=0
16,P2_unread_cc,MSG0002905,message_exists,1,
16,P2_unread_cc,MSG0002905,is_cc,1,
16,P2_unread_cc,MSG0002905,no_access_event,1,accesses=0
16,P1_thank_you,MSG0002955,message_exists,1,
16,P1_thank_you,MSG0002955,patient_originated_portal_message,1,
16,P1_thank_you,MSG0002955,is_reply_to_prior_outbound,1,
16,P1_thank_you,MSG0002955,thread_ending,1,later_messages=0
16,P1_thank_you,MSG0002955,accessed_and_completed,1,
16,P2_unread_cc,MSG0003001,message_exists,1,
16,P2_unread_cc,MSG0003001,is_cc,1,
16,P2_unread_cc,MSG0003001,no_access_event,1,accesses=0
16,P2_unread_cc,MSG0003003,message_exists,1,
16,P2_unread_cc,MSG0003003,is_cc,1,
16,P2_unread_cc,MSG0003003,no_access_event,1,accesses=0
16,P2_unread_cc,MSG0003081,message_exists,1,
16,P2_unread_cc,MSG0003081,is_cc,1,
16,P2_unread_cc,MSG0003081,no_access_event,1,accesses=0
16,P2_unread_cc,MSG0003082,message_exists,1,
16,P2_unread_cc,MSG0003082,is_cc,1,
16,P2_unread_cc,MSG0003082,no_access_event,1,accesses=0
16,P4_result_misrouted,MSG0003152,message_exists,1,
16,P4_result_misrouted,MSG0003152,is_result,1,
16,P4_result_misrouted,MSG0003152,recipient_not_ordering,1,
16,P4_result_misrouted,MSG0003152,recipient_not_covering,1,cover=None
16,P2_unread_cc,MSG0003174,message_exists,1,
16,P2_unread_cc,MSG0003174,is_cc,1,
16,P2_unread_cc,MSG0003174,no_access_event,1,accesses=0
16,P2_unread_cc,MSG0003175,message_exists,1,
16,P2_unread_cc,MSG0003175,is_cc,1,
16,P2_unread_cc,MSG0003175,no_access_event,1,accesses=0
16,P2_unread_cc,MSG0003250,message_exists,1,
16,P2_unread_cc,MSG0003250,is_cc,1,
16,P2_unread_cc,MSG0003250,no_access_event,1,accesses=0
16,P2_unread_cc,MSG0003251,message_exists,1,
16,P2_unread_cc,MSG0003251,is_cc,1,
16,P2_unread_cc,MSG0003251,no_access_event,1,accesses=0
16,P2_unread_cc,MSG0003252,message_exists,1,
16,P2_unread_cc,MSG0003252,is_cc,1,
16,P2_unread_cc,MSG0003252,no_access_event,1,accesses=0
16,P2_unread_cc,MSG0003253,message_exists,1,
16,P2_unread_cc,MSG0003253,is_cc,1,
16,P2_unread_cc,MSG0003253,no_access_event,1,accesses=0
16,P2_unread_cc,MSG0003319,message_exists,1,
16,P2_unread_cc,MSG0003319,is_cc,1,
16,P2_unread_cc,MSG0003319,no_access_event,1,accesses=0
16,P2_unread_cc,MSG0003321,message_exists,1,
16,P2_unread_cc,MSG0003321,is_cc,1,
16,P2_unread_cc,MSG0003321,no_access_event,1,accesses=0
16,P2_unread_cc,MSG0003328,message_exists,1,
16,P2_unread_cc,MSG0003328,is_cc,1,
16,P2_unread_cc,MSG0003328,no_access_event,1,accesses=0
16,P2_unread_cc,MSG0003329,message_exists,1,
16,P2_unread_cc,MSG0003329,is_cc,1,
16,P2_unread_cc,MSG0003329,no_access_event,1,accesses=0
16,P8_nonclinical_misrouted,MSG0003354,message_exists,1,
16,P8_nonclinical_misrouted,MSG0003354,nonclinical_category,1,category=billing_question
16,P8_nonclinical_misrouted,MSG0003354,reaches_provider,1,provider_forwards=1
16,P4_result_misrouted,MSG0003361,message_exists,1,
16,P4_result_misrouted,MSG0003361,is_result,1,
16,P4_result_misrouted,MSG0003361,recipient_not_ordering,1,
16,P4_result_misrouted,MSG0003361,recipient_not_covering,1,cover=None
16,P1_thank_you,MSG0003442,message_exists,1,
16,P1_thank_you,MSG0003442,patient_originated_portal_message,1,
16,P1_thank_you,MSG0003442,is_reply_to_prior_outbound,1,
16,P1_thank_you,MSG0003442,thread_ending,1,later_messages=0
16,P1_thank_you,MSG0003442,accessed_and_completed,1,
16,P7_pingpong,MSG0003443,message_exists,1,
16,P7_pingpong,MSG0003443,at_least_two_staff_to_provider_forwards,1,staff_to_provider=2
16,P7_pingpong,MSG0003443,at_least_two_provider_to_staff_forwards,1,provider_to_staff=2
16,P7_pingpong,MSG0003443,two_or_more_round_trips,1,roundtrips=2
16,P2_unread_cc,MSG0003486,message_exists,1,
16,P2_unread_cc,MSG0003486,is_cc,1,
16,P2_unread_cc,MSG0003486,no_access_event,1,accesses=0
16,P2_unread_cc,MSG0003487,message_exists,1,
16,P2_unread_cc,MSG0003487,is_cc,1,
16,P2_unread_cc,MSG0003487,no_access_event,1,accesses=0
16,P2_unread_cc,MSG0003490,message_exists,1,
16,P2_unread_cc,MSG0003490,is_cc,1,
16,P2_unread_cc,MSG0003490,no_access_event,1,accesses=0
16,P8_nonclinical_misrouted,MSG0003527,message_exists,1,
16,P8_nonclinical_misrouted,MSG0003527,nonclinical_category,1,category=cancellation
16,P8_nonclinical_misrouted,MSG0003527,reaches_provider,1,provider_forwards=1
16,P2_unread_cc,MSG0003562,message_exists,1,
16,P2_unread_cc,MSG0003562,is_cc,1,
16,P2_unread_cc,MSG0003562,no_access_event,1,accesses=0
16,P2_unread_cc,MSG0003566,message_exists,1,
16,P2_unread_cc,MSG0003566,is_cc,1,
16,P2_unread_cc,MSG0003566,no_access_event,1,accesses=0
16,P2_unread_cc,MSG0003567,message_exists,1,
16,P2_unread_cc,MSG0003567,is_cc,1,
16,P2_unread_cc,MSG0003567,no_access_event,1,accesses=0
16,P2_unread_cc,MSG0003646,message_exists,1,
16,P2_unread_cc,MSG0003646,is_cc,1,
16,P2_unread_cc,MSG0003646,no_access_event,1,accesses=0
16,P2_unread_cc,MSG0003651,message_exists,1,
16,P2_unread_cc,MSG0003651,is_cc,1,
16,P2_unread_cc,MSG0003651,no_access_event,1,accesses=0
16,P2_unread_cc,MSG0003652,message_exists,1,
16,P2_unread_cc,MSG0003652,is_cc,1,
16,P2_unread_cc,MSG0003652,no_access_event,1,accesses=0
16,P7_pingpong,MSG0003681,message_exists,1,
16,P7_pingpong,MSG0003681,at_least_two_staff_to_provider_forwards,1,staff_to_provider=2
16,P7_pingpong,MSG0003681,at_least_two_provider_to_staff_forwards,1,provider_to_staff=2
16,P7_pingpong,MSG0003681,two_or_more_round_trips,1,roundtrips=2
16,P4_result_misrouted,MSG0003704,message_exists,1,
16,P4_result_misrouted,MSG0003704,is_result,1,
16,P4_result_misrouted,MSG0003704,recipient_not_ordering,1,
16,P4_result_misrouted,MSG0003704,recipient_not_covering,1,cover=None
16,P2_unread_cc,MSG0003726,message_exists,1,
16,P2_unread_cc,MSG0003726,is_cc,1,
16,P2_unread_cc,MSG0003726,no_access_event,1,accesses=0
16,P2_unread_cc,MSG0003728,message_exists,1,
16,P2_unread_cc,MSG0003728,is_cc,1,
16,P2_unread_cc,MSG0003728,no_access_event,1,accesses=0
16,P2_unread_cc,MSG0003731,message_exists,1,
16,P2_unread_cc,MSG0003731,is_cc,1,
16,P2_unread_cc,MSG0003731,no_access_event,1,accesses=0
16,P3_extended_thread,THR0003579,thread_exists,1,
16,P3_extended_thread,THR0003579,three_or_more_patient_incoming,1,incoming=3
16,P3_extended_thread,THR0003579,four_or_more_message_exchanges,1,in+out=6
16,P3_extended_thread,THR0003579,spans_at_least_3_days,1,span_days=10.19
16,P3_extended_thread,THR0003579,no_visit_between,1,intervening_visits=0
16,P2_unread_cc,MSG0003820,message_exists,1,
16,P2_unread_cc,MSG0003820,is_cc,1,
16,P2_unread_cc,MSG0003820,no_access_event,1,accesses=0
16,P2_unread_cc,MSG0003821,message_exists,1,
16,P2_unread_cc,MSG0003821,is_cc,1,
16,P2_unread_cc,MSG0003821,no_access_event,1,accesses=0
16,P2_unread_cc,MSG0003823,message_exists,1,
16,P2_unread_cc,MSG0003823,is_cc,1,
16,P2_unread_cc,MSG0003823,no_access_event,1,accesses=0
16,P2_unread_cc,MSG0003825,message_exists,1,
16,P2_unread_cc,MSG0003825,is_cc,1,
16,P2_unread_cc,MSG0003825,no_access_event,1,accesses=0
16,P3_extended_thread,THR0003695,thread_exists,1,
16,P3_extended_thread,THR0003695,three_or_more_patient_incoming,1,incoming=3
16,P3_extended_thread,THR0003695,four_or_more_message_exchanges,1,in+out=6
16,P3_extended_thread,THR0003695,spans_at_least_3_days,1,span_days=12.01
16,P3_extended_thread,THR0003695,no_visit_between,1,intervening_visits=0
16,P8_nonclinical_misrouted,MSG0003911,message_exists,1,
16,P8_nonclinical_misrouted,MSG0003911,nonclinical_category,1,category=cancellation
16,P8_nonclinical_misrouted,MSG0003911,reaches_provider,1,provider_forwards=1
16,P2_unread_cc,MSG0003989,message_exists,1,
16,P2_unread_cc,MSG0003989,is_cc,1,
16,P2_unread_cc,MSG0003989,no_access_event,1,accesses=0
16,P2_unread_cc,MSG0003993,message_exists,1,
16,P2_unread_cc,MSG0003993,is_cc,1,
16,P2_unread_cc,MSG0003993,no_access_event,1,accesses=0
16,P2_unread_cc,MSG0003994,message_exists,1,
16,P2_unread_cc,MSG0003994,is_cc,1,
16,P2_unread_cc,MSG0003994,no_access_event,1,accesses=0
16,P2_unread_cc,MSG0004048,message_exists,1,
16,P2_unread_cc,MSG0004048,is_cc,1,
16,P2_unread_cc,MSG0004048,no_access_event,1,accesses=0
16,P2_unread_cc,MSG0004049,message_exists,1,
16,P2_unread_cc,MSG0004049,is_cc,1,
16,P2_unread_cc,MSG0004049,no_access_event,1,accesses=0
16,P8_nonclinical_misrouted,MSG0004092,message_exists,1,
16,P8_nonclinical_misrouted,MSG0004092,nonclinical_category,1,category=cancellation
16,P8_nonclinical_misrouted,MSG0004092,reaches_provider,1,provider_forwards=1
16,P2_unread_cc,MSG0004120,message_exists,1,
16,P2_unread_cc,MSG0004120,is_cc,1,
16,P2_unread_cc,MSG0004120,no_access_event,1,accesses=0
16,P2_unread_cc,MSG0004190,message_exists,1,
16,P2_unread_cc,MSG0004190,is_cc,1,
16,P2_unread_cc,MSG0004190,no_access_event,1,accesses=0
16,P2_unread_cc,MSG0004191,message_exists,1,
16,P2_unread_cc,MSG0004191,is_cc,1,
16,P2_unread_cc,MSG0004191,no_access_event,1,accesses=0
16,P2_unread_cc,MSG0004197,message_exists,1,
16,P2_unread_cc,MSG0004197,is_cc,1,
16,P2_unread_cc,MSG0004197,no_access_event,1,accesses=0
16,P4_result_misrouted,MSG0004247,message_exists,1,
16,P4_result_misrouted,MSG0004247,is_result,1,
16,P4_result_misrouted,MSG0004247,recipient_not_ordering,1,
16,P4_result_misrouted,MSG0004247,recipient_not_covering,1,cover=None
16,P4_result_misrouted,MSG0004256,message_exists,1,
16,P4_result_misrouted,MSG0004256,is_result,1,
16,P4_result_misrouted,MSG0004256,recipient_not_ordering,1,
16,P4_result_misrouted,MSG0004256,recipient_not_covering,1,cover=None
16,P2_unread_cc,MSG0004271,message_exists,1,
16,P2_unread_cc,MSG0004271,is_cc,1,
16,P2_unread_cc,MSG0004271,no_access_event,1,accesses=0
16,P2_unread_cc,MSG0004272,message_exists,1,
16,P2_unread_cc,MSG0004272,is_cc,1,
16,P2_unread_cc,MSG0004272,no_access_event,1,accesses=0
16,P2_unread_cc,MSG0004277,message_exists,1,
16,P2_unread_cc,MSG0004277,is_cc,1,
16,P2_unread_cc,MSG0004277,no_access_event,1,accesses=0
16,P2_unread_cc,MSG0004278,message_exists,1,
16,P2_unread_cc,MSG0004278,is_cc,1,
16,P2_unread_cc,MSG0004278,no_access_event,1,accesses=0
16,P7_pingpong,MSG0004322,message_exists,1,
16,P7_pingpong,MSG0004322,at_least_two_staff_to_provider_forwards,1,staff_to_provider=2
16,P7_pingpong,MSG0004322,at_least_two_provider_to_staff_forwards,1,provider_to_staff=2
16,P7_pingpong,MSG0004322,two_or_more_round_trips,1,roundtrips=2
16,P4_result_misrouted,MSG0004337,message_exists,1,
16,P4_result_misrouted,MSG0004337,is_result,1,
16,P4_result_misrouted,MSG0004337,recipient_not_ordering,1,
16,P4_result_misrouted,MSG0004337,recipient_not_covering,1,cover=None
16,P2_unread_cc,MSG0004357,message_exists,1,
16,P2_unread_cc,MSG0004357,is_cc,1,
16,P2_unread_cc,MSG0004357,no_access_event,1,accesses=0
16,P2_unread_cc,MSG0004358,message_exists,1,
16,P2_unread_cc,MSG0004358,is_cc,1,
16,P2_unread_cc,MSG0004358,no_access_event,1,accesses=0
16,P2_unread_cc,MSG0004359,message_exists,1,
16,P2_unread_cc,MSG0004359,is_cc,1,
16,P2_unread_cc,MSG0004359,no_access_event,1,accesses=0
16,P7_pingpong,MSG0004400,message_exists,1,
16,P7_pingpong,MSG0004400,at_least_two_staff_to_provider_forwards,1,staff_to_provider=2
16,P7_pingpong,MSG0004400,at_least_two_provider_to_staff_forwards,1,provider_to_staff=2
16,P7_pingpong,MSG0004400,two_or_more_round_trips,1,roundtrips=2
16,P1_thank_you,MSG0004409,message_exists,1,
16,P1_thank_you,MSG0004409,patient_originated_portal_message,1,
16,P1_thank_you,MSG0004409,is_reply_to_prior_outbound,1,
16,P1_thank_you,MSG0004409,thread_ending,1,later_messages=0
16,P1_thank_you,MSG0004409,accessed_and_completed,1,
16,P4_result_misrouted,MSG0004427,message_exists,1,
16,P4_result_misrouted,MSG0004427,is_result,1,
16,P4_result_misrouted,MSG0004427,recipient_not_ordering,1,
16,P4_result_misrouted,MSG0004427,recipient_not_covering,1,cover=None
16,P2_unread_cc,MSG0004446,message_exists,1,
16,P2_unread_cc,MSG0004446,is_cc,1,
16,P2_unread_cc,MSG0004446,no_access_event,1,accesses=0
16,P2_unread_cc,MSG0004447,message_exists,1,
16,P2_unread_cc,MSG0004447,is_cc,1,
16,P2_unread_cc,MSG0004447,no_access_event,1,accesses=0
16,P2_unread_cc,MSG0004449,message_exists,1,
16,P2_unread_cc,MSG0004449,is_cc,1,
16,P2_unread_cc,MSG0004449,no_access_event,1,accesses=0
16,P2_unread_cc,MSG0004510,message_exists,1,
16,P2_unread_cc,MSG0004510,is_cc,1,
16,P2_unread_cc,MSG0004510,no_access_event,1,accesses=0
16,P2_unread_cc,MSG0004511,message_exists,1,
16,P2_unread_cc,MSG0004511,is_cc,1,
16,P2_unread_cc,MSG0004511,no_access_event,1,accesses=0
16,P2_unread_cc,MSG0004586,message_exists,1,
16,P2_unread_cc,MSG0004586,is_cc,1,
16,P2_unread_cc,MSG0004586,no_access_event,1,accesses=0
16,P2_unread_cc,MSG0004590,message_exists,1,
16,P2_unread_cc,MSG0004590,is_cc,1,
16,P2_unread_cc,MSG0004590,no_access_event,1,accesses=0
16,P2_unread_cc,MSG0004593,message_exists,1,
16,P2_unread_cc,MSG0004593,is_cc,1,
16,P2_unread_cc,MSG0004593,no_access_event,1,accesses=0
16,P2_unread_cc,MSG0004594,message_exists,1,
16,P2_unread_cc,MSG0004594,is_cc,1,
16,P2_unread_cc,MSG0004594,no_access_event,1,accesses=0
16,P2_unread_cc,MSG0004595,message_exists,1,
16,P2_unread_cc,MSG0004595,is_cc,1,
16,P2_unread_cc,MSG0004595,no_access_event,1,accesses=0
16,P2_unread_cc,MSG0004599,message_exists,1,
16,P2_unread_cc,MSG0004599,is_cc,1,
16,P2_unread_cc,MSG0004599,no_access_event,1,accesses=0
16,P2_unread_cc,MSG0004604,message_exists,1,
16,P2_unread_cc,MSG0004604,is_cc,1,
16,P2_unread_cc,MSG0004604,no_access_event,1,accesses=0
16,P2_unread_cc,MSG0004608,message_exists,1,
16,P2_unread_cc,MSG0004608,is_cc,1,
16,P2_unread_cc,MSG0004608,no_access_event,1,accesses=0
16,P3_extended_thread,THR0004396,thread_exists,1,
16,P3_extended_thread,THR0004396,three_or_more_patient_incoming,1,incoming=3
16,P3_extended_thread,THR0004396,four_or_more_message_exchanges,1,in+out=7
16,P3_extended_thread,THR0004396,spans_at_least_3_days,1,span_days=7.68
16,P3_extended_thread,THR0004396,no_visit_between,1,intervening_visits=0
16,P2_unread_cc,MSG0004680,message_exists,1,
16,P2_unread_cc,MSG0004680,is_cc,1,
16,P2_unread_cc,MSG0004680,no_access_event,1,accesses=0
16,P2_unread_cc,MSG0004681,message_exists,1,
16,P2_unread_cc,MSG0004681,is_cc,1,
16,P2_unread_cc,MSG0004681,no_access_event,1,accesses=0
16,P2_unread_cc,MSG0004682,message_exists,1,
16,P2_unread_cc,MSG0004682,is_cc,1,
16,P2_unread_cc,MSG0004682,no_access_event,1,accesses=0
16,P2_unread_cc,MSG0004683,message_exists,1,
16,P2_unread_cc,MSG0004683,is_cc,1,
16,P2_unread_cc,MSG0004683,no_access_event,1,accesses=0
16,P4_result_misrouted,MSG0004735,message_exists,1,
16,P4_result_misrouted,MSG0004735,is_result,1,
16,P4_result_misrouted,MSG0004735,recipient_not_ordering,1,
16,P4_result_misrouted,MSG0004735,recipient_not_covering,1,cover=None
16,P2_unread_cc,MSG0004758,message_exists,1,
16,P2_unread_cc,MSG0004758,is_cc,1,
16,P2_unread_cc,MSG0004758,no_access_event,1,accesses=0
16,P2_unread_cc,MSG0004761,message_exists,1,
16,P2_unread_cc,MSG0004761,is_cc,1,
16,P2_unread_cc,MSG0004761,no_access_event,1,accesses=0
16,P2_unread_cc,MSG0004763,message_exists,1,
16,P2_unread_cc,MSG0004763,is_cc,1,
16,P2_unread_cc,MSG0004763,no_access_event,1,accesses=0
16,P2_unread_cc,MSG0004766,message_exists,1,
16,P2_unread_cc,MSG0004766,is_cc,1,
16,P2_unread_cc,MSG0004766,no_access_event,1,accesses=0
16,P3_extended_thread,THR0004546,thread_exists,1,
16,P3_extended_thread,THR0004546,three_or_more_patient_incoming,1,incoming=3
16,P3_extended_thread,THR0004546,four_or_more_message_exchanges,1,in+out=6
16,P3_extended_thread,THR0004546,spans_at_least_3_days,1,span_days=7.66
16,P3_extended_thread,THR0004546,no_visit_between,1,intervening_visits=0
16,P1_thank_you,MSG0004804,message_exists,1,
16,P1_thank_you,MSG0004804,patient_originated_portal_message,1,
16,P1_thank_you,MSG0004804,is_reply_to_prior_outbound,1,
16,P1_thank_you,MSG0004804,thread_ending,1,later_messages=0
16,P1_thank_you,MSG0004804,accessed_and_completed,1,
16,P2_unread_cc,MSG0004841,message_exists,1,
16,P2_unread_cc,MSG0004841,is_cc,1,
16,P2_unread_cc,MSG0004841,no_access_event,1,accesses=0
16,P2_unread_cc,MSG0004844,message_exists,1,
16,P2_unread_cc,MSG0004844,is_cc,1,
16,P2_unread_cc,MSG0004844,no_access_event,1,accesses=0
16,P2_unread_cc,MSG0004847,message_exists,1,
16,P2_unread_cc,MSG0004847,is_cc,1,
16,P2_unread_cc,MSG0004847,no_access_event,1,accesses=0
16,P2_unread_cc,MSG0004936,message_exists,1,
16,P2_unread_cc,MSG0004936,is_cc,1,
16,P2_unread_cc,MSG0004936,no_access_event,1,accesses=0
16,P2_unread_cc,MSG0004938,message_exists,1,
16,P2_unread_cc,MSG0004938,is_cc,1,
16,P2_unread_cc,MSG0004938,no_access_event,1,accesses=0
16,P2_unread_cc,MSG0004939,message_exists,1,
16,P2_unread_cc,MSG0004939,is_cc,1,
16,P2_unread_cc,MSG0004939,no_access_event,1,accesses=0
16,P2_unread_cc,MSG0004940,message_exists,1,
16,P2_unread_cc,MSG0004940,is_cc,1,
16,P2_unread_cc,MSG0004940,no_access_event,1,accesses=0
16,P2_unread_cc,MSG0004941,message_exists,1,
16,P2_unread_cc,MSG0004941,is_cc,1,
16,P2_unread_cc,MSG0004941,no_access_event,1,accesses=0
16,P2_unread_cc,MSG0004945,message_exists,1,
16,P2_unread_cc,MSG0004945,is_cc,1,
16,P2_unread_cc,MSG0004945,no_access_event,1,accesses=0
16,P4_result_misrouted,MSG0005014,message_exists,1,
16,P4_result_misrouted,MSG0005014,is_result,1,
16,P4_result_misrouted,MSG0005014,recipient_not_ordering,1,
16,P4_result_misrouted,MSG0005014,recipient_not_covering,1,cover=None
16,P2_unread_cc,MSG0005032,message_exists,1,
16,P2_unread_cc,MSG0005032,is_cc,1,
16,P2_unread_cc,MSG0005032,no_access_event,1,accesses=0
16,P2_unread_cc,MSG0005034,message_exists,1,
16,P2_unread_cc,MSG0005034,is_cc,1,
16,P2_unread_cc,MSG0005034,no_access_event,1,accesses=0
16,P2_unread_cc,MSG0005035,message_exists,1,
16,P2_unread_cc,MSG0005035,is_cc,1,
16,P2_unread_cc,MSG0005035,no_access_event,1,accesses=0
16,P2_unread_cc,MSG0005037,message_exists,1,
16,P2_unread_cc,MSG0005037,is_cc,1,
16,P2_unread_cc,MSG0005037,no_access_event,1,accesses=0
16,P2_unread_cc,MSG0005039,message_exists,1,
16,P2_unread_cc,MSG0005039,is_cc,1,
16,P2_unread_cc,MSG0005039,no_access_event,1,accesses=0
16,P2_unread_cc,MSG0005114,message_exists,1,
16,P2_unread_cc,MSG0005114,is_cc,1,
16,P2_unread_cc,MSG0005114,no_access_event,1,accesses=0
16,P2_unread_cc,MSG0005120,message_exists,1,
16,P2_unread_cc,MSG0005120,is_cc,1,
16,P2_unread_cc,MSG0005120,no_access_event,1,accesses=0
16,P4_result_misrouted,MSG0005154,message_exists,1,
16,P4_result_misrouted,MSG0005154,is_result,1,
16,P4_result_misrouted,MSG0005154,recipient_not_ordering,1,
16,P4_result_misrouted,MSG0005154,recipient_not_covering,1,cover=None
16,P4_result_misrouted,MSG0005174,message_exists,1,
16,P4_result_misrouted,MSG0005174,is_result,1,
16,P4_result_misrouted,MSG0005174,recipient_not_ordering,1,
16,P4_result_misrouted,MSG0005174,recipient_not_covering,1,cover=None
17,P3_extended_thread,THR0000003,thread_exists,1,
17,P3_extended_thread,THR0000003,three_or_more_patient_incoming,1,incoming=3
17,P3_extended_thread,THR0000003,four_or_more_message_exchanges,1,in+out=6
17,P3_extended_thread,THR0000003,spans_at_least_3_days,1,span_days=6.93
17,P3_extended_thread,THR0000003,no_visit_between,1,intervening_visits=0
17,P8_nonclinical_misrouted,MSG0000015,message_exists,1,
17,P8_nonclinical_misrouted,MSG0000015,nonclinical_category,1,category=appointment_request
17,P8_nonclinical_misrouted,MSG0000015,reaches_provider,1,provider_forwards=1
17,P4_result_misrouted,MSG0000025,message_exists,1,
17,P4_result_misrouted,MSG0000025,is_result,1,
17,P4_result_misrouted,MSG0000025,recipient_not_ordering,1,
17,P4_result_misrouted,MSG0000025,recipient_not_covering,1,cover=None
17,P2_unread_cc,MSG0000055,message_exists,1,
17,P2_unread_cc,MSG0000055,is_cc,1,
17,P2_unread_cc,MSG0000055,no_access_event,1,accesses=0
17,P2_unread_cc,MSG0000058,message_exists,1,
17,P2_unread_cc,MSG0000058,is_cc,1,
17,P2_unread_cc,MSG0000058,no_access_event,1,accesses=0
17,P2_unread_cc,MSG0000059,message_exists,1,
17,P2_unread_cc,MSG0000059,is_cc,1,
17,P2_unread_cc,MSG0000059,no_access_event,1,accesses=0
17,P2_unread_cc,MSG0000061,message_exists,1,
17,P2_unread_cc,MSG0000061,is_cc,1,
17,P2_unread_cc,MSG0000061,no_access_event,1,accesses=0
17,P4_result_misrouted,MSG0000109,message_exists,1,
17,P4_result_misrouted,MSG0000109,is_result,1,
17,P4_result_misrouted,MSG0000109,recipient_not_ordering,1,
17,P4_result_misrouted,MSG0000109,recipient_not_covering,1,cover=None
17,P2_unread_cc,MSG0000136,message_exists,1,
17,P2_unread_cc,MSG0000136,is_cc,1,
17,P2_unread_cc,MSG0000136,no_access_event,1,accesses=0
17,P4_result_misrouted,MSG0000179,message_exists,1,
17,P4_result_misrouted,MSG0000179,is_result,1,
17,P4_result_misrouted,MSG0000179,recipient_not_ordering,1,
17,P4_result_misrouted,MSG0000179,recipient_not_covering,1,cover=None
17,P2_unread_cc,MSG0000212,message_exists,1,
17,P2_unread_cc,MSG0000212,is_cc,1,
17,P2_unread_cc,MSG0000212,no_access_event,1,accesses=0
17,P2_unread_cc,MSG0000214,message_exists,1,
17,P2_unread_cc,MSG0000214,is_cc,1,
17,P2_unread_cc,MSG0000214,no_access_event,1,accesses=0
17,P2_unread_cc,MSG0000216,message_exists,1,
17,P2_unread_cc,MSG0000216,is_cc,1,
17,P2_unread_cc,MSG0000216,no_access_event,1,accesses=0
17,P1_thank_you,MSG0000251,message_exists,1,
17,P1_thank_you,MSG0000251,patient_originated_portal_message,1,
17,P1_thank_you,MSG0000251,is_reply_to_prior_outbound,1,
17,P1_thank_you,MSG0000251,thread_ending,1,later_messages=0
17,P1_thank_you,MSG0000251,accessed_and_completed,1,
17,P4_result_misrouted,MSG0000261,message_exists,1,
17,P4_result_misrouted,MSG0000261,is_result,1,
17,P4_result_misrouted,MSG0000261,recipient_not_ordering,1,
17,P4_result_misrouted,MSG0000261,recipient_not_covering,1,cover=None
17,P4_result_misrouted,MSG0000271,message_exists,1,
17,P4_result_misrouted,MSG0000271,is_result,1,
17,P4_result_misrouted,MSG0000271,recipient_not_ordering,1,
17,P4_result_misrouted,MSG0000271,recipient_not_covering,1,cover=None
17,P2_unread_cc,MSG0000295,message_exists,1,
17,P2_unread_cc,MSG0000295,is_cc,1,
17,P2_unread_cc,MSG0000295,no_access_event,1,accesses=0
17,P2_unread_cc,MSG0000299,message_exists,1,
17,P2_unread_cc,MSG0000299,is_cc,1,
17,P2_unread_cc,MSG0000299,no_access_event,1,accesses=0
17,P2_unread_cc,MSG0000300,message_exists,1,
17,P2_unread_cc,MSG0000300,is_cc,1,
17,P2_unread_cc,MSG0000300,no_access_event,1,accesses=0
17,P2_unread_cc,MSG0000364,message_exists,1,
17,P2_unread_cc,MSG0000364,is_cc,1,
17,P2_unread_cc,MSG0000364,no_access_event,1,accesses=0
17,P7_pingpong,MSG0000402,message_exists,1,
17,P7_pingpong,MSG0000402,at_least_two_staff_to_provider_forwards,1,staff_to_provider=2
17,P7_pingpong,MSG0000402,at_least_two_provider_to_staff_forwards,1,provider_to_staff=2
17,P7_pingpong,MSG0000402,two_or_more_round_trips,1,roundtrips=2
17,P2_unread_cc,MSG0000438,message_exists,1,
17,P2_unread_cc,MSG0000438,is_cc,1,
17,P2_unread_cc,MSG0000438,no_access_event,1,accesses=0
17,P2_unread_cc,MSG0000444,message_exists,1,
17,P2_unread_cc,MSG0000444,is_cc,1,
17,P2_unread_cc,MSG0000444,no_access_event,1,accesses=0
17,P2_unread_cc,MSG0000445,message_exists,1,
17,P2_unread_cc,MSG0000445,is_cc,1,
17,P2_unread_cc,MSG0000445,no_access_event,1,accesses=0
17,P4_result_misrouted,MSG0000492,message_exists,1,
17,P4_result_misrouted,MSG0000492,is_result,1,
17,P4_result_misrouted,MSG0000492,recipient_not_ordering,1,
17,P4_result_misrouted,MSG0000492,recipient_not_covering,1,cover=None
17,P4_result_misrouted,MSG0000497,message_exists,1,
17,P4_result_misrouted,MSG0000497,is_result,1,
17,P4_result_misrouted,MSG0000497,recipient_not_ordering,1,
17,P4_result_misrouted,MSG0000497,recipient_not_covering,1,cover=None
17,P2_unread_cc,MSG0000518,message_exists,1,
17,P2_unread_cc,MSG0000518,is_cc,1,
17,P2_unread_cc,MSG0000518,no_access_event,1,accesses=0
17,P2_unread_cc,MSG0000525,message_exists,1,
17,P2_unread_cc,MSG0000525,is_cc,1,
17,P2_unread_cc,MSG0000525,no_access_event,1,accesses=0
17,P4_result_misrouted,MSG0000577,message_exists,1,
17,P4_result_misrouted,MSG0000577,is_result,1,
17,P4_result_misrouted,MSG0000577,recipient_not_ordering,1,
17,P4_result_misrouted,MSG0000577,recipient_not_covering,1,cover=None
17,P2_unread_cc,MSG0000603,message_exists,1,
17,P2_unread_cc,MSG0000603,is_cc,1,
17,P2_unread_cc,MSG0000603,no_access_event,1,accesses=0
17,P2_unread_cc,MSG0000607,message_exists,1,
17,P2_unread_cc,MSG0000607,is_cc,1,
17,P2_unread_cc,MSG0000607,no_access_event,1,accesses=0
17,P2_unread_cc,MSG0000610,message_exists,1,
17,P2_unread_cc,MSG0000610,is_cc,1,
17,P2_unread_cc,MSG0000610,no_access_event,1,accesses=0
17,P4_result_misrouted,MSG0000670,message_exists,1,
17,P4_result_misrouted,MSG0000670,is_result,1,
17,P4_result_misrouted,MSG0000670,recipient_not_ordering,1,
17,P4_result_misrouted,MSG0000670,recipient_not_covering,1,cover=None
17,P2_unread_cc,MSG0000690,message_exists,1,
17,P2_unread_cc,MSG0000690,is_cc,1,
17,P2_unread_cc,MSG0000690,no_access_event,1,accesses=0
17,P2_unread_cc,MSG0000697,message_exists,1,
17,P2_unread_cc,MSG0000697,is_cc,1,
17,P2_unread_cc,MSG0000697,no_access_event,1,accesses=0
17,P2_unread_cc,MSG0000699,message_exists,1,
17,P2_unread_cc,MSG0000699,is_cc,1,
17,P2_unread_cc,MSG0000699,no_access_event,1,accesses=0
17,P1_thank_you,MSG0000736,message_exists,1,
17,P1_thank_you,MSG0000736,patient_originated_portal_message,1,
17,P1_thank_you,MSG0000736,is_reply_to_prior_outbound,1,
17,P1_thank_you,MSG0000736,thread_ending,1,later_messages=0
17,P1_thank_you,MSG0000736,accessed_and_completed,1,
17,P7_pingpong,MSG0000742,message_exists,1,
17,P7_pingpong,MSG0000742,at_least_two_staff_to_provider_forwards,1,staff_to_provider=2
17,P7_pingpong,MSG0000742,at_least_two_provider_to_staff_forwards,1,provider_to_staff=2
17,P7_pingpong,MSG0000742,two_or_more_round_trips,1,roundtrips=2
17,P4_result_misrouted,MSG0000754,message_exists,1,
17,P4_result_misrouted,MSG0000754,is_result,1,
17,P4_result_misrouted,MSG0000754,recipient_not_ordering,1,
17,P4_result_misrouted,MSG0000754,recipient_not_covering,1,cover=None
17,P2_unread_cc,MSG0000784,message_exists,1,
17,P2_unread_cc,MSG0000784,is_cc,1,
17,P2_unread_cc,MSG0000784,no_access_event,1,accesses=0
17,P2_unread_cc,MSG0000786,message_exists,1,
17,P2_unread_cc,MSG0000786,is_cc,1,
17,P2_unread_cc,MSG0000786,no_access_event,1,accesses=0
17,P2_unread_cc,MSG0000788,message_exists,1,
17,P2_unread_cc,MSG0000788,is_cc,1,
17,P2_unread_cc,MSG0000788,no_access_event,1,accesses=0
17,P2_unread_cc,MSG0000793,message_exists,1,
17,P2_unread_cc,MSG0000793,is_cc,1,
17,P2_unread_cc,MSG0000793,no_access_event,1,accesses=0
17,P2_unread_cc,MSG0000865,message_exists,1,
17,P2_unread_cc,MSG0000865,is_cc,1,
17,P2_unread_cc,MSG0000865,no_access_event,1,accesses=0
17,P2_unread_cc,MSG0000866,message_exists,1,
17,P2_unread_cc,MSG0000866,is_cc,1,
17,P2_unread_cc,MSG0000866,no_access_event,1,accesses=0
17,P2_unread_cc,MSG0000868,message_exists,1,
17,P2_unread_cc,MSG0000868,is_cc,1,
17,P2_unread_cc,MSG0000868,no_access_event,1,accesses=0
17,P1_thank_you,MSG0000898,message_exists,1,
17,P1_thank_you,MSG0000898,patient_originated_portal_message,1,
17,P1_thank_you,MSG0000898,is_reply_to_prior_outbound,1,
17,P1_thank_you,MSG0000898,thread_ending,1,later_messages=0
17,P1_thank_you,MSG0000898,accessed_and_completed,1,
17,P4_result_misrouted,MSG0000917,message_exists,1,
17,P4_result_misrouted,MSG0000917,is_result,1,
17,P4_result_misrouted,MSG0000917,recipient_not_ordering,1,
17,P4_result_misrouted,MSG0000917,recipient_not_covering,1,cover=None
17,P2_unread_cc,MSG0000939,message_exists,1,
17,P2_unread_cc,MSG0000939,is_cc,1,
17,P2_unread_cc,MSG0000939,no_access_event,1,accesses=0
17,P2_unread_cc,MSG0001031,message_exists,1,
17,P2_unread_cc,MSG0001031,is_cc,1,
17,P2_unread_cc,MSG0001031,no_access_event,1,accesses=0
17,P2_unread_cc,MSG0001033,message_exists,1,
17,P2_unread_cc,MSG0001033,is_cc,1,
17,P2_unread_cc,MSG0001033,no_access_event,1,accesses=0
17,P1_thank_you,MSG0001059,message_exists,1,
17,P1_thank_you,MSG0001059,patient_originated_portal_message,1,
17,P1_thank_you,MSG0001059,is_reply_to_prior_outbound,1,
17,P1_thank_you,MSG0001059,thread_ending,1,later_messages=0
17,P1_thank_you,MSG0001059,accessed_and_completed,1,
17,P1_thank_you,MSG0001062,message_exists,1,
17,P1_thank_you,MSG0001062,patient_originated_portal_message,1,
17,P1_thank_you,MSG0001062,is_reply_to_prior_outbound,1,
17,P1_thank_you,MSG0001062,thread_ending,1,later_messages=0
17,P1_thank_you,MSG0001062,accessed_and_completed,1,
17,P2_unread_cc,MSG0001107,message_exists,1,
17,P2_unread_cc,MSG0001107,is_cc,1,
17,P2_unread_cc,MSG0001107,no_access_event,1,accesses=0
17,P4_result_misrouted,MSG0001165,message_exists,1,
17,P4_result_misrouted,MSG0001165,is_result,1,
17,P4_result_misrouted,MSG0001165,recipient_not_ordering,1,
17,P4_result_misrouted,MSG0001165,recipient_not_covering,1,cover=None
17,P2_unread_cc,MSG0001184,message_exists,1,
17,P2_unread_cc,MSG0001184,is_cc,1,
17,P2_unread_cc,MSG0001184,no_access_event,1,accesses=0
17,P2_unread_cc,MSG0001185,message_exists,1,
17,P2_unread_cc,MSG0001185,is_cc,1,
17,P2_unread_cc,MSG0001185,no_access_event,1,accesses=0
17,P2_unread_cc,MSG0001190,message_exists,1,
17,P2_unread_cc,MSG0001190,is_cc,1,
17,P2_unread_cc,MSG0001190,no_access_event,1,accesses=0
17,P4_result_misrouted,MSG0001257,message_exists,1,
17,P4_result_misrouted,MSG0001257,is_result,1,
17,P4_result_misrouted,MSG0001257,recipient_not_ordering,1,
17,P4_result_misrouted,MSG0001257,recipient_not_covering,1,cover=None
17,P2_unread_cc,MSG0001342,message_exists,1,
17,P2_unread_cc,MSG0001342,is_cc,1,
17,P2_unread_cc,MSG0001342,no_access_event,1,accesses=0
17,P2_unread_cc,MSG0001343,message_exists,1,
17,P2_unread_cc,MSG0001343,is_cc,1,
17,P2_unread_cc,MSG0001343,no_access_event,1,accesses=0
17,P2_unread_cc,MSG0001344,message_exists,1,
17,P2_unread_cc,MSG0001344,is_cc,1,
17,P2_unread_cc,MSG0001344,no_access_event,1,accesses=0
17,P2_unread_cc,MSG0001349,message_exists,1,
17,P2_unread_cc,MSG0001349,is_cc,1,
17,P2_unread_cc,MSG0001349,no_access_event,1,accesses=0
17,P4_result_misrouted,MSG0001383,message_exists,1,
17,P4_result_misrouted,MSG0001383,is_result,1,
17,P4_result_misrouted,MSG0001383,recipient_not_ordering,1,
17,P4_result_misrouted,MSG0001383,recipient_not_covering,1,cover=None
17,P2_unread_cc,MSG0001416,message_exists,1,
17,P2_unread_cc,MSG0001416,is_cc,1,
17,P2_unread_cc,MSG0001416,no_access_event,1,accesses=0
17,P2_unread_cc,MSG0001418,message_exists,1,
17,P2_unread_cc,MSG0001418,is_cc,1,
17,P2_unread_cc,MSG0001418,no_access_event,1,accesses=0
17,P2_unread_cc,MSG0001420,message_exists,1,
17,P2_unread_cc,MSG0001420,is_cc,1,
17,P2_unread_cc,MSG0001420,no_access_event,1,accesses=0
17,P2_unread_cc,MSG0001498,message_exists,1,
17,P2_unread_cc,MSG0001498,is_cc,1,
17,P2_unread_cc,MSG0001498,no_access_event,1,accesses=0
17,P2_unread_cc,MSG0001499,message_exists,1,
17,P2_unread_cc,MSG0001499,is_cc,1,
17,P2_unread_cc,MSG0001499,no_access_event,1,accesses=0
17,P2_unread_cc,MSG0001504,message_exists,1,
17,P2_unread_cc,MSG0001504,is_cc,1,
17,P2_unread_cc,MSG0001504,no_access_event,1,accesses=0
17,P2_unread_cc,MSG0001505,message_exists,1,
17,P2_unread_cc,MSG0001505,is_cc,1,
17,P2_unread_cc,MSG0001505,no_access_event,1,accesses=0
17,P2_unread_cc,MSG0001573,message_exists,1,
17,P2_unread_cc,MSG0001573,is_cc,1,
17,P2_unread_cc,MSG0001573,no_access_event,1,accesses=0
17,P1_thank_you,MSG0001602,message_exists,1,
17,P1_thank_you,MSG0001602,patient_originated_portal_message,1,
17,P1_thank_you,MSG0001602,is_reply_to_prior_outbound,1,
17,P1_thank_you,MSG0001602,thread_ending,1,later_messages=0
17,P1_thank_you,MSG0001602,accessed_and_completed,1,
17,P3_extended_thread,THR0001521,thread_exists,1,
17,P3_extended_thread,THR0001521,three_or_more_patient_incoming,1,incoming=3
17,P3_extended_thread,THR0001521,four_or_more_message_exchanges,1,in+out=6
17,P3_extended_thread,THR0001521,spans_at_least_3_days,1,span_days=8.87
17,P3_extended_thread,THR0001521,no_visit_between,1,intervening_visits=0
17,P7_pingpong,MSG0001605,message_exists,1,
17,P7_pingpong,MSG0001605,at_least_two_staff_to_provider_forwards,1,staff_to_provider=2
17,P7_pingpong,MSG0001605,at_least_two_provider_to_staff_forwards,1,provider_to_staff=2
17,P7_pingpong,MSG0001605,two_or_more_round_trips,1,roundtrips=2
17,P4_result_misrouted,MSG0001623,message_exists,1,
17,P4_result_misrouted,MSG0001623,is_result,1,
17,P4_result_misrouted,MSG0001623,recipient_not_ordering,1,
17,P4_result_misrouted,MSG0001623,recipient_not_covering,1,cover=None
17,P2_unread_cc,MSG0001643,message_exists,1,
17,P2_unread_cc,MSG0001643,is_cc,1,
17,P2_unread_cc,MSG0001643,no_access_event,1,accesses=0
17,P2_unread_cc,MSG0001646,message_exists,1,
17,P2_unread_cc,MSG0001646,is_cc,1,
17,P2_unread_cc,MSG0001646,no_access_event,1,accesses=0
17,P2_unread_cc,MSG0001649,message_exists,1,
17,P2_unread_cc,MSG0001649,is_cc,1,
17,P2_unread_cc,MSG0001649,no_access_event,1,accesses=0
17,P2_unread_cc,MSG0001732,message_exists,1,
17,P2_unread_cc,MSG0001732,is_cc,1,
17,P2_unread_cc,MSG0001732,no_access_event,1,accesses=0
17,P2_unread_cc,MSG0001810,message_exists,1,
17,P2_unread_cc,MSG0001810,is_cc,1,
17,P2_unread_cc,MSG0001810,no_access_event,1,accesses=0
17,P7_pingpong,MSG0001839,message_exists,1,
17,P7_pingpong,MSG0001839,at_least_two_staff_to_provider_forwards,1,staff_to_provider=2
17,P7_pingpong,MSG0001839,at_least_two_provider_to_staff_forwards,1,provider_to_staff=2
17,P7_pingpong,MSG0001839,two_or_more_round_trips,1,roundtrips=2
17,P4_result_misrouted,MSG0001851,message_exists,1,
17,P4_result_misrouted,MSG0001851,is_result,1,
17,P4_result_misrouted,MSG0001851,recipient_not_ordering,1,
17,P4_result_misrouted,MSG0001851,recipient_not_covering,1,cover=None
17,P2_unread_cc,MSG0001878,message_exists,1,
17,P2_unread_cc,MSG0001878,is_cc,1,
17,P2_unread_cc,MSG0001878,no_access_event,1,accesses=0
17,P2_unread_cc,MSG0001964,message_exists,1,
17,P2_unread_cc,MSG0001964,is_cc,1,
17,P2_unread_cc,MSG0001964,no_access_event,1,accesses=0
17,P2_unread_cc,MSG0001967,message_exists,1,
17,P2_unread_cc,MSG0001967,is_cc,1,
17,P2_unread_cc,MSG0001967,no_access_event,1,accesses=0
17,P2_unread_cc,MSG0001968,message_exists,1,
17,P2_unread_cc,MSG0001968,is_cc,1,
17,P2_unread_cc,MSG0001968,no_access_event,1,accesses=0
17,P2_unread_cc,MSG0001969,message_exists,1,
17,P2_unread_cc,MSG0001969,is_cc,1,
17,P2_unread_cc,MSG0001969,no_access_event,1,accesses=0
17,P8_nonclinical_misrouted,MSG0002006,message_exists,1,
17,P8_nonclinical_misrouted,MSG0002006,nonclinical_category,1,category=billing_question
17,P8_nonclinical_misrouted,MSG0002006,reaches_provider,1,provider_forwards=1
17,P4_result_misrouted,MSG0002026,message_exists,1,
17,P4_result_misrouted,MSG0002026,is_result,1,
17,P4_result_misrouted,MSG0002026,recipient_not_ordering,1,
17,P4_result_misrouted,MSG0002026,recipient_not_covering,1,cover=None
17,P2_unread_cc,MSG0002039,message_exists,1,
17,P2_unread_cc,MSG0002039,is_cc,1,
17,P2_unread_cc,MSG0002039,no_access_event,1,accesses=0
17,P2_unread_cc,MSG0002042,message_exists,1,
17,P2_unread_cc,MSG0002042,is_cc,1,
17,P2_unread_cc,MSG0002042,no_access_event,1,accesses=0
17,P2_unread_cc,MSG0002127,message_exists,1,
17,P2_unread_cc,MSG0002127,is_cc,1,
17,P2_unread_cc,MSG0002127,no_access_event,1,accesses=0
17,P2_unread_cc,MSG0002128,message_exists,1,
17,P2_unread_cc,MSG0002128,is_cc,1,
17,P2_unread_cc,MSG0002128,no_access_event,1,accesses=0
17,P2_unread_cc,MSG0002196,message_exists,1,
17,P2_unread_cc,MSG0002196,is_cc,1,
17,P2_unread_cc,MSG0002196,no_access_event,1,accesses=0
17,P2_unread_cc,MSG0002268,message_exists,1,
17,P2_unread_cc,MSG0002268,is_cc,1,
17,P2_unread_cc,MSG0002268,no_access_event,1,accesses=0
17,P2_unread_cc,MSG0002269,message_exists,1,
17,P2_unread_cc,MSG0002269,is_cc,1,
17,P2_unread_cc,MSG0002269,no_access_event,1,accesses=0
17,P2_unread_cc,MSG0002334,message_exists,1,
17,P2_unread_cc,MSG0002334,is_cc,1,
17,P2_unread_cc,MSG0002334,no_access_event,1,accesses=0
17,P2_unread_cc,MSG0002336,message_exists,1,
17,P2_unread_cc,MSG0002336,is_cc,1,
17,P2_unread_cc,MSG0002336,no_access_event,1,accesses=0
17,P2_unread_cc,MSG0002339,message_exists,1,
17,P2_unread_cc,MSG0002339,is_cc,1,
17,P2_unread_cc,MSG0002339,no_access_event,1,accesses=0
17,P2_unread_cc,MSG0002345,message_exists,1,
17,P2_unread_cc,MSG0002345,is_cc,1,
17,P2_unread_cc,MSG0002345,no_access_event,1,accesses=0
17,P2_unread_cc,MSG0002346,message_exists,1,
17,P2_unread_cc,MSG0002346,is_cc,1,
17,P2_unread_cc,MSG0002346,no_access_event,1,accesses=0
17,P7_pingpong,MSG0002365,message_exists,1,
17,P7_pingpong,MSG0002365,at_least_two_staff_to_provider_forwards,1,staff_to_provider=2
17,P7_pingpong,MSG0002365,at_least_two_provider_to_staff_forwards,1,provider_to_staff=2
17,P7_pingpong,MSG0002365,two_or_more_round_trips,1,roundtrips=2
17,P2_unread_cc,MSG0002410,message_exists,1,
17,P2_unread_cc,MSG0002410,is_cc,1,
17,P2_unread_cc,MSG0002410,no_access_event,1,accesses=0
17,P4_result_misrouted,MSG0002469,message_exists,1,
17,P4_result_misrouted,MSG0002469,is_result,1,
17,P4_result_misrouted,MSG0002469,recipient_not_ordering,1,
17,P4_result_misrouted,MSG0002469,recipient_not_covering,1,cover=None
17,P1_thank_you,MSG0002510,message_exists,1,
17,P1_thank_you,MSG0002510,patient_originated_portal_message,1,
17,P1_thank_you,MSG0002510,is_reply_to_prior_outbound,1,
17,P1_thank_you,MSG0002510,thread_ending,1,later_messages=0
17,P1_thank_you,MSG0002510,accessed_and_completed,1,
17,P8_nonclinical_misrouted,MSG0002533,message_exists,1,
17,P8_nonclinical_misrouted,MSG0002533,nonclinical_category,1,category=cancellation
17,P8_nonclinical_misrouted,MSG0002533,reaches_provider,1,provider_forwards=1
17,P2_unread_cc,MSG0002558,message_exists,1,
17,P2_unread_cc,MSG0002558,is_cc,1,
17,P2_unread_cc,MSG0002558,no_access_event,1,accesses=0
17,P2_unread_cc,MSG0002562,message_exists,1,
17,P2_unread_cc,MSG0002562,is_cc,1,
17,P2_unread_cc,MSG0002562,no_access_event,1,accesses=0
17,P2_unread_cc,MSG0002568,message_exists,1,
17,P2_unread_cc,MSG0002568,is_cc,1,
17,P2_unread_cc,MSG0002568,no_access_event,1,accesses=0
17,P2_unread_cc,MSG0002571,message_exists,1,
17,P2_unread_cc,MSG0002571,is_cc,1,
17,P2_unread_cc,MSG0002571,no_access_event,1,accesses=0
17,P7_pingpong,MSG0002628,message_exists,1,
17,P7_pingpong,MSG0002628,at_least_two_staff_to_provider_forwards,1,staff_to_provider=2
17,P7_pingpong,MSG0002628,at_least_two_provider_to_staff_forwards,1,provider_to_staff=2
17,P7_pingpong,MSG0002628,two_or_more_round_trips,1,roundtrips=2
17,P2_unread_cc,MSG0002665,message_exists,1,
17,P2_unread_cc,MSG0002665,is_cc,1,
17,P2_unread_cc,MSG0002665,no_access_event,1,accesses=0
17,P2_unread_cc,MSG0002668,message_exists,1,
17,P2_unread_cc,MSG0002668,is_cc,1,
17,P2_unread_cc,MSG0002668,no_access_event,1,accesses=0
17,P2_unread_cc,MSG0002670,message_exists,1,
17,P2_unread_cc,MSG0002670,is_cc,1,
17,P2_unread_cc,MSG0002670,no_access_event,1,accesses=0
17,P2_unread_cc,MSG0002746,message_exists,1,
17,P2_unread_cc,MSG0002746,is_cc,1,
17,P2_unread_cc,MSG0002746,no_access_event,1,accesses=0
17,P2_unread_cc,MSG0002747,message_exists,1,
17,P2_unread_cc,MSG0002747,is_cc,1,
17,P2_unread_cc,MSG0002747,no_access_event,1,accesses=0
17,P2_unread_cc,MSG0002751,message_exists,1,
17,P2_unread_cc,MSG0002751,is_cc,1,
17,P2_unread_cc,MSG0002751,no_access_event,1,accesses=0
17,P2_unread_cc,MSG0002837,message_exists,1,
17,P2_unread_cc,MSG0002837,is_cc,1,
17,P2_unread_cc,MSG0002837,no_access_event,1,accesses=0
17,P2_unread_cc,MSG0002839,message_exists,1,
17,P2_unread_cc,MSG0002839,is_cc,1,
17,P2_unread_cc,MSG0002839,no_access_event,1,accesses=0
17,P2_unread_cc,MSG0002840,message_exists,1,
17,P2_unread_cc,MSG0002840,is_cc,1,
17,P2_unread_cc,MSG0002840,no_access_event,1,accesses=0
17,P2_unread_cc,MSG0002845,message_exists,1,
17,P2_unread_cc,MSG0002845,is_cc,1,
17,P2_unread_cc,MSG0002845,no_access_event,1,accesses=0
17,P2_unread_cc,MSG0002921,message_exists,1,
17,P2_unread_cc,MSG0002921,is_cc,1,
17,P2_unread_cc,MSG0002921,no_access_event,1,accesses=0
17,P2_unread_cc,MSG0002927,message_exists,1,
17,P2_unread_cc,MSG0002927,is_cc,1,
17,P2_unread_cc,MSG0002927,no_access_event,1,accesses=0
17,P2_unread_cc,MSG0002928,message_exists,1,
17,P2_unread_cc,MSG0002928,is_cc,1,
17,P2_unread_cc,MSG0002928,no_access_event,1,accesses=0
17,P2_unread_cc,MSG0003088,message_exists,1,
17,P2_unread_cc,MSG0003088,is_cc,1,
17,P2_unread_cc,MSG0003088,no_access_event,1,accesses=0
17,P2_unread_cc,MSG0003091,message_exists,1,
17,P2_unread_cc,MSG0003091,is_cc,1,
17,P2_unread_cc,MSG0003091,no_access_event,1,accesses=0
17,P2_unread_cc,MSG0003097,message_exists,1,
17,P2_unread_cc,MSG0003097,is_cc,1,
17,P2_unread_cc,MSG0003097,no_access_event,1,accesses=0
17,P8_nonclinical_misrouted,MSG0003142,message_exists,1,
17,P8_nonclinical_misrouted,MSG0003142,nonclinical_category,1,category=billing_question
17,P8_nonclinical_misrouted,MSG0003142,reaches_provider,1,provider_forwards=1
17,P3_extended_thread,THR0003134,thread_exists,1,
17,P3_extended_thread,THR0003134,three_or_more_patient_incoming,1,incoming=3
17,P3_extended_thread,THR0003134,four_or_more_message_exchanges,1,in+out=6
17,P3_extended_thread,THR0003134,spans_at_least_3_days,1,span_days=7.93
17,P3_extended_thread,THR0003134,no_visit_between,1,intervening_visits=0
17,P4_result_misrouted,MSG0003321,message_exists,1,
17,P4_result_misrouted,MSG0003321,is_result,1,
17,P4_result_misrouted,MSG0003321,recipient_not_ordering,1,
17,P4_result_misrouted,MSG0003321,recipient_not_covering,1,cover=None
17,P2_unread_cc,MSG0003335,message_exists,1,
17,P2_unread_cc,MSG0003335,is_cc,1,
17,P2_unread_cc,MSG0003335,no_access_event,1,accesses=0
17,P2_unread_cc,MSG0003339,message_exists,1,
17,P2_unread_cc,MSG0003339,is_cc,1,
17,P2_unread_cc,MSG0003339,no_access_event,1,accesses=0
17,P2_unread_cc,MSG0003402,message_exists,1,
17,P2_unread_cc,MSG0003402,is_cc,1,
17,P2_unread_cc,MSG0003402,no_access_event,1,accesses=0
17,P2_unread_cc,MSG0003404,message_exists,1,
17,P2_unread_cc,MSG0003404,is_cc,1,
17,P2_unread_cc,MSG0003404,no_access_event,1,accesses=0
17,P2_unread_cc,MSG0003408,message_exists,1,
17,P2_unread_cc,MSG0003408,is_cc,1,
17,P2_unread_cc,MSG0003408,no_access_event,1,accesses=0
17,P2_unread_cc,MSG0003410,message_exists,1,
17,P2_unread_cc,MSG0003410,is_cc,1,
17,P2_unread_cc,MSG0003410,no_access_event,1,accesses=0
17,P2_unread_cc,MSG0003482,message_exists,1,
17,P2_unread_cc,MSG0003482,is_cc,1,
17,P2_unread_cc,MSG0003482,no_access_event,1,accesses=0
17,P2_unread_cc,MSG0003484,message_exists,1,
17,P2_unread_cc,MSG0003484,is_cc,1,
17,P2_unread_cc,MSG0003484,no_access_event,1,accesses=0
17,P2_unread_cc,MSG0003563,message_exists,1,
17,P2_unread_cc,MSG0003563,is_cc,1,
17,P2_unread_cc,MSG0003563,no_access_event,1,accesses=0
17,P2_unread_cc,MSG0003565,message_exists,1,
17,P2_unread_cc,MSG0003565,is_cc,1,
17,P2_unread_cc,MSG0003565,no_access_event,1,accesses=0
17,P4_result_misrouted,MSG0003605,message_exists,1,
17,P4_result_misrouted,MSG0003605,is_result,1,
17,P4_result_misrouted,MSG0003605,recipient_not_ordering,1,
17,P4_result_misrouted,MSG0003605,recipient_not_covering,1,cover=None
17,P2_unread_cc,MSG0003737,message_exists,1,
17,P2_unread_cc,MSG0003737,is_cc,1,
17,P2_unread_cc,MSG0003737,no_access_event,1,accesses=0
17,P7_pingpong,MSG0003772,message_exists,1,
17,P7_pingpong,MSG0003772,at_least_two_staff_to_provider_forwards,1,staff_to_provider=2
17,P7_pingpong,MSG0003772,at_least_two_provider_to_staff_forwards,1,provider_to_staff=2
17,P7_pingpong,MSG0003772,two_or_more_round_trips,1,roundtrips=2
17,P1_thank_you,MSG0003805,message_exists,1,
17,P1_thank_you,MSG0003805,patient_originated_portal_message,1,
17,P1_thank_you,MSG0003805,is_reply_to_prior_outbound,1,
17,P1_thank_you,MSG0003805,thread_ending,1,later_messages=0
17,P1_thank_you,MSG0003805,accessed_and_completed,1,
17,P2_unread_cc,MSG0003894,message_exists,1,
17,P2_unread_cc,MSG0003894,is_cc,1,
17,P2_unread_cc,MSG0003894,no_access_event,1,accesses=0
17,P8_nonclinical_misrouted,MSG0003942,message_exists,1,
17,P8_nonclinical_misrouted,MSG0003942,nonclinical_category,1,category=appointment_request
17,P8_nonclinical_misrouted,MSG0003942,reaches_provider,1,provider_forwards=1
17,P4_result_misrouted,MSG0003955,message_exists,1,
17,P4_result_misrouted,MSG0003955,is_result,1,
17,P4_result_misrouted,MSG0003955,recipient_not_ordering,1,
17,P4_result_misrouted,MSG0003955,recipient_not_covering,1,cover=None
17,P2_unread_cc,MSG0003981,message_exists,1,
17,P2_unread_cc,MSG0003981,is_cc,1,
17,P2_unread_cc,MSG0003981,no_access_event,1,accesses=0
17,P2_unread_cc,MSG0003982,message_exists,1,
17,P2_unread_cc,MSG0003982,is_cc,1,
17,P2_unread_cc,MSG0003982,no_access_event,1,accesses=0
17,P2_unread_cc,MSG0003985,message_exists,1,
17,P2_unread_cc,MSG0003985,is_cc,1,
17,P2_unread_cc,MSG0003985,no_access_event,1,accesses=0
17,P2_unread_cc,MSG0003988,message_exists,1,
17,P2_unread_cc,MSG0003988,is_cc,1,
17,P2_unread_cc,MSG0003988,no_access_event,1,accesses=0
17,P2_unread_cc,MSG0003995,message_exists,1,
17,P2_unread_cc,MSG0003995,is_cc,1,
17,P2_unread_cc,MSG0003995,no_access_event,1,accesses=0
17,P2_unread_cc,MSG0004072,message_exists,1,
17,P2_unread_cc,MSG0004072,is_cc,1,
17,P2_unread_cc,MSG0004072,no_access_event,1,accesses=0
17,P2_unread_cc,MSG0004074,message_exists,1,
17,P2_unread_cc,MSG0004074,is_cc,1,
17,P2_unread_cc,MSG0004074,no_access_event,1,accesses=0
17,P2_unread_cc,MSG0004075,message_exists,1,
17,P2_unread_cc,MSG0004075,is_cc,1,
17,P2_unread_cc,MSG0004075,no_access_event,1,accesses=0
17,P2_unread_cc,MSG0004077,message_exists,1,
17,P2_unread_cc,MSG0004077,is_cc,1,
17,P2_unread_cc,MSG0004077,no_access_event,1,accesses=0
17,P2_unread_cc,MSG0004078,message_exists,1,
17,P2_unread_cc,MSG0004078,is_cc,1,
17,P2_unread_cc,MSG0004078,no_access_event,1,accesses=0
17,P4_result_misrouted,MSG0004134,message_exists,1,
17,P4_result_misrouted,MSG0004134,is_result,1,
17,P4_result_misrouted,MSG0004134,recipient_not_ordering,1,
17,P4_result_misrouted,MSG0004134,recipient_not_covering,1,cover=None
17,P2_unread_cc,MSG0004163,message_exists,1,
17,P2_unread_cc,MSG0004163,is_cc,1,
17,P2_unread_cc,MSG0004163,no_access_event,1,accesses=0
17,P2_unread_cc,MSG0004164,message_exists,1,
17,P2_unread_cc,MSG0004164,is_cc,1,
17,P2_unread_cc,MSG0004164,no_access_event,1,accesses=0
17,P2_unread_cc,MSG0004231,message_exists,1,
17,P2_unread_cc,MSG0004231,is_cc,1,
17,P2_unread_cc,MSG0004231,no_access_event,1,accesses=0
17,P2_unread_cc,MSG0004242,message_exists,1,
17,P2_unread_cc,MSG0004242,is_cc,1,
17,P2_unread_cc,MSG0004242,no_access_event,1,accesses=0
17,P2_unread_cc,MSG0004311,message_exists,1,
17,P2_unread_cc,MSG0004311,is_cc,1,
17,P2_unread_cc,MSG0004311,no_access_event,1,accesses=0
17,P2_unread_cc,MSG0004312,message_exists,1,
17,P2_unread_cc,MSG0004312,is_cc,1,
17,P2_unread_cc,MSG0004312,no_access_event,1,accesses=0
17,P2_unread_cc,MSG0004313,message_exists,1,
17,P2_unread_cc,MSG0004313,is_cc,1,
17,P2_unread_cc,MSG0004313,no_access_event,1,accesses=0
17,P2_unread_cc,MSG0004318,message_exists,1,
17,P2_unread_cc,MSG0004318,is_cc,1,
17,P2_unread_cc,MSG0004318,no_access_event,1,accesses=0
17,P2_unread_cc,MSG0004320,message_exists,1,
17,P2_unread_cc,MSG0004320,is_cc,1,
17,P2_unread_cc,MSG0004320,no_access_event,1,accesses=0
17,P2_unread_cc,MSG0004389,message_exists,1,
17,P2_unread_cc,MSG0004389,is_cc,1,
17,P2_unread_cc,MSG0004389,no_access_event,1,accesses=0
17,P2_unread_cc,MSG0004464,message_exists,1,
17,P2_unread_cc,MSG0004464,is_cc,1,
17,P2_unread_cc,MSG0004464,no_access_event,1,accesses=0
17,P2_unread_cc,MSG0004468,message_exists,1,
17,P2_unread_cc,MSG0004468,is_cc,1,
17,P2_unread_cc,MSG0004468,no_access_event,1,accesses=0
17,P2_unread_cc,MSG0004470,message_exists,1,
17,P2_unread_cc,MSG0004470,is_cc,1,
17,P2_unread_cc,MSG0004470,no_access_event,1,accesses=0
17,P4_result_misrouted,MSG0004520,message_exists,1,
17,P4_result_misrouted,MSG0004520,is_result,1,
17,P4_result_misrouted,MSG0004520,recipient_not_ordering,1,
17,P4_result_misrouted,MSG0004520,recipient_not_covering,1,cover=None
17,P2_unread_cc,MSG0004542,message_exists,1,
17,P2_unread_cc,MSG0004542,is_cc,1,
17,P2_unread_cc,MSG0004542,no_access_event,1,accesses=0
17,P4_result_misrouted,MSG0004583,message_exists,1,
17,P4_result_misrouted,MSG0004583,is_result,1,
17,P4_result_misrouted,MSG0004583,recipient_not_ordering,1,
17,P4_result_misrouted,MSG0004583,recipient_not_covering,1,cover=None
17,P4_result_misrouted,MSG0004586,message_exists,1,
17,P4_result_misrouted,MSG0004586,is_result,1,
17,P4_result_misrouted,MSG0004586,recipient_not_ordering,1,
17,P4_result_misrouted,MSG0004586,recipient_not_covering,1,cover=None
17,P2_unread_cc,MSG0004611,message_exists,1,
17,P2_unread_cc,MSG0004611,is_cc,1,
17,P2_unread_cc,MSG0004611,no_access_event,1,accesses=0
17,P3_extended_thread,THR0004419,thread_exists,1,
17,P3_extended_thread,THR0004419,three_or_more_patient_incoming,1,incoming=3
17,P3_extended_thread,THR0004419,four_or_more_message_exchanges,1,in+out=6
17,P3_extended_thread,THR0004419,spans_at_least_3_days,1,span_days=5.79
17,P3_extended_thread,THR0004419,no_visit_between,1,intervening_visits=0
17,P4_result_misrouted,MSG0004664,message_exists,1,
17,P4_result_misrouted,MSG0004664,is_result,1,
17,P4_result_misrouted,MSG0004664,recipient_not_ordering,1,
17,P4_result_misrouted,MSG0004664,recipient_not_covering,1,cover=None
17,P1_thank_you,MSG0004727,message_exists,1,
17,P1_thank_you,MSG0004727,patient_originated_portal_message,1,
17,P1_thank_you,MSG0004727,is_reply_to_prior_outbound,1,
17,P1_thank_you,MSG0004727,thread_ending,1,later_messages=0
17,P1_thank_you,MSG0004727,accessed_and_completed,1,
17,P2_unread_cc,MSG0004761,message_exists,1,
17,P2_unread_cc,MSG0004761,is_cc,1,
17,P2_unread_cc,MSG0004761,no_access_event,1,accesses=0
17,P8_nonclinical_misrouted,MSG0004808,message_exists,1,
17,P8_nonclinical_misrouted,MSG0004808,nonclinical_category,1,category=billing_question
17,P8_nonclinical_misrouted,MSG0004808,reaches_provider,1,provider_forwards=1
17,P2_unread_cc,MSG0004837,message_exists,1,
17,P2_unread_cc,MSG0004837,is_cc,1,
17,P2_unread_cc,MSG0004837,no_access_event,1,accesses=0
17,P2_unread_cc,MSG0004839,message_exists,1,
17,P2_unread_cc,MSG0004839,is_cc,1,
17,P2_unread_cc,MSG0004839,no_access_event,1,accesses=0
17,P4_result_misrouted,MSG0004875,message_exists,1,
17,P4_result_misrouted,MSG0004875,is_result,1,
17,P4_result_misrouted,MSG0004875,recipient_not_ordering,1,
17,P4_result_misrouted,MSG0004875,recipient_not_covering,1,cover=None
17,P2_unread_cc,MSG0004965,message_exists,1,
17,P2_unread_cc,MSG0004965,is_cc,1,
17,P2_unread_cc,MSG0004965,no_access_event,1,accesses=0
17,P2_unread_cc,MSG0004967,message_exists,1,
17,P2_unread_cc,MSG0004967,is_cc,1,
17,P2_unread_cc,MSG0004967,no_access_event,1,accesses=0
17,P2_unread_cc,MSG0004969,message_exists,1,
17,P2_unread_cc,MSG0004969,is_cc,1,
17,P2_unread_cc,MSG0004969,no_access_event,1,accesses=0
18,P4_result_misrouted,MSG0000011,message_exists,1,
18,P4_result_misrouted,MSG0000011,is_result,1,
18,P4_result_misrouted,MSG0000011,recipient_not_ordering,1,
18,P4_result_misrouted,MSG0000011,recipient_not_covering,1,cover=None
18,P2_unread_cc,MSG0000036,message_exists,1,
18,P2_unread_cc,MSG0000036,is_cc,1,
18,P2_unread_cc,MSG0000036,no_access_event,1,accesses=0
18,P2_unread_cc,MSG0000041,message_exists,1,
18,P2_unread_cc,MSG0000041,is_cc,1,
18,P2_unread_cc,MSG0000041,no_access_event,1,accesses=0
18,P2_unread_cc,MSG0000043,message_exists,1,
18,P2_unread_cc,MSG0000043,is_cc,1,
18,P2_unread_cc,MSG0000043,no_access_event,1,accesses=0
18,P8_nonclinical_misrouted,MSG0000088,message_exists,1,
18,P8_nonclinical_misrouted,MSG0000088,nonclinical_category,1,category=appointment_request
18,P8_nonclinical_misrouted,MSG0000088,reaches_provider,1,provider_forwards=1
18,P2_unread_cc,MSG0000116,message_exists,1,
18,P2_unread_cc,MSG0000116,is_cc,1,
18,P2_unread_cc,MSG0000116,no_access_event,1,accesses=0
18,P2_unread_cc,MSG0000120,message_exists,1,
18,P2_unread_cc,MSG0000120,is_cc,1,
18,P2_unread_cc,MSG0000120,no_access_event,1,accesses=0
18,P2_unread_cc,MSG0000125,message_exists,1,
18,P2_unread_cc,MSG0000125,is_cc,1,
18,P2_unread_cc,MSG0000125,no_access_event,1,accesses=0
18,P2_unread_cc,MSG0000187,message_exists,1,
18,P2_unread_cc,MSG0000187,is_cc,1,
18,P2_unread_cc,MSG0000187,no_access_event,1,accesses=0
18,P2_unread_cc,MSG0000196,message_exists,1,
18,P2_unread_cc,MSG0000196,is_cc,1,
18,P2_unread_cc,MSG0000196,no_access_event,1,accesses=0
18,P1_thank_you,MSG0000230,message_exists,1,
18,P1_thank_you,MSG0000230,patient_originated_portal_message,1,
18,P1_thank_you,MSG0000230,is_reply_to_prior_outbound,1,
18,P1_thank_you,MSG0000230,thread_ending,1,later_messages=0
18,P1_thank_you,MSG0000230,accessed_and_completed,1,
18,P2_unread_cc,MSG0000270,message_exists,1,
18,P2_unread_cc,MSG0000270,is_cc,1,
18,P2_unread_cc,MSG0000270,no_access_event,1,accesses=0
18,P2_unread_cc,MSG0000271,message_exists,1,
18,P2_unread_cc,MSG0000271,is_cc,1,
18,P2_unread_cc,MSG0000271,no_access_event,1,accesses=0
18,P2_unread_cc,MSG0000276,message_exists,1,
18,P2_unread_cc,MSG0000276,is_cc,1,
18,P2_unread_cc,MSG0000276,no_access_event,1,accesses=0
18,P2_unread_cc,MSG0000277,message_exists,1,
18,P2_unread_cc,MSG0000277,is_cc,1,
18,P2_unread_cc,MSG0000277,no_access_event,1,accesses=0
18,P2_unread_cc,MSG0000281,message_exists,1,
18,P2_unread_cc,MSG0000281,is_cc,1,
18,P2_unread_cc,MSG0000281,no_access_event,1,accesses=0
18,P2_unread_cc,MSG0000340,message_exists,1,
18,P2_unread_cc,MSG0000340,is_cc,1,
18,P2_unread_cc,MSG0000340,no_access_event,1,accesses=0
18,P2_unread_cc,MSG0000341,message_exists,1,
18,P2_unread_cc,MSG0000341,is_cc,1,
18,P2_unread_cc,MSG0000341,no_access_event,1,accesses=0
18,P2_unread_cc,MSG0000344,message_exists,1,
18,P2_unread_cc,MSG0000344,is_cc,1,
18,P2_unread_cc,MSG0000344,no_access_event,1,accesses=0
18,P2_unread_cc,MSG0000346,message_exists,1,
18,P2_unread_cc,MSG0000346,is_cc,1,
18,P2_unread_cc,MSG0000346,no_access_event,1,accesses=0
18,P2_unread_cc,MSG0000428,message_exists,1,
18,P2_unread_cc,MSG0000428,is_cc,1,
18,P2_unread_cc,MSG0000428,no_access_event,1,accesses=0
18,P2_unread_cc,MSG0000429,message_exists,1,
18,P2_unread_cc,MSG0000429,is_cc,1,
18,P2_unread_cc,MSG0000429,no_access_event,1,accesses=0
18,P2_unread_cc,MSG0000431,message_exists,1,
18,P2_unread_cc,MSG0000431,is_cc,1,
18,P2_unread_cc,MSG0000431,no_access_event,1,accesses=0
18,P2_unread_cc,MSG0000435,message_exists,1,
18,P2_unread_cc,MSG0000435,is_cc,1,
18,P2_unread_cc,MSG0000435,no_access_event,1,accesses=0
18,P2_unread_cc,MSG0000437,message_exists,1,
18,P2_unread_cc,MSG0000437,is_cc,1,
18,P2_unread_cc,MSG0000437,no_access_event,1,accesses=0
18,P4_result_misrouted,MSG0000502,message_exists,1,
18,P4_result_misrouted,MSG0000502,is_result,1,
18,P4_result_misrouted,MSG0000502,recipient_not_ordering,1,
18,P4_result_misrouted,MSG0000502,recipient_not_covering,1,cover=None
18,P2_unread_cc,MSG0000520,message_exists,1,
18,P2_unread_cc,MSG0000520,is_cc,1,
18,P2_unread_cc,MSG0000520,no_access_event,1,accesses=0
18,P2_unread_cc,MSG0000526,message_exists,1,
18,P2_unread_cc,MSG0000526,is_cc,1,
18,P2_unread_cc,MSG0000526,no_access_event,1,accesses=0
18,P2_unread_cc,MSG0000527,message_exists,1,
18,P2_unread_cc,MSG0000527,is_cc,1,
18,P2_unread_cc,MSG0000527,no_access_event,1,accesses=0
18,P4_result_misrouted,MSG0000597,message_exists,1,
18,P4_result_misrouted,MSG0000597,is_result,1,
18,P4_result_misrouted,MSG0000597,recipient_not_ordering,1,
18,P4_result_misrouted,MSG0000597,recipient_not_covering,1,cover=None
18,P2_unread_cc,MSG0000627,message_exists,1,
18,P2_unread_cc,MSG0000627,is_cc,1,
18,P2_unread_cc,MSG0000627,no_access_event,1,accesses=0
18,P1_thank_you,MSG0000673,message_exists,1,
18,P1_thank_you,MSG0000673,patient_originated_portal_message,1,
18,P1_thank_you,MSG0000673,is_reply_to_prior_outbound,1,
18,P1_thank_you,MSG0000673,thread_ending,1,later_messages=0
18,P1_thank_you,MSG0000673,accessed_and_completed,1,
18,P2_unread_cc,MSG0000712,message_exists,1,
18,P2_unread_cc,MSG0000712,is_cc,1,
18,P2_unread_cc,MSG0000712,no_access_event,1,accesses=0
18,P2_unread_cc,MSG0000714,message_exists,1,
18,P2_unread_cc,MSG0000714,is_cc,1,
18,P2_unread_cc,MSG0000714,no_access_event,1,accesses=0
18,P3_extended_thread,THR0000702,thread_exists,1,
18,P3_extended_thread,THR0000702,three_or_more_patient_incoming,1,incoming=3
18,P3_extended_thread,THR0000702,four_or_more_message_exchanges,1,in+out=6
18,P3_extended_thread,THR0000702,spans_at_least_3_days,1,span_days=7.79
18,P3_extended_thread,THR0000702,no_visit_between,1,intervening_visits=0
18,P2_unread_cc,MSG0000792,message_exists,1,
18,P2_unread_cc,MSG0000792,is_cc,1,
18,P2_unread_cc,MSG0000792,no_access_event,1,accesses=0
18,P2_unread_cc,MSG0000795,message_exists,1,
18,P2_unread_cc,MSG0000795,is_cc,1,
18,P2_unread_cc,MSG0000795,no_access_event,1,accesses=0
18,P8_nonclinical_misrouted,MSG0000827,message_exists,1,
18,P8_nonclinical_misrouted,MSG0000827,nonclinical_category,1,category=appointment_request
18,P8_nonclinical_misrouted,MSG0000827,reaches_provider,1,provider_forwards=1
18,P2_unread_cc,MSG0000865,message_exists,1,
18,P2_unread_cc,MSG0000865,is_cc,1,
18,P2_unread_cc,MSG0000865,no_access_event,1,accesses=0
18,P2_unread_cc,MSG0000866,message_exists,1,
18,P2_unread_cc,MSG0000866,is_cc,1,
18,P2_unread_cc,MSG0000866,no_access_event,1,accesses=0
18,P2_unread_cc,MSG0000868,message_exists,1,
18,P2_unread_cc,MSG0000868,is_cc,1,
18,P2_unread_cc,MSG0000868,no_access_event,1,accesses=0
18,P2_unread_cc,MSG0000870,message_exists,1,
18,P2_unread_cc,MSG0000870,is_cc,1,
18,P2_unread_cc,MSG0000870,no_access_event,1,accesses=0
18,P8_nonclinical_misrouted,MSG0000898,message_exists,1,
18,P8_nonclinical_misrouted,MSG0000898,nonclinical_category,1,category=billing_question
18,P8_nonclinical_misrouted,MSG0000898,reaches_provider,1,provider_forwards=1
18,P7_pingpong,MSG0000901,message_exists,1,
18,P7_pingpong,MSG0000901,at_least_two_staff_to_provider_forwards,1,staff_to_provider=2
18,P7_pingpong,MSG0000901,at_least_two_provider_to_staff_forwards,1,provider_to_staff=2
18,P7_pingpong,MSG0000901,two_or_more_round_trips,1,roundtrips=2
18,P4_result_misrouted,MSG0000919,message_exists,1,
18,P4_result_misrouted,MSG0000919,is_result,1,
18,P4_result_misrouted,MSG0000919,recipient_not_ordering,1,
18,P4_result_misrouted,MSG0000919,recipient_not_covering,1,cover=None
18,P2_unread_cc,MSG0000931,message_exists,1,
18,P2_unread_cc,MSG0000931,is_cc,1,
18,P2_unread_cc,MSG0000931,no_access_event,1,accesses=0
18,P2_unread_cc,MSG0000935,message_exists,1,
18,P2_unread_cc,MSG0000935,is_cc,1,
18,P2_unread_cc,MSG0000935,no_access_event,1,accesses=0
18,P7_pingpong,MSG0000974,message_exists,1,
18,P7_pingpong,MSG0000974,at_least_two_staff_to_provider_forwards,1,staff_to_provider=2
18,P7_pingpong,MSG0000974,at_least_two_provider_to_staff_forwards,1,provider_to_staff=2
18,P7_pingpong,MSG0000974,two_or_more_round_trips,1,roundtrips=2
18,P2_unread_cc,MSG0001023,message_exists,1,
18,P2_unread_cc,MSG0001023,is_cc,1,
18,P2_unread_cc,MSG0001023,no_access_event,1,accesses=0
18,P2_unread_cc,MSG0001024,message_exists,1,
18,P2_unread_cc,MSG0001024,is_cc,1,
18,P2_unread_cc,MSG0001024,no_access_event,1,accesses=0
18,P2_unread_cc,MSG0001028,message_exists,1,
18,P2_unread_cc,MSG0001028,is_cc,1,
18,P2_unread_cc,MSG0001028,no_access_event,1,accesses=0
18,P4_result_misrouted,MSG0001084,message_exists,1,
18,P4_result_misrouted,MSG0001084,is_result,1,
18,P4_result_misrouted,MSG0001084,recipient_not_ordering,1,
18,P4_result_misrouted,MSG0001084,recipient_not_covering,1,cover=None
18,P4_result_misrouted,MSG0001087,message_exists,1,
18,P4_result_misrouted,MSG0001087,is_result,1,
18,P4_result_misrouted,MSG0001087,recipient_not_ordering,1,
18,P4_result_misrouted,MSG0001087,recipient_not_covering,1,cover=None
18,P2_unread_cc,MSG0001110,message_exists,1,
18,P2_unread_cc,MSG0001110,is_cc,1,
18,P2_unread_cc,MSG0001110,no_access_event,1,accesses=0
18,P2_unread_cc,MSG0001112,message_exists,1,
18,P2_unread_cc,MSG0001112,is_cc,1,
18,P2_unread_cc,MSG0001112,no_access_event,1,accesses=0
18,P2_unread_cc,MSG0001114,message_exists,1,
18,P2_unread_cc,MSG0001114,is_cc,1,
18,P2_unread_cc,MSG0001114,no_access_event,1,accesses=0
18,P1_thank_you,MSG0001160,message_exists,1,
18,P1_thank_you,MSG0001160,patient_originated_portal_message,1,
18,P1_thank_you,MSG0001160,is_reply_to_prior_outbound,1,
18,P1_thank_you,MSG0001160,thread_ending,1,later_messages=0
18,P1_thank_you,MSG0001160,accessed_and_completed,1,
18,P1_thank_you,MSG0001167,message_exists,1,
18,P1_thank_you,MSG0001167,patient_originated_portal_message,1,
18,P1_thank_you,MSG0001167,is_reply_to_prior_outbound,1,
18,P1_thank_you,MSG0001167,thread_ending,1,later_messages=0
18,P1_thank_you,MSG0001167,accessed_and_completed,1,
18,P2_unread_cc,MSG0001209,message_exists,1,
18,P2_unread_cc,MSG0001209,is_cc,1,
18,P2_unread_cc,MSG0001209,no_access_event,1,accesses=0
18,P2_unread_cc,MSG0001215,message_exists,1,
18,P2_unread_cc,MSG0001215,is_cc,1,
18,P2_unread_cc,MSG0001215,no_access_event,1,accesses=0
18,P2_unread_cc,MSG0001218,message_exists,1,
18,P2_unread_cc,MSG0001218,is_cc,1,
18,P2_unread_cc,MSG0001218,no_access_event,1,accesses=0
18,P4_result_misrouted,MSG0001269,message_exists,1,
18,P4_result_misrouted,MSG0001269,is_result,1,
18,P4_result_misrouted,MSG0001269,recipient_not_ordering,1,
18,P4_result_misrouted,MSG0001269,recipient_not_covering,1,cover=None
18,P3_extended_thread,THR0001235,thread_exists,1,
18,P3_extended_thread,THR0001235,three_or_more_patient_incoming,1,incoming=3
18,P3_extended_thread,THR0001235,four_or_more_message_exchanges,1,in+out=6
18,P3_extended_thread,THR0001235,spans_at_least_3_days,1,span_days=7.95
18,P3_extended_thread,THR0001235,no_visit_between,1,intervening_visits=0
18,P2_unread_cc,MSG0001362,message_exists,1,
18,P2_unread_cc,MSG0001362,is_cc,1,
18,P2_unread_cc,MSG0001362,no_access_event,1,accesses=0
18,P2_unread_cc,MSG0001369,message_exists,1,
18,P2_unread_cc,MSG0001369,is_cc,1,
18,P2_unread_cc,MSG0001369,no_access_event,1,accesses=0
18,P2_unread_cc,MSG0001457,message_exists,1,
18,P2_unread_cc,MSG0001457,is_cc,1,
18,P2_unread_cc,MSG0001457,no_access_event,1,accesses=0
18,P2_unread_cc,MSG0001459,message_exists,1,
18,P2_unread_cc,MSG0001459,is_cc,1,
18,P2_unread_cc,MSG0001459,no_access_event,1,accesses=0
18,P2_unread_cc,MSG0001461,message_exists,1,
18,P2_unread_cc,MSG0001461,is_cc,1,
18,P2_unread_cc,MSG0001461,no_access_event,1,accesses=0
18,P2_unread_cc,MSG0001464,message_exists,1,
18,P2_unread_cc,MSG0001464,is_cc,1,
18,P2_unread_cc,MSG0001464,no_access_event,1,accesses=0
18,P4_result_misrouted,MSG0001496,message_exists,1,
18,P4_result_misrouted,MSG0001496,is_result,1,
18,P4_result_misrouted,MSG0001496,recipient_not_ordering,1,
18,P4_result_misrouted,MSG0001496,recipient_not_covering,1,cover=None
18,P4_result_misrouted,MSG0001499,message_exists,1,
18,P4_result_misrouted,MSG0001499,is_result,1,
18,P4_result_misrouted,MSG0001499,recipient_not_ordering,1,
18,P4_result_misrouted,MSG0001499,recipient_not_covering,1,cover=None
18,P4_result_misrouted,MSG0001505,message_exists,1,
18,P4_result_misrouted,MSG0001505,is_result,1,
18,P4_result_misrouted,MSG0001505,recipient_not_ordering,1,
18,P4_result_misrouted,MSG0001505,recipient_not_covering,1,cover=None
18,P2_unread_cc,MSG0001523,message_exists,1,
18,P2_unread_cc,MSG0001523,is_cc,1,
18,P2_unread_cc,MSG0001523,no_access_event,1,accesses=0
18,P2_unread_cc,MSG0001528,message_exists,1,
18,P2_unread_cc,MSG0001528,is_cc,1,
18,P2_unread_cc,MSG0001528,no_access_event,1,accesses=0
18,P1_thank_you,MSG0001560,message_exists,1,
18,P1_thank_you,MSG0001560,patient_originated_portal_message,1,
18,P1_thank_you,MSG0001560,is_reply_to_prior_outbound,1,
18,P1_thank_you,MSG0001560,thread_ending,1,later_messages=0
18,P1_thank_you,MSG0001560,accessed_and_completed,1,
18,P2_unread_cc,MSG0001594,message_exists,1,
18,P2_unread_cc,MSG0001594,is_cc,1,
18,P2_unread_cc,MSG0001594,no_access_event,1,accesses=0
18,P2_unread_cc,MSG0001595,message_exists,1,
18,P2_unread_cc,MSG0001595,is_cc,1,
18,P2_unread_cc,MSG0001595,no_access_event,1,accesses=0
18,P2_unread_cc,MSG0001603,message_exists,1,
18,P2_unread_cc,MSG0001603,is_cc,1,
18,P2_unread_cc,MSG0001603,no_access_event,1,accesses=0
18,P2_unread_cc,MSG0001680,message_exists,1,
18,P2_unread_cc,MSG0001680,is_cc,1,
18,P2_unread_cc,MSG0001680,no_access_event,1,accesses=0
18,P2_unread_cc,MSG0001685,message_exists,1,
18,P2_unread_cc,MSG0001685,is_cc,1,
18,P2_unread_cc,MSG0001685,no_access_event,1,accesses=0
18,P2_unread_cc,MSG0001689,message_exists,1,
18,P2_unread_cc,MSG0001689,is_cc,1,
18,P2_unread_cc,MSG0001689,no_access_event,1,accesses=0
18,P4_result_misrouted,MSG0001743,message_exists,1,
18,P4_result_misrouted,MSG0001743,is_result,1,
18,P4_result_misrouted,MSG0001743,recipient_not_ordering,1,
18,P4_result_misrouted,MSG0001743,recipient_not_covering,1,cover=None
18,P2_unread_cc,MSG0001766,message_exists,1,
18,P2_unread_cc,MSG0001766,is_cc,1,
18,P2_unread_cc,MSG0001766,no_access_event,1,accesses=0
18,P2_unread_cc,MSG0001769,message_exists,1,
18,P2_unread_cc,MSG0001769,is_cc,1,
18,P2_unread_cc,MSG0001769,no_access_event,1,accesses=0
18,P2_unread_cc,MSG0001772,message_exists,1,
18,P2_unread_cc,MSG0001772,is_cc,1,
18,P2_unread_cc,MSG0001772,no_access_event,1,accesses=0
18,P2_unread_cc,MSG0001773,message_exists,1,
18,P2_unread_cc,MSG0001773,is_cc,1,
18,P2_unread_cc,MSG0001773,no_access_event,1,accesses=0
18,P2_unread_cc,MSG0001774,message_exists,1,
18,P2_unread_cc,MSG0001774,is_cc,1,
18,P2_unread_cc,MSG0001774,no_access_event,1,accesses=0
18,P7_pingpong,MSG0001802,message_exists,1,
18,P7_pingpong,MSG0001802,at_least_two_staff_to_provider_forwards,1,staff_to_provider=2
18,P7_pingpong,MSG0001802,at_least_two_provider_to_staff_forwards,1,provider_to_staff=2
18,P7_pingpong,MSG0001802,two_or_more_round_trips,1,roundtrips=2
18,P7_pingpong,MSG0001806,message_exists,1,
18,P7_pingpong,MSG0001806,at_least_two_staff_to_provider_forwards,1,staff_to_provider=2
18,P7_pingpong,MSG0001806,at_least_two_provider_to_staff_forwards,1,provider_to_staff=2
18,P7_pingpong,MSG0001806,two_or_more_round_trips,1,roundtrips=2
18,P2_unread_cc,MSG0001848,message_exists,1,
18,P2_unread_cc,MSG0001848,is_cc,1,
18,P2_unread_cc,MSG0001848,no_access_event,1,accesses=0
18,P2_unread_cc,MSG0001854,message_exists,1,
18,P2_unread_cc,MSG0001854,is_cc,1,
18,P2_unread_cc,MSG0001854,no_access_event,1,accesses=0
18,P2_unread_cc,MSG0001916,message_exists,1,
18,P2_unread_cc,MSG0001916,is_cc,1,
18,P2_unread_cc,MSG0001916,no_access_event,1,accesses=0
18,P2_unread_cc,MSG0001995,message_exists,1,
18,P2_unread_cc,MSG0001995,is_cc,1,
18,P2_unread_cc,MSG0001995,no_access_event,1,accesses=0
18,P2_unread_cc,MSG0001996,message_exists,1,
18,P2_unread_cc,MSG0001996,is_cc,1,
18,P2_unread_cc,MSG0001996,no_access_event,1,accesses=0
18,P2_unread_cc,MSG0002064,message_exists,1,
18,P2_unread_cc,MSG0002064,is_cc,1,
18,P2_unread_cc,MSG0002064,no_access_event,1,accesses=0
18,P2_unread_cc,MSG0002068,message_exists,1,
18,P2_unread_cc,MSG0002068,is_cc,1,
18,P2_unread_cc,MSG0002068,no_access_event,1,accesses=0
18,P4_result_misrouted,MSG0002115,message_exists,1,
18,P4_result_misrouted,MSG0002115,is_result,1,
18,P4_result_misrouted,MSG0002115,recipient_not_ordering,1,
18,P4_result_misrouted,MSG0002115,recipient_not_covering,1,cover=None
18,P2_unread_cc,MSG0002139,message_exists,1,
18,P2_unread_cc,MSG0002139,is_cc,1,
18,P2_unread_cc,MSG0002139,no_access_event,1,accesses=0
18,P2_unread_cc,MSG0002144,message_exists,1,
18,P2_unread_cc,MSG0002144,is_cc,1,
18,P2_unread_cc,MSG0002144,no_access_event,1,accesses=0
18,P2_unread_cc,MSG0002146,message_exists,1,
18,P2_unread_cc,MSG0002146,is_cc,1,
18,P2_unread_cc,MSG0002146,no_access_event,1,accesses=0
18,P1_thank_you,MSG0002182,message_exists,1,
18,P1_thank_you,MSG0002182,patient_originated_portal_message,1,
18,P1_thank_you,MSG0002182,is_reply_to_prior_outbound,1,
18,P1_thank_you,MSG0002182,thread_ending,1,later_messages=0
18,P1_thank_you,MSG0002182,accessed_and_completed,1,
18,P4_result_misrouted,MSG0002201,message_exists,1,
18,P4_result_misrouted,MSG0002201,is_result,1,
18,P4_result_misrouted,MSG0002201,recipient_not_ordering,1,
18,P4_result_misrouted,MSG0002201,recipient_not_covering,1,cover=None
18,P2_unread_cc,MSG0002226,message_exists,1,
18,P2_unread_cc,MSG0002226,is_cc,1,
18,P2_unread_cc,MSG0002226,no_access_event,1,accesses=0
18,P2_unread_cc,MSG0002228,message_exists,1,
18,P2_unread_cc,MSG0002228,is_cc,1,
18,P2_unread_cc,MSG0002228,no_access_event,1,accesses=0
18,P2_unread_cc,MSG0002309,message_exists,1,
18,P2_unread_cc,MSG0002309,is_cc,1,
18,P2_unread_cc,MSG0002309,no_access_event,1,accesses=0
18,P2_unread_cc,MSG0002311,message_exists,1,
18,P2_unread_cc,MSG0002311,is_cc,1,
18,P2_unread_cc,MSG0002311,no_access_event,1,accesses=0
18,P2_unread_cc,MSG0002316,message_exists,1,
18,P2_unread_cc,MSG0002316,is_cc,1,
18,P2_unread_cc,MSG0002316,no_access_event,1,accesses=0
18,P2_unread_cc,MSG0002317,message_exists,1,
18,P2_unread_cc,MSG0002317,is_cc,1,
18,P2_unread_cc,MSG0002317,no_access_event,1,accesses=0
18,P2_unread_cc,MSG0002321,message_exists,1,
18,P2_unread_cc,MSG0002321,is_cc,1,
18,P2_unread_cc,MSG0002321,no_access_event,1,accesses=0
18,P1_thank_you,MSG0002351,message_exists,1,
18,P1_thank_you,MSG0002351,patient_originated_portal_message,1,
18,P1_thank_you,MSG0002351,is_reply_to_prior_outbound,1,
18,P1_thank_you,MSG0002351,thread_ending,1,later_messages=0
18,P1_thank_you,MSG0002351,accessed_and_completed,1,
18,P7_pingpong,MSG0002352,message_exists,1,
18,P7_pingpong,MSG0002352,at_least_two_staff_to_provider_forwards,1,staff_to_provider=2
18,P7_pingpong,MSG0002352,at_least_two_provider_to_staff_forwards,1,provider_to_staff=2
18,P7_pingpong,MSG0002352,two_or_more_round_trips,1,roundtrips=2
18,P4_result_misrouted,MSG0002463,message_exists,1,
18,P4_result_misrouted,MSG0002463,is_result,1,
18,P4_result_misrouted,MSG0002463,recipient_not_ordering,1,
18,P4_result_misrouted,MSG0002463,recipient_not_covering,1,cover=None
18,P4_result_misrouted,MSG0002471,message_exists,1,
18,P4_result_misrouted,MSG0002471,is_result,1,
18,P4_result_misrouted,MSG0002471,recipient_not_ordering,1,
18,P4_result_misrouted,MSG0002471,recipient_not_covering,1,cover=None
18,P4_result_misrouted,MSG0002480,message_exists,1,
18,P4_result_misrouted,MSG0002480,is_result,1,
18,P4_result_misrouted,MSG0002480,recipient_not_ordering,1,
18,P4_result_misrouted,MSG0002480,recipient_not_covering,1,cover=None
18,P2_unread_cc,MSG0002501,message_exists,1,
18,P2_unread_cc,MSG0002501,is_cc,1,
18,P2_unread_cc,MSG0002501,no_access_event,1,accesses=0
18,P2_unread_cc,MSG0002502,message_exists,1,
18,P2_unread_cc,MSG0002502,is_cc,1,
18,P2_unread_cc,MSG0002502,no_access_event,1,accesses=0
18,P4_result_misrouted,MSG0002611,message_exists,1,
18,P4_result_misrouted,MSG0002611,is_result,1,
18,P4_result_misrouted,MSG0002611,recipient_not_ordering,1,
18,P4_result_misrouted,MSG0002611,recipient_not_covering,1,cover=None
18,P2_unread_cc,MSG0002668,message_exists,1,
18,P2_unread_cc,MSG0002668,is_cc,1,
18,P2_unread_cc,MSG0002668,no_access_event,1,accesses=0
18,P2_unread_cc,MSG0002669,message_exists,1,
18,P2_unread_cc,MSG0002669,is_cc,1,
18,P2_unread_cc,MSG0002669,no_access_event,1,accesses=0
18,P2_unread_cc,MSG0002672,message_exists,1,
18,P2_unread_cc,MSG0002672,is_cc,1,
18,P2_unread_cc,MSG0002672,no_access_event,1,accesses=0
18,P1_thank_you,MSG0002777,message_exists,1,
18,P1_thank_you,MSG0002777,patient_originated_portal_message,1,
18,P1_thank_you,MSG0002777,is_reply_to_prior_outbound,1,
18,P1_thank_you,MSG0002777,thread_ending,1,later_messages=0
18,P1_thank_you,MSG0002777,accessed_and_completed,1,
18,P2_unread_cc,MSG0002814,message_exists,1,
18,P2_unread_cc,MSG0002814,is_cc,1,
18,P2_unread_cc,MSG0002814,no_access_event,1,accesses=0
18,P7_pingpong,MSG0002857,message_exists,1,
18,P7_pingpong,MSG0002857,at_least_two_staff_to_provider_forwards,1,staff_to_provider=2
18,P7_pingpong,MSG0002857,at_least_two_provider_to_staff_forwards,1,provider_to_staff=2
18,P7_pingpong,MSG0002857,two_or_more_round_trips,1,roundtrips=2
18,P2_unread_cc,MSG0002892,message_exists,1,
18,P2_unread_cc,MSG0002892,is_cc,1,
18,P2_unread_cc,MSG0002892,no_access_event,1,accesses=0
18,P2_unread_cc,MSG0002975,message_exists,1,
18,P2_unread_cc,MSG0002975,is_cc,1,
18,P2_unread_cc,MSG0002975,no_access_event,1,accesses=0
18,P2_unread_cc,MSG0002976,message_exists,1,
18,P2_unread_cc,MSG0002976,is_cc,1,
18,P2_unread_cc,MSG0002976,no_access_event,1,accesses=0
18,P2_unread_cc,MSG0002977,message_exists,1,
18,P2_unread_cc,MSG0002977,is_cc,1,
18,P2_unread_cc,MSG0002977,no_access_event,1,accesses=0
18,P2_unread_cc,MSG0003063,message_exists,1,
18,P2_unread_cc,MSG0003063,is_cc,1,
18,P2_unread_cc,MSG0003063,no_access_event,1,accesses=0
18,P2_unread_cc,MSG0003065,message_exists,1,
18,P2_unread_cc,MSG0003065,is_cc,1,
18,P2_unread_cc,MSG0003065,no_access_event,1,accesses=0
18,P2_unread_cc,MSG0003071,message_exists,1,
18,P2_unread_cc,MSG0003071,is_cc,1,
18,P2_unread_cc,MSG0003071,no_access_event,1,accesses=0
18,P8_nonclinical_misrouted,MSG0003107,message_exists,1,
18,P8_nonclinical_misrouted,MSG0003107,nonclinical_category,1,category=billing_question
18,P8_nonclinical_misrouted,MSG0003107,reaches_provider,1,provider_forwards=1
18,P2_unread_cc,MSG0003136,message_exists,1,
18,P2_unread_cc,MSG0003136,is_cc,1,
18,P2_unread_cc,MSG0003136,no_access_event,1,accesses=0
18,P2_unread_cc,MSG0003142,message_exists,1,
18,P2_unread_cc,MSG0003142,is_cc,1,
18,P2_unread_cc,MSG0003142,no_access_event,1,accesses=0
18,P2_unread_cc,MSG0003212,message_exists,1,
18,P2_unread_cc,MSG0003212,is_cc,1,
18,P2_unread_cc,MSG0003212,no_access_event,1,accesses=0
18,P8_nonclinical_misrouted,MSG0003247,message_exists,1,
18,P8_nonclinical_misrouted,MSG0003247,nonclinical_category,1,category=appointment_request
18,P8_nonclinical_misrouted,MSG0003247,reaches_provider,1,provider_forwards=1
18,P4_result_misrouted,MSG0003266,message_exists,1,
18,P4_result_misrouted,MSG0003266,is_result,1,
18,P4_result_misrouted,MSG0003266,recipient_not_ordering,1,
18,P4_result_misrouted,MSG0003266,recipient_not_covering,1,cover=None
18,P4_result_misrouted,MSG0003280,message_exists,1,
18,P4_result_misrouted,MSG0003280,is_result,1,
18,P4_result_misrouted,MSG0003280,recipient_not_ordering,1,
18,P4_result_misrouted,MSG0003280,recipient_not_covering,1,cover=None
18,P2_unread_cc,MSG0003299,message_exists,1,
18,P2_unread_cc,MSG0003299,is_cc,1,
18,P2_unread_cc,MSG0003299,no_access_event,1,accesses=0
18,P2_unread_cc,MSG0003304,message_exists,1,
18,P2_unread_cc,MSG0003304,is_cc,1,
18,P2_unread_cc,MSG0003304,no_access_event,1,accesses=0
18,P2_unread_cc,MSG0003311,message_exists,1,
18,P2_unread_cc,MSG0003311,is_cc,1,
18,P2_unread_cc,MSG0003311,no_access_event,1,accesses=0
18,P2_unread_cc,MSG0003389,message_exists,1,
18,P2_unread_cc,MSG0003389,is_cc,1,
18,P2_unread_cc,MSG0003389,no_access_event,1,accesses=0
18,P2_unread_cc,MSG0003458,message_exists,1,
18,P2_unread_cc,MSG0003458,is_cc,1,
18,P2_unread_cc,MSG0003458,no_access_event,1,accesses=0
18,P2_unread_cc,MSG0003459,message_exists,1,
18,P2_unread_cc,MSG0003459,is_cc,1,
18,P2_unread_cc,MSG0003459,no_access_event,1,accesses=0
18,P2_unread_cc,MSG0003461,message_exists,1,
18,P2_unread_cc,MSG0003461,is_cc,1,
18,P2_unread_cc,MSG0003461,no_access_event,1,accesses=0
18,P2_unread_cc,MSG0003463,message_exists,1,
18,P2_unread_cc,MSG0003463,is_cc,1,
18,P2_unread_cc,MSG0003463,no_access_event,1,accesses=0
18,P2_unread_cc,MSG0003465,message_exists,1,
18,P2_unread_cc,MSG0003465,is_cc,1,
18,P2_unread_cc,MSG0003465,no_access_event,1,accesses=0
18,P2_unread_cc,MSG0003466,message_exists,1,
18,P2_unread_cc,MSG0003466,is_cc,1,
18,P2_unread_cc,MSG0003466,no_access_event,1,accesses=0
18,P2_unread_cc,MSG0003532,message_exists,1,
18,P2_unread_cc,MSG0003532,is_cc,1,
18,P2_unread_cc,MSG0003532,no_access_event,1,accesses=0
18,P2_unread_cc,MSG0003533,message_exists,1,
18,P2_unread_cc,MSG0003533,is_cc,1,
18,P2_unread_cc,MSG0003533,no_access_event,1,accesses=0
18,P2_unread_cc,MSG0003536,message_exists,1,
18,P2_unread_cc,MSG0003536,is_cc,1,
18,P2_unread_cc,MSG0003536,no_access_event,1,accesses=0
18,P8_nonclinical_misrouted,MSG0003581,message_exists,1,
18,P8_nonclinical_misrouted,MSG0003581,nonclinical_category,1,category=appointment_request
18,P8_nonclinical_misrouted,MSG0003581,reaches_provider,1,provider_forwards=1
18,P4_result_misrouted,MSG0003584,message_exists,1,
18,P4_result_misrouted,MSG0003584,is_result,1,
18,P4_result_misrouted,MSG0003584,recipient_not_ordering,1,
18,P4_result_misrouted,MSG0003584,recipient_not_covering,1,cover=None
18,P4_result_misrouted,MSG0003588,message_exists,1,
18,P4_result_misrouted,MSG0003588,is_result,1,
18,P4_result_misrouted,MSG0003588,recipient_not_ordering,1,
18,P4_result_misrouted,MSG0003588,recipient_not_covering,1,cover=None
18,P2_unread_cc,MSG0003615,message_exists,1,
18,P2_unread_cc,MSG0003615,is_cc,1,
18,P2_unread_cc,MSG0003615,no_access_event,1,accesses=0
18,P2_unread_cc,MSG0003619,message_exists,1,
18,P2_unread_cc,MSG0003619,is_cc,1,
18,P2_unread_cc,MSG0003619,no_access_event,1,accesses=0
18,P2_unread_cc,MSG0003626,message_exists,1,
18,P2_unread_cc,MSG0003626,is_cc,1,
18,P2_unread_cc,MSG0003626,no_access_event,1,accesses=0
18,P2_unread_cc,MSG0003703,message_exists,1,
18,P2_unread_cc,MSG0003703,is_cc,1,
18,P2_unread_cc,MSG0003703,no_access_event,1,accesses=0
18,P2_unread_cc,MSG0003708,message_exists,1,
18,P2_unread_cc,MSG0003708,is_cc,1,
18,P2_unread_cc,MSG0003708,no_access_event,1,accesses=0
18,P2_unread_cc,MSG0003711,message_exists,1,
18,P2_unread_cc,MSG0003711,is_cc,1,
18,P2_unread_cc,MSG0003711,no_access_event,1,accesses=0
18,P2_unread_cc,MSG0003714,message_exists,1,
18,P2_unread_cc,MSG0003714,is_cc,1,
18,P2_unread_cc,MSG0003714,no_access_event,1,accesses=0
18,P4_result_misrouted,MSG0003776,message_exists,1,
18,P4_result_misrouted,MSG0003776,is_result,1,
18,P4_result_misrouted,MSG0003776,recipient_not_ordering,1,
18,P4_result_misrouted,MSG0003776,recipient_not_covering,1,cover=None
18,P2_unread_cc,MSG0003792,message_exists,1,
18,P2_unread_cc,MSG0003792,is_cc,1,
18,P2_unread_cc,MSG0003792,no_access_event,1,accesses=0
18,P2_unread_cc,MSG0003795,message_exists,1,
18,P2_unread_cc,MSG0003795,is_cc,1,
18,P2_unread_cc,MSG0003795,no_access_event,1,accesses=0
18,P4_result_misrouted,MSG0003911,message_exists,1,
18,P4_result_misrouted,MSG0003911,is_result,1,
18,P4_result_misrouted,MSG0003911,recipient_not_ordering,1,
18,P4_result_misrouted,MSG0003911,recipient_not_covering,1,cover=None
18,P4_result_misrouted,MSG0003914,message_exists,1,
18,P4_result_misrouted,MSG0003914,is_result,1,
18,P4_result_misrouted,MSG0003914,recipient_not_ordering,1,
18,P4_result_misrouted,MSG0003914,recipient_not_covering,1,cover=None
18,P4_result_misrouted,MSG0003919,message_exists,1,
18,P4_result_misrouted,MSG0003919,is_result,1,
18,P4_result_misrouted,MSG0003919,recipient_not_ordering,1,
18,P4_result_misrouted,MSG0003919,recipient_not_covering,1,cover=None
18,P4_result_misrouted,MSG0003929,message_exists,1,
18,P4_result_misrouted,MSG0003929,is_result,1,
18,P4_result_misrouted,MSG0003929,recipient_not_ordering,1,
18,P4_result_misrouted,MSG0003929,recipient_not_covering,1,cover=None
18,P2_unread_cc,MSG0003945,message_exists,1,
18,P2_unread_cc,MSG0003945,is_cc,1,
18,P2_unread_cc,MSG0003945,no_access_event,1,accesses=0
18,P2_unread_cc,MSG0003948,message_exists,1,
18,P2_unread_cc,MSG0003948,is_cc,1,
18,P2_unread_cc,MSG0003948,no_access_event,1,accesses=0
18,P2_unread_cc,MSG0003951,message_exists,1,
18,P2_unread_cc,MSG0003951,is_cc,1,
18,P2_unread_cc,MSG0003951,no_access_event,1,accesses=0
18,P2_unread_cc,MSG0003952,message_exists,1,
18,P2_unread_cc,MSG0003952,is_cc,1,
18,P2_unread_cc,MSG0003952,no_access_event,1,accesses=0
18,P2_unread_cc,MSG0003953,message_exists,1,
18,P2_unread_cc,MSG0003953,is_cc,1,
18,P2_unread_cc,MSG0003953,no_access_event,1,accesses=0
18,P2_unread_cc,MSG0003957,message_exists,1,
18,P2_unread_cc,MSG0003957,is_cc,1,
18,P2_unread_cc,MSG0003957,no_access_event,1,accesses=0
18,P2_unread_cc,MSG0003958,message_exists,1,
18,P2_unread_cc,MSG0003958,is_cc,1,
18,P2_unread_cc,MSG0003958,no_access_event,1,accesses=0
18,P2_unread_cc,MSG0004016,message_exists,1,
18,P2_unread_cc,MSG0004016,is_cc,1,
18,P2_unread_cc,MSG0004016,no_access_event,1,accesses=0
18,P2_unread_cc,MSG0004017,message_exists,1,
18,P2_unread_cc,MSG0004017,is_cc,1,
18,P2_unread_cc,MSG0004017,no_access_event,1,accesses=0
18,P2_unread_cc,MSG0004019,message_exists,1,
18,P2_unread_cc,MSG0004019,is_cc,1,
18,P2_unread_cc,MSG0004019,no_access_event,1,accesses=0
18,P2_unread_cc,MSG0004022,message_exists,1,
18,P2_unread_cc,MSG0004022,is_cc,1,
18,P2_unread_cc,MSG0004022,no_access_event,1,accesses=0
18,P2_unread_cc,MSG0004027,message_exists,1,
18,P2_unread_cc,MSG0004027,is_cc,1,
18,P2_unread_cc,MSG0004027,no_access_event,1,accesses=0
18,P2_unread_cc,MSG0004104,message_exists,1,
18,P2_unread_cc,MSG0004104,is_cc,1,
18,P2_unread_cc,MSG0004104,no_access_event,1,accesses=0
18,P2_unread_cc,MSG0004107,message_exists,1,
18,P2_unread_cc,MSG0004107,is_cc,1,
18,P2_unread_cc,MSG0004107,no_access_event,1,accesses=0
18,P4_result_misrouted,MSG0004163,message_exists,1,
18,P4_result_misrouted,MSG0004163,is_result,1,
18,P4_result_misrouted,MSG0004163,recipient_not_ordering,1,
18,P4_result_misrouted,MSG0004163,recipient_not_covering,1,cover=None
18,P2_unread_cc,MSG0004188,message_exists,1,
18,P2_unread_cc,MSG0004188,is_cc,1,
18,P2_unread_cc,MSG0004188,no_access_event,1,accesses=0
18,P2_unread_cc,MSG0004190,message_exists,1,
18,P2_unread_cc,MSG0004190,is_cc,1,
18,P2_unread_cc,MSG0004190,no_access_event,1,accesses=0
18,P1_thank_you,MSG0004220,message_exists,1,
18,P1_thank_you,MSG0004220,patient_originated_portal_message,1,
18,P1_thank_you,MSG0004220,is_reply_to_prior_outbound,1,
18,P1_thank_you,MSG0004220,thread_ending,1,later_messages=0
18,P1_thank_you,MSG0004220,accessed_and_completed,1,
18,P2_unread_cc,MSG0004249,message_exists,1,
18,P2_unread_cc,MSG0004249,is_cc,1,
18,P2_unread_cc,MSG0004249,no_access_event,1,accesses=0
18,P2_unread_cc,MSG0004255,message_exists,1,
18,P2_unread_cc,MSG0004255,is_cc,1,
18,P2_unread_cc,MSG0004255,no_access_event,1,accesses=0
18,P2_unread_cc,MSG0004257,message_exists,1,
18,P2_unread_cc,MSG0004257,is_cc,1,
18,P2_unread_cc,MSG0004257,no_access_event,1,accesses=0
18,P4_result_misrouted,MSG0004298,message_exists,1,
18,P4_result_misrouted,MSG0004298,is_result,1,
18,P4_result_misrouted,MSG0004298,recipient_not_ordering,1,
18,P4_result_misrouted,MSG0004298,recipient_not_covering,1,cover=None
18,P2_unread_cc,MSG0004318,message_exists,1,
18,P2_unread_cc,MSG0004318,is_cc,1,
18,P2_unread_cc,MSG0004318,no_access_event,1,accesses=0
18,P2_unread_cc,MSG0004322,message_exists,1,
18,P2_unread_cc,MSG0004322,is_cc,1,
18,P2_unread_cc,MSG0004322,no_access_event,1,accesses=0
18,P2_unread_cc,MSG0004326,message_exists,1,
18,P2_unread_cc,MSG0004326,is_cc,1,
18,P2_unread_cc,MSG0004326,no_access_event,1,accesses=0
18,P2_unread_cc,MSG0004327,message_exists,1,
18,P2_unread_cc,MSG0004327,is_cc,1,
18,P2_unread_cc,MSG0004327,no_access_event,1,accesses=0
18,P7_pingpong,MSG0004355,message_exists,1,
18,P7_pingpong,MSG0004355,at_least_two_staff_to_provider_forwards,1,staff_to_provider=2
18,P7_pingpong,MSG0004355,at_least_two_provider_to_staff_forwards,1,provider_to_staff=2
18,P7_pingpong,MSG0004355,two_or_more_round_trips,1,roundtrips=2
18,P3_extended_thread,THR0004132,thread_exists,1,
18,P3_extended_thread,THR0004132,three_or_more_patient_incoming,1,incoming=3
18,P3_extended_thread,THR0004132,four_or_more_message_exchanges,1,in+out=6
18,P3_extended_thread,THR0004132,spans_at_least_3_days,1,span_days=12.14
18,P3_extended_thread,THR0004132,no_visit_between,1,intervening_visits=0
18,P8_nonclinical_misrouted,MSG0004371,message_exists,1,
18,P8_nonclinical_misrouted,MSG0004371,nonclinical_category,1,category=cancellation
18,P8_nonclinical_misrouted,MSG0004371,reaches_provider,1,provider_forwards=1
18,P4_result_misrouted,MSG0004386,message_exists,1,
18,P4_result_misrouted,MSG0004386,is_result,1,
18,P4_result_misrouted,MSG0004386,recipient_not_ordering,1,
18,P4_result_misrouted,MSG0004386,recipient_not_covering,1,cover=None
18,P4_result_misrouted,MSG0004390,message_exists,1,
18,P4_result_misrouted,MSG0004390,is_result,1,
18,P4_result_misrouted,MSG0004390,recipient_not_ordering,1,
18,P4_result_misrouted,MSG0004390,recipient_not_covering,1,cover=None
18,P2_unread_cc,MSG0004415,message_exists,1,
18,P2_unread_cc,MSG0004415,is_cc,1,
18,P2_unread_cc,MSG0004415,no_access_event,1,accesses=0
18,P2_unread_cc,MSG0004418,message_exists,1,
18,P2_unread_cc,MSG0004418,is_cc,1,
18,P2_unread_cc,MSG0004418,no_access_event,1,accesses=0
18,P2_unread_cc,MSG0004424,message_exists,1,
18,P2_unread_cc,MSG0004424,is_cc,1,
18,P2_unread_cc,MSG0004424,no_access_event,1,accesses=0
18,P4_result_misrouted,MSG0004476,message_exists,1,
18,P4_result_misrouted,MSG0004476,is_result,1,
18,P4_result_misrouted,MSG0004476,recipient_not_ordering,1,
18,P4_result_misrouted,MSG0004476,recipient_not_covering,1,cover=None
18,P4_result_misrouted,MSG0004480,message_exists,1,
18,P4_result_misrouted,MSG0004480,is_result,1,
18,P4_result_misrouted,MSG0004480,recipient_not_ordering,1,
18,P4_result_misrouted,MSG0004480,recipient_not_covering,1,cover=None
18,P2_unread_cc,MSG0004513,message_exists,1,
18,P2_unread_cc,MSG0004513,is_cc,1,
18,P2_unread_cc,MSG0004513,no_access_event,1,accesses=0
18,P2_unread_cc,MSG0004583,message_exists,1,
18,P2_unread_cc,MSG0004583,is_cc,1,
18,P2_unread_cc,MSG0004583,no_access_event,1,accesses=0
18,P2_unread_cc,MSG0004587,message_exists,1,
18,P2_unread_cc,MSG0004587,is_cc,1,
18,P2_unread_cc,MSG0004587,no_access_event,1,accesses=0
18,P2_unread_cc,MSG0004589,message_exists,1,
18,P2_unread_cc,MSG0004589,is_cc,1,
18,P2_unread_cc,MSG0004589,no_access_event,1,accesses=0
18,P2_unread_cc,MSG0004590,message_exists,1,
18,P2_unread_cc,MSG0004590,is_cc,1,
18,P2_unread_cc,MSG0004590,no_access_event,1,accesses=0
18,P2_unread_cc,MSG0004667,message_exists,1,
18,P2_unread_cc,MSG0004667,is_cc,1,
18,P2_unread_cc,MSG0004667,no_access_event,1,accesses=0
18,P2_unread_cc,MSG0004668,message_exists,1,
18,P2_unread_cc,MSG0004668,is_cc,1,
18,P2_unread_cc,MSG0004668,no_access_event,1,accesses=0
18,P2_unread_cc,MSG0004669,message_exists,1,
18,P2_unread_cc,MSG0004669,is_cc,1,
18,P2_unread_cc,MSG0004669,no_access_event,1,accesses=0
18,P7_pingpong,MSG0004708,message_exists,1,
18,P7_pingpong,MSG0004708,at_least_two_staff_to_provider_forwards,1,staff_to_provider=2
18,P7_pingpong,MSG0004708,at_least_two_provider_to_staff_forwards,1,provider_to_staff=2
18,P7_pingpong,MSG0004708,two_or_more_round_trips,1,roundtrips=2
18,P2_unread_cc,MSG0004745,message_exists,1,
18,P2_unread_cc,MSG0004745,is_cc,1,
18,P2_unread_cc,MSG0004745,no_access_event,1,accesses=0
18,P1_thank_you,MSG0004781,message_exists,1,
18,P1_thank_you,MSG0004781,patient_originated_portal_message,1,
18,P1_thank_you,MSG0004781,is_reply_to_prior_outbound,1,
18,P1_thank_you,MSG0004781,thread_ending,1,later_messages=0
18,P1_thank_you,MSG0004781,accessed_and_completed,1,
18,P8_nonclinical_misrouted,MSG0004786,message_exists,1,
18,P8_nonclinical_misrouted,MSG0004786,nonclinical_category,1,category=billing_question
18,P8_nonclinical_misrouted,MSG0004786,reaches_provider,1,provider_forwards=1
18,P7_pingpong,MSG0004787,message_exists,1,
18,P7_pingpong,MSG0004787,at_least_two_staff_to_provider_forwards,1,staff_to_provider=2
18,P7_pingpong,MSG0004787,at_least_two_provider_to_staff_forwards,1,provider_to_staff=2
18,P7_pingpong,MSG0004787,two_or_more_round_trips,1,roundtrips=2
18,P4_result_misrouted,MSG0004806,message_exists,1,
18,P4_result_misrouted,MSG0004806,is_result,1,
18,P4_result_misrouted,MSG0004806,recipient_not_ordering,1,
18,P4_result_misrouted,MSG0004806,recipient_not_covering,1,cover=None
18,P2_unread_cc,MSG0004819,message_exists,1,
18,P2_unread_cc,MSG0004819,is_cc,1,
18,P2_unread_cc,MSG0004819,no_access_event,1,accesses=0
18,P2_unread_cc,MSG0004823,message_exists,1,
18,P2_unread_cc,MSG0004823,is_cc,1,
18,P2_unread_cc,MSG0004823,no_access_event,1,accesses=0
18,P2_unread_cc,MSG0004826,message_exists,1,
18,P2_unread_cc,MSG0004826,is_cc,1,
18,P2_unread_cc,MSG0004826,no_access_event,1,accesses=0
18,P7_pingpong,MSG0004869,message_exists,1,
18,P7_pingpong,MSG0004869,at_least_two_staff_to_provider_forwards,1,staff_to_provider=2
18,P7_pingpong,MSG0004869,at_least_two_provider_to_staff_forwards,1,provider_to_staff=2
18,P7_pingpong,MSG0004869,two_or_more_round_trips,1,roundtrips=2
18,P8_nonclinical_misrouted,MSG0004878,message_exists,1,
18,P8_nonclinical_misrouted,MSG0004878,nonclinical_category,1,category=billing_question
18,P8_nonclinical_misrouted,MSG0004878,reaches_provider,1,provider_forwards=1
18,P4_result_misrouted,MSG0004893,message_exists,1,
18,P4_result_misrouted,MSG0004893,is_result,1,
18,P4_result_misrouted,MSG0004893,recipient_not_ordering,1,
18,P4_result_misrouted,MSG0004893,recipient_not_covering,1,cover=None
18,P2_unread_cc,MSG0004919,message_exists,1,
18,P2_unread_cc,MSG0004919,is_cc,1,
18,P2_unread_cc,MSG0004919,no_access_event,1,accesses=0
18,P8_nonclinical_misrouted,MSG0004960,message_exists,1,
18,P8_nonclinical_misrouted,MSG0004960,nonclinical_category,1,category=appointment_request
18,P8_nonclinical_misrouted,MSG0004960,reaches_provider,1,provider_forwards=1
18,P4_result_misrouted,MSG0004971,message_exists,1,
18,P4_result_misrouted,MSG0004971,is_result,1,
18,P4_result_misrouted,MSG0004971,recipient_not_ordering,1,
18,P4_result_misrouted,MSG0004971,recipient_not_covering,1,cover=None
18,P2_unread_cc,MSG0004998,message_exists,1,
18,P2_unread_cc,MSG0004998,is_cc,1,
18,P2_unread_cc,MSG0004998,no_access_event,1,accesses=0
18,P2_unread_cc,MSG0005001,message_exists,1,
18,P2_unread_cc,MSG0005001,is_cc,1,
18,P2_unread_cc,MSG0005001,no_access_event,1,accesses=0
18,P2_unread_cc,MSG0005003,message_exists,1,
18,P2_unread_cc,MSG0005003,is_cc,1,
18,P2_unread_cc,MSG0005003,no_access_event,1,accesses=0
18,P2_unread_cc,MSG0005004,message_exists,1,
18,P2_unread_cc,MSG0005004,is_cc,1,
18,P2_unread_cc,MSG0005004,no_access_event,1,accesses=0
18,P2_unread_cc,MSG0005005,message_exists,1,
18,P2_unread_cc,MSG0005005,is_cc,1,
18,P2_unread_cc,MSG0005005,no_access_event,1,accesses=0
18,P8_nonclinical_misrouted,MSG0005053,message_exists,1,
18,P8_nonclinical_misrouted,MSG0005053,nonclinical_category,1,category=billing_question
18,P8_nonclinical_misrouted,MSG0005053,reaches_provider,1,provider_forwards=1
18,P2_unread_cc,MSG0005100,message_exists,1,
18,P2_unread_cc,MSG0005100,is_cc,1,
18,P2_unread_cc,MSG0005100,no_access_event,1,accesses=0
18,P8_nonclinical_misrouted,MSG0005185,message_exists,1,
18,P8_nonclinical_misrouted,MSG0005185,nonclinical_category,1,category=appointment_request
18,P8_nonclinical_misrouted,MSG0005185,reaches_provider,1,provider_forwards=1
18,P7_pingpong,MSG0005221,message_exists,1,
18,P7_pingpong,MSG0005221,at_least_two_staff_to_provider_forwards,1,staff_to_provider=2
18,P7_pingpong,MSG0005221,at_least_two_provider_to_staff_forwards,1,provider_to_staff=2
18,P7_pingpong,MSG0005221,two_or_more_round_trips,1,roundtrips=2
19,P2_unread_cc,MSG0000043,message_exists,1,
19,P2_unread_cc,MSG0000043,is_cc,1,
19,P2_unread_cc,MSG0000043,no_access_event,1,accesses=0
19,P2_unread_cc,MSG0000044,message_exists,1,
19,P2_unread_cc,MSG0000044,is_cc,1,
19,P2_unread_cc,MSG0000044,no_access_event,1,accesses=0
19,P2_unread_cc,MSG0000046,message_exists,1,
19,P2_unread_cc,MSG0000046,is_cc,1,
19,P2_unread_cc,MSG0000046,no_access_event,1,accesses=0
19,P2_unread_cc,MSG0000049,message_exists,1,
19,P2_unread_cc,MSG0000049,is_cc,1,
19,P2_unread_cc,MSG0000049,no_access_event,1,accesses=0
19,P1_thank_you,MSG0000080,message_exists,1,
19,P1_thank_you,MSG0000080,patient_originated_portal_message,1,
19,P1_thank_you,MSG0000080,is_reply_to_prior_outbound,1,
19,P1_thank_you,MSG0000080,thread_ending,1,later_messages=0
19,P1_thank_you,MSG0000080,accessed_and_completed,1,
19,P2_unread_cc,MSG0000116,message_exists,1,
19,P2_unread_cc,MSG0000116,is_cc,1,
19,P2_unread_cc,MSG0000116,no_access_event,1,accesses=0
19,P1_thank_you,MSG0000144,message_exists,1,
19,P1_thank_you,MSG0000144,patient_originated_portal_message,1,
19,P1_thank_you,MSG0000144,is_reply_to_prior_outbound,1,
19,P1_thank_you,MSG0000144,thread_ending,1,later_messages=0
19,P1_thank_you,MSG0000144,accessed_and_completed,1,
19,P2_unread_cc,MSG0000184,message_exists,1,
19,P2_unread_cc,MSG0000184,is_cc,1,
19,P2_unread_cc,MSG0000184,no_access_event,1,accesses=0
19,P2_unread_cc,MSG0000185,message_exists,1,
19,P2_unread_cc,MSG0000185,is_cc,1,
19,P2_unread_cc,MSG0000185,no_access_event,1,accesses=0
19,P2_unread_cc,MSG0000187,message_exists,1,
19,P2_unread_cc,MSG0000187,is_cc,1,
19,P2_unread_cc,MSG0000187,no_access_event,1,accesses=0
19,P2_unread_cc,MSG0000268,message_exists,1,
19,P2_unread_cc,MSG0000268,is_cc,1,
19,P2_unread_cc,MSG0000268,no_access_event,1,accesses=0
19,P2_unread_cc,MSG0000276,message_exists,1,
19,P2_unread_cc,MSG0000276,is_cc,1,
19,P2_unread_cc,MSG0000276,no_access_event,1,accesses=0
19,P2_unread_cc,MSG0000353,message_exists,1,
19,P2_unread_cc,MSG0000353,is_cc,1,
19,P2_unread_cc,MSG0000353,no_access_event,1,accesses=0
19,P4_result_misrouted,MSG0000395,message_exists,1,
19,P4_result_misrouted,MSG0000395,is_result,1,
19,P4_result_misrouted,MSG0000395,recipient_not_ordering,1,
19,P4_result_misrouted,MSG0000395,recipient_not_covering,1,cover=None
19,P2_unread_cc,MSG0000423,message_exists,1,
19,P2_unread_cc,MSG0000423,is_cc,1,
19,P2_unread_cc,MSG0000423,no_access_event,1,accesses=0
19,P2_unread_cc,MSG0000427,message_exists,1,
19,P2_unread_cc,MSG0000427,is_cc,1,
19,P2_unread_cc,MSG0000427,no_access_event,1,accesses=0
19,P2_unread_cc,MSG0000430,message_exists,1,
19,P2_unread_cc,MSG0000430,is_cc,1,
19,P2_unread_cc,MSG0000430,no_access_event,1,accesses=0
19,P1_thank_you,MSG0000539,message_exists,1,
19,P1_thank_you,MSG0000539,patient_originated_portal_message,1,
19,P1_thank_you,MSG0000539,is_reply_to_prior_outbound,1,
19,P1_thank_you,MSG0000539,thread_ending,1,later_messages=0
19,P1_thank_you,MSG0000539,accessed_and_completed,1,
19,P1_thank_you,MSG0000542,message_exists,1,
19,P1_thank_you,MSG0000542,patient_originated_portal_message,1,
19,P1_thank_you,MSG0000542,is_reply_to_prior_outbound,1,
19,P1_thank_you,MSG0000542,thread_ending,1,later_messages=0
19,P1_thank_you,MSG0000542,accessed_and_completed,1,
19,P2_unread_cc,MSG0000580,message_exists,1,
19,P2_unread_cc,MSG0000580,is_cc,1,
19,P2_unread_cc,MSG0000580,no_access_event,1,accesses=0
19,P2_unread_cc,MSG0000581,message_exists,1,
19,P2_unread_cc,MSG0000581,is_cc,1,
19,P2_unread_cc,MSG0000581,no_access_event,1,accesses=0
19,P2_unread_cc,MSG0000586,message_exists,1,
19,P2_unread_cc,MSG0000586,is_cc,1,
19,P2_unread_cc,MSG0000586,no_access_event,1,accesses=0
19,P7_pingpong,MSG0000621,message_exists,1,
19,P7_pingpong,MSG0000621,at_least_two_staff_to_provider_forwards,1,staff_to_provider=2
19,P7_pingpong,MSG0000621,at_least_two_provider_to_staff_forwards,1,provider_to_staff=2
19,P7_pingpong,MSG0000621,two_or_more_round_trips,1,roundtrips=2
19,P4_result_misrouted,MSG0000703,message_exists,1,
19,P4_result_misrouted,MSG0000703,is_result,1,
19,P4_result_misrouted,MSG0000703,recipient_not_ordering,1,
19,P4_result_misrouted,MSG0000703,recipient_not_covering,1,cover=None
19,P2_unread_cc,MSG0000739,message_exists,1,
19,P2_unread_cc,MSG0000739,is_cc,1,
19,P2_unread_cc,MSG0000739,no_access_event,1,accesses=0
19,P2_unread_cc,MSG0000741,message_exists,1,
19,P2_unread_cc,MSG0000741,is_cc,1,
19,P2_unread_cc,MSG0000741,no_access_event,1,accesses=0
19,P2_unread_cc,MSG0000743,message_exists,1,
19,P2_unread_cc,MSG0000743,is_cc,1,
19,P2_unread_cc,MSG0000743,no_access_event,1,accesses=0
19,P2_unread_cc,MSG0000744,message_exists,1,
19,P2_unread_cc,MSG0000744,is_cc,1,
19,P2_unread_cc,MSG0000744,no_access_event,1,accesses=0
19,P2_unread_cc,MSG0000748,message_exists,1,
19,P2_unread_cc,MSG0000748,is_cc,1,
19,P2_unread_cc,MSG0000748,no_access_event,1,accesses=0
19,P2_unread_cc,MSG0000749,message_exists,1,
19,P2_unread_cc,MSG0000749,is_cc,1,
19,P2_unread_cc,MSG0000749,no_access_event,1,accesses=0
19,P2_unread_cc,MSG0000750,message_exists,1,
19,P2_unread_cc,MSG0000750,is_cc,1,
19,P2_unread_cc,MSG0000750,no_access_event,1,accesses=0
19,P4_result_misrouted,MSG0000794,message_exists,1,
19,P4_result_misrouted,MSG0000794,is_result,1,
19,P4_result_misrouted,MSG0000794,recipient_not_ordering,1,
19,P4_result_misrouted,MSG0000794,recipient_not_covering,1,cover=None
19,P4_result_misrouted,MSG0000894,message_exists,1,
19,P4_result_misrouted,MSG0000894,is_result,1,
19,P4_result_misrouted,MSG0000894,recipient_not_ordering,1,
19,P4_result_misrouted,MSG0000894,recipient_not_covering,1,cover=None
19,P2_unread_cc,MSG0000913,message_exists,1,
19,P2_unread_cc,MSG0000913,is_cc,1,
19,P2_unread_cc,MSG0000913,no_access_event,1,accesses=0
19,P2_unread_cc,MSG0000914,message_exists,1,
19,P2_unread_cc,MSG0000914,is_cc,1,
19,P2_unread_cc,MSG0000914,no_access_event,1,accesses=0
19,P2_unread_cc,MSG0000916,message_exists,1,
19,P2_unread_cc,MSG0000916,is_cc,1,
19,P2_unread_cc,MSG0000916,no_access_event,1,accesses=0
19,P7_pingpong,MSG0000969,message_exists,1,
19,P7_pingpong,MSG0000969,at_least_two_staff_to_provider_forwards,1,staff_to_provider=2
19,P7_pingpong,MSG0000969,at_least_two_provider_to_staff_forwards,1,provider_to_staff=2
19,P7_pingpong,MSG0000969,two_or_more_round_trips,1,roundtrips=2
19,P2_unread_cc,MSG0001003,message_exists,1,
19,P2_unread_cc,MSG0001003,is_cc,1,
19,P2_unread_cc,MSG0001003,no_access_event,1,accesses=0
19,P2_unread_cc,MSG0001069,message_exists,1,
19,P2_unread_cc,MSG0001069,is_cc,1,
19,P2_unread_cc,MSG0001069,no_access_event,1,accesses=0
19,P2_unread_cc,MSG0001076,message_exists,1,
19,P2_unread_cc,MSG0001076,is_cc,1,
19,P2_unread_cc,MSG0001076,no_access_event,1,accesses=0
19,P7_pingpong,MSG0001113,message_exists,1,
19,P7_pingpong,MSG0001113,at_least_two_staff_to_provider_forwards,1,staff_to_provider=2
19,P7_pingpong,MSG0001113,at_least_two_provider_to_staff_forwards,1,provider_to_staff=2
19,P7_pingpong,MSG0001113,two_or_more_round_trips,1,roundtrips=2
19,P2_unread_cc,MSG0001165,message_exists,1,
19,P2_unread_cc,MSG0001165,is_cc,1,
19,P2_unread_cc,MSG0001165,no_access_event,1,accesses=0
19,P2_unread_cc,MSG0001166,message_exists,1,
19,P2_unread_cc,MSG0001166,is_cc,1,
19,P2_unread_cc,MSG0001166,no_access_event,1,accesses=0
19,P2_unread_cc,MSG0001169,message_exists,1,
19,P2_unread_cc,MSG0001169,is_cc,1,
19,P2_unread_cc,MSG0001169,no_access_event,1,accesses=0
19,P2_unread_cc,MSG0001170,message_exists,1,
19,P2_unread_cc,MSG0001170,is_cc,1,
19,P2_unread_cc,MSG0001170,no_access_event,1,accesses=0
19,P2_unread_cc,MSG0001171,message_exists,1,
19,P2_unread_cc,MSG0001171,is_cc,1,
19,P2_unread_cc,MSG0001171,no_access_event,1,accesses=0
19,P4_result_misrouted,MSG0001287,message_exists,1,
19,P4_result_misrouted,MSG0001287,is_result,1,
19,P4_result_misrouted,MSG0001287,recipient_not_ordering,1,
19,P4_result_misrouted,MSG0001287,recipient_not_covering,1,cover=None
19,P8_nonclinical_misrouted,MSG0001324,message_exists,1,
19,P8_nonclinical_misrouted,MSG0001324,nonclinical_category,1,category=cancellation
19,P8_nonclinical_misrouted,MSG0001324,reaches_provider,1,provider_forwards=1
19,P2_unread_cc,MSG0001357,message_exists,1,
19,P2_unread_cc,MSG0001357,is_cc,1,
19,P2_unread_cc,MSG0001357,no_access_event,1,accesses=0
19,P2_unread_cc,MSG0001361,message_exists,1,
19,P2_unread_cc,MSG0001361,is_cc,1,
19,P2_unread_cc,MSG0001361,no_access_event,1,accesses=0
19,P2_unread_cc,MSG0001449,message_exists,1,
19,P2_unread_cc,MSG0001449,is_cc,1,
19,P2_unread_cc,MSG0001449,no_access_event,1,accesses=0
19,P2_unread_cc,MSG0001450,message_exists,1,
19,P2_unread_cc,MSG0001450,is_cc,1,
19,P2_unread_cc,MSG0001450,no_access_event,1,accesses=0
19,P2_unread_cc,MSG0001453,message_exists,1,
19,P2_unread_cc,MSG0001453,is_cc,1,
19,P2_unread_cc,MSG0001453,no_access_event,1,accesses=0
19,P2_unread_cc,MSG0001454,message_exists,1,
19,P2_unread_cc,MSG0001454,is_cc,1,
19,P2_unread_cc,MSG0001454,no_access_event,1,accesses=0
19,P2_unread_cc,MSG0001456,message_exists,1,
19,P2_unread_cc,MSG0001456,is_cc,1,
19,P2_unread_cc,MSG0001456,no_access_event,1,accesses=0
19,P2_unread_cc,MSG0001594,message_exists,1,
19,P2_unread_cc,MSG0001594,is_cc,1,
19,P2_unread_cc,MSG0001594,no_access_event,1,accesses=0
19,P2_unread_cc,MSG0001595,message_exists,1,
19,P2_unread_cc,MSG0001595,is_cc,1,
19,P2_unread_cc,MSG0001595,no_access_event,1,accesses=0
19,P2_unread_cc,MSG0001596,message_exists,1,
19,P2_unread_cc,MSG0001596,is_cc,1,
19,P2_unread_cc,MSG0001596,no_access_event,1,accesses=0
19,P2_unread_cc,MSG0001601,message_exists,1,
19,P2_unread_cc,MSG0001601,is_cc,1,
19,P2_unread_cc,MSG0001601,no_access_event,1,accesses=0
19,P2_unread_cc,MSG0001603,message_exists,1,
19,P2_unread_cc,MSG0001603,is_cc,1,
19,P2_unread_cc,MSG0001603,no_access_event,1,accesses=0
19,P1_thank_you,MSG0001634,message_exists,1,
19,P1_thank_you,MSG0001634,patient_originated_portal_message,1,
19,P1_thank_you,MSG0001634,is_reply_to_prior_outbound,1,
19,P1_thank_you,MSG0001634,thread_ending,1,later_messages=0
19,P1_thank_you,MSG0001634,accessed_and_completed,1,
19,P1_thank_you,MSG0001637,message_exists,1,
19,P1_thank_you,MSG0001637,patient_originated_portal_message,1,
19,P1_thank_you,MSG0001637,is_reply_to_prior_outbound,1,
19,P1_thank_you,MSG0001637,thread_ending,1,later_messages=0
19,P1_thank_you,MSG0001637,accessed_and_completed,1,
19,P7_pingpong,MSG0001650,message_exists,1,
19,P7_pingpong,MSG0001650,at_least_two_staff_to_provider_forwards,1,staff_to_provider=2
19,P7_pingpong,MSG0001650,at_least_two_provider_to_staff_forwards,1,provider_to_staff=2
19,P7_pingpong,MSG0001650,two_or_more_round_trips,1,roundtrips=2
19,P2_unread_cc,MSG0001699,message_exists,1,
19,P2_unread_cc,MSG0001699,is_cc,1,
19,P2_unread_cc,MSG0001699,no_access_event,1,accesses=0
19,P7_pingpong,MSG0001735,message_exists,1,
19,P7_pingpong,MSG0001735,at_least_two_staff_to_provider_forwards,1,staff_to_provider=2
19,P7_pingpong,MSG0001735,at_least_two_provider_to_staff_forwards,1,provider_to_staff=2
19,P7_pingpong,MSG0001735,two_or_more_round_trips,1,roundtrips=2
19,P2_unread_cc,MSG0001784,message_exists,1,
19,P2_unread_cc,MSG0001784,is_cc,1,
19,P2_unread_cc,MSG0001784,no_access_event,1,accesses=0
19,P2_unread_cc,MSG0001785,message_exists,1,
19,P2_unread_cc,MSG0001785,is_cc,1,
19,P2_unread_cc,MSG0001785,no_access_event,1,accesses=0
19,P2_unread_cc,MSG0001788,message_exists,1,
19,P2_unread_cc,MSG0001788,is_cc,1,
19,P2_unread_cc,MSG0001788,no_access_event,1,accesses=0
19,P2_unread_cc,MSG0001789,message_exists,1,
19,P2_unread_cc,MSG0001789,is_cc,1,
19,P2_unread_cc,MSG0001789,no_access_event,1,accesses=0
19,P1_thank_you,MSG0001820,message_exists,1,
19,P1_thank_you,MSG0001820,patient_originated_portal_message,1,
19,P1_thank_you,MSG0001820,is_reply_to_prior_outbound,1,
19,P1_thank_you,MSG0001820,thread_ending,1,later_messages=0
19,P1_thank_you,MSG0001820,accessed_and_completed,1,
19,P7_pingpong,MSG0001825,message_exists,1,
19,P7_pingpong,MSG0001825,at_least_two_staff_to_provider_forwards,1,staff_to_provider=2
19,P7_pingpong,MSG0001825,at_least_two_provider_to_staff_forwards,1,provider_to_staff=2
19,P7_pingpong,MSG0001825,two_or_more_round_trips,1,roundtrips=2
19,P2_unread_cc,MSG0001855,message_exists,1,
19,P2_unread_cc,MSG0001855,is_cc,1,
19,P2_unread_cc,MSG0001855,no_access_event,1,accesses=0
19,P2_unread_cc,MSG0001858,message_exists,1,
19,P2_unread_cc,MSG0001858,is_cc,1,
19,P2_unread_cc,MSG0001858,no_access_event,1,accesses=0
19,P2_unread_cc,MSG0001861,message_exists,1,
19,P2_unread_cc,MSG0001861,is_cc,1,
19,P2_unread_cc,MSG0001861,no_access_event,1,accesses=0
19,P2_unread_cc,MSG0001862,message_exists,1,
19,P2_unread_cc,MSG0001862,is_cc,1,
19,P2_unread_cc,MSG0001862,no_access_event,1,accesses=0
19,P2_unread_cc,MSG0001864,message_exists,1,
19,P2_unread_cc,MSG0001864,is_cc,1,
19,P2_unread_cc,MSG0001864,no_access_event,1,accesses=0
19,P4_result_misrouted,MSG0001926,message_exists,1,
19,P4_result_misrouted,MSG0001926,is_result,1,
19,P4_result_misrouted,MSG0001926,recipient_not_ordering,1,
19,P4_result_misrouted,MSG0001926,recipient_not_covering,1,cover=None
19,P2_unread_cc,MSG0001950,message_exists,1,
19,P2_unread_cc,MSG0001950,is_cc,1,
19,P2_unread_cc,MSG0001950,no_access_event,1,accesses=0
19,P7_pingpong,MSG0001982,message_exists,1,
19,P7_pingpong,MSG0001982,at_least_two_staff_to_provider_forwards,1,staff_to_provider=2
19,P7_pingpong,MSG0001982,at_least_two_provider_to_staff_forwards,1,provider_to_staff=2
19,P7_pingpong,MSG0001982,two_or_more_round_trips,1,roundtrips=2
19,P2_unread_cc,MSG0002036,message_exists,1,
19,P2_unread_cc,MSG0002036,is_cc,1,
19,P2_unread_cc,MSG0002036,no_access_event,1,accesses=0
19,P2_unread_cc,MSG0002039,message_exists,1,
19,P2_unread_cc,MSG0002039,is_cc,1,
19,P2_unread_cc,MSG0002039,no_access_event,1,accesses=0
19,P2_unread_cc,MSG0002040,message_exists,1,
19,P2_unread_cc,MSG0002040,is_cc,1,
19,P2_unread_cc,MSG0002040,no_access_event,1,accesses=0
19,P2_unread_cc,MSG0002112,message_exists,1,
19,P2_unread_cc,MSG0002112,is_cc,1,
19,P2_unread_cc,MSG0002112,no_access_event,1,accesses=0
19,P2_unread_cc,MSG0002177,message_exists,1,
19,P2_unread_cc,MSG0002177,is_cc,1,
19,P2_unread_cc,MSG0002177,no_access_event,1,accesses=0
19,P2_unread_cc,MSG0002254,message_exists,1,
19,P2_unread_cc,MSG0002254,is_cc,1,
19,P2_unread_cc,MSG0002254,no_access_event,1,accesses=0
19,P2_unread_cc,MSG0002341,message_exists,1,
19,P2_unread_cc,MSG0002341,is_cc,1,
19,P2_unread_cc,MSG0002341,no_access_event,1,accesses=0
19,P2_unread_cc,MSG0002343,message_exists,1,
19,P2_unread_cc,MSG0002343,is_cc,1,
19,P2_unread_cc,MSG0002343,no_access_event,1,accesses=0
19,P2_unread_cc,MSG0002345,message_exists,1,
19,P2_unread_cc,MSG0002345,is_cc,1,
19,P2_unread_cc,MSG0002345,no_access_event,1,accesses=0
19,P2_unread_cc,MSG0002348,message_exists,1,
19,P2_unread_cc,MSG0002348,is_cc,1,
19,P2_unread_cc,MSG0002348,no_access_event,1,accesses=0
19,P2_unread_cc,MSG0002349,message_exists,1,
19,P2_unread_cc,MSG0002349,is_cc,1,
19,P2_unread_cc,MSG0002349,no_access_event,1,accesses=0
19,P8_nonclinical_misrouted,MSG0002387,message_exists,1,
19,P8_nonclinical_misrouted,MSG0002387,nonclinical_category,1,category=appointment_request
19,P8_nonclinical_misrouted,MSG0002387,reaches_provider,1,provider_forwards=1
19,P2_unread_cc,MSG0002416,message_exists,1,
19,P2_unread_cc,MSG0002416,is_cc,1,
19,P2_unread_cc,MSG0002416,no_access_event,1,accesses=0
19,P2_unread_cc,MSG0002422,message_exists,1,
19,P2_unread_cc,MSG0002422,is_cc,1,
19,P2_unread_cc,MSG0002422,no_access_event,1,accesses=0
19,P2_unread_cc,MSG0002501,message_exists,1,
19,P2_unread_cc,MSG0002501,is_cc,1,
19,P2_unread_cc,MSG0002501,no_access_event,1,accesses=0
19,P2_unread_cc,MSG0002505,message_exists,1,
19,P2_unread_cc,MSG0002505,is_cc,1,
19,P2_unread_cc,MSG0002505,no_access_event,1,accesses=0
19,P2_unread_cc,MSG0002508,message_exists,1,
19,P2_unread_cc,MSG0002508,is_cc,1,
19,P2_unread_cc,MSG0002508,no_access_event,1,accesses=0
19,P2_unread_cc,MSG0002510,message_exists,1,
19,P2_unread_cc,MSG0002510,is_cc,1,
19,P2_unread_cc,MSG0002510,no_access_event,1,accesses=0
19,P2_unread_cc,MSG0002664,message_exists,1,
19,P2_unread_cc,MSG0002664,is_cc,1,
19,P2_unread_cc,MSG0002664,no_access_event,1,accesses=0
19,P2_unread_cc,MSG0002665,message_exists,1,
19,P2_unread_cc,MSG0002665,is_cc,1,
19,P2_unread_cc,MSG0002665,no_access_event,1,accesses=0
19,P7_pingpong,MSG0002709,message_exists,1,
19,P7_pingpong,MSG0002709,at_least_two_staff_to_provider_forwards,1,staff_to_provider=2
19,P7_pingpong,MSG0002709,at_least_two_provider_to_staff_forwards,1,provider_to_staff=2
19,P7_pingpong,MSG0002709,two_or_more_round_trips,1,roundtrips=2
19,P2_unread_cc,MSG0002744,message_exists,1,
19,P2_unread_cc,MSG0002744,is_cc,1,
19,P2_unread_cc,MSG0002744,no_access_event,1,accesses=0
19,P2_unread_cc,MSG0002747,message_exists,1,
19,P2_unread_cc,MSG0002747,is_cc,1,
19,P2_unread_cc,MSG0002747,no_access_event,1,accesses=0
19,P2_unread_cc,MSG0002748,message_exists,1,
19,P2_unread_cc,MSG0002748,is_cc,1,
19,P2_unread_cc,MSG0002748,no_access_event,1,accesses=0
19,P2_unread_cc,MSG0002839,message_exists,1,
19,P2_unread_cc,MSG0002839,is_cc,1,
19,P2_unread_cc,MSG0002839,no_access_event,1,accesses=0
19,P2_unread_cc,MSG0002900,message_exists,1,
19,P2_unread_cc,MSG0002900,is_cc,1,
19,P2_unread_cc,MSG0002900,no_access_event,1,accesses=0
19,P2_unread_cc,MSG0003000,message_exists,1,
19,P2_unread_cc,MSG0003000,is_cc,1,
19,P2_unread_cc,MSG0003000,no_access_event,1,accesses=0
19,P2_unread_cc,MSG0003001,message_exists,1,
19,P2_unread_cc,MSG0003001,is_cc,1,
19,P2_unread_cc,MSG0003001,no_access_event,1,accesses=0
19,P2_unread_cc,MSG0003008,message_exists,1,
19,P2_unread_cc,MSG0003008,is_cc,1,
19,P2_unread_cc,MSG0003008,no_access_event,1,accesses=0
19,P4_result_misrouted,MSG0003048,message_exists,1,
19,P4_result_misrouted,MSG0003048,is_result,1,
19,P4_result_misrouted,MSG0003048,recipient_not_ordering,1,
19,P4_result_misrouted,MSG0003048,recipient_not_covering,1,cover=None
19,P4_result_misrouted,MSG0003058,message_exists,1,
19,P4_result_misrouted,MSG0003058,is_result,1,
19,P4_result_misrouted,MSG0003058,recipient_not_ordering,1,
19,P4_result_misrouted,MSG0003058,recipient_not_covering,1,cover=None
19,P2_unread_cc,MSG0003079,message_exists,1,
19,P2_unread_cc,MSG0003079,is_cc,1,
19,P2_unread_cc,MSG0003079,no_access_event,1,accesses=0
19,P2_unread_cc,MSG0003081,message_exists,1,
19,P2_unread_cc,MSG0003081,is_cc,1,
19,P2_unread_cc,MSG0003081,no_access_event,1,accesses=0
19,P4_result_misrouted,MSG0003139,message_exists,1,
19,P4_result_misrouted,MSG0003139,is_result,1,
19,P4_result_misrouted,MSG0003139,recipient_not_ordering,1,
19,P4_result_misrouted,MSG0003139,recipient_not_covering,1,cover=None
19,P2_unread_cc,MSG0003170,message_exists,1,
19,P2_unread_cc,MSG0003170,is_cc,1,
19,P2_unread_cc,MSG0003170,no_access_event,1,accesses=0
19,P1_thank_you,MSG0003213,message_exists,1,
19,P1_thank_you,MSG0003213,patient_originated_portal_message,1,
19,P1_thank_you,MSG0003213,is_reply_to_prior_outbound,1,
19,P1_thank_you,MSG0003213,thread_ending,1,later_messages=0
19,P1_thank_you,MSG0003213,accessed_and_completed,1,
19,P4_result_misrouted,MSG0003315,message_exists,1,
19,P4_result_misrouted,MSG0003315,is_result,1,
19,P4_result_misrouted,MSG0003315,recipient_not_ordering,1,
19,P4_result_misrouted,MSG0003315,recipient_not_covering,1,cover=None
19,P2_unread_cc,MSG0003332,message_exists,1,
19,P2_unread_cc,MSG0003332,is_cc,1,
19,P2_unread_cc,MSG0003332,no_access_event,1,accesses=0
19,P2_unread_cc,MSG0003333,message_exists,1,
19,P2_unread_cc,MSG0003333,is_cc,1,
19,P2_unread_cc,MSG0003333,no_access_event,1,accesses=0
19,P2_unread_cc,MSG0003336,message_exists,1,
19,P2_unread_cc,MSG0003336,is_cc,1,
19,P2_unread_cc,MSG0003336,no_access_event,1,accesses=0
19,P2_unread_cc,MSG0003407,message_exists,1,
19,P2_unread_cc,MSG0003407,is_cc,1,
19,P2_unread_cc,MSG0003407,no_access_event,1,accesses=0
19,P2_unread_cc,MSG0003408,message_exists,1,
19,P2_unread_cc,MSG0003408,is_cc,1,
19,P2_unread_cc,MSG0003408,no_access_event,1,accesses=0
19,P2_unread_cc,MSG0003490,message_exists,1,
19,P2_unread_cc,MSG0003490,is_cc,1,
19,P2_unread_cc,MSG0003490,no_access_event,1,accesses=0
19,P1_thank_you,MSG0003520,message_exists,1,
19,P1_thank_you,MSG0003520,patient_originated_portal_message,1,
19,P1_thank_you,MSG0003520,is_reply_to_prior_outbound,1,
19,P1_thank_you,MSG0003520,thread_ending,1,later_messages=0
19,P1_thank_you,MSG0003520,accessed_and_completed,1,
19,P3_extended_thread,THR0003445,thread_exists,1,
19,P3_extended_thread,THR0003445,three_or_more_patient_incoming,1,incoming=3
19,P3_extended_thread,THR0003445,four_or_more_message_exchanges,1,in+out=6
19,P3_extended_thread,THR0003445,spans_at_least_3_days,1,span_days=10.68
19,P3_extended_thread,THR0003445,no_visit_between,1,intervening_visits=0
19,P2_unread_cc,MSG0003633,message_exists,1,
19,P2_unread_cc,MSG0003633,is_cc,1,
19,P2_unread_cc,MSG0003633,no_access_event,1,accesses=0
19,P2_unread_cc,MSG0003634,message_exists,1,
19,P2_unread_cc,MSG0003634,is_cc,1,
19,P2_unread_cc,MSG0003634,no_access_event,1,accesses=0
19,P2_unread_cc,MSG0003637,message_exists,1,
19,P2_unread_cc,MSG0003637,is_cc,1,
19,P2_unread_cc,MSG0003637,no_access_event,1,accesses=0
19,P2_unread_cc,MSG0003642,message_exists,1,
19,P2_unread_cc,MSG0003642,is_cc,1,
19,P2_unread_cc,MSG0003642,no_access_event,1,accesses=0
19,P2_unread_cc,MSG0003710,message_exists,1,
19,P2_unread_cc,MSG0003710,is_cc,1,
19,P2_unread_cc,MSG0003710,no_access_event,1,accesses=0
19,P2_unread_cc,MSG0003711,message_exists,1,
19,P2_unread_cc,MSG0003711,is_cc,1,
19,P2_unread_cc,MSG0003711,no_access_event,1,accesses=0
19,P2_unread_cc,MSG0003713,message_exists,1,
19,P2_unread_cc,MSG0003713,is_cc,1,
19,P2_unread_cc,MSG0003713,no_access_event,1,accesses=0
19,P2_unread_cc,MSG0003717,message_exists,1,
19,P2_unread_cc,MSG0003717,is_cc,1,
19,P2_unread_cc,MSG0003717,no_access_event,1,accesses=0
19,P7_pingpong,MSG0003753,message_exists,1,
19,P7_pingpong,MSG0003753,at_least_two_staff_to_provider_forwards,1,staff_to_provider=2
19,P7_pingpong,MSG0003753,at_least_two_provider_to_staff_forwards,1,provider_to_staff=2
19,P7_pingpong,MSG0003753,two_or_more_round_trips,1,roundtrips=2
19,P2_unread_cc,MSG0003789,message_exists,1,
19,P2_unread_cc,MSG0003789,is_cc,1,
19,P2_unread_cc,MSG0003789,no_access_event,1,accesses=0
19,P2_unread_cc,MSG0003794,message_exists,1,
19,P2_unread_cc,MSG0003794,is_cc,1,
19,P2_unread_cc,MSG0003794,no_access_event,1,accesses=0
19,P2_unread_cc,MSG0003796,message_exists,1,
19,P2_unread_cc,MSG0003796,is_cc,1,
19,P2_unread_cc,MSG0003796,no_access_event,1,accesses=0
19,P2_unread_cc,MSG0003798,message_exists,1,
19,P2_unread_cc,MSG0003798,is_cc,1,
19,P2_unread_cc,MSG0003798,no_access_event,1,accesses=0
19,P2_unread_cc,MSG0003803,message_exists,1,
19,P2_unread_cc,MSG0003803,is_cc,1,
19,P2_unread_cc,MSG0003803,no_access_event,1,accesses=0
19,P4_result_misrouted,MSG0003877,message_exists,1,
19,P4_result_misrouted,MSG0003877,is_result,1,
19,P4_result_misrouted,MSG0003877,recipient_not_ordering,1,
19,P4_result_misrouted,MSG0003877,recipient_not_covering,1,cover=None
19,P3_extended_thread,THR0003738,thread_exists,1,
19,P3_extended_thread,THR0003738,three_or_more_patient_incoming,1,incoming=3
19,P3_extended_thread,THR0003738,four_or_more_message_exchanges,1,in+out=7
19,P3_extended_thread,THR0003738,spans_at_least_3_days,1,span_days=9.09
19,P3_extended_thread,THR0003738,no_visit_between,1,intervening_visits=0
19,P2_unread_cc,MSG0003965,message_exists,1,
19,P2_unread_cc,MSG0003965,is_cc,1,
19,P2_unread_cc,MSG0003965,no_access_event,1,accesses=0
19,P2_unread_cc,MSG0003970,message_exists,1,
19,P2_unread_cc,MSG0003970,is_cc,1,
19,P2_unread_cc,MSG0003970,no_access_event,1,accesses=0
19,P4_result_misrouted,MSG0004022,message_exists,1,
19,P4_result_misrouted,MSG0004022,is_result,1,
19,P4_result_misrouted,MSG0004022,recipient_not_ordering,1,
19,P4_result_misrouted,MSG0004022,recipient_not_covering,1,cover=None
19,P2_unread_cc,MSG0004062,message_exists,1,
19,P2_unread_cc,MSG0004062,is_cc,1,
19,P2_unread_cc,MSG0004062,no_access_event,1,accesses=0
19,P2_unread_cc,MSG0004137,message_exists,1,
19,P2_unread_cc,MSG0004137,is_cc,1,
19,P2_unread_cc,MSG0004137,no_access_event,1,accesses=0
19,P2_unread_cc,MSG0004199,message_exists,1,
19,P2_unread_cc,MSG0004199,is_cc,1,
19,P2_unread_cc,MSG0004199,no_access_event,1,accesses=0
19,P2_unread_cc,MSG0004202,message_exists,1,
19,P2_unread_cc,MSG0004202,is_cc,1,
19,P2_unread_cc,MSG0004202,no_access_event,1,accesses=0
19,P2_unread_cc,MSG0004204,message_exists,1,
19,P2_unread_cc,MSG0004204,is_cc,1,
19,P2_unread_cc,MSG0004204,no_access_event,1,accesses=0
19,P8_nonclinical_misrouted,MSG0004230,message_exists,1,
19,P8_nonclinical_misrouted,MSG0004230,nonclinical_category,1,category=appointment_request
19,P8_nonclinical_misrouted,MSG0004230,reaches_provider,1,provider_forwards=1
19,P4_result_misrouted,MSG0004236,message_exists,1,
19,P4_result_misrouted,MSG0004236,is_result,1,
19,P4_result_misrouted,MSG0004236,recipient_not_ordering,1,
19,P4_result_misrouted,MSG0004236,recipient_not_covering,1,cover=None
19,P2_unread_cc,MSG0004264,message_exists,1,
19,P2_unread_cc,MSG0004264,is_cc,1,
19,P2_unread_cc,MSG0004264,no_access_event,1,accesses=0
19,P2_unread_cc,MSG0004272,message_exists,1,
19,P2_unread_cc,MSG0004272,is_cc,1,
19,P2_unread_cc,MSG0004272,no_access_event,1,accesses=0
19,P2_unread_cc,MSG0004273,message_exists,1,
19,P2_unread_cc,MSG0004273,is_cc,1,
19,P2_unread_cc,MSG0004273,no_access_event,1,accesses=0
19,P4_result_misrouted,MSG0004404,message_exists,1,
19,P4_result_misrouted,MSG0004404,is_result,1,
19,P4_result_misrouted,MSG0004404,recipient_not_ordering,1,
19,P4_result_misrouted,MSG0004404,recipient_not_covering,1,cover=None
19,P4_result_misrouted,MSG0004412,message_exists,1,
19,P4_result_misrouted,MSG0004412,is_result,1,
19,P4_result_misrouted,MSG0004412,recipient_not_ordering,1,
19,P4_result_misrouted,MSG0004412,recipient_not_covering,1,cover=None
19,P2_unread_cc,MSG0004438,message_exists,1,
19,P2_unread_cc,MSG0004438,is_cc,1,
19,P2_unread_cc,MSG0004438,no_access_event,1,accesses=0
19,P2_unread_cc,MSG0004444,message_exists,1,
19,P2_unread_cc,MSG0004444,is_cc,1,
19,P2_unread_cc,MSG0004444,no_access_event,1,accesses=0
19,P2_unread_cc,MSG0004446,message_exists,1,
19,P2_unread_cc,MSG0004446,is_cc,1,
19,P2_unread_cc,MSG0004446,no_access_event,1,accesses=0
19,P7_pingpong,MSG0004487,message_exists,1,
19,P7_pingpong,MSG0004487,at_least_two_staff_to_provider_forwards,1,staff_to_provider=2
19,P7_pingpong,MSG0004487,at_least_two_provider_to_staff_forwards,1,provider_to_staff=2
19,P7_pingpong,MSG0004487,two_or_more_round_trips,1,roundtrips=2
19,P2_unread_cc,MSG0004520,message_exists,1,
19,P2_unread_cc,MSG0004520,is_cc,1,
19,P2_unread_cc,MSG0004520,no_access_event,1,accesses=0
19,P2_unread_cc,MSG0004522,message_exists,1,
19,P2_unread_cc,MSG0004522,is_cc,1,
19,P2_unread_cc,MSG0004522,no_access_event,1,accesses=0
19,P2_unread_cc,MSG0004526,message_exists,1,
19,P2_unread_cc,MSG0004526,is_cc,1,
19,P2_unread_cc,MSG0004526,no_access_event,1,accesses=0
19,P2_unread_cc,MSG0004527,message_exists,1,
19,P2_unread_cc,MSG0004527,is_cc,1,
19,P2_unread_cc,MSG0004527,no_access_event,1,accesses=0
19,P1_thank_you,MSG0004563,message_exists,1,
19,P1_thank_you,MSG0004563,patient_originated_portal_message,1,
19,P1_thank_you,MSG0004563,is_reply_to_prior_outbound,1,
19,P1_thank_you,MSG0004563,thread_ending,1,later_messages=0
19,P1_thank_you,MSG0004563,accessed_and_completed,1,
19,P2_unread_cc,MSG0004601,message_exists,1,
19,P2_unread_cc,MSG0004601,is_cc,1,
19,P2_unread_cc,MSG0004601,no_access_event,1,accesses=0
19,P2_unread_cc,MSG0004608,message_exists,1,
19,P2_unread_cc,MSG0004608,is_cc,1,
19,P2_unread_cc,MSG0004608,no_access_event,1,accesses=0
19,P2_unread_cc,MSG0004610,message_exists,1,
19,P2_unread_cc,MSG0004610,is_cc,1,
19,P2_unread_cc,MSG0004610,no_access_event,1,accesses=0
19,P1_thank_you,MSG0004646,message_exists,1,
19,P1_thank_you,MSG0004646,patient_originated_portal_message,1,
19,P1_thank_you,MSG0004646,is_reply_to_prior_outbound,1,
19,P1_thank_you,MSG0004646,thread_ending,1,later_messages=0
19,P1_thank_you,MSG0004646,accessed_and_completed,1,
19,P7_pingpong,MSG0004658,message_exists,1,
19,P7_pingpong,MSG0004658,at_least_two_staff_to_provider_forwards,1,staff_to_provider=2
19,P7_pingpong,MSG0004658,at_least_two_provider_to_staff_forwards,1,provider_to_staff=2
19,P7_pingpong,MSG0004658,two_or_more_round_trips,1,roundtrips=2
19,P2_unread_cc,MSG0004711,message_exists,1,
19,P2_unread_cc,MSG0004711,is_cc,1,
19,P2_unread_cc,MSG0004711,no_access_event,1,accesses=0
19,P2_unread_cc,MSG0004802,message_exists,1,
19,P2_unread_cc,MSG0004802,is_cc,1,
19,P2_unread_cc,MSG0004802,no_access_event,1,accesses=0
19,P2_unread_cc,MSG0004803,message_exists,1,
19,P2_unread_cc,MSG0004803,is_cc,1,
19,P2_unread_cc,MSG0004803,no_access_event,1,accesses=0
19,P2_unread_cc,MSG0004804,message_exists,1,
19,P2_unread_cc,MSG0004804,is_cc,1,
19,P2_unread_cc,MSG0004804,no_access_event,1,accesses=0
19,P2_unread_cc,MSG0004873,message_exists,1,
19,P2_unread_cc,MSG0004873,is_cc,1,
19,P2_unread_cc,MSG0004873,no_access_event,1,accesses=0
19,P2_unread_cc,MSG0004875,message_exists,1,
19,P2_unread_cc,MSG0004875,is_cc,1,
19,P2_unread_cc,MSG0004875,no_access_event,1,accesses=0
19,P2_unread_cc,MSG0004879,message_exists,1,
19,P2_unread_cc,MSG0004879,is_cc,1,
19,P2_unread_cc,MSG0004879,no_access_event,1,accesses=0
19,P2_unread_cc,MSG0004880,message_exists,1,
19,P2_unread_cc,MSG0004880,is_cc,1,
19,P2_unread_cc,MSG0004880,no_access_event,1,accesses=0
19,P4_result_misrouted,MSG0004922,message_exists,1,
19,P4_result_misrouted,MSG0004922,is_result,1,
19,P4_result_misrouted,MSG0004922,recipient_not_ordering,1,
19,P4_result_misrouted,MSG0004922,recipient_not_covering,1,cover=None
19,P4_result_misrouted,MSG0004933,message_exists,1,
19,P4_result_misrouted,MSG0004933,is_result,1,
19,P4_result_misrouted,MSG0004933,recipient_not_ordering,1,
19,P4_result_misrouted,MSG0004933,recipient_not_covering,1,cover=None
19,P2_unread_cc,MSG0004958,message_exists,1,
19,P2_unread_cc,MSG0004958,is_cc,1,
19,P2_unread_cc,MSG0004958,no_access_event,1,accesses=0
19,P2_unread_cc,MSG0004959,message_exists,1,
19,P2_unread_cc,MSG0004959,is_cc,1,
19,P2_unread_cc,MSG0004959,no_access_event,1,accesses=0
19,P2_unread_cc,MSG0005040,message_exists,1,
19,P2_unread_cc,MSG0005040,is_cc,1,
19,P2_unread_cc,MSG0005040,no_access_event,1,accesses=0
19,P4_result_misrouted,MSG0005084,message_exists,1,
19,P4_result_misrouted,MSG0005084,is_result,1,
19,P4_result_misrouted,MSG0005084,recipient_not_ordering,1,
19,P4_result_misrouted,MSG0005084,recipient_not_covering,1,cover=None
19,P2_unread_cc,MSG0005106,message_exists,1,
19,P2_unread_cc,MSG0005106,is_cc,1,
19,P2_unread_cc,MSG0005106,no_access_event,1,accesses=0
19,P2_unread_cc,MSG0005107,message_exists,1,
19,P2_unread_cc,MSG0005107,is_cc,1,
19,P2_unread_cc,MSG0005107,no_access_event,1,accesses=0
19,P2_unread_cc,MSG0005109,message_exists,1,
19,P2_unread_cc,MSG0005109,is_cc,1,
19,P2_unread_cc,MSG0005109,no_access_event,1,accesses=0
19,P2_unread_cc,MSG0005110,message_exists,1,
19,P2_unread_cc,MSG0005110,is_cc,1,
19,P2_unread_cc,MSG0005110,no_access_event,1,accesses=0
19,P2_unread_cc,MSG0005111,message_exists,1,
19,P2_unread_cc,MSG0005111,is_cc,1,
19,P2_unread_cc,MSG0005111,no_access_event,1,accesses=0
19,P2_unread_cc,MSG0005113,message_exists,1,
19,P2_unread_cc,MSG0005113,is_cc,1,
19,P2_unread_cc,MSG0005113,no_access_event,1,accesses=0
19,P2_unread_cc,MSG0005116,message_exists,1,
19,P2_unread_cc,MSG0005116,is_cc,1,
19,P2_unread_cc,MSG0005116,no_access_event,1,accesses=0
19,P7_pingpong,MSG0005205,message_exists,1,
19,P7_pingpong,MSG0005205,at_least_two_staff_to_provider_forwards,1,staff_to_provider=2
19,P7_pingpong,MSG0005205,at_least_two_provider_to_staff_forwards,1,provider_to_staff=2
19,P7_pingpong,MSG0005205,two_or_more_round_trips,1,roundtrips=2
20,P4_result_misrouted,MSG0000019,message_exists,1,
20,P4_result_misrouted,MSG0000019,is_result,1,
20,P4_result_misrouted,MSG0000019,recipient_not_ordering,1,
20,P4_result_misrouted,MSG0000019,recipient_not_covering,1,cover=None
20,P4_result_misrouted,MSG0000023,message_exists,1,
20,P4_result_misrouted,MSG0000023,is_result,1,
20,P4_result_misrouted,MSG0000023,recipient_not_ordering,1,
20,P4_result_misrouted,MSG0000023,recipient_not_covering,1,cover=None
20,P2_unread_cc,MSG0000044,message_exists,1,
20,P2_unread_cc,MSG0000044,is_cc,1,
20,P2_unread_cc,MSG0000044,no_access_event,1,accesses=0
20,P2_unread_cc,MSG0000047,message_exists,1,
20,P2_unread_cc,MSG0000047,is_cc,1,
20,P2_unread_cc,MSG0000047,no_access_event,1,accesses=0
20,P2_unread_cc,MSG0000049,message_exists,1,
20,P2_unread_cc,MSG0000049,is_cc,1,
20,P2_unread_cc,MSG0000049,no_access_event,1,accesses=0
20,P2_unread_cc,MSG0000050,message_exists,1,
20,P2_unread_cc,MSG0000050,is_cc,1,
20,P2_unread_cc,MSG0000050,no_access_event,1,accesses=0
20,P4_result_misrouted,MSG0000100,message_exists,1,
20,P4_result_misrouted,MSG0000100,is_result,1,
20,P4_result_misrouted,MSG0000100,recipient_not_ordering,1,
20,P4_result_misrouted,MSG0000100,recipient_not_covering,1,cover=None
20,P2_unread_cc,MSG0000125,message_exists,1,
20,P2_unread_cc,MSG0000125,is_cc,1,
20,P2_unread_cc,MSG0000125,no_access_event,1,accesses=0
20,P2_unread_cc,MSG0000128,message_exists,1,
20,P2_unread_cc,MSG0000128,is_cc,1,
20,P2_unread_cc,MSG0000128,no_access_event,1,accesses=0
20,P2_unread_cc,MSG0000129,message_exists,1,
20,P2_unread_cc,MSG0000129,is_cc,1,
20,P2_unread_cc,MSG0000129,no_access_event,1,accesses=0
20,P2_unread_cc,MSG0000201,message_exists,1,
20,P2_unread_cc,MSG0000201,is_cc,1,
20,P2_unread_cc,MSG0000201,no_access_event,1,accesses=0
20,P2_unread_cc,MSG0000203,message_exists,1,
20,P2_unread_cc,MSG0000203,is_cc,1,
20,P2_unread_cc,MSG0000203,no_access_event,1,accesses=0
20,P1_thank_you,MSG0000232,message_exists,1,
20,P1_thank_you,MSG0000232,patient_originated_portal_message,1,
20,P1_thank_you,MSG0000232,is_reply_to_prior_outbound,1,
20,P1_thank_you,MSG0000232,thread_ending,1,later_messages=0
20,P1_thank_you,MSG0000232,accessed_and_completed,1,
20,P7_pingpong,MSG0000236,message_exists,1,
20,P7_pingpong,MSG0000236,at_least_two_staff_to_provider_forwards,1,staff_to_provider=2
20,P7_pingpong,MSG0000236,at_least_two_provider_to_staff_forwards,1,provider_to_staff=2
20,P7_pingpong,MSG0000236,two_or_more_round_trips,1,roundtrips=2
20,P2_unread_cc,MSG0000271,message_exists,1,
20,P2_unread_cc,MSG0000271,is_cc,1,
20,P2_unread_cc,MSG0000271,no_access_event,1,accesses=0
20,P2_unread_cc,MSG0000277,message_exists,1,
20,P2_unread_cc,MSG0000277,is_cc,1,
20,P2_unread_cc,MSG0000277,no_access_event,1,accesses=0
20,P2_unread_cc,MSG0000281,message_exists,1,
20,P2_unread_cc,MSG0000281,is_cc,1,
20,P2_unread_cc,MSG0000281,no_access_event,1,accesses=0
20,P1_thank_you,MSG0000318,message_exists,1,
20,P1_thank_you,MSG0000318,patient_originated_portal_message,1,
20,P1_thank_you,MSG0000318,is_reply_to_prior_outbound,1,
20,P1_thank_you,MSG0000318,thread_ending,1,later_messages=0
20,P1_thank_you,MSG0000318,accessed_and_completed,1,
20,P4_result_misrouted,MSG0000347,message_exists,1,
20,P4_result_misrouted,MSG0000347,is_result,1,
20,P4_result_misrouted,MSG0000347,recipient_not_ordering,1,
20,P4_result_misrouted,MSG0000347,recipient_not_covering,1,cover=None
20,P2_unread_cc,MSG0000366,message_exists,1,
20,P2_unread_cc,MSG0000366,is_cc,1,
20,P2_unread_cc,MSG0000366,no_access_event,1,accesses=0
20,P2_unread_cc,MSG0000369,message_exists,1,
20,P2_unread_cc,MSG0000369,is_cc,1,
20,P2_unread_cc,MSG0000369,no_access_event,1,accesses=0
20,P7_pingpong,MSG0000400,message_exists,1,
20,P7_pingpong,MSG0000400,at_least_two_staff_to_provider_forwards,1,staff_to_provider=2
20,P7_pingpong,MSG0000400,at_least_two_provider_to_staff_forwards,1,provider_to_staff=2
20,P7_pingpong,MSG0000400,two_or_more_round_trips,1,roundtrips=2
20,P7_pingpong,MSG0000402,message_exists,1,
20,P7_pingpong,MSG0000402,at_least_two_staff_to_provider_forwards,1,staff_to_provider=2
20,P7_pingpong,MSG0000402,at_least_two_provider_to_staff_forwards,1,provider_to_staff=2
20,P7_pingpong,MSG0000402,two_or_more_round_trips,1,roundtrips=2
20,P2_unread_cc,MSG0000442,message_exists,1,
20,P2_unread_cc,MSG0000442,is_cc,1,
20,P2_unread_cc,MSG0000442,no_access_event,1,accesses=0
20,P7_pingpong,MSG0000483,message_exists,1,
20,P7_pingpong,MSG0000483,at_least_two_staff_to_provider_forwards,1,staff_to_provider=2
20,P7_pingpong,MSG0000483,at_least_two_provider_to_staff_forwards,1,provider_to_staff=2
20,P7_pingpong,MSG0000483,two_or_more_round_trips,1,roundtrips=2
20,P2_unread_cc,MSG0000530,message_exists,1,
20,P2_unread_cc,MSG0000530,is_cc,1,
20,P2_unread_cc,MSG0000530,no_access_event,1,accesses=0
20,P2_unread_cc,MSG0000532,message_exists,1,
20,P2_unread_cc,MSG0000532,is_cc,1,
20,P2_unread_cc,MSG0000532,no_access_event,1,accesses=0
20,P4_result_misrouted,MSG0000589,message_exists,1,
20,P4_result_misrouted,MSG0000589,is_result,1,
20,P4_result_misrouted,MSG0000589,recipient_not_ordering,1,
20,P4_result_misrouted,MSG0000589,recipient_not_covering,1,cover=None
20,P4_result_misrouted,MSG0000595,message_exists,1,
20,P4_result_misrouted,MSG0000595,is_result,1,
20,P4_result_misrouted,MSG0000595,recipient_not_ordering,1,
20,P4_result_misrouted,MSG0000595,recipient_not_covering,1,cover=None
20,P2_unread_cc,MSG0000618,message_exists,1,
20,P2_unread_cc,MSG0000618,is_cc,1,
20,P2_unread_cc,MSG0000618,no_access_event,1,accesses=0
20,P2_unread_cc,MSG0000627,message_exists,1,
20,P2_unread_cc,MSG0000627,is_cc,1,
20,P2_unread_cc,MSG0000627,no_access_event,1,accesses=0
20,P2_unread_cc,MSG0000628,message_exists,1,
20,P2_unread_cc,MSG0000628,is_cc,1,
20,P2_unread_cc,MSG0000628,no_access_event,1,accesses=0
20,P2_unread_cc,MSG0000698,message_exists,1,
20,P2_unread_cc,MSG0000698,is_cc,1,
20,P2_unread_cc,MSG0000698,no_access_event,1,accesses=0
20,P2_unread_cc,MSG0000703,message_exists,1,
20,P2_unread_cc,MSG0000703,is_cc,1,
20,P2_unread_cc,MSG0000703,no_access_event,1,accesses=0
20,P2_unread_cc,MSG0000790,message_exists,1,
20,P2_unread_cc,MSG0000790,is_cc,1,
20,P2_unread_cc,MSG0000790,no_access_event,1,accesses=0
20,P2_unread_cc,MSG0000794,message_exists,1,
20,P2_unread_cc,MSG0000794,is_cc,1,
20,P2_unread_cc,MSG0000794,no_access_event,1,accesses=0
20,P2_unread_cc,MSG0000795,message_exists,1,
20,P2_unread_cc,MSG0000795,is_cc,1,
20,P2_unread_cc,MSG0000795,no_access_event,1,accesses=0
20,P2_unread_cc,MSG0000796,message_exists,1,
20,P2_unread_cc,MSG0000796,is_cc,1,
20,P2_unread_cc,MSG0000796,no_access_event,1,accesses=0
20,P3_extended_thread,THR0000776,thread_exists,1,
20,P3_extended_thread,THR0000776,three_or_more_patient_incoming,1,incoming=3
20,P3_extended_thread,THR0000776,four_or_more_message_exchanges,1,in+out=7
20,P3_extended_thread,THR0000776,spans_at_least_3_days,1,span_days=11.64
20,P3_extended_thread,THR0000776,no_visit_between,1,intervening_visits=0
20,P4_result_misrouted,MSG0000844,message_exists,1,
20,P4_result_misrouted,MSG0000844,is_result,1,
20,P4_result_misrouted,MSG0000844,recipient_not_ordering,1,
20,P4_result_misrouted,MSG0000844,recipient_not_covering,1,cover=None
20,P4_result_misrouted,MSG0000851,message_exists,1,
20,P4_result_misrouted,MSG0000851,is_result,1,
20,P4_result_misrouted,MSG0000851,recipient_not_ordering,1,
20,P4_result_misrouted,MSG0000851,recipient_not_covering,1,cover=None
20,P2_unread_cc,MSG0000865,message_exists,1,
20,P2_unread_cc,MSG0000865,is_cc,1,
20,P2_unread_cc,MSG0000865,no_access_event,1,accesses=0
20,P2_unread_cc,MSG0000870,message_exists,1,
20,P2_unread_cc,MSG0000870,is_cc,1,
20,P2_unread_cc,MSG0000870,no_access_event,1,accesses=0
20,P4_result_misrouted,MSG0000931,message_exists,1,
20,P4_result_misrouted,MSG0000931,is_result,1,
20,P4_result_misrouted,MSG0000931,recipient_not_ordering,1,
20,P4_result_misrouted,MSG0000931,recipient_not_covering,1,cover=None
20,P2_unread_cc,MSG0000957,message_exists,1,
20,P2_unread_cc,MSG0000957,is_cc,1,
20,P2_unread_cc,MSG0000957,no_access_event,1,accesses=0
20,P2_unread_cc,MSG0001023,message_exists,1,
20,P2_unread_cc,MSG0001023,is_cc,1,
20,P2_unread_cc,MSG0001023,no_access_event,1,accesses=0
20,P2_unread_cc,MSG0001026,message_exists,1,
20,P2_unread_cc,MSG0001026,is_cc,1,
20,P2_unread_cc,MSG0001026,no_access_event,1,accesses=0
20,P2_unread_cc,MSG0001096,message_exists,1,
20,P2_unread_cc,MSG0001096,is_cc,1,
20,P2_unread_cc,MSG0001096,no_access_event,1,accesses=0
20,P2_unread_cc,MSG0001098,message_exists,1,
20,P2_unread_cc,MSG0001098,is_cc,1,
20,P2_unread_cc,MSG0001098,no_access_event,1,accesses=0
20,P2_unread_cc,MSG0001174,message_exists,1,
20,P2_unread_cc,MSG0001174,is_cc,1,
20,P2_unread_cc,MSG0001174,no_access_event,1,accesses=0
20,P2_unread_cc,MSG0001178,message_exists,1,
20,P2_unread_cc,MSG0001178,is_cc,1,
20,P2_unread_cc,MSG0001178,no_access_event,1,accesses=0
20,P8_nonclinical_misrouted,MSG0001207,message_exists,1,
20,P8_nonclinical_misrouted,MSG0001207,nonclinical_category,1,category=billing_question
20,P8_nonclinical_misrouted,MSG0001207,reaches_provider,1,provider_forwards=1
20,P4_result_misrouted,MSG0001222,message_exists,1,
20,P4_result_misrouted,MSG0001222,is_result,1,
20,P4_result_misrouted,MSG0001222,recipient_not_ordering,1,
20,P4_result_misrouted,MSG0001222,recipient_not_covering,1,cover=None
20,P8_nonclinical_misrouted,MSG0001236,message_exists,1,
20,P8_nonclinical_misrouted,MSG0001236,nonclinical_category,1,category=cancellation
20,P8_nonclinical_misrouted,MSG0001236,reaches_provider,1,provider_forwards=1
20,P7_pingpong,MSG0001316,message_exists,1,
20,P7_pingpong,MSG0001316,at_least_two_staff_to_provider_forwards,1,staff_to_provider=2
20,P7_pingpong,MSG0001316,at_least_two_provider_to_staff_forwards,1,provider_to_staff=2
20,P7_pingpong,MSG0001316,two_or_more_round_trips,1,roundtrips=2
20,P2_unread_cc,MSG0001352,message_exists,1,
20,P2_unread_cc,MSG0001352,is_cc,1,
20,P2_unread_cc,MSG0001352,no_access_event,1,accesses=0
20,P7_pingpong,MSG0001383,message_exists,1,
20,P7_pingpong,MSG0001383,at_least_two_staff_to_provider_forwards,1,staff_to_provider=2
20,P7_pingpong,MSG0001383,at_least_two_provider_to_staff_forwards,1,provider_to_staff=2
20,P7_pingpong,MSG0001383,two_or_more_round_trips,1,roundtrips=2
20,P7_pingpong,MSG0001387,message_exists,1,
20,P7_pingpong,MSG0001387,at_least_two_staff_to_provider_forwards,1,staff_to_provider=2
20,P7_pingpong,MSG0001387,at_least_two_provider_to_staff_forwards,1,provider_to_staff=2
20,P7_pingpong,MSG0001387,two_or_more_round_trips,1,roundtrips=2
20,P2_unread_cc,MSG0001422,message_exists,1,
20,P2_unread_cc,MSG0001422,is_cc,1,
20,P2_unread_cc,MSG0001422,no_access_event,1,accesses=0
20,P2_unread_cc,MSG0001423,message_exists,1,
20,P2_unread_cc,MSG0001423,is_cc,1,
20,P2_unread_cc,MSG0001423,no_access_event,1,accesses=0
20,P2_unread_cc,MSG0001425,message_exists,1,
20,P2_unread_cc,MSG0001425,is_cc,1,
20,P2_unread_cc,MSG0001425,no_access_event,1,accesses=0
20,P2_unread_cc,MSG0001428,message_exists,1,
20,P2_unread_cc,MSG0001428,is_cc,1,
20,P2_unread_cc,MSG0001428,no_access_event,1,accesses=0
20,P2_unread_cc,MSG0001490,message_exists,1,
20,P2_unread_cc,MSG0001490,is_cc,1,
20,P2_unread_cc,MSG0001490,no_access_event,1,accesses=0
20,P7_pingpong,MSG0001527,message_exists,1,
20,P7_pingpong,MSG0001527,at_least_two_staff_to_provider_forwards,1,staff_to_provider=2
20,P7_pingpong,MSG0001527,at_least_two_provider_to_staff_forwards,1,provider_to_staff=2
20,P7_pingpong,MSG0001527,two_or_more_round_trips,1,roundtrips=2
20,P2_unread_cc,MSG0001565,message_exists,1,
20,P2_unread_cc,MSG0001565,is_cc,1,
20,P2_unread_cc,MSG0001565,no_access_event,1,accesses=0
20,P2_unread_cc,MSG0001566,message_exists,1,
20,P2_unread_cc,MSG0001566,is_cc,1,
20,P2_unread_cc,MSG0001566,no_access_event,1,accesses=0
20,P2_unread_cc,MSG0001568,message_exists,1,
20,P2_unread_cc,MSG0001568,is_cc,1,
20,P2_unread_cc,MSG0001568,no_access_event,1,accesses=0
20,P2_unread_cc,MSG0001570,message_exists,1,
20,P2_unread_cc,MSG0001570,is_cc,1,
20,P2_unread_cc,MSG0001570,no_access_event,1,accesses=0
20,P8_nonclinical_misrouted,MSG0001610,message_exists,1,
20,P8_nonclinical_misrouted,MSG0001610,nonclinical_category,1,category=appointment_request
20,P8_nonclinical_misrouted,MSG0001610,reaches_provider,1,provider_forwards=1
20,P2_unread_cc,MSG0001670,message_exists,1,
20,P2_unread_cc,MSG0001670,is_cc,1,
20,P2_unread_cc,MSG0001670,no_access_event,1,accesses=0
20,P7_pingpong,MSG0001701,message_exists,1,
20,P7_pingpong,MSG0001701,at_least_two_staff_to_provider_forwards,1,staff_to_provider=2
20,P7_pingpong,MSG0001701,at_least_two_provider_to_staff_forwards,1,provider_to_staff=2
20,P7_pingpong,MSG0001701,two_or_more_round_trips,1,roundtrips=2
20,P2_unread_cc,MSG0001740,message_exists,1,
20,P2_unread_cc,MSG0001740,is_cc,1,
20,P2_unread_cc,MSG0001740,no_access_event,1,accesses=0
20,P2_unread_cc,MSG0001745,message_exists,1,
20,P2_unread_cc,MSG0001745,is_cc,1,
20,P2_unread_cc,MSG0001745,no_access_event,1,accesses=0
20,P2_unread_cc,MSG0001748,message_exists,1,
20,P2_unread_cc,MSG0001748,is_cc,1,
20,P2_unread_cc,MSG0001748,no_access_event,1,accesses=0
20,P2_unread_cc,MSG0001843,message_exists,1,
20,P2_unread_cc,MSG0001843,is_cc,1,
20,P2_unread_cc,MSG0001843,no_access_event,1,accesses=0
20,P4_result_misrouted,MSG0001915,message_exists,1,
20,P4_result_misrouted,MSG0001915,is_result,1,
20,P4_result_misrouted,MSG0001915,recipient_not_ordering,1,
20,P4_result_misrouted,MSG0001915,recipient_not_covering,1,cover=None
20,P2_unread_cc,MSG0001940,message_exists,1,
20,P2_unread_cc,MSG0001940,is_cc,1,
20,P2_unread_cc,MSG0001940,no_access_event,1,accesses=0
20,P2_unread_cc,MSG0001944,message_exists,1,
20,P2_unread_cc,MSG0001944,is_cc,1,
20,P2_unread_cc,MSG0001944,no_access_event,1,accesses=0
20,P7_pingpong,MSG0001964,message_exists,1,
20,P7_pingpong,MSG0001964,at_least_two_staff_to_provider_forwards,1,staff_to_provider=2
20,P7_pingpong,MSG0001964,at_least_two_provider_to_staff_forwards,1,provider_to_staff=2
20,P7_pingpong,MSG0001964,two_or_more_round_trips,1,roundtrips=2
20,P2_unread_cc,MSG0002007,message_exists,1,
20,P2_unread_cc,MSG0002007,is_cc,1,
20,P2_unread_cc,MSG0002007,no_access_event,1,accesses=0
20,P2_unread_cc,MSG0002011,message_exists,1,
20,P2_unread_cc,MSG0002011,is_cc,1,
20,P2_unread_cc,MSG0002011,no_access_event,1,accesses=0
20,P2_unread_cc,MSG0002013,message_exists,1,
20,P2_unread_cc,MSG0002013,is_cc,1,
20,P2_unread_cc,MSG0002013,no_access_event,1,accesses=0
20,P3_extended_thread,THR0001947,thread_exists,1,
20,P3_extended_thread,THR0001947,three_or_more_patient_incoming,1,incoming=3
20,P3_extended_thread,THR0001947,four_or_more_message_exchanges,1,in+out=6
20,P3_extended_thread,THR0001947,spans_at_least_3_days,1,span_days=5.88
20,P3_extended_thread,THR0001947,no_visit_between,1,intervening_visits=0
20,P2_unread_cc,MSG0002084,message_exists,1,
20,P2_unread_cc,MSG0002084,is_cc,1,
20,P2_unread_cc,MSG0002084,no_access_event,1,accesses=0
20,P2_unread_cc,MSG0002085,message_exists,1,
20,P2_unread_cc,MSG0002085,is_cc,1,
20,P2_unread_cc,MSG0002085,no_access_event,1,accesses=0
20,P2_unread_cc,MSG0002090,message_exists,1,
20,P2_unread_cc,MSG0002090,is_cc,1,
20,P2_unread_cc,MSG0002090,no_access_event,1,accesses=0
20,P2_unread_cc,MSG0002162,message_exists,1,
20,P2_unread_cc,MSG0002162,is_cc,1,
20,P2_unread_cc,MSG0002162,no_access_event,1,accesses=0
20,P2_unread_cc,MSG0002164,message_exists,1,
20,P2_unread_cc,MSG0002164,is_cc,1,
20,P2_unread_cc,MSG0002164,no_access_event,1,accesses=0
20,P2_unread_cc,MSG0002168,message_exists,1,
20,P2_unread_cc,MSG0002168,is_cc,1,
20,P2_unread_cc,MSG0002168,no_access_event,1,accesses=0
20,P4_result_misrouted,MSG0002200,message_exists,1,
20,P4_result_misrouted,MSG0002200,is_result,1,
20,P4_result_misrouted,MSG0002200,recipient_not_ordering,1,
20,P4_result_misrouted,MSG0002200,recipient_not_covering,1,cover=None
20,P4_result_misrouted,MSG0002207,message_exists,1,
20,P4_result_misrouted,MSG0002207,is_result,1,
20,P4_result_misrouted,MSG0002207,recipient_not_ordering,1,
20,P4_result_misrouted,MSG0002207,recipient_not_covering,1,cover=None
20,P2_unread_cc,MSG0002237,message_exists,1,
20,P2_unread_cc,MSG0002237,is_cc,1,
20,P2_unread_cc,MSG0002237,no_access_event,1,accesses=0
20,P2_unread_cc,MSG0002240,message_exists,1,
20,P2_unread_cc,MSG0002240,is_cc,1,
20,P2_unread_cc,MSG0002240,no_access_event,1,accesses=0
20,P2_unread_cc,MSG0002320,message_exists,1,
20,P2_unread_cc,MSG0002320,is_cc,1,
20,P2_unread_cc,MSG0002320,no_access_event,1,accesses=0
20,P1_thank_you,MSG0002363,message_exists,1,
20,P1_thank_you,MSG0002363,patient_originated_portal_message,1,
20,P1_thank_you,MSG0002363,is_reply_to_prior_outbound,1,
20,P1_thank_you,MSG0002363,thread_ending,1,later_messages=0
20,P1_thank_you,MSG0002363,accessed_and_completed,1,
20,P3_extended_thread,THR0002251,thread_exists,1,
20,P3_extended_thread,THR0002251,three_or_more_patient_incoming,1,incoming=3
20,P3_extended_thread,THR0002251,four_or_more_message_exchanges,1,in+out=6
20,P3_extended_thread,THR0002251,spans_at_least_3_days,1,span_days=9.97
20,P3_extended_thread,THR0002251,no_visit_between,1,intervening_visits=0
20,P2_unread_cc,MSG0002411,message_exists,1,
20,P2_unread_cc,MSG0002411,is_cc,1,
20,P2_unread_cc,MSG0002411,no_access_event,1,accesses=0
20,P2_unread_cc,MSG0002413,message_exists,1,
20,P2_unread_cc,MSG0002413,is_cc,1,
20,P2_unread_cc,MSG0002413,no_access_event,1,accesses=0
20,P2_unread_cc,MSG0002415,message_exists,1,
20,P2_unread_cc,MSG0002415,is_cc,1,
20,P2_unread_cc,MSG0002415,no_access_event,1,accesses=0
20,P1_thank_you,MSG0002452,message_exists,1,
20,P1_thank_you,MSG0002452,patient_originated_portal_message,1,
20,P1_thank_you,MSG0002452,is_reply_to_prior_outbound,1,
20,P1_thank_you,MSG0002452,thread_ending,1,later_messages=0
20,P1_thank_you,MSG0002452,accessed_and_completed,1,
20,P2_unread_cc,MSG0002483,message_exists,1,
20,P2_unread_cc,MSG0002483,is_cc,1,
20,P2_unread_cc,MSG0002483,no_access_event,1,accesses=0
20,P1_thank_you,MSG0002521,message_exists,1,
20,P1_thank_you,MSG0002521,patient_originated_portal_message,1,
20,P1_thank_you,MSG0002521,is_reply_to_prior_outbound,1,
20,P1_thank_you,MSG0002521,thread_ending,1,later_messages=0
20,P1_thank_you,MSG0002521,accessed_and_completed,1,
20,P1_thank_you,MSG0002537,message_exists,1,
20,P1_thank_you,MSG0002537,patient_originated_portal_message,1,
20,P1_thank_you,MSG0002537,is_reply_to_prior_outbound,1,
20,P1_thank_you,MSG0002537,thread_ending,1,later_messages=0
20,P1_thank_you,MSG0002537,accessed_and_completed,1,
20,P1_thank_you,MSG0002608,message_exists,1,
20,P1_thank_you,MSG0002608,patient_originated_portal_message,1,
20,P1_thank_you,MSG0002608,is_reply_to_prior_outbound,1,
20,P1_thank_you,MSG0002608,thread_ending,1,later_messages=0
20,P1_thank_you,MSG0002608,accessed_and_completed,1,
20,P1_thank_you,MSG0002626,message_exists,1,
20,P1_thank_you,MSG0002626,patient_originated_portal_message,1,
20,P1_thank_you,MSG0002626,is_reply_to_prior_outbound,1,
20,P1_thank_you,MSG0002626,thread_ending,1,later_messages=0
20,P1_thank_you,MSG0002626,accessed_and_completed,1,
20,P4_result_misrouted,MSG0002643,message_exists,1,
20,P4_result_misrouted,MSG0002643,is_result,1,
20,P4_result_misrouted,MSG0002643,recipient_not_ordering,1,
20,P4_result_misrouted,MSG0002643,recipient_not_covering,1,cover=None
20,P2_unread_cc,MSG0002668,message_exists,1,
20,P2_unread_cc,MSG0002668,is_cc,1,
20,P2_unread_cc,MSG0002668,no_access_event,1,accesses=0
20,P2_unread_cc,MSG0002670,message_exists,1,
20,P2_unread_cc,MSG0002670,is_cc,1,
20,P2_unread_cc,MSG0002670,no_access_event,1,accesses=0
20,P2_unread_cc,MSG0002671,message_exists,1,
20,P2_unread_cc,MSG0002671,is_cc,1,
20,P2_unread_cc,MSG0002671,no_access_event,1,accesses=0
20,P2_unread_cc,MSG0002678,message_exists,1,
20,P2_unread_cc,MSG0002678,is_cc,1,
20,P2_unread_cc,MSG0002678,no_access_event,1,accesses=0
20,P2_unread_cc,MSG0002771,message_exists,1,
20,P2_unread_cc,MSG0002771,is_cc,1,
20,P2_unread_cc,MSG0002771,no_access_event,1,accesses=0
20,P2_unread_cc,MSG0002854,message_exists,1,
20,P2_unread_cc,MSG0002854,is_cc,1,
20,P2_unread_cc,MSG0002854,no_access_event,1,accesses=0
20,P8_nonclinical_misrouted,MSG0002889,message_exists,1,
20,P8_nonclinical_misrouted,MSG0002889,nonclinical_category,1,category=billing_question
20,P8_nonclinical_misrouted,MSG0002889,reaches_provider,1,provider_forwards=1
20,P3_extended_thread,THR0002730,thread_exists,1,
20,P3_extended_thread,THR0002730,three_or_more_patient_incoming,1,incoming=3
20,P3_extended_thread,THR0002730,four_or_more_message_exchanges,1,in+out=6
20,P3_extended_thread,THR0002730,spans_at_least_3_days,1,span_days=7.97
20,P3_extended_thread,THR0002730,no_visit_between,1,intervening_visits=0
20,P2_unread_cc,MSG0002939,message_exists,1,
20,P2_unread_cc,MSG0002939,is_cc,1,
20,P2_unread_cc,MSG0002939,no_access_event,1,accesses=0
20,P2_unread_cc,MSG0002944,message_exists,1,
20,P2_unread_cc,MSG0002944,is_cc,1,
20,P2_unread_cc,MSG0002944,no_access_event,1,accesses=0
20,P2_unread_cc,MSG0003016,message_exists,1,
20,P2_unread_cc,MSG0003016,is_cc,1,
20,P2_unread_cc,MSG0003016,no_access_event,1,accesses=0
20,P2_unread_cc,MSG0003022,message_exists,1,
20,P2_unread_cc,MSG0003022,is_cc,1,
20,P2_unread_cc,MSG0003022,no_access_event,1,accesses=0
20,P4_result_misrouted,MSG0003071,message_exists,1,
20,P4_result_misrouted,MSG0003071,is_result,1,
20,P4_result_misrouted,MSG0003071,recipient_not_ordering,1,
20,P4_result_misrouted,MSG0003071,recipient_not_covering,1,cover=None
20,P2_unread_cc,MSG0003104,message_exists,1,
20,P2_unread_cc,MSG0003104,is_cc,1,
20,P2_unread_cc,MSG0003104,no_access_event,1,accesses=0
20,P2_unread_cc,MSG0003108,message_exists,1,
20,P2_unread_cc,MSG0003108,is_cc,1,
20,P2_unread_cc,MSG0003108,no_access_event,1,accesses=0
20,P2_unread_cc,MSG0003111,message_exists,1,
20,P2_unread_cc,MSG0003111,is_cc,1,
20,P2_unread_cc,MSG0003111,no_access_event,1,accesses=0
20,P2_unread_cc,MSG0003113,message_exists,1,
20,P2_unread_cc,MSG0003113,is_cc,1,
20,P2_unread_cc,MSG0003113,no_access_event,1,accesses=0
20,P1_thank_you,MSG0003145,message_exists,1,
20,P1_thank_you,MSG0003145,patient_originated_portal_message,1,
20,P1_thank_you,MSG0003145,is_reply_to_prior_outbound,1,
20,P1_thank_you,MSG0003145,thread_ending,1,later_messages=0
20,P1_thank_you,MSG0003145,accessed_and_completed,1,
20,P2_unread_cc,MSG0003181,message_exists,1,
20,P2_unread_cc,MSG0003181,is_cc,1,
20,P2_unread_cc,MSG0003181,no_access_event,1,accesses=0
20,P2_unread_cc,MSG0003183,message_exists,1,
20,P2_unread_cc,MSG0003183,is_cc,1,
20,P2_unread_cc,MSG0003183,no_access_event,1,accesses=0
20,P2_unread_cc,MSG0003184,message_exists,1,
20,P2_unread_cc,MSG0003184,is_cc,1,
20,P2_unread_cc,MSG0003184,no_access_event,1,accesses=0
20,P8_nonclinical_misrouted,MSG0003221,message_exists,1,
20,P8_nonclinical_misrouted,MSG0003221,nonclinical_category,1,category=cancellation
20,P8_nonclinical_misrouted,MSG0003221,reaches_provider,1,provider_forwards=1
20,P8_nonclinical_misrouted,MSG0003225,message_exists,1,
20,P8_nonclinical_misrouted,MSG0003225,nonclinical_category,1,category=billing_question
20,P8_nonclinical_misrouted,MSG0003225,reaches_provider,1,provider_forwards=1
20,P4_result_misrouted,MSG0003228,message_exists,1,
20,P4_result_misrouted,MSG0003228,is_result,1,
20,P4_result_misrouted,MSG0003228,recipient_not_ordering,1,
20,P4_result_misrouted,MSG0003228,recipient_not_covering,1,cover=None
20,P2_unread_cc,MSG0003259,message_exists,1,
20,P2_unread_cc,MSG0003259,is_cc,1,
20,P2_unread_cc,MSG0003259,no_access_event,1,accesses=0
20,P2_unread_cc,MSG0003269,message_exists,1,
20,P2_unread_cc,MSG0003269,is_cc,1,
20,P2_unread_cc,MSG0003269,no_access_event,1,accesses=0
20,P2_unread_cc,MSG0003365,message_exists,1,
20,P2_unread_cc,MSG0003365,is_cc,1,
20,P2_unread_cc,MSG0003365,no_access_event,1,accesses=0
20,P2_unread_cc,MSG0003369,message_exists,1,
20,P2_unread_cc,MSG0003369,is_cc,1,
20,P2_unread_cc,MSG0003369,no_access_event,1,accesses=0
20,P2_unread_cc,MSG0003370,message_exists,1,
20,P2_unread_cc,MSG0003370,is_cc,1,
20,P2_unread_cc,MSG0003370,no_access_event,1,accesses=0
20,P2_unread_cc,MSG0003375,message_exists,1,
20,P2_unread_cc,MSG0003375,is_cc,1,
20,P2_unread_cc,MSG0003375,no_access_event,1,accesses=0
20,P4_result_misrouted,MSG0003588,message_exists,1,
20,P4_result_misrouted,MSG0003588,is_result,1,
20,P4_result_misrouted,MSG0003588,recipient_not_ordering,1,
20,P4_result_misrouted,MSG0003588,recipient_not_covering,1,cover=None
20,P2_unread_cc,MSG0003616,message_exists,1,
20,P2_unread_cc,MSG0003616,is_cc,1,
20,P2_unread_cc,MSG0003616,no_access_event,1,accesses=0
20,P3_extended_thread,THR0003447,thread_exists,1,
20,P3_extended_thread,THR0003447,three_or_more_patient_incoming,1,incoming=3
20,P3_extended_thread,THR0003447,four_or_more_message_exchanges,1,in+out=6
20,P3_extended_thread,THR0003447,spans_at_least_3_days,1,span_days=7.32
20,P3_extended_thread,THR0003447,no_visit_between,1,intervening_visits=0
20,P1_thank_you,MSG0003652,message_exists,1,
20,P1_thank_you,MSG0003652,patient_originated_portal_message,1,
20,P1_thank_you,MSG0003652,is_reply_to_prior_outbound,1,
20,P1_thank_you,MSG0003652,thread_ending,1,later_messages=0
20,P1_thank_you,MSG0003652,accessed_and_completed,1,
20,P2_unread_cc,MSG0003698,message_exists,1,
20,P2_unread_cc,MSG0003698,is_cc,1,
20,P2_unread_cc,MSG0003698,no_access_event,1,accesses=0
20,P2_unread_cc,MSG0003701,message_exists,1,
20,P2_unread_cc,MSG0003701,is_cc,1,
20,P2_unread_cc,MSG0003701,no_access_event,1,accesses=0
20,P2_unread_cc,MSG0003703,message_exists,1,
20,P2_unread_cc,MSG0003703,is_cc,1,
20,P2_unread_cc,MSG0003703,no_access_event,1,accesses=0
20,P8_nonclinical_misrouted,MSG0003743,message_exists,1,
20,P8_nonclinical_misrouted,MSG0003743,nonclinical_category,1,category=billing_question
20,P8_nonclinical_misrouted,MSG0003743,reaches_provider,1,provider_forwards=1
20,P2_unread_cc,MSG0003766,message_exists,1,
20,P2_unread_cc,MSG0003766,is_cc,1,
20,P2_unread_cc,MSG0003766,no_access_event,1,accesses=0
20,P2_unread_cc,MSG0003768,message_exists,1,
20,P2_unread_cc,MSG0003768,is_cc,1,
20,P2_unread_cc,MSG0003768,no_access_event,1,accesses=0
20,P2_unread_cc,MSG0003769,message_exists,1,
20,P2_unread_cc,MSG0003769,is_cc,1,
20,P2_unread_cc,MSG0003769,no_access_event,1,accesses=0
20,P8_nonclinical_misrouted,MSG0003796,message_exists,1,
20,P8_nonclinical_misrouted,MSG0003796,nonclinical_category,1,category=cancellation
20,P8_nonclinical_misrouted,MSG0003796,reaches_provider,1,provider_forwards=1
20,P8_nonclinical_misrouted,MSG0003800,message_exists,1,
20,P8_nonclinical_misrouted,MSG0003800,nonclinical_category,1,category=cancellation
20,P8_nonclinical_misrouted,MSG0003800,reaches_provider,1,provider_forwards=1
20,P4_result_misrouted,MSG0003822,message_exists,1,
20,P4_result_misrouted,MSG0003822,is_result,1,
20,P4_result_misrouted,MSG0003822,recipient_not_ordering,1,
20,P4_result_misrouted,MSG0003822,recipient_not_covering,1,cover=None
20,P4_result_misrouted,MSG0003828,message_exists,1,
20,P4_result_misrouted,MSG0003828,is_result,1,
20,P4_result_misrouted,MSG0003828,recipient_not_ordering,1,
20,P4_result_misrouted,MSG0003828,recipient_not_covering,1,cover=None
20,P2_unread_cc,MSG0003846,message_exists,1,
20,P2_unread_cc,MSG0003846,is_cc,1,
20,P2_unread_cc,MSG0003846,no_access_event,1,accesses=0
20,P2_unread_cc,MSG0003848,message_exists,1,
20,P2_unread_cc,MSG0003848,is_cc,1,
20,P2_unread_cc,MSG0003848,no_access_event,1,accesses=0
20,P1_thank_you,MSG0003897,message_exists,1,
20,P1_thank_you,MSG0003897,patient_originated_portal_message,1,
20,P1_thank_you,MSG0003897,is_reply_to_prior_outbound,1,
20,P1_thank_you,MSG0003897,thread_ending,1,later_messages=0
20,P1_thank_you,MSG0003897,accessed_and_completed,1,
20,P2_unread_cc,MSG0004103,message_exists,1,
20,P2_unread_cc,MSG0004103,is_cc,1,
20,P2_unread_cc,MSG0004103,no_access_event,1,accesses=0
20,P2_unread_cc,MSG0004104,message_exists,1,
20,P2_unread_cc,MSG0004104,is_cc,1,
20,P2_unread_cc,MSG0004104,no_access_event,1,accesses=0
20,P2_unread_cc,MSG0004107,message_exists,1,
20,P2_unread_cc,MSG0004107,is_cc,1,
20,P2_unread_cc,MSG0004107,no_access_event,1,accesses=0
20,P7_pingpong,MSG0004152,message_exists,1,
20,P7_pingpong,MSG0004152,at_least_two_staff_to_provider_forwards,1,staff_to_provider=2
20,P7_pingpong,MSG0004152,at_least_two_provider_to_staff_forwards,1,provider_to_staff=2
20,P7_pingpong,MSG0004152,two_or_more_round_trips,1,roundtrips=2
20,P2_unread_cc,MSG0004187,message_exists,1,
20,P2_unread_cc,MSG0004187,is_cc,1,
20,P2_unread_cc,MSG0004187,no_access_event,1,accesses=0
20,P2_unread_cc,MSG0004189,message_exists,1,
20,P2_unread_cc,MSG0004189,is_cc,1,
20,P2_unread_cc,MSG0004189,no_access_event,1,accesses=0
20,P1_thank_you,MSG0004218,message_exists,1,
20,P1_thank_you,MSG0004218,patient_originated_portal_message,1,
20,P1_thank_you,MSG0004218,is_reply_to_prior_outbound,1,
20,P1_thank_you,MSG0004218,thread_ending,1,later_messages=0
20,P1_thank_you,MSG0004218,accessed_and_completed,1,
20,P2_unread_cc,MSG0004266,message_exists,1,
20,P2_unread_cc,MSG0004266,is_cc,1,
20,P2_unread_cc,MSG0004266,no_access_event,1,accesses=0
20,P2_unread_cc,MSG0004267,message_exists,1,
20,P2_unread_cc,MSG0004267,is_cc,1,
20,P2_unread_cc,MSG0004267,no_access_event,1,accesses=0
20,P2_unread_cc,MSG0004270,message_exists,1,
20,P2_unread_cc,MSG0004270,is_cc,1,
20,P2_unread_cc,MSG0004270,no_access_event,1,accesses=0
20,P3_extended_thread,THR0004064,thread_exists,1,
20,P3_extended_thread,THR0004064,three_or_more_patient_incoming,1,incoming=3
20,P3_extended_thread,THR0004064,four_or_more_message_exchanges,1,in+out=6
20,P3_extended_thread,THR0004064,spans_at_least_3_days,1,span_days=5.66
20,P3_extended_thread,THR0004064,no_visit_between,1,intervening_visits=0
20,P2_unread_cc,MSG0004348,message_exists,1,
20,P2_unread_cc,MSG0004348,is_cc,1,
20,P2_unread_cc,MSG0004348,no_access_event,1,accesses=0
20,P2_unread_cc,MSG0004349,message_exists,1,
20,P2_unread_cc,MSG0004349,is_cc,1,
20,P2_unread_cc,MSG0004349,no_access_event,1,accesses=0
20,P2_unread_cc,MSG0004354,message_exists,1,
20,P2_unread_cc,MSG0004354,is_cc,1,
20,P2_unread_cc,MSG0004354,no_access_event,1,accesses=0
20,P2_unread_cc,MSG0004358,message_exists,1,
20,P2_unread_cc,MSG0004358,is_cc,1,
20,P2_unread_cc,MSG0004358,no_access_event,1,accesses=0
20,P2_unread_cc,MSG0004447,message_exists,1,
20,P2_unread_cc,MSG0004447,is_cc,1,
20,P2_unread_cc,MSG0004447,no_access_event,1,accesses=0
20,P2_unread_cc,MSG0004450,message_exists,1,
20,P2_unread_cc,MSG0004450,is_cc,1,
20,P2_unread_cc,MSG0004450,no_access_event,1,accesses=0
20,P4_result_misrouted,MSG0004516,message_exists,1,
20,P4_result_misrouted,MSG0004516,is_result,1,
20,P4_result_misrouted,MSG0004516,recipient_not_ordering,1,
20,P4_result_misrouted,MSG0004516,recipient_not_covering,1,cover=None
20,P2_unread_cc,MSG0004544,message_exists,1,
20,P2_unread_cc,MSG0004544,is_cc,1,
20,P2_unread_cc,MSG0004544,no_access_event,1,accesses=0
20,P4_result_misrouted,MSG0004576,message_exists,1,
20,P4_result_misrouted,MSG0004576,is_result,1,
20,P4_result_misrouted,MSG0004576,recipient_not_ordering,1,
20,P4_result_misrouted,MSG0004576,recipient_not_covering,1,cover=None
20,P2_unread_cc,MSG0004601,message_exists,1,
20,P2_unread_cc,MSG0004601,is_cc,1,
20,P2_unread_cc,MSG0004601,no_access_event,1,accesses=0
20,P2_unread_cc,MSG0004602,message_exists,1,
20,P2_unread_cc,MSG0004602,is_cc,1,
20,P2_unread_cc,MSG0004602,no_access_event,1,accesses=0
20,P2_unread_cc,MSG0004603,message_exists,1,
20,P2_unread_cc,MSG0004603,is_cc,1,
20,P2_unread_cc,MSG0004603,no_access_event,1,accesses=0
20,P2_unread_cc,MSG0004604,message_exists,1,
20,P2_unread_cc,MSG0004604,is_cc,1,
20,P2_unread_cc,MSG0004604,no_access_event,1,accesses=0
20,P8_nonclinical_misrouted,MSG0004636,message_exists,1,
20,P8_nonclinical_misrouted,MSG0004636,nonclinical_category,1,category=appointment_request
20,P8_nonclinical_misrouted,MSG0004636,reaches_provider,1,provider_forwards=1
20,P2_unread_cc,MSG0004675,message_exists,1,
20,P2_unread_cc,MSG0004675,is_cc,1,
20,P2_unread_cc,MSG0004675,no_access_event,1,accesses=0
20,P2_unread_cc,MSG0004681,message_exists,1,
20,P2_unread_cc,MSG0004681,is_cc,1,
20,P2_unread_cc,MSG0004681,no_access_event,1,accesses=0
20,P2_unread_cc,MSG0004685,message_exists,1,
20,P2_unread_cc,MSG0004685,is_cc,1,
20,P2_unread_cc,MSG0004685,no_access_event,1,accesses=0
20,P7_pingpong,MSG0004729,message_exists,1,
20,P7_pingpong,MSG0004729,at_least_two_staff_to_provider_forwards,1,staff_to_provider=2
20,P7_pingpong,MSG0004729,at_least_two_provider_to_staff_forwards,1,provider_to_staff=2
20,P7_pingpong,MSG0004729,two_or_more_round_trips,1,roundtrips=2
20,P2_unread_cc,MSG0004763,message_exists,1,
20,P2_unread_cc,MSG0004763,is_cc,1,
20,P2_unread_cc,MSG0004763,no_access_event,1,accesses=0
20,P2_unread_cc,MSG0004768,message_exists,1,
20,P2_unread_cc,MSG0004768,is_cc,1,
20,P2_unread_cc,MSG0004768,no_access_event,1,accesses=0
20,P7_pingpong,MSG0004788,message_exists,1,
20,P7_pingpong,MSG0004788,at_least_two_staff_to_provider_forwards,1,staff_to_provider=2
20,P7_pingpong,MSG0004788,at_least_two_provider_to_staff_forwards,1,provider_to_staff=2
20,P7_pingpong,MSG0004788,two_or_more_round_trips,1,roundtrips=2
20,P2_unread_cc,MSG0004847,message_exists,1,
20,P2_unread_cc,MSG0004847,is_cc,1,
20,P2_unread_cc,MSG0004847,no_access_event,1,accesses=0
20,P2_unread_cc,MSG0004852,message_exists,1,
20,P2_unread_cc,MSG0004852,is_cc,1,
20,P2_unread_cc,MSG0004852,no_access_event,1,accesses=0
20,P7_pingpong,MSG0004878,message_exists,1,
20,P7_pingpong,MSG0004878,at_least_two_staff_to_provider_forwards,1,staff_to_provider=2
20,P7_pingpong,MSG0004878,at_least_two_provider_to_staff_forwards,1,provider_to_staff=2
20,P7_pingpong,MSG0004878,two_or_more_round_trips,1,roundtrips=2
20,P2_unread_cc,MSG0004911,message_exists,1,
20,P2_unread_cc,MSG0004911,is_cc,1,
20,P2_unread_cc,MSG0004911,no_access_event,1,accesses=0
20,P2_unread_cc,MSG0004914,message_exists,1,
20,P2_unread_cc,MSG0004914,is_cc,1,
20,P2_unread_cc,MSG0004914,no_access_event,1,accesses=0
20,P7_pingpong,MSG0004954,message_exists,1,
20,P7_pingpong,MSG0004954,at_least_two_staff_to_provider_forwards,1,staff_to_provider=2
20,P7_pingpong,MSG0004954,at_least_two_provider_to_staff_forwards,1,provider_to_staff=2
20,P7_pingpong,MSG0004954,two_or_more_round_trips,1,roundtrips=2
20,P2_unread_cc,MSG0005002,message_exists,1,
20,P2_unread_cc,MSG0005002,is_cc,1,
20,P2_unread_cc,MSG0005002,no_access_event,1,accesses=0
20,P2_unread_cc,MSG0005005,message_exists,1,
20,P2_unread_cc,MSG0005005,is_cc,1,
20,P2_unread_cc,MSG0005005,no_access_event,1,accesses=0
20,P2_unread_cc,MSG0005006,message_exists,1,
20,P2_unread_cc,MSG0005006,is_cc,1,
20,P2_unread_cc,MSG0005006,no_access_event,1,accesses=0
20,P2_unread_cc,MSG0005080,message_exists,1,
20,P2_unread_cc,MSG0005080,is_cc,1,
20,P2_unread_cc,MSG0005080,no_access_event,1,accesses=0
20,P2_unread_cc,MSG0005081,message_exists,1,
20,P2_unread_cc,MSG0005081,is_cc,1,
20,P2_unread_cc,MSG0005081,no_access_event,1,accesses=0
20,P2_unread_cc,MSG0005083,message_exists,1,
20,P2_unread_cc,MSG0005083,is_cc,1,
20,P2_unread_cc,MSG0005083,no_access_event,1,accesses=0
20,P4_result_misrouted,MSG0005124,message_exists,1,
20,P4_result_misrouted,MSG0005124,is_result,1,
20,P4_result_misrouted,MSG0005124,recipient_not_ordering,1,
20,P4_result_misrouted,MSG0005124,recipient_not_covering,1,cover=None
20,P2_unread_cc,MSG0005140,message_exists,1,
20,P2_unread_cc,MSG0005140,is_cc,1,
20,P2_unread_cc,MSG0005140,no_access_event,1,accesses=0
20,P7_pingpong,MSG0005190,message_exists,1,
20,P7_pingpong,MSG0005190,at_least_two_staff_to_provider_forwards,1,staff_to_provider=2
20,P7_pingpong,MSG0005190,at_least_two_provider_to_staff_forwards,1,provider_to_staff=2
20,P7_pingpong,MSG0005190,two_or_more_round_trips,1,roundtrips=2
